pair_id	baseline_abs_rg	joint_abs_rg	classification
AAA_AF	0.14633514128370315	0.11136513207090257	PERSISTENT
AAA_alc_problems	0.11655333265926685	0.03920282858898534	UNSTABLE
AAA_allergic_rhinitis	0.059204903577827955	0.06418872748513232	UNSTABLE
AAA_anxiety	0.19191974459296876	0.16053028710070505	ATTENUATED
AAA_asthma	0.1134310473381138	0.014297496661474448	NEAR_NULL_EQUIVALENT
AAA_b12_def	0.1321707521622043	0.014863296154320913	UNSTABLE
AAA_BPH	0.033464077631544145	0.01354016090936754	UNSTABLE
AAA_bursitis	0.019100015498997695	0.10758262374831826	UNSTABLE
AAA_carpal_tunnel	0.051948375076273944	0.0775122087689466	UNSTABLE
AAA_cataract	0.09888283497418751	0.05656862349118208	UNSTABLE
AAA_cholelithiasis	0.13591932787897565	0.03194267669756427	UNSTABLE
AAA_CKD	0.10661306916704026	0.04263566533494153	UNSTABLE
AAA_COPD	0.31037648791781813	0.13408473509438987	PERSISTENT
AAA_coronary_heart	0.27118101580180703	0.16985761249247305	ATTENUATED
AAA_deaf	0.06629806041887361	0.014854787930419588	UNSTABLE
AAA_depression	0.15758184338936007	0.07674095747183665	PERSISTENT
AAA_diabetes_type_2	0.16305776879434247	0.036714609519529096	NEAR_NULL_EQUIVALENT
AAA_diverticuli	0.13372130833207252	0.0768697359430741	PERSISTENT
AAA_ED	0.14671531355252454	0.018529602789170405	UNSTABLE
AAA_enthesopathy_lower	0.26857170016723975	0.18005873746411313	PERSISTENT
AAA_enthesopathy_shoulder	0.15005411964118495	0.0381275137872192	NEAR_NULL_EQUIVALENT
AAA_enthesopathy_upper	0.1162273642200094	0.018476125419148726	UNSTABLE
AAA_essential_tremor	0.09788107757366435	0.0936139771893222	UNSTABLE
AAA_female_genital_prolapse	0.08891196749669909	0.06335454806674197	PERSISTENT
AAA_fibromatosis	0.045240880983091494	0.03414716588564106	UNSTABLE
AAA_fibromyalgia	0.19270311901877926	0.06957144235095851	PERSISTENT
AAA_gastritis_duodenitis	0.1197921476005593	0.02837229100907861	NEAR_NULL_EQUIVALENT
AAA_glaucoma	0.007908021552155371	0.031736024953295146	UNSTABLE
AAA_GORD	0.19605163708317108	0.07077248162871351	PERSISTENT
AAA_gout	0.17554071657615813	0.071980027641026	PERSISTENT
AAA_HF	0.29342127366891246	0.19155869088595165	ATTENUATED
AAA_hypertension	0.30710779409146016	0.3691986027100228	MASKED_ENHANCED
AAA_hyperthyroid	0.2750396929090442	0.2735557058234283	ATTENUATED
AAA_hypothyroid	0.0571179327626086	0.005726887173630099	UNSTABLE
AAA_IBS	0.056394050549958295	0.0404799723887356	UNSTABLE
AAA_IDA	0.1313619721814539	0.0027655504609600218	UNSTABLE
AAA_insomnia	0.2915691347569911	0.2555049731383382	PERSISTENT
AAA_intervert_disc	0.17011943360769388	0.05376907890450486	PERSISTENT
AAA_isch_stroke_tia	0.2840297219800206	0.22800355529878033	ATTENUATED
AAA_migraine	0.2536168303063142	0.22816308990119377	ATTENUATED
AAA_OA	0.2619573036539439	0.1553165317991617	ATTENUATED
AAA_osteoporosis	0.031851323392206775	0.07187188843429484	UNSTABLE
AAA_periph_neuro	0.26923413042095584	0.1415318328500511	PERSISTENT
AAA_peripheral_arterial	0.4629748488149627	0.37057731317250353	ATTENUATED
AAA_PMR	0.12365779739407692	0.10081584988221307	UNSTABLE
AAA_pri_bladder	0.017928288092982116	0.027658794833848484	UNSTABLE
AAA_pri_breast	0.03983238851932375	0.037994387664941266	UNSTABLE
AAA_pri_colorectal	0.06712204206165526	0.09114354745802354	UNSTABLE
AAA_pri_prost	0.0039973178953299285	0.021319965561909734	UNSTABLE
AAA_pri_skin	0.08843116255338204	0.06716981223974165	UNSTABLE
AAA_psoriasis	0.13109426069704322	0.051765191860092874	PERSISTENT
AAA_RA	0.2704702050840726	0.19786037670613113	ATTENUATED
AAA_raynauds	0.03444173645282694	0.021228994141062038	UNSTABLE
AAA_retinal_detach	0.08046461998008324	0.12986532717614155	UNSTABLE
AAA_schizo	0.03253033595851277	0.025339377340437372	UNSTABLE
AAA_scoliosis	0.11504661943645285	0.11848370959380775	UNSTABLE
AAA_sinusitis	0.17993514299112137	0.15783141345427254	PERSISTENT
AAA_sleep_apnoea	0.3048542086570067	0.18466614107077955	ATTENUATED
AAA_spondylolisthesis	0.3229922636455038	0.25640642937300523	ATTENUATED
AAA_spondylosis	0.26785049438755476	0.12794738185626686	PERSISTENT
AAA_stroke_all	0.3515922212051168	0.3030050662959576	ATTENUATED
AAA_tendon	0.1729018959463464	0.055182351099406626	PERSISTENT
AAA_thromboembolic	0.2898008786847804	0.23486293572236264	ATTENUATED
AAA_TIA	0.4685103377380105	0.43151532163945056	ATTENUATED
AAA_tinnitus	0.018101630711903884	0.006875846085377745	UNSTABLE
AAA_ulc_colitis	0.06446423182092617	0.055368486546196444	UNSTABLE
AAA_ulcer_peptic	0.3121522502064216	0.17632450617537962	PERSISTENT
AAA_urine_incont	0.17596512513618598	0.07253426325411741	PERSISTENT
AAA_urolithiasis	0.10582417865351819	0.06913192808716155	UNSTABLE
AAA_valve_nonrheumatic	0.22861515967109697	0.19931042817724468	ATTENUATED
AF_alc_problems	0.12519319320280295	0.05492365457565225	PERSISTENT
AF_allergic_rhinitis	0.06565303756215957	0.06483809911542487	UNSTABLE
AF_anxiety	0.11609775176011958	0.10686929919838963	ATTENUATED
AF_asthma	0.11994320734420566	0.04722264346873033	NEAR_NULL_EQUIVALENT
AF_b12_def	0.05546042837571849	0.0384334460330443	UNSTABLE
AF_BPH	0.11215784845262455	0.1226207444270718	ATTENUATED
AF_bursitis	0.1391780603098336	0.09121124154399457	PERSISTENT
AF_carpal_tunnel	0.08864208597265662	0.0007271756521695661	NEAR_NULL_EQUIVALENT
AF_cataract	0.11843858825335332	0.08010809473049017	ATTENUATED
AF_cholelithiasis	0.1565441185632619	0.07602494035653173	ATTENUATED
AF_CKD	0.12431476865787419	0.028927657437333845	NEAR_NULL_EQUIVALENT
AF_COPD	0.11961374889433432	0.003601614540471424	NEAR_NULL_EQUIVALENT
AF_coronary_heart	0.263373627302607	0.16812786838585897	ATTENUATED
AF_deaf	0.001961214587012465	0.011359832419459497	UNSTABLE
AF_depression	0.10803595403091011	0.07769225414735641	ATTENUATED
AF_diabetes_type_2	0.16705407974195208	0.050075481309730156	PERSISTENT
AF_diverticuli	0.11175602046168566	0.08518003012722995	ATTENUATED
AF_ED	0.2213430742113148	0.14167460322633357	ATTENUATED
AF_enthesopathy_lower	0.11495428487895042	0.002576125459555845	NEAR_NULL_EQUIVALENT
AF_enthesopathy_shoulder	0.053479670334567596	0.016091668350443556	NEAR_NULL_EQUIVALENT
AF_enthesopathy_upper	0.07532887891199781	0.017635944250332887	NEAR_NULL_EQUIVALENT
AF_essential_tremor	0.035167404852268734	0.019012853628129538	UNSTABLE
AF_female_genital_prolapse	0.09095279282639487	0.08983368813815781	ATTENUATED
AF_fibromatosis	0.02454039024087222	0.01658127771658287	UNSTABLE
AF_fibromyalgia	0.10095399716606257	0.001969980920845642	NEAR_NULL_EQUIVALENT
AF_gastritis_duodenitis	0.0692010300854412	0.011829086688305422	UNSTABLE
AF_glaucoma	0.0002442525868640571	0.0007536448404673679	UNSTABLE
AF_GORD	0.16080177935260734	0.09559355507080132	ATTENUATED
AF_gout	0.20563968306939828	0.10461324552184063	ATTENUATED
AF_HF	0.5946769746803872	0.5614091762229195	ATTENUATED
AF_hypertension	0.3824167994340854	0.2794981754972799	ATTENUATED
AF_hyperthyroid	0.1733857719056214	0.15137358649202826	ATTENUATED
AF_hypothyroid	0.09914887377339256	0.06531111602902596	ATTENUATED
AF_IBS	0.042207773641358796	0.034143924818913624	UNSTABLE
AF_IDA	0.1442873972202999	0.0357539035455389	NEAR_NULL_EQUIVALENT
AF_insomnia	0.09844026674633273	0.07208587490756047	PERSISTENT
AF_intervert_disc	0.13787580466390345	0.07007674078585008	PERSISTENT
AF_isch_stroke_tia	0.4515748903844633	0.3823971473224888	ATTENUATED
AF_migraine	0.0808314140202473	0.07401003020400926	ATTENUATED
AF_OA	0.18344437695896332	0.09825469385066189	ATTENUATED
AF_osteoporosis	0.05808711622783132	0.09839039990726728	ATTENUATED
AF_periph_neuro	0.1778750860297378	0.10421626733521024	PERSISTENT
AF_peripheral_arterial	0.25928996012713407	0.12235077221643376	PERSISTENT
AF_PMR	0.1343671919397391	0.10985042052305863	PERSISTENT
AF_pri_bladder	0.10788869034271836	0.10216836971292025	UNSTABLE
AF_pri_breast	0.04182808102150366	0.05761854292938706	UNSTABLE
AF_pri_colorectal	0.020508488156693688	0.004435767411629217	UNSTABLE
AF_pri_prost	0.018201779503782167	0.013918727608549874	UNSTABLE
AF_pri_skin	0.023168805800236957	0.053991511015649564	UNSTABLE
AF_psoriasis	0.11179980517875898	0.060580797435273406	PERSISTENT
AF_RA	0.1620764860371242	0.10515261174963866	ATTENUATED
AF_raynauds	0.0197810818494662	0.029431809667297523	UNSTABLE
AF_retinal_detach	0.035218111471600776	0.049168376676448224	UNSTABLE
AF_schizo	0.03141331650181335	0.007116867981994783	UNSTABLE
AF_scoliosis	0.08400318856089405	0.09294629021560834	PERSISTENT
AF_sinusitis	0.02628853312478425	0.022783328196016944	UNSTABLE
AF_sleep_apnoea	0.24292074930416976	0.14951262423951378	ATTENUATED
AF_spondylolisthesis	0.02223476215999158	0.03009048811553412	UNSTABLE
AF_spondylosis	0.16079562645840814	0.06267232494073488	PERSISTENT
AF_stroke_all	0.4259888026099685	0.355705045086716	ATTENUATED
AF_tendon	0.05265493680679535	0.022302521343780926	UNSTABLE
AF_thromboembolic	0.1551418221867716	0.10179015194563214	ATTENUATED
AF_TIA	0.3388745539707951	0.2814891730580436	ATTENUATED
AF_tinnitus	0.03971860041878103	0.04866813772755938	UNSTABLE
AF_ulc_colitis	0.03345826961282067	0.032627788062739624	UNSTABLE
AF_ulcer_peptic	0.12857115483408485	0.029356879949609765	NEAR_NULL_EQUIVALENT
AF_urine_incont	0.09761487717005576	0.016917732787914707	NEAR_NULL_EQUIVALENT
AF_urolithiasis	0.13435055274913937	0.12270246172053896	ATTENUATED
AF_valve_nonrheumatic	0.569712767815304	0.5306738009156499	ATTENUATED
alc_problems_allergic_rhinitis	0.09666509962560298	0.13082446520852484	UNSTABLE
alc_problems_anxiety	0.37373293592180784	0.28458228557487963	ATTENUATED
alc_problems_asthma	0.19409481157513336	0.0841297283949009	PERSISTENT
alc_problems_b12_def	0.1560000626362702	0.027324736108683145	UNSTABLE
alc_problems_BPH	0.010056607785256891	0.007339545989811864	UNSTABLE
alc_problems_bursitis	0.27594584649108295	0.13285078128418049	PERSISTENT
alc_problems_carpal_tunnel	0.1202823778910987	0.004211991044715763	NEAR_NULL_EQUIVALENT
alc_problems_cataract	0.19712722367327346	0.1458252867432298	ATTENUATED
alc_problems_cholelithiasis	0.14542254844514008	0.08392039238762727	PERSISTENT
alc_problems_CKD	0.05542857389918893	0.0073730685366901316	UNSTABLE
alc_problems_COPD	0.4863636459998471	0.2475087683721397	ATTENUATED
alc_problems_coronary_heart	0.19094609711564944	0.04018948051502392	NEAR_NULL_EQUIVALENT
alc_problems_deaf	0.08225123749087286	0.02127187212142479	UNSTABLE
alc_problems_depression	0.3311811615067254	0.21153172471822337	ATTENUATED
alc_problems_diabetes_type_2	0.13620365595260947	0.07480849004157708	PERSISTENT
alc_problems_diverticuli	0.21152292686062926	0.16790162898460784	ATTENUATED
alc_problems_ED	0.2602046687173806	0.12304215963294268	PERSISTENT
alc_problems_enthesopathy_lower	0.19302246497127853	0.024529122695910892	NEAR_NULL_EQUIVALENT
alc_problems_enthesopathy_shoulder	0.22963752440010576	0.09443560224777152	PERSISTENT
alc_problems_enthesopathy_upper	0.259103250382013	0.10707270306265215	PERSISTENT
alc_problems_essential_tremor	0.007973049050735474	0.001675503537509066	UNSTABLE
alc_problems_female_genital_prolapse	0.14087554442918873	0.1243885238084895	PERSISTENT
alc_problems_fibromatosis	0.1779343493654527	0.15203263417757718	ATTENUATED
alc_problems_fibromyalgia	0.34299630818596083	0.18479924099234818	PERSISTENT
alc_problems_gastritis_duodenitis	0.3753841508929464	0.2503395566610932	ATTENUATED
alc_problems_glaucoma	0.024140162274960793	0.014120409894321506	UNSTABLE
alc_problems_GORD	0.3283113531695357	0.2202285653011927	ATTENUATED
alc_problems_gout	0.139922160307776	0.07508458879695423	PERSISTENT
alc_problems_HF	0.293394487040488	0.15968038899660117	PERSISTENT
alc_problems_hypertension	0.21232747941588453	0.09225393310235415	PERSISTENT
alc_problems_hyperthyroid	0.06592358795008936	0.017995859916729074	UNSTABLE
alc_problems_hypothyroid	0.08297368087855947	0.038107299131942704	NEAR_NULL_EQUIVALENT
alc_problems_IBS	0.13541639251665086	0.08663249134877246	PERSISTENT
alc_problems_IDA	0.10763313470686042	0.05943499482840569	UNSTABLE
alc_problems_insomnia	0.4574218245184386	0.3485140518612455	ATTENUATED
alc_problems_intervert_disc	0.2743122878064108	0.139762326439441	ATTENUATED
alc_problems_isch_stroke_tia	0.3538118504014545	0.2562077671746137	PERSISTENT
alc_problems_migraine	0.03957363290793411	0.035017420014209634	UNSTABLE
alc_problems_OA	0.17583364060538204	0.0677965786123399	PERSISTENT
alc_problems_osteoporosis	0.2102081536930732	0.2233781880347495	ATTENUATED
alc_problems_periph_neuro	0.3764429201890211	0.2894535299360239	PERSISTENT
alc_problems_peripheral_arterial	0.5145630978017438	0.37759170105558576	ATTENUATED
alc_problems_PMR	0.04289895827595898	0.10332384672464881	UNSTABLE
alc_problems_pri_bladder	0.22384705273048333	0.1605200966223222	PERSISTENT
alc_problems_pri_breast	0.07592963138886444	0.08907357038274313	UNSTABLE
alc_problems_pri_colorectal	0.07088557151864343	0.11706324989853206	UNSTABLE
alc_problems_pri_prost	0.01543708274632809	0.030952741349428364	UNSTABLE
alc_problems_pri_skin	0.008098105781441106	0.014031404326786975	UNSTABLE
alc_problems_psoriasis	0.19496415438313164	0.0982882100823713	PERSISTENT
alc_problems_RA	0.2349043951843723	0.09781934837161678	PERSISTENT
alc_problems_raynauds	0.12358225240323828	0.07542706766928747	UNSTABLE
alc_problems_retinal_detach	0.000974008724768682	0.03907518082010639	UNSTABLE
alc_problems_schizo	0.22156419988700418	0.2109229252082521	ATTENUATED
alc_problems_scoliosis	0.16083913231519245	0.15375189010808882	UNSTABLE
alc_problems_sinusitis	0.23896253927638744	0.15239090010637157	PERSISTENT
alc_problems_sleep_apnoea	0.11133134292170792	0.010611895433330616	NEAR_NULL_EQUIVALENT
alc_problems_spondylolisthesis	0.23873334710763858	0.14986018869547102	PERSISTENT
alc_problems_spondylosis	0.39581162239727524	0.27321274490381864	ATTENUATED
alc_problems_stroke_all	0.25840079747909894	0.1622738059619081	PERSISTENT
alc_problems_tendon	0.19135318146930433	0.029522809872240346	NEAR_NULL_EQUIVALENT
alc_problems_thromboembolic	0.09084608709038916	0.020920523960225954	UNSTABLE
alc_problems_TIA	0.2938683030283945	0.1917525473315815	PERSISTENT
alc_problems_tinnitus	0.19183738018211882	0.20140693929369372	PERSISTENT
alc_problems_ulc_colitis	0.08973858358258434	0.09631581240942719	UNSTABLE
alc_problems_ulcer_peptic	0.3846561279882634	0.1948268263630159	PERSISTENT
alc_problems_urine_incont	0.24775397160850993	0.1368046940475877	PERSISTENT
alc_problems_urolithiasis	0.0437538359875546	0.034702138104683894	UNSTABLE
alc_problems_valve_nonrheumatic	0.24634428408267192	0.1932304425466047	ATTENUATED
allergic_rhinitis_anxiety	0.2664073729288386	0.29929032064400013	ATTENUATED
allergic_rhinitis_asthma	0.6994700532591706	0.739583128003492	ATTENUATED
allergic_rhinitis_b12_def	0.1716538086487815	0.1729999243414281	PERSISTENT
allergic_rhinitis_BPH	0.16316779105945164	0.15942212319892263	ATTENUATED
allergic_rhinitis_bursitis	0.36463235744249006	0.39353960525993026	ATTENUATED
allergic_rhinitis_carpal_tunnel	0.1601904062763332	0.16065753116563367	ATTENUATED
allergic_rhinitis_cataract	0.13931040090752253	0.14492846339855453	ATTENUATED
allergic_rhinitis_cholelithiasis	0.041099032056089904	0.03902869965514123	UNSTABLE
allergic_rhinitis_CKD	0.0021758498570676544	0.004903006756202043	UNSTABLE
allergic_rhinitis_COPD	0.2517248393989677	0.3603339264521251	MASKED_ENHANCED
allergic_rhinitis_coronary_heart	0.025105587307997886	0.025078315091019952	UNSTABLE
allergic_rhinitis_deaf	0.09305645075118611	0.09570834803444436	ATTENUATED
allergic_rhinitis_depression	0.2590631642534751	0.2862781887604839	ATTENUATED
allergic_rhinitis_diabetes_type_2	0.06162613187168971	0.11420235924215853	UNSTABLE
allergic_rhinitis_diverticuli	0.11741039857642421	0.12263942204797869	ATTENUATED
allergic_rhinitis_ED	0.0746778857039017	0.09516352920847904	UNSTABLE
allergic_rhinitis_enthesopathy_lower	0.39695536964080946	0.4309443291359549	ATTENUATED
allergic_rhinitis_enthesopathy_shoulder	0.2756380745527164	0.2927992734456806	ATTENUATED
allergic_rhinitis_enthesopathy_upper	0.3079234965266869	0.32820764758933474	ATTENUATED
allergic_rhinitis_essential_tremor	0.026122550085727187	0.007994094886744492	UNSTABLE
allergic_rhinitis_female_genital_prolapse	0.14821519717325643	0.15392537692775188	ATTENUATED
allergic_rhinitis_fibromatosis	0.004626528674349075	0.014348077378737329	UNSTABLE
allergic_rhinitis_fibromyalgia	0.3233186901078718	0.3530159682840541	ATTENUATED
allergic_rhinitis_gastritis_duodenitis	0.320359239999271	0.34791992158089824	ATTENUATED
allergic_rhinitis_glaucoma	0.10531152272003359	0.11476045409493887	ATTENUATED
allergic_rhinitis_GORD	0.30143839917485316	0.3253134169525672	ATTENUATED
allergic_rhinitis_gout	0.019962538241767285	0.009266694159655642	UNSTABLE
allergic_rhinitis_HF	0.018726324395547025	0.00877494780132174	UNSTABLE
allergic_rhinitis_hypertension	0.038911002007642255	0.061884320135321656	UNSTABLE
allergic_rhinitis_hyperthyroid	0.022645458569000958	0.004346171807419137	UNSTABLE
allergic_rhinitis_hypothyroid	0.06774600407003799	0.06648971169637033	UNSTABLE
allergic_rhinitis_IBS	0.44691513738514393	0.4542354530794538	ATTENUATED
allergic_rhinitis_IDA	0.0928169720710423	0.09586101898002775	UNSTABLE
allergic_rhinitis_insomnia	0.2687712157307073	0.3021019161750699	ATTENUATED
allergic_rhinitis_intervert_disc	0.23941375131024534	0.25631011183565955	ATTENUATED
allergic_rhinitis_isch_stroke_tia	0.11504879209230948	0.13187662492167865	UNSTABLE
allergic_rhinitis_migraine	0.18973757105952732	0.18903720746811112	ATTENUATED
allergic_rhinitis_OA	0.27050627471739597	0.2807276283102596	ATTENUATED
allergic_rhinitis_osteoporosis	0.09347616266217042	0.09578787210786933	UNSTABLE
allergic_rhinitis_periph_neuro	0.11345793612668423	0.1421002705077897	UNSTABLE
allergic_rhinitis_peripheral_arterial	0.05029745595971917	0.0728664802061976	UNSTABLE
allergic_rhinitis_PMR	0.09200038630790162	0.08554750168571719	UNSTABLE
allergic_rhinitis_pri_bladder	0.0004136673334794169	0.004147591997313045	UNSTABLE
allergic_rhinitis_pri_breast	0.02559277521719833	0.03355383789647094	UNSTABLE
allergic_rhinitis_pri_colorectal	0.06117215507217971	0.06814403459665136	UNSTABLE
allergic_rhinitis_pri_prost	0.03883273727282765	0.043658227604149884	UNSTABLE
allergic_rhinitis_pri_skin	0.022104234505656642	0.02368882597653589	UNSTABLE
allergic_rhinitis_psoriasis	0.10507104508891801	0.10366933989775645	UNSTABLE
allergic_rhinitis_RA	0.19443546059770186	0.21535752395653926	ATTENUATED
allergic_rhinitis_raynauds	0.035906824726033286	0.04683425238908911	UNSTABLE
allergic_rhinitis_retinal_detach	0.037365359078594965	0.04393294531967737	UNSTABLE
allergic_rhinitis_schizo	0.05544013457534301	0.08501587546836796	UNSTABLE
allergic_rhinitis_scoliosis	0.07713091245473985	0.07112009499965302	UNSTABLE
allergic_rhinitis_sinusitis	0.5613956341878851	0.5787293395315187	ATTENUATED
allergic_rhinitis_sleep_apnoea	0.19140659583764325	0.20960446756748458	ATTENUATED
allergic_rhinitis_spondylolisthesis	0.2855462594924287	0.2961854438754448	ATTENUATED
allergic_rhinitis_spondylosis	0.3626266311122904	0.4077897059807562	ATTENUATED
allergic_rhinitis_stroke_all	0.14750777868073323	0.16860476826549217	ATTENUATED
allergic_rhinitis_tendon	0.37922645891353945	0.4083602120065817	ATTENUATED
allergic_rhinitis_thromboembolic	0.1861121646276913	0.1968510328509613	ATTENUATED
allergic_rhinitis_TIA	0.12260488513577336	0.13638466427781004	PERSISTENT
allergic_rhinitis_tinnitus	0.18945473727607964	0.18111568919334928	ATTENUATED
allergic_rhinitis_ulc_colitis	0.14056860021239606	0.1449299340073242	ATTENUATED
allergic_rhinitis_ulcer_peptic	0.15997165108918737	0.18965763426347046	ATTENUATED
allergic_rhinitis_urine_incont	0.16422838296367778	0.17304351350034622	ATTENUATED
allergic_rhinitis_urolithiasis	0.08731173740480845	0.08107412471043446	UNSTABLE
allergic_rhinitis_valve_nonrheumatic	0.095674162073884	0.09812090352318027	UNSTABLE
anxiety_asthma	0.29997868339315903	0.2774464398864597	ATTENUATED
anxiety_b12_def	0.22799685070439396	0.20623413084557085	ATTENUATED
anxiety_BPH	0.17981886564113947	0.19436776088342334	ATTENUATED
anxiety_bursitis	0.22826294360459273	0.16440887846457813	ATTENUATED
anxiety_carpal_tunnel	0.13099600882723123	0.10657470342425064	ATTENUATED
anxiety_cataract	0.16466970478880397	0.1397015979409475	ATTENUATED
anxiety_cholelithiasis	0.14528184419284518	0.14958798879815802	ATTENUATED
anxiety_CKD	0.020858272685559016	0.021125218396799084	UNSTABLE
anxiety_COPD	0.36569376911285617	0.28571303057325	ATTENUATED
anxiety_coronary_heart	0.18739630413049999	0.1648410802255822	ATTENUATED
anxiety_deaf	0.17522286756347508	0.1542895063757988	ATTENUATED
anxiety_depression	0.8368980003026921	0.8299749837395225	ATTENUATED
anxiety_diabetes_type_2	0.10370306405220213	0.11302654375418748	ATTENUATED
anxiety_diverticuli	0.2918373164880058	0.2767645432788608	ATTENUATED
anxiety_ED	0.3080479348038573	0.2755045625684172	ATTENUATED
anxiety_enthesopathy_lower	0.3612744430506761	0.34741524997341516	ATTENUATED
anxiety_enthesopathy_shoulder	0.33980004893381	0.3054116169125135	ATTENUATED
anxiety_enthesopathy_upper	0.3080663454168581	0.26477666333821887	ATTENUATED
anxiety_essential_tremor	0.0937379799949275	0.10902289140372184	UNSTABLE
anxiety_female_genital_prolapse	0.16909499858193233	0.15522085188452225	ATTENUATED
anxiety_fibromatosis	0.07624812408556866	0.04371059404450004	NEAR_NULL_EQUIVALENT
anxiety_fibromyalgia	0.6155967776397435	0.6230237115654789	ATTENUATED
anxiety_gastritis_duodenitis	0.5593781680771792	0.5549144981684214	ATTENUATED
anxiety_glaucoma	0.09740369024687179	0.10203078359458807	ATTENUATED
anxiety_GORD	0.493499360062928	0.4887269911660602	ATTENUATED
anxiety_gout	0.024168171009960982	0.022377984800446882	UNSTABLE
anxiety_HF	0.1446705085049804	0.1313011820136162	ATTENUATED
anxiety_hypertension	0.21839418187754814	0.31067182307113717	MASKED_ENHANCED
anxiety_hyperthyroid	0.10952721535605436	0.08418286965060143	PERSISTENT
anxiety_hypothyroid	0.15918115605640754	0.15412414461527546	ATTENUATED
anxiety_IBS	0.6222635440106725	0.6206906937971736	ATTENUATED
anxiety_IDA	0.23701005296981334	0.21557790894193316	ATTENUATED
anxiety_insomnia	0.6379765481112624	0.6429663131429841	ATTENUATED
anxiety_intervert_disc	0.37552511718565124	0.34366236645398834	ATTENUATED
anxiety_isch_stroke_tia	0.26058363529538886	0.23613396447792467	ATTENUATED
anxiety_migraine	0.41478488755383913	0.40878222738558123	ATTENUATED
anxiety_OA	0.22891442750428456	0.24065691792932856	ATTENUATED
anxiety_osteoporosis	0.2325177534336187	0.21994723937362873	ATTENUATED
anxiety_periph_neuro	0.24604550667753383	0.21340407696607738	ATTENUATED
anxiety_peripheral_arterial	0.2652695046143661	0.23524659030188322	ATTENUATED
anxiety_PMR	0.1862563884228672	0.18208628710980904	ATTENUATED
anxiety_pri_bladder	0.11324655257266564	0.0679057642860265	UNSTABLE
anxiety_pri_breast	0.056269336908230494	0.0511578059126396	PERSISTENT
anxiety_pri_colorectal	0.0006152274715467777	0.021269659848805186	UNSTABLE
anxiety_pri_prost	0.039873472954698175	0.05948236059057471	UNSTABLE
anxiety_pri_skin	0.024506828582281575	0.02836862894675567	UNSTABLE
anxiety_psoriasis	0.17271681468058275	0.13696807065089187	ATTENUATED
anxiety_RA	0.27435715380461606	0.21944467219152058	ATTENUATED
anxiety_raynauds	0.18837917768931686	0.16802792047962584	ATTENUATED
anxiety_retinal_detach	0.010524266642356122	0.006114364713849056	UNSTABLE
anxiety_schizo	0.4401079086052972	0.4280872042530983	ATTENUATED
anxiety_scoliosis	0.17332763736837375	0.16776648439623434	ATTENUATED
anxiety_sinusitis	0.46042243325312476	0.43908511314344034	ATTENUATED
anxiety_sleep_apnoea	0.24952332803243824	0.30879823738267603	MASKED_ENHANCED
anxiety_spondylolisthesis	0.20827300461514295	0.17299759200538226	ATTENUATED
anxiety_spondylosis	0.46684447811544194	0.4798266272972451	ATTENUATED
anxiety_stroke_all	0.24007619394361132	0.23073706066177696	ATTENUATED
anxiety_tendon	0.3040885258808485	0.26746358001455456	ATTENUATED
anxiety_thromboembolic	0.16400343083420985	0.15620690616466704	ATTENUATED
anxiety_TIA	0.3132532100286048	0.2869619263377316	ATTENUATED
anxiety_tinnitus	0.4604896346273949	0.481732693867887	ATTENUATED
anxiety_ulc_colitis	0.14171385822153054	0.1399029991394871	ATTENUATED
anxiety_ulcer_peptic	0.4132998156980726	0.37161714549271824	ATTENUATED
anxiety_urine_incont	0.28382241218814735	0.2577789642322669	ATTENUATED
anxiety_urolithiasis	0.23241594395926174	0.2518826380515428	ATTENUATED
anxiety_valve_nonrheumatic	0.1649115119373993	0.15508801245380252	ATTENUATED
asthma_b12_def	0.2162945811894714	0.11151911395329511	PERSISTENT
asthma_BPH	0.11750821266986838	0.12887146660951584	ATTENUATED
asthma_bursitis	0.31968208913891616	0.2428497432714885	ATTENUATED
asthma_carpal_tunnel	0.24798271375153338	0.1464696950982923	ATTENUATED
asthma_cataract	0.1761028459433854	0.13358421551080327	ATTENUATED
asthma_cholelithiasis	0.17301436165812184	0.07330582856885473	PERSISTENT
asthma_CKD	0.07943639771391463	0.0027906733337028514	NEAR_NULL_EQUIVALENT
asthma_COPD	0.5905860684287597	0.5662838342851937	ATTENUATED
asthma_coronary_heart	0.17301494080710722	0.061802318532134616	ATTENUATED
asthma_deaf	0.16477241939053272	0.13874281000120067	ATTENUATED
asthma_depression	0.30730873190960256	0.25200767864578066	ATTENUATED
asthma_diabetes_type_2	0.21371808547294766	0.08424167603106747	PERSISTENT
asthma_diverticuli	0.21794293304444154	0.17068166572149293	ATTENUATED
asthma_ED	0.21363064490485065	0.08594424327833713	PERSISTENT
asthma_enthesopathy_lower	0.3936576277937747	0.3030196826022028	ATTENUATED
asthma_enthesopathy_shoulder	0.317471074153851	0.23477247988980599	ATTENUATED
asthma_enthesopathy_upper	0.30145183474829396	0.21799495290669754	ATTENUATED
asthma_essential_tremor	0.13155724512549027	0.12400556405319957	ATTENUATED
asthma_female_genital_prolapse	0.15071499989113324	0.1312790371395817	ATTENUATED
asthma_fibromatosis	0.043401894207357315	0.043582944455583965	UNSTABLE
asthma_fibromyalgia	0.4394170113232348	0.3588266720683646	ATTENUATED
asthma_gastritis_duodenitis	0.3985134286188936	0.3164636334712352	ATTENUATED
asthma_glaucoma	0.020241465230208058	0.03296123106525854	UNSTABLE
asthma_GORD	0.4204435645156989	0.34556247378539634	ATTENUATED
asthma_gout	0.1300729558572326	0.013141400193383715	NEAR_NULL_EQUIVALENT
asthma_HF	0.2595615037968792	0.09856290272336568	ATTENUATED
asthma_hypertension	0.23848455102457947	0.14959238739953915	ATTENUATED
asthma_hyperthyroid	0.10138374077092213	0.07120968038015307	PERSISTENT
asthma_hypothyroid	0.16144707698715502	0.12084202013652065	ATTENUATED
asthma_IBS	0.35247459953543764	0.34680134406940455	ATTENUATED
asthma_IDA	0.2789751540857677	0.16844398172340697	ATTENUATED
asthma_insomnia	0.30851632117496963	0.25256785038470836	ATTENUATED
asthma_intervert_disc	0.30070054822184045	0.21260881016298291	ATTENUATED
asthma_isch_stroke_tia	0.24980634121739811	0.16349576753573927	ATTENUATED
asthma_migraine	0.2510051632471093	0.23679684842660756	ATTENUATED
asthma_OA	0.35606252783477876	0.26370659640918465	ATTENUATED
asthma_osteoporosis	0.15638828110296704	0.1996769357672398	ATTENUATED
asthma_periph_neuro	0.3381694851570916	0.22851669318936746	ATTENUATED
asthma_peripheral_arterial	0.25402681401133925	0.0785388780317242	PERSISTENT
asthma_PMR	0.13165561741888376	0.10218595330275355	PERSISTENT
asthma_pri_bladder	0.04408901262208556	0.006854009486193887	UNSTABLE
asthma_pri_breast	0.0011150648715983283	0.00982079657603703	UNSTABLE
asthma_pri_colorectal	0.0879720413458762	0.08588461062561838	PERSISTENT
asthma_pri_prost	0.061370888494780756	0.032408216449496645	UNSTABLE
asthma_pri_skin	0.062041555168597357	0.034213739935862054	NEAR_NULL_EQUIVALENT
asthma_psoriasis	0.1779459436394894	0.10726564089577106	PERSISTENT
asthma_RA	0.2931646770494271	0.21893192840048964	ATTENUATED
asthma_raynauds	0.05188437739459005	0.05756360501704823	UNSTABLE
asthma_retinal_detach	0.0169670825200485	0.046181758452549425	UNSTABLE
asthma_schizo	0.07586975251639756	0.0922618218786965	ATTENUATED
asthma_scoliosis	0.05051327910139319	0.05244670107575965	UNSTABLE
asthma_sinusitis	0.4723685843928716	0.45196445325500306	ATTENUATED
asthma_sleep_apnoea	0.2899889233534785	0.17773122222072765	ATTENUATED
asthma_spondylolisthesis	0.20721991221920508	0.13383793120095744	ATTENUATED
asthma_spondylosis	0.38393170728671583	0.27771180997622164	ATTENUATED
asthma_stroke_all	0.2376859386347535	0.1567271072012608	ATTENUATED
asthma_tendon	0.3659336435265946	0.2865754404110951	ATTENUATED
asthma_thromboembolic	0.21212769606441784	0.13018201184134398	ATTENUATED
asthma_TIA	0.27304025781248203	0.2021580074333976	ATTENUATED
asthma_tinnitus	0.1608607820029969	0.18460629176786336	ATTENUATED
asthma_ulc_colitis	0.07449023316006258	0.08272761518788452	PERSISTENT
asthma_ulcer_peptic	0.3407420521244777	0.22923390660833476	ATTENUATED
asthma_urine_incont	0.3032374572293261	0.21223571791122245	ATTENUATED
asthma_urolithiasis	0.07714119903213613	0.0498549607156093	NEAR_NULL_EQUIVALENT
asthma_valve_nonrheumatic	0.11554775547259125	0.043286058017931436	NEAR_NULL_EQUIVALENT
b12_def_BPH	0.010105308253805855	0.013017879575076144	UNSTABLE
b12_def_bursitis	0.10926924869887332	0.31290468524098436	UNSTABLE
b12_def_carpal_tunnel	0.23787385708751552	0.08737202286543916	PERSISTENT
b12_def_cataract	0.07844232806146917	0.02060433799176307	UNSTABLE
b12_def_cholelithiasis	0.30188348669752163	0.20348219479461283	ATTENUATED
b12_def_CKD	0.14367474041418776	0.04699532918149399	NEAR_NULL_EQUIVALENT
b12_def_COPD	0.33552308371224365	0.18776038428638478	ATTENUATED
b12_def_coronary_heart	0.22754904162480943	0.09596324016881981	PERSISTENT
b12_def_deaf	0.08079824308320231	0.05138895868949546	UNSTABLE
b12_def_depression	0.19770542255851303	0.12373588565354314	PERSISTENT
b12_def_diabetes_type_2	0.2916247706175281	0.13253057775249213	PERSISTENT
b12_def_diverticuli	0.17097436077071346	0.1102512705036466	PERSISTENT
b12_def_ED	0.24646339482582055	0.08957879966514062	UNSTABLE
b12_def_enthesopathy_lower	0.2875910585042964	0.14246317764163047	PERSISTENT
b12_def_enthesopathy_shoulder	0.34741719047950664	0.23860785162575296	ATTENUATED
b12_def_enthesopathy_upper	0.1899868465389035	0.04031190072769296	NEAR_NULL_EQUIVALENT
b12_def_essential_tremor	0.08916816525581227	0.13006562923817286	UNSTABLE
b12_def_female_genital_prolapse	0.10539625727448639	0.07858933369584334	UNSTABLE
b12_def_fibromatosis	0.09793870386262774	0.1127678396386248	UNSTABLE
b12_def_fibromyalgia	0.2210969716022503	0.06774135803426427	UNSTABLE
b12_def_gastritis_duodenitis	0.4150039799321183	0.3116025741250535	ATTENUATED
b12_def_glaucoma	0.09987175791773364	0.09621566992527601	UNSTABLE
b12_def_GORD	0.35893853326409364	0.2500715361681511	ATTENUATED
b12_def_gout	0.13922213933816235	0.02037275558713451	NEAR_NULL_EQUIVALENT
b12_def_HF	0.2812463201198327	0.06965087936676596	PERSISTENT
b12_def_hypertension	0.23275199713891245	0.0814929032514493	PERSISTENT
b12_def_hyperthyroid	0.2558313337067412	0.24386172805634268	ATTENUATED
b12_def_hypothyroid	0.3671956785649723	0.34707726504397607	ATTENUATED
b12_def_IBS	0.2210067907605834	0.2060237579552966	ATTENUATED
b12_def_IDA	0.5157095748866222	0.4123340708741662	ATTENUATED
b12_def_insomnia	0.283833912917651	0.1806702287456885	PERSISTENT
b12_def_intervert_disc	0.36535463294225623	0.26796177319060493	ATTENUATED
b12_def_isch_stroke_tia	0.3825380927456387	0.31063277138003964	ATTENUATED
b12_def_migraine	0.1896526983333017	0.1715455088923364	ATTENUATED
b12_def_OA	0.2880547763095011	0.13647500189290632	PERSISTENT
b12_def_osteoporosis	0.09468657942928325	0.14596992561951003	UNSTABLE
b12_def_periph_neuro	0.34412414656287055	0.16839697791942188	PERSISTENT
b12_def_peripheral_arterial	0.49827203537633913	0.3942941043337835	ATTENUATED
b12_def_PMR	0.14049001905753059	0.09917939208095325	UNSTABLE
b12_def_pri_bladder	0.007365980857387332	0.025691385867145172	UNSTABLE
b12_def_pri_breast	0.07447619603557845	0.06596401232070155	UNSTABLE
b12_def_pri_colorectal	0.031855516199359384	0.03308094931989691	UNSTABLE
b12_def_pri_prost	0.0010784762817667634	0.03505308725453641	UNSTABLE
b12_def_pri_skin	0.0896272405544244	0.05896558043600289	UNSTABLE
b12_def_psoriasis	0.25184323183538077	0.17465804362270607	PERSISTENT
b12_def_RA	0.3731360948154574	0.30005099297419086	ATTENUATED
b12_def_raynauds	0.24849852462843397	0.28699129897858083	UNSTABLE
b12_def_retinal_detach	0.02559930523491278	0.06154189711500435	UNSTABLE
b12_def_schizo	0.010952823192453708	0.024750034393266025	UNSTABLE
b12_def_scoliosis	0.07744427733469243	0.08095060303470503	UNSTABLE
b12_def_sinusitis	0.24316607329900058	0.19317561766337107	PERSISTENT
b12_def_sleep_apnoea	0.23856718346379546	0.07132047719457864	PERSISTENT
b12_def_spondylolisthesis	0.11260188883946774	0.008223492195986346	UNSTABLE
b12_def_spondylosis	0.30854401147543803	0.13743875298747837	PERSISTENT
b12_def_stroke_all	0.21018991277038704	0.11893014204704498	PERSISTENT
b12_def_tendon	0.29253381643007065	0.1543534280328933	PERSISTENT
b12_def_thromboembolic	0.1794845974130597	0.06838722239643799	PERSISTENT
b12_def_TIA	0.22162606255602949	0.13120359696036332	PERSISTENT
b12_def_tinnitus	0.0396190741007446	0.05370096654412876	UNSTABLE
b12_def_ulc_colitis	0.10627888561207312	0.1235501532030688	UNSTABLE
b12_def_ulcer_peptic	0.3654121640180126	0.22925104983366437	PERSISTENT
b12_def_urine_incont	0.2930366179873851	0.1794493450860388	PERSISTENT
b12_def_urolithiasis	0.1353181458458213	0.10395689229407938	UNSTABLE
b12_def_valve_nonrheumatic	0.17867910189775246	0.09279971775074036	PERSISTENT
BPH_bursitis	0.1163458557738602	0.11854084796825556	UNSTABLE
BPH_carpal_tunnel	0.060975916475395485	0.0607074892681055	PERSISTENT
BPH_cataract	0.0507502352269083	0.055049643041034796	UNSTABLE
BPH_cholelithiasis	0.07119701381107417	0.08212838657988937	UNSTABLE
BPH_CKD	0.04723012322486764	0.058403497680426825	UNSTABLE
BPH_COPD	0.04055671100564215	0.08154598974832504	UNSTABLE
BPH_coronary_heart	0.00213113439106939	0.024208839887319242	UNSTABLE
BPH_deaf	0.11726776974431412	0.12369953913640233	ATTENUATED
BPH_depression	0.16220582338061523	0.17648277433102003	ATTENUATED
BPH_diabetes_type_2	0.04374582886597888	0.06802127745076333	UNSTABLE
BPH_diverticuli	0.16434412918476946	0.16931356758280136	ATTENUATED
BPH_ED	0.24847589370075027	0.28724185457966456	ATTENUATED
BPH_enthesopathy_lower	0.13237670315361275	0.1458543451719134	PERSISTENT
BPH_enthesopathy_shoulder	0.10226939811259877	0.10900104482595774	ATTENUATED
BPH_enthesopathy_upper	0.10338770644524159	0.11107795893854003	PERSISTENT
BPH_essential_tremor	0.049431710532380636	0.0457152820251495	UNSTABLE
BPH_female_genital_prolapse	0.164114291831014	0.16488373012011573	ATTENUATED
BPH_fibromatosis	0.03262197926722828	0.03886609196127449	UNSTABLE
BPH_fibromyalgia	0.13538576833456215	0.15415991674927465	PERSISTENT
BPH_gastritis_duodenitis	0.1169336499323735	0.1347545350496163	ATTENUATED
BPH_glaucoma	0.0464648793652938	0.04698911074395025	UNSTABLE
BPH_GORD	0.17552556214276085	0.19781690062460666	ATTENUATED
BPH_gout	0.013945433076582385	0.02318750292868083	UNSTABLE
BPH_HF	0.07372576217808344	0.1099469910457822	UNSTABLE
BPH_hypertension	0.07634125000078501	0.15514143080993725	MASKED_ENHANCED
BPH_hyperthyroid	0.03936856694728448	0.048303195612305595	UNSTABLE
BPH_hypothyroid	0.03573654854900322	0.03975737757058972	UNSTABLE
BPH_IBS	0.2900557324315743	0.2893805187455605	ATTENUATED
BPH_IDA	0.035826356350173436	0.04087848962203507	UNSTABLE
BPH_insomnia	0.14955247787829842	0.1552603018230304	PERSISTENT
BPH_intervert_disc	0.1833747409101297	0.20357724494983748	ATTENUATED
BPH_isch_stroke_tia	0.11995985009327297	0.14893369306905407	UNSTABLE
BPH_migraine	0.12941137659679997	0.1364574493749812	ATTENUATED
BPH_OA	0.13060194542279294	0.14411743053370696	ATTENUATED
BPH_osteoporosis	0.08296223359424437	0.08028198390347817	PERSISTENT
BPH_periph_neuro	0.13055498101949994	0.15718409597930963	PERSISTENT
BPH_peripheral_arterial	0.02531333537953925	0.0014850564513856726	UNSTABLE
BPH_PMR	0.1416174815278297	0.1420411461379141	PERSISTENT
BPH_pri_bladder	0.10572316049008268	0.11148682725354736	UNSTABLE
BPH_pri_breast	0.07800033990346295	0.08119229289908522	ATTENUATED
BPH_pri_colorectal	0.05819180100952253	0.061269643812963716	UNSTABLE
BPH_pri_prost	0.19447673097964277	0.20040066069994802	ATTENUATED
BPH_pri_skin	0.07878218197829805	0.07843882349993883	ATTENUATED
BPH_psoriasis	0.06031561612384226	0.06535598404464048	UNSTABLE
BPH_RA	0.022433042575038826	0.017734118824906143	UNSTABLE
BPH_raynauds	0.0703874821545033	0.06948503417310375	UNSTABLE
BPH_retinal_detach	0.11440433644455521	0.11183234401844547	PERSISTENT
BPH_schizo	0.034688609230305534	0.048559020397618675	UNSTABLE
BPH_scoliosis	0.05151795114122871	0.05197682045655616	UNSTABLE
BPH_sinusitis	0.20221111033124856	0.20515015286811172	ATTENUATED
BPH_sleep_apnoea	0.16485526077197932	0.20893034712189154	ATTENUATED
BPH_spondylolisthesis	0.05499037004832614	0.05985501418562662	UNSTABLE
BPH_spondylosis	0.14039486113399144	0.16552012242675737	ATTENUATED
BPH_stroke_all	0.041561560522378145	0.06700832919200413	UNSTABLE
BPH_tendon	0.10783228123116365	0.11389045826432023	ATTENUATED
BPH_thromboembolic	0.11494729739974845	0.11876023013700297	ATTENUATED
BPH_TIA	0.042555350924952	0.059897872115691635	UNSTABLE
BPH_tinnitus	0.22917972914623375	0.22770309462068272	ATTENUATED
BPH_ulc_colitis	0.090992305380505	0.09057381558458717	ATTENUATED
BPH_ulcer_peptic	0.037005773168125346	0.05625910419848447	UNSTABLE
BPH_urine_incont	0.2088340292954023	0.2266556930977299	ATTENUATED
BPH_urolithiasis	0.17423727551363205	0.17873415930255346	ATTENUATED
BPH_valve_nonrheumatic	0.02563216070765117	0.034011945800272926	UNSTABLE
bursitis_carpal_tunnel	0.3858307460567065	0.2839928606860864	ATTENUATED
bursitis_cataract	0.13269037712135795	0.08407676415688108	PERSISTENT
bursitis_cholelithiasis	0.1970129120352882	0.1247563749667689	PERSISTENT
bursitis_CKD	0.16323715814834797	0.12476377434738048	PERSISTENT
bursitis_COPD	0.3203986092882162	0.1339513096582384	PERSISTENT
bursitis_coronary_heart	0.18537268468105347	0.0914290000837213	PERSISTENT
bursitis_deaf	0.10143768904288057	0.06212150865809734	UNSTABLE
bursitis_depression	0.20863344860561647	0.10207284718366261	PERSISTENT
bursitis_diabetes_type_2	0.18597457366837483	0.06911071988265818	PERSISTENT
bursitis_diverticuli	0.2255675704214696	0.1720194071941661	ATTENUATED
bursitis_ED	0.20661847939504766	0.050464034572184534	UNSTABLE
bursitis_enthesopathy_lower	0.7050156136815464	0.6642476842525583	ATTENUATED
bursitis_enthesopathy_shoulder	0.6592604616317188	0.6006231552757408	ATTENUATED
bursitis_enthesopathy_upper	0.7646016156634103	0.7155320864217841	ATTENUATED
bursitis_essential_tremor	0.035634899568814736	0.07020312568494623	UNSTABLE
bursitis_female_genital_prolapse	0.28637758372787847	0.27364362368262424	ATTENUATED
bursitis_fibromatosis	0.0571651148123414	0.04762330669740402	UNSTABLE
bursitis_fibromyalgia	0.5530818395287005	0.4657816824203646	ATTENUATED
bursitis_gastritis_duodenitis	0.5282563124793853	0.4453876585178419	ATTENUATED
bursitis_glaucoma	0.044045905082460916	0.06526331133132089	UNSTABLE
bursitis_GORD	0.41971304027993084	0.33094002668153477	ATTENUATED
bursitis_gout	0.2700400720289069	0.2101001581001481	ATTENUATED
bursitis_HF	0.2576360174028761	0.11958075168489708	PERSISTENT
bursitis_hypertension	0.20808685949213157	0.18485220541630107	ATTENUATED
bursitis_hyperthyroid	0.048039133126741095	0.02347498300279463	UNSTABLE
bursitis_hypothyroid	0.04338717071701292	0.0005817393413540701	UNSTABLE
bursitis_IBS	0.2549290457558326	0.21929691502613402	ATTENUATED
bursitis_IDA	0.1999490481074863	0.04613447183226117	NEAR_NULL_EQUIVALENT
bursitis_insomnia	0.5160192982925529	0.3930526062753483	PERSISTENT
bursitis_intervert_disc	0.4996722119180012	0.4264494866465568	ATTENUATED
bursitis_isch_stroke_tia	0.3042511105207882	0.2525602229296882	PERSISTENT
bursitis_migraine	0.2410604442355616	0.21791513393986695	ATTENUATED
bursitis_OA	0.6444645239847492	0.6132238161245718	ATTENUATED
bursitis_osteoporosis	0.12349655881976311	0.13383814383661524	UNSTABLE
bursitis_periph_neuro	0.5913852136724418	0.5169208404509382	ATTENUATED
bursitis_peripheral_arterial	0.3579378441484631	0.231242693979603	PERSISTENT
bursitis_PMR	0.19618770345328224	0.16433457796737952	UNSTABLE
bursitis_pri_bladder	0.26760321377575164	0.24173629583311104	PERSISTENT
bursitis_pri_breast	0.0641602227306182	0.06089803206518644	UNSTABLE
bursitis_pri_colorectal	0.06870671141529455	0.06482893378546709	UNSTABLE
bursitis_pri_prost	0.08526218821845012	0.055322720156579235	UNSTABLE
bursitis_pri_skin	0.0017048974943082462	0.024210204300337504	UNSTABLE
bursitis_psoriasis	0.1784963780794098	0.08945294712584952	PERSISTENT
bursitis_RA	0.2199750209971345	0.11472996024907503	PERSISTENT
bursitis_raynauds	0.05329236291666609	0.02849208567328367	UNSTABLE
bursitis_retinal_detach	0.03327589802911062	0.06740086106776347	UNSTABLE
bursitis_schizo	0.21254195817477925	0.2283520241521275	ATTENUATED
bursitis_scoliosis	0.2067345180416293	0.2088124266335501	PERSISTENT
bursitis_sinusitis	0.315574732916458	0.2512746476817807	PERSISTENT
bursitis_sleep_apnoea	0.15607253624203093	0.039971622029242225	NEAR_NULL_EQUIVALENT
bursitis_spondylolisthesis	0.3846630030515997	0.3165724310971631	ATTENUATED
bursitis_spondylosis	0.7074301751462164	0.6576059282428066	ATTENUATED
bursitis_stroke_all	0.2952480780930539	0.27302225419515164	ATTENUATED
bursitis_tendon	0.7477683035365058	0.6944128298282797	ATTENUATED
bursitis_thromboembolic	0.13389850740029577	0.0326997507024071	UNSTABLE
bursitis_TIA	0.2963511698947094	0.23944507069381052	PERSISTENT
bursitis_tinnitus	0.10442066064984645	0.0940724150718166	UNSTABLE
bursitis_ulc_colitis	0.05828261446324759	0.06365783553316987	UNSTABLE
bursitis_ulcer_peptic	0.3458938928701848	0.19559868641569184	PERSISTENT
bursitis_urine_incont	0.46974487572886653	0.3968329083909429	ATTENUATED
bursitis_urolithiasis	0.11791186810339928	0.10098154850235198	UNSTABLE
bursitis_valve_nonrheumatic	0.2469471918603636	0.20717350335659468	PERSISTENT
carpal_tunnel_cataract	0.11309390660664878	0.060092911875309435	PERSISTENT
carpal_tunnel_cholelithiasis	0.16183934937654018	0.021009885934086082	NEAR_NULL_EQUIVALENT
carpal_tunnel_CKD	0.11991059713471389	0.015143302155065737	NEAR_NULL_EQUIVALENT
carpal_tunnel_COPD	0.3211369125337047	0.181642915895634	ATTENUATED
carpal_tunnel_coronary_heart	0.2156941573617374	0.09107148828275058	ATTENUATED
carpal_tunnel_deaf	0.06323769454089913	0.03347081241198692	NEAR_NULL_EQUIVALENT
carpal_tunnel_depression	0.1837675684237839	0.11263743530103802	ATTENUATED
carpal_tunnel_diabetes_type_2	0.2416978561203827	0.00046180238717716623	NEAR_NULL_EQUIVALENT
carpal_tunnel_diverticuli	0.18441852145687693	0.12013587201692767	ATTENUATED
carpal_tunnel_ED	0.22880191319251766	0.05244380733510688	PERSISTENT
carpal_tunnel_enthesopathy_lower	0.5124448768223507	0.4179150296671919	ATTENUATED
carpal_tunnel_enthesopathy_shoulder	0.4550446411184296	0.3646758426357574	ATTENUATED
carpal_tunnel_enthesopathy_upper	0.56605945936998	0.5004643894948138	ATTENUATED
carpal_tunnel_essential_tremor	0.061926146064902675	0.0381594206735325	UNSTABLE
carpal_tunnel_female_genital_prolapse	0.08756278996538482	0.054812566449250755	PERSISTENT
carpal_tunnel_fibromatosis	0.06080384827460525	0.05417705948368841	PERSISTENT
carpal_tunnel_fibromyalgia	0.3809936629335274	0.26834233732916146	ATTENUATED
carpal_tunnel_gastritis_duodenitis	0.36596986098271517	0.2552963437758864	ATTENUATED
carpal_tunnel_glaucoma	0.06314857925952035	0.056897703878325136	PERSISTENT
carpal_tunnel_GORD	0.3335353726076671	0.21857763404737784	ATTENUATED
carpal_tunnel_gout	0.15371218972876152	0.016353457704430172	NEAR_NULL_EQUIVALENT
carpal_tunnel_HF	0.24537105466971418	0.006856119046388751	NEAR_NULL_EQUIVALENT
carpal_tunnel_hypertension	0.220987719943812	0.07380020250298962	PERSISTENT
carpal_tunnel_hyperthyroid	0.09400325061556872	0.06134410901381752	PERSISTENT
carpal_tunnel_hypothyroid	0.10880386000848553	0.05894076733330142	PERSISTENT
carpal_tunnel_IBS	0.22785173523669852	0.21712623691405883	ATTENUATED
carpal_tunnel_IDA	0.2559174144429403	0.08191709998907956	PERSISTENT
carpal_tunnel_insomnia	0.28114673995722084	0.1797412527823652	ATTENUATED
carpal_tunnel_intervert_disc	0.40009027726949326	0.3116600102793941	ATTENUATED
carpal_tunnel_isch_stroke_tia	0.19997804403614727	0.1007373691436241	PERSISTENT
carpal_tunnel_migraine	0.16181015684400013	0.1498099168370246	ATTENUATED
carpal_tunnel_OA	0.5394799784861325	0.4400537330899065	ATTENUATED
carpal_tunnel_osteoporosis	0.011663698266918215	0.06543492047426012	UNSTABLE
carpal_tunnel_periph_neuro	0.5205217136244161	0.3871687081764519	ATTENUATED
carpal_tunnel_peripheral_arterial	0.3393109635619365	0.1628208501409605	PERSISTENT
carpal_tunnel_PMR	0.1436243751025292	0.10362949607452578	PERSISTENT
carpal_tunnel_pri_bladder	0.08329466789048913	0.06540634303269226	UNSTABLE
carpal_tunnel_pri_breast	0.06006826416003231	0.0489061596467505	NEAR_NULL_EQUIVALENT
carpal_tunnel_pri_colorectal	0.09434278324678419	0.10537177507619913	ATTENUATED
carpal_tunnel_pri_prost	0.04143425037197631	0.008956557731591003	UNSTABLE
carpal_tunnel_pri_skin	0.06541136686307081	0.028608272246362816	NEAR_NULL_EQUIVALENT
carpal_tunnel_psoriasis	0.17480052504568097	0.08900536860810496	ATTENUATED
carpal_tunnel_RA	0.25351235575945563	0.16490344522404382	ATTENUATED
carpal_tunnel_raynauds	0.03779889792300813	0.06535207528242543	UNSTABLE
carpal_tunnel_retinal_detach	0.06345681561454614	0.03338822556684714	UNSTABLE
carpal_tunnel_schizo	0.11056895380391558	0.07923885012878329	ATTENUATED
carpal_tunnel_scoliosis	0.09844836966411331	0.11336209240958978	PERSISTENT
carpal_tunnel_sinusitis	0.23696082832430823	0.19404134015111588	ATTENUATED
carpal_tunnel_sleep_apnoea	0.3013074613069669	0.13405359938672015	ATTENUATED
carpal_tunnel_spondylolisthesis	0.358588595400418	0.2878874065686999	ATTENUATED
carpal_tunnel_spondylosis	0.5595297226656574	0.45393355576684163	ATTENUATED
carpal_tunnel_stroke_all	0.17233747389058945	0.08225726320274276	PERSISTENT
carpal_tunnel_tendon	0.6588950890766289	0.6000773250346493	ATTENUATED
carpal_tunnel_thromboembolic	0.11243176420228841	0.03061208057088604	NEAR_NULL_EQUIVALENT
carpal_tunnel_TIA	0.19108104054851588	0.10377771755216736	PERSISTENT
carpal_tunnel_tinnitus	0.10817282540148966	0.14196346282386904	ATTENUATED
carpal_tunnel_ulc_colitis	0.02425450138841669	0.03689238427549648	UNSTABLE
carpal_tunnel_ulcer_peptic	0.3074902742224285	0.16187303261351627	ATTENUATED
carpal_tunnel_urine_incont	0.29769801032825915	0.1780901284940777	ATTENUATED
carpal_tunnel_urolithiasis	0.08480952372976236	0.04431588040308609	NEAR_NULL_EQUIVALENT
carpal_tunnel_valve_nonrheumatic	0.148060631118739	0.061500910033391094	PERSISTENT
cataract_cholelithiasis	0.11951208170564935	0.07651279836205721	PERSISTENT
cataract_CKD	0.0639049860846669	0.021050435060058586	UNSTABLE
cataract_COPD	0.20165341936000564	0.132861914273191	ATTENUATED
cataract_coronary_heart	0.16798832198669125	0.11305099813320262	ATTENUATED
cataract_deaf	0.057060741270912846	0.043921028025655076	UNSTABLE
cataract_depression	0.11094198340916085	0.07057460598764718	ATTENUATED
cataract_diabetes_type_2	0.15847650590777754	0.10822345521627906	ATTENUATED
cataract_diverticuli	0.07519425583496782	0.04777640443442733	NEAR_NULL_EQUIVALENT
cataract_ED	0.12579579698750054	0.057040636595447954	PERSISTENT
cataract_enthesopathy_lower	0.1450482832761849	0.0855006375726209	PERSISTENT
cataract_enthesopathy_shoulder	0.15236460601748636	0.10429608586239458	ATTENUATED
cataract_enthesopathy_upper	0.1430612394177117	0.09554194895718106	ATTENUATED
cataract_essential_tremor	0.014269427428319792	0.010059002125148856	UNSTABLE
cataract_female_genital_prolapse	0.01592702247327911	0.029862086647374504	UNSTABLE
cataract_fibromatosis	0.02470075934309569	0.02003672441367212	UNSTABLE
cataract_fibromyalgia	0.09958047471162797	0.033264211950684755	UNSTABLE
cataract_gastritis_duodenitis	0.2496334750113778	0.20702589908055954	ATTENUATED
cataract_glaucoma	0.19023874428515677	0.1952461607877781	ATTENUATED
cataract_GORD	0.1538517428346433	0.10308003669057965	ATTENUATED
cataract_gout	0.08250514513205412	0.02568064281982968	NEAR_NULL_EQUIVALENT
cataract_HF	0.22226449826337277	0.1635923520731349	ATTENUATED
cataract_hypertension	0.18230249786014316	0.13948404464816172	ATTENUATED
cataract_hyperthyroid	0.06378441436707374	0.039576009033571564	UNSTABLE
cataract_hypothyroid	0.0746316844863326	0.05418852079418646	PERSISTENT
cataract_IBS	0.09214980283455047	0.07932222010956037	PERSISTENT
cataract_IDA	0.186174799320765	0.12955831018726022	ATTENUATED
cataract_insomnia	0.17192089009105094	0.1391897301640876	PERSISTENT
cataract_intervert_disc	0.115930524697434	0.06262067374155106	PERSISTENT
cataract_isch_stroke_tia	0.1668816835559833	0.11321609261372079	PERSISTENT
cataract_migraine	0.06433058179542447	0.05138211259641126	PERSISTENT
cataract_OA	0.10954764412343099	0.057050550853244404	PERSISTENT
cataract_osteoporosis	0.09071357214417951	0.10664570509973414	ATTENUATED
cataract_periph_neuro	0.20483356512949835	0.15319694760706976	ATTENUATED
cataract_peripheral_arterial	0.3375990885898983	0.3239529274789884	ATTENUATED
cataract_PMR	0.09121916659804989	0.07428614747462924	UNSTABLE
cataract_pri_bladder	0.04170338271726392	0.024657405491954082	UNSTABLE
cataract_pri_breast	0.015679966775400324	0.013195366331481807	UNSTABLE
cataract_pri_colorectal	0.0031955568696216945	0.01158470531176595	UNSTABLE
cataract_pri_prost	0.009305971099887882	0.006181787440394658	UNSTABLE
cataract_pri_skin	0.03764079097343989	0.023801450759183232	UNSTABLE
cataract_psoriasis	0.12168572841267003	0.08529149532647214	PERSISTENT
cataract_RA	0.11635539125191788	0.06619122289124837	PERSISTENT
cataract_raynauds	0.05878556449886655	0.0585462427644567	UNSTABLE
cataract_retinal_detach	0.4540951980888949	0.47813633679603534	ATTENUATED
cataract_schizo	0.024532601653793472	0.026410159213692174	UNSTABLE
cataract_scoliosis	0.013421800962598934	0.012862541537842866	UNSTABLE
cataract_sinusitis	0.12604673354346585	0.09745926920993316	PERSISTENT
cataract_sleep_apnoea	0.16743965207235495	0.12389876451383694	ATTENUATED
cataract_spondylolisthesis	0.13324571680306527	0.09665829012345455	PERSISTENT
cataract_spondylosis	0.1010344966322537	0.027458272720305255	NEAR_NULL_EQUIVALENT
cataract_stroke_all	0.16167196432210598	0.11364185696949416	ATTENUATED
cataract_tendon	0.14520401741982053	0.0943835801190984	ATTENUATED
cataract_thromboembolic	0.13546073062682035	0.09958363233620078	ATTENUATED
cataract_TIA	0.1812908896484249	0.1364569372032155	ATTENUATED
cataract_tinnitus	0.09781668262609151	0.10748589613740825	UNSTABLE
cataract_ulc_colitis	0.015257398323622579	0.0146214564539537	UNSTABLE
cataract_ulcer_peptic	0.1953809723952564	0.13236320717145178	ATTENUATED
cataract_urine_incont	0.11644049217464289	0.06477577824874034	PERSISTENT
cataract_urolithiasis	0.04286826205917941	0.03266302333927928	UNSTABLE
cataract_valve_nonrheumatic	0.10619109515783076	0.06348822786462958	PERSISTENT
cholelithiasis_CKD	0.19151581471042223	0.09841936725958196	PERSISTENT
cholelithiasis_COPD	0.1985877575962137	0.0479285123908186	NEAR_NULL_EQUIVALENT
cholelithiasis_coronary_heart	0.24413819276529217	0.15159738636277487	ATTENUATED
cholelithiasis_deaf	0.08064987221731085	0.049131250800010975	NEAR_NULL_EQUIVALENT
cholelithiasis_depression	0.21173186945183425	0.171423638206179	ATTENUATED
cholelithiasis_diabetes_type_2	0.3395676294803048	0.17284712262607232	ATTENUATED
cholelithiasis_diverticuli	0.27461986275693423	0.2276102621753249	ATTENUATED
cholelithiasis_ED	0.22654785813492087	0.07948143721385058	PERSISTENT
cholelithiasis_enthesopathy_lower	0.299642227538511	0.1918940232956066	ATTENUATED
cholelithiasis_enthesopathy_shoulder	0.19294467726425088	0.09910046152022964	PERSISTENT
cholelithiasis_enthesopathy_upper	0.14028912701123106	0.05034679996592959	PERSISTENT
cholelithiasis_essential_tremor	0.05838749599645284	0.049768092689883546	UNSTABLE
cholelithiasis_female_genital_prolapse	0.20412513916191766	0.18997319640752447	ATTENUATED
cholelithiasis_fibromatosis	0.03815512402424812	0.021278062136514824	UNSTABLE
cholelithiasis_fibromyalgia	0.33138334317688284	0.2490435396459256	ATTENUATED
cholelithiasis_gastritis_duodenitis	0.4084203596487299	0.34126909495833707	ATTENUATED
cholelithiasis_glaucoma	0.02902856762519658	0.047842702144742254	UNSTABLE
cholelithiasis_GORD	0.38534021168348487	0.30718621797554885	ATTENUATED
cholelithiasis_gout	0.23482299659959813	0.09177594701204358	ATTENUATED
cholelithiasis_HF	0.2893149853734968	0.094521806881292	PERSISTENT
cholelithiasis_hypertension	0.24407802852544994	0.15045194890883504	ATTENUATED
cholelithiasis_hyperthyroid	0.10772863682546768	0.07655941718881548	PERSISTENT
cholelithiasis_hypothyroid	0.17312640227857926	0.12155407419981748	ATTENUATED
cholelithiasis_IBS	0.2093067383228061	0.21657481424534483	ATTENUATED
cholelithiasis_IDA	0.1695575266464748	0.021413128569044076	NEAR_NULL_EQUIVALENT
cholelithiasis_insomnia	0.14377836565705399	0.10569401137955961	PERSISTENT
cholelithiasis_intervert_disc	0.2524243228463127	0.1633787481138804	ATTENUATED
cholelithiasis_isch_stroke_tia	0.10099260447553869	0.006186223924205979	UNSTABLE
cholelithiasis_migraine	0.21656563094871562	0.22261118863673798	ATTENUATED
cholelithiasis_OA	0.20924066360663543	0.046419924019236426	NEAR_NULL_EQUIVALENT
cholelithiasis_osteoporosis	0.010843109990341045	0.0870793807946138	UNSTABLE
cholelithiasis_periph_neuro	0.2627934179410773	0.09801924692448385	PERSISTENT
cholelithiasis_peripheral_arterial	0.24753478251736846	0.08074367878818171	PERSISTENT
cholelithiasis_PMR	0.04115063036625473	0.008980907758290144	UNSTABLE
cholelithiasis_pri_bladder	0.022655196059973584	0.005211800893059117	UNSTABLE
cholelithiasis_pri_breast	0.022527514714133303	0.04341913518103952	UNSTABLE
cholelithiasis_pri_colorectal	0.003638358985225062	0.0014662189318008212	UNSTABLE
cholelithiasis_pri_prost	0.06648091584243881	0.037067709301091434	UNSTABLE
cholelithiasis_pri_skin	0.04930861585791455	0.006852171570058424	UNSTABLE
cholelithiasis_psoriasis	0.17337107214953623	0.10672694523853414	ATTENUATED
cholelithiasis_RA	0.2090615845714182	0.13765780434760094	ATTENUATED
cholelithiasis_raynauds	0.035061431867690375	0.007424850518956977	UNSTABLE
cholelithiasis_retinal_detach	0.06600898387059306	0.034910903123592886	UNSTABLE
cholelithiasis_schizo	0.0468074501312479	0.023608337030721033	NEAR_NULL_EQUIVALENT
cholelithiasis_scoliosis	0.030810971161246273	0.012773969778711756	UNSTABLE
cholelithiasis_sinusitis	0.13877041031278076	0.11695071324983913	PERSISTENT
cholelithiasis_sleep_apnoea	0.2819575705389854	0.08810149476889349	PERSISTENT
cholelithiasis_spondylolisthesis	0.006928110478564802	0.09452974904498532	UNSTABLE
cholelithiasis_spondylosis	0.1745177945104686	0.0061499184501236665	NEAR_NULL_EQUIVALENT
cholelithiasis_stroke_all	0.1582782612047417	0.055334958455209526	PERSISTENT
cholelithiasis_tendon	0.1710716662368407	0.06987014057188487	PERSISTENT
cholelithiasis_thromboembolic	0.24948628580830773	0.13262439465238893	ATTENUATED
cholelithiasis_TIA	0.16607251593879171	0.09163451179998108	PERSISTENT
cholelithiasis_tinnitus	0.11048143651888047	0.16783829829607966	UNSTABLE
cholelithiasis_ulc_colitis	0.01269661876343393	0.000350009283070734	UNSTABLE
cholelithiasis_ulcer_peptic	0.29821175651812126	0.19689381926666497	ATTENUATED
cholelithiasis_urine_incont	0.20335605441861906	0.08124736834071955	PERSISTENT
cholelithiasis_urolithiasis	0.24932454853510339	0.22310659734285337	ATTENUATED
cholelithiasis_valve_nonrheumatic	0.04364977184908296	0.03710166114121175	UNSTABLE
CKD_COPD	0.15401754423243422	0.060728769982191455	PERSISTENT
CKD_coronary_heart	0.2574409498405594	0.1344745666015759	ATTENUATED
CKD_deaf	0.01896385487715168	0.021625239530231644	UNSTABLE
CKD_depression	0.07149248249788942	0.05016456158770227	PERSISTENT
CKD_diabetes_type_2	0.20605914221517121	0.024332884462993382	NEAR_NULL_EQUIVALENT
CKD_diverticuli	0.11997347088426373	0.09065588870821055	ATTENUATED
CKD_ED	0.15906919301437866	0.05088302211430355	PERSISTENT
CKD_enthesopathy_lower	0.206686587125181	0.11395477692366295	PERSISTENT
CKD_enthesopathy_shoulder	0.12458768514520589	0.05853743039257564	PERSISTENT
CKD_enthesopathy_upper	0.13080318405726268	0.07751482705604829	PERSISTENT
CKD_essential_tremor	0.04450041164223766	0.028522039337021056	UNSTABLE
CKD_female_genital_prolapse	0.025234461510667987	0.018185613922365746	UNSTABLE
CKD_fibromatosis	0.034381704992203374	0.05542321821002582	UNSTABLE
CKD_fibromyalgia	0.21243925304697087	0.14125096769643375	PERSISTENT
CKD_gastritis_duodenitis	0.23260545238937214	0.17271956897405238	ATTENUATED
CKD_glaucoma	0.055220716593275744	0.0617253600474773	UNSTABLE
CKD_GORD	0.1863650526767185	0.1118471171176916	ATTENUATED
CKD_gout	0.4137363509090051	0.31528104040906807	ATTENUATED
CKD_HF	0.2991940830190801	0.11682365074224713	PERSISTENT
CKD_hypertension	0.3266225675723894	0.1346481844064709	ATTENUATED
CKD_hyperthyroid	0.10375427163654188	0.06630763823678512	UNSTABLE
CKD_hypothyroid	0.18803801752249774	0.16170627701253207	ATTENUATED
CKD_IBS	0.0603338833087493	0.0669065885896906	UNSTABLE
CKD_IDA	0.15917925899387278	0.028768088783189993	NEAR_NULL_EQUIVALENT
CKD_insomnia	0.03872212430330942	0.024940860863060764	UNSTABLE
CKD_intervert_disc	0.19958841902612823	0.1382332460363425	ATTENUATED
CKD_isch_stroke_tia	0.3827844415818379	0.2997160273112888	ATTENUATED
CKD_migraine	0.09312426469490011	0.09259232603194766	ATTENUATED
CKD_OA	0.13049606761375268	0.021956538878292752	NEAR_NULL_EQUIVALENT
CKD_osteoporosis	0.0014782615114641313	0.06278735242156155	UNSTABLE
CKD_periph_neuro	0.3185128557891689	0.2583980707592687	ATTENUATED
CKD_peripheral_arterial	0.24097286489629555	0.0549050326807901	PERSISTENT
CKD_PMR	0.0767781447566373	0.04523251146778384	UNSTABLE
CKD_pri_bladder	0.12411563593747132	0.14507493932226662	UNSTABLE
CKD_pri_breast	0.013699427990235479	0.02702723900026221	UNSTABLE
CKD_pri_colorectal	0.06721227732626413	0.06799921235895477	UNSTABLE
CKD_pri_prost	0.003663319466907591	0.026654586262857726	UNSTABLE
CKD_pri_skin	0.06440529599393105	0.033486134044982775	UNSTABLE
CKD_psoriasis	0.10592043111888753	0.05453645826443658	PERSISTENT
CKD_RA	0.10396378087069007	0.04085752500756056	NEAR_NULL_EQUIVALENT
CKD_raynauds	0.011070827521846655	0.010649570064657152	UNSTABLE
CKD_retinal_detach	0.05265150453116659	0.03732378245572982	UNSTABLE
CKD_schizo	0.08331686084109202	0.050559408914213774	PERSISTENT
CKD_scoliosis	0.028331883644887347	0.018576494866843096	UNSTABLE
CKD_sinusitis	0.0696268516467386	0.0420987656202196	UNSTABLE
CKD_sleep_apnoea	0.1718052787926561	0.024228640509114496	NEAR_NULL_EQUIVALENT
CKD_spondylolisthesis	0.1308369017053806	0.08602111348620763	PERSISTENT
CKD_spondylosis	0.1896359451519937	0.08697854308827861	PERSISTENT
CKD_stroke_all	0.22628022242873158	0.11549521073455932	PERSISTENT
CKD_tendon	0.13328006294574216	0.06406442166999123	PERSISTENT
CKD_thromboembolic	0.21879738528573092	0.16331331004702965	ATTENUATED
CKD_TIA	0.24841024505735734	0.1719610627731336	PERSISTENT
CKD_tinnitus	0.06203269787904888	0.09847340206059343	UNSTABLE
CKD_ulc_colitis	0.008049604461744355	0.005078653970329094	UNSTABLE
CKD_ulcer_peptic	0.1790146587312741	0.08630609575883494	PERSISTENT
CKD_urine_incont	0.0974436392465847	0.014988746161055505	NEAR_NULL_EQUIVALENT
CKD_urolithiasis	0.03727803706620806	0.07132902163528224	UNSTABLE
CKD_valve_nonrheumatic	0.14707926299578453	0.04319274679832934	NEAR_NULL_EQUIVALENT
COPD_coronary_heart	0.30234195579149253	0.12006439595958167	ATTENUATED
COPD_deaf	0.11480410531876017	0.03713168011099301	NEAR_NULL_EQUIVALENT
COPD_depression	0.3369227538870298	0.18495376198529176	ATTENUATED
COPD_diabetes_type_2	0.24307656120759902	0.0029354988727298918	NEAR_NULL_EQUIVALENT
COPD_diverticuli	0.2535042349489135	0.1854346512112675	ATTENUATED
COPD_ED	0.2981287448433454	0.04392584047292276	NEAR_NULL_EQUIVALENT
COPD_enthesopathy_lower	0.31021987220951414	0.09857813142655736	PERSISTENT
COPD_enthesopathy_shoulder	0.3846722365408937	0.23544216290590747	ATTENUATED
COPD_enthesopathy_upper	0.36272447310372996	0.18619702127632537	ATTENUATED
COPD_essential_tremor	0.14295335379592708	0.18285192323691532	ATTENUATED
COPD_female_genital_prolapse	0.09230724706710353	0.042925304665987256	NEAR_NULL_EQUIVALENT
COPD_fibromatosis	0.06468785345201855	0.02651398001162218	UNSTABLE
COPD_fibromyalgia	0.5244364009016996	0.38051489102677666	ATTENUATED
COPD_gastritis_duodenitis	0.499695773380166	0.35891894269469377	ATTENUATED
COPD_glaucoma	0.06856349045085118	0.1148425725113183	ATTENUATED
COPD_GORD	0.47037618073683085	0.3450659693905634	ATTENUATED
COPD_gout	0.17912873166936874	0.018640357589297125	NEAR_NULL_EQUIVALENT
COPD_HF	0.4330319838971295	0.23423523441369	ATTENUATED
COPD_hypertension	0.30673445378623465	0.16981087523248475	ATTENUATED
COPD_hyperthyroid	0.16507804125380035	0.11273541150460208	PERSISTENT
COPD_hypothyroid	0.13498751258832992	0.06906235580002124	PERSISTENT
COPD_IBS	0.28418750138616716	0.28783216723752714	ATTENUATED
COPD_IDA	0.38940891606920336	0.22976725588025163	ATTENUATED
COPD_insomnia	0.38824150405199076	0.22604875291902327	PERSISTENT
COPD_intervert_disc	0.4142572178461898	0.26445087058461275	ATTENUATED
COPD_isch_stroke_tia	0.32118451188789415	0.16912698826925024	PERSISTENT
COPD_migraine	0.23508136389577997	0.21317238701894664	ATTENUATED
COPD_OA	0.35217056587155815	0.21353870886271528	ATTENUATED
COPD_osteoporosis	0.16256191612891888	0.24051358290830163	MASKED_ENHANCED
COPD_periph_neuro	0.47098997854884095	0.2776569965663023	ATTENUATED
COPD_peripheral_arterial	0.6411187041935912	0.4626496855727369	ATTENUATED
COPD_PMR	0.18345181613268202	0.16679275304132202	PERSISTENT
COPD_pri_bladder	0.10516138959835043	0.001666834977807577	UNSTABLE
COPD_pri_breast	0.013907126095957534	0.013696986555500425	UNSTABLE
COPD_pri_colorectal	0.014931242107428242	0.01102835972755506	UNSTABLE
COPD_pri_prost	0.06210204555291398	0.012548885252082326	UNSTABLE
COPD_pri_skin	0.08389331011446757	0.05481043780360586	PERSISTENT
COPD_psoriasis	0.28367757893067613	0.17457367566980236	ATTENUATED
COPD_RA	0.36742352729340394	0.21888817737808652	ATTENUATED
COPD_raynauds	0.12374116927620789	0.13557191214732217	PERSISTENT
COPD_retinal_detach	0.03790787498379729	0.02687566805862699	UNSTABLE
COPD_schizo	0.10731940987122525	0.08292477563100382	ATTENUATED
COPD_scoliosis	0.08270106594820545	0.08824348213038449	UNSTABLE
COPD_sinusitis	0.36164035753423285	0.32373721383934906	ATTENUATED
COPD_sleep_apnoea	0.33364849364730564	0.18719863703854678	ATTENUATED
COPD_spondylolisthesis	0.31617381452255333	0.20156932975842906	ATTENUATED
COPD_spondylosis	0.5826285665762533	0.4532674055567558	ATTENUATED
COPD_stroke_all	0.31029405869459936	0.1817243698650114	ATTENUATED
COPD_tendon	0.42080854314622945	0.27439419160777634	ATTENUATED
COPD_thromboembolic	0.2916861108451453	0.19649349527731183	ATTENUATED
COPD_TIA	0.31939210595684575	0.18581442017968325	ATTENUATED
COPD_tinnitus	0.05240566313677374	0.08359496565657448	UNSTABLE
COPD_ulc_colitis	0.10506689961060163	0.14012976173541475	ATTENUATED
COPD_ulcer_peptic	0.5408497463051037	0.329640630588322	ATTENUATED
COPD_urine_incont	0.3314810902478601	0.16753638768710558	ATTENUATED
COPD_urolithiasis	0.0566692134825799	0.02219268306174662	UNSTABLE
COPD_valve_nonrheumatic	0.17414966819515956	0.07045690698826096	PERSISTENT
coronary_heart_deaf	0.022790807742401192	0.008572786496907646	UNSTABLE
coronary_heart_depression	0.19807340017782496	0.1467547281757902	ATTENUATED
coronary_heart_diabetes_type_2	0.3712626449471131	0.2541442924986984	ATTENUATED
coronary_heart_diverticuli	0.1652048864859728	0.1279590760995061	ATTENUATED
coronary_heart_ED	0.34383186647327885	0.2313301851204795	ATTENUATED
coronary_heart_enthesopathy_lower	0.23415339695327342	0.09130735585990211	PERSISTENT
coronary_heart_enthesopathy_shoulder	0.24870845574074413	0.1508981993326055	ATTENUATED
coronary_heart_enthesopathy_upper	0.2329226631531187	0.12946866879337726	ATTENUATED
coronary_heart_essential_tremor	0.05927120972312125	0.04035398014063984	UNSTABLE
coronary_heart_female_genital_prolapse	0.15827940278414027	0.16261522811615772	ATTENUATED
coronary_heart_fibromatosis	0.035075551367509776	0.04447858284838267	UNSTABLE
coronary_heart_fibromyalgia	0.2832745300161895	0.15810046230877908	ATTENUATED
coronary_heart_gastritis_duodenitis	0.33508576242559923	0.23339981811610833	ATTENUATED
coronary_heart_glaucoma	0.02352973783879972	0.02897367185292164	UNSTABLE
coronary_heart_GORD	0.34691526214350865	0.24862408173590686	ATTENUATED
coronary_heart_gout	0.2702575754344695	0.1083154427424744	ATTENUATED
coronary_heart_HF	0.6195131253526028	0.5093054345183824	ATTENUATED
coronary_heart_hypertension	0.5433975488166511	0.3885331289728087	ATTENUATED
coronary_heart_hyperthyroid	0.12426741212004304	0.0699679013992283	PERSISTENT
coronary_heart_hypothyroid	0.18650266706088967	0.15842608811735345	ATTENUATED
coronary_heart_IBS	0.1508145008769094	0.15838015096114663	ATTENUATED
coronary_heart_IDA	0.22865879527879546	0.048065719916741696	NEAR_NULL_EQUIVALENT
coronary_heart_insomnia	0.15446173229078802	0.10076486938429462	PERSISTENT
coronary_heart_intervert_disc	0.3174065805432043	0.22473904545164314	ATTENUATED
coronary_heart_isch_stroke_tia	0.6241526304511347	0.5438890790624511	ATTENUATED
coronary_heart_migraine	0.16882972225738374	0.15335862930651242	ATTENUATED
coronary_heart_OA	0.1932853900907052	0.06593466137435183	PERSISTENT
coronary_heart_osteoporosis	0.04758453270979841	0.11093842031338781	UNSTABLE
coronary_heart_periph_neuro	0.32887617444455464	0.21030491100995805	ATTENUATED
coronary_heart_peripheral_arterial	0.7086896772105183	0.6138765070920049	ATTENUATED
coronary_heart_PMR	0.26467904303065065	0.24260434402825076	ATTENUATED
coronary_heart_pri_bladder	0.08309637139122411	0.08662048885103425	UNSTABLE
coronary_heart_pri_breast	0.0663748934634973	0.0669677446192544	ATTENUATED
coronary_heart_pri_colorectal	0.11768619188006413	0.12709011975756423	ATTENUATED
coronary_heart_pri_prost	0.010482675572229223	0.040981836004348515	UNSTABLE
coronary_heart_pri_skin	0.08873866429086062	0.058745302841800344	PERSISTENT
coronary_heart_psoriasis	0.19608656073569974	0.12005585472138262	ATTENUATED
coronary_heart_RA	0.22180771333110003	0.12227590472612783	ATTENUATED
coronary_heart_raynauds	0.07501049402696096	0.08863293629436422	UNSTABLE
coronary_heart_retinal_detach	0.04231282052191339	0.015655939002431174	UNSTABLE
coronary_heart_schizo	0.02605483801744384	0.0037194679618310295	UNSTABLE
coronary_heart_scoliosis	0.03042706328328468	0.02940473217862744	UNSTABLE
coronary_heart_sinusitis	0.1359380535377062	0.08236088533616223	PERSISTENT
coronary_heart_sleep_apnoea	0.29848375554689816	0.16277162181101312	ATTENUATED
coronary_heart_spondylolisthesis	0.1537135091234487	0.07548348789811878	PERSISTENT
coronary_heart_spondylosis	0.3252751307180552	0.18832329459085015	ATTENUATED
coronary_heart_stroke_all	0.4948753244332256	0.39049815522670384	ATTENUATED
coronary_heart_tendon	0.25818319654721184	0.15140950470453676	ATTENUATED
coronary_heart_thromboembolic	0.183107232024753	0.12126346823979046	ATTENUATED
coronary_heart_TIA	0.5699398388398784	0.4996974199512872	ATTENUATED
coronary_heart_tinnitus	0.036683298982858756	0.06873132106048775	UNSTABLE
coronary_heart_ulc_colitis	0.017435531602095575	0.021348647761513063	UNSTABLE
coronary_heart_ulcer_peptic	0.3174128918758558	0.15942057551870487	ATTENUATED
coronary_heart_urine_incont	0.22371897572677107	0.12782360289460767	ATTENUATED
coronary_heart_urolithiasis	0.12898000550249408	0.10830433225163175	ATTENUATED
coronary_heart_valve_nonrheumatic	0.40823194629540127	0.3086717219639547	ATTENUATED
deaf_depression	0.3043029356937394	0.277511197006964	ATTENUATED
deaf_diabetes_type_2	0.03027542065063376	0.0335666326751795	UNSTABLE
deaf_diverticuli	0.09953837426081233	0.07546667995928587	ATTENUATED
deaf_ED	0.1262838209767861	0.09973180750071739	PERSISTENT
deaf_enthesopathy_lower	0.07771568137416843	0.03512633627118785	UNSTABLE
deaf_enthesopathy_shoulder	0.09109760022980036	0.05373505846032749	PERSISTENT
deaf_enthesopathy_upper	0.10305750621991847	0.06184987806370765	PERSISTENT
deaf_essential_tremor	0.12565393436986	0.125678527132325	PERSISTENT
deaf_female_genital_prolapse	0.10133236529404678	0.08855388582675586	ATTENUATED
deaf_fibromatosis	0.10283238136371146	0.09536581357641352	ATTENUATED
deaf_fibromyalgia	0.25760232257239146	0.23054451294814346	ATTENUATED
deaf_gastritis_duodenitis	0.209832895037042	0.17577984675524183	ATTENUATED
deaf_glaucoma	0.02323150536794092	0.007267459108123468	UNSTABLE
deaf_GORD	0.20178959955613876	0.17387848347130358	ATTENUATED
deaf_gout	0.05691844146184973	0.04983886377496489	NEAR_NULL_EQUIVALENT
deaf_HF	0.03176449399535858	0.08562298173416706	UNSTABLE
deaf_hypertension	0.021629619549995868	0.08172654773540143	UNSTABLE
deaf_hyperthyroid	0.08417903954461822	0.09005150875438198	UNSTABLE
deaf_hypothyroid	0.10914494293414288	0.08838083100049089	ATTENUATED
deaf_IBS	0.2749112748861492	0.26413135391993176	ATTENUATED
deaf_IDA	0.08995427051463395	0.07250816896786991	UNSTABLE
deaf_insomnia	0.1876493190202662	0.1565037777638237	PERSISTENT
deaf_intervert_disc	0.13257970064143837	0.09406655001771441	ATTENUATED
deaf_isch_stroke_tia	0.0564354323253344	0.046495800407802455	UNSTABLE
deaf_migraine	0.14880634609276125	0.1306593627031038	ATTENUATED
deaf_OA	0.08550069380958512	0.03574759235644947	NEAR_NULL_EQUIVALENT
deaf_osteoporosis	0.06152499285374425	0.060097846466567476	PERSISTENT
deaf_periph_neuro	0.1158859507785245	0.08568447392460327	PERSISTENT
deaf_peripheral_arterial	0.045738198853742376	0.00036966100892016433	UNSTABLE
deaf_PMR	0.017380236571318815	0.011096763230071461	UNSTABLE
deaf_pri_bladder	0.11687812190625288	0.0800459912063389	PERSISTENT
deaf_pri_breast	0.035969939804649104	0.032048411925322616	UNSTABLE
deaf_pri_colorectal	0.010156167826955814	0.010269663367459037	UNSTABLE
deaf_pri_prost	0.01437594525702827	0.03000254469484408	UNSTABLE
deaf_pri_skin	0.02310224472337843	0.016379077174752094	UNSTABLE
deaf_psoriasis	0.10319408462185374	0.07376295267280979	PERSISTENT
deaf_RA	0.08539735713123991	0.053547418312399134	PERSISTENT
deaf_raynauds	0.013784380046657108	0.004925418782120918	UNSTABLE
deaf_retinal_detach	0.08638590162848736	0.07673404590671698	UNSTABLE
deaf_schizo	0.0898336213596315	0.07826658682463809	ATTENUATED
deaf_scoliosis	0.08085519973301909	0.07597088791241047	UNSTABLE
deaf_sinusitis	0.1238599590210165	0.10549031745362071	PERSISTENT
deaf_sleep_apnoea	0.21465100933403566	0.20062762103830525	ATTENUATED
deaf_spondylolisthesis	0.05796931606363569	0.01956142935815742	UNSTABLE
deaf_spondylosis	0.16322224134226024	0.12206846872170085	ATTENUATED
deaf_stroke_all	0.03598412718330269	0.05820252102016673	UNSTABLE
deaf_tendon	0.10964198854186621	0.07362993578843444	PERSISTENT
deaf_thromboembolic	0.06376044983785585	0.029164681850865824	UNSTABLE
deaf_TIA	0.07446753960647569	0.06044315205153218	UNSTABLE
deaf_tinnitus	0.40274241729012444	0.41532410324340296	ATTENUATED
deaf_ulc_colitis	0.03434441796368644	0.039165963596721864	UNSTABLE
deaf_ulcer_peptic	0.10315680110644797	0.051333084337764026	PERSISTENT
deaf_urine_incont	0.1513089242372636	0.11291062978087563	ATTENUATED
deaf_urolithiasis	0.1324057545163273	0.12283191422535629	ATTENUATED
deaf_valve_nonrheumatic	0.011680811309995777	0.007392054485883862	UNSTABLE
depression_diabetes_type_2	0.15155712181407202	0.09982170399467882	ATTENUATED
depression_diverticuli	0.28244220416507926	0.24438623361953396	ATTENUATED
depression_ED	0.3748980871978054	0.30587936549581385	ATTENUATED
depression_enthesopathy_lower	0.32850575565109164	0.2583300081125647	ATTENUATED
depression_enthesopathy_shoulder	0.3127442379105192	0.2352052761380851	ATTENUATED
depression_enthesopathy_upper	0.27308083750566936	0.18087959410006785	ATTENUATED
depression_essential_tremor	0.1304985095747597	0.13899175563183983	ATTENUATED
depression_female_genital_prolapse	0.18820355822093374	0.16542633844454524	ATTENUATED
depression_fibromatosis	0.010684727647654211	0.01758378618466907	UNSTABLE
depression_fibromyalgia	0.6430962793021792	0.6128437806597482	ATTENUATED
depression_gastritis_duodenitis	0.4470181980622799	0.38217454011908547	ATTENUATED
depression_glaucoma	0.018707758966351542	0.030295080009646026	UNSTABLE
depression_GORD	0.5067778989291567	0.4627704878349518	ATTENUATED
depression_gout	0.054789227630635234	0.005269847507956211	NEAR_NULL_EQUIVALENT
depression_HF	0.18453591781447062	0.10738238252586882	ATTENUATED
depression_hypertension	0.16609908476414112	0.193847725329289	ATTENUATED
depression_hyperthyroid	0.059368108550532254	0.029423659781721845	UNSTABLE
depression_hypothyroid	0.18347159732242568	0.15949219772774223	ATTENUATED
depression_IBS	0.5741288215108261	0.5685094234333996	ATTENUATED
depression_IDA	0.2363294079185727	0.1647197522531714	ATTENUATED
depression_insomnia	0.5958500447019794	0.5611467248438766	ATTENUATED
depression_intervert_disc	0.37848257445559436	0.3098503508418569	ATTENUATED
depression_isch_stroke_tia	0.26491363264868617	0.22209892662732608	ATTENUATED
depression_migraine	0.40074302411084733	0.3888903831052583	ATTENUATED
depression_OA	0.26528089231699953	0.20959958185906696	ATTENUATED
depression_osteoporosis	0.19439047015989797	0.200226985450047	ATTENUATED
depression_periph_neuro	0.3649131070478757	0.29341459221015964	ATTENUATED
depression_peripheral_arterial	0.24830426516118237	0.1400092125924695	PERSISTENT
depression_PMR	0.2251082221217368	0.2137728930198635	ATTENUATED
depression_pri_bladder	0.07906798899209758	0.01903950382802972	UNSTABLE
depression_pri_breast	0.048124423690729494	0.05122697542884752	PERSISTENT
depression_pri_colorectal	0.02765385768871719	0.014114576751569182	UNSTABLE
depression_pri_prost	0.0017574740865264457	0.029980521931419687	UNSTABLE
depression_pri_skin	0.022406541870420717	0.008103546656613603	UNSTABLE
depression_psoriasis	0.18096816914133484	0.11896729667089012	ATTENUATED
depression_RA	0.31250549974856984	0.23858602193567283	ATTENUATED
depression_raynauds	0.11875993898029352	0.10624249590441928	PERSISTENT
depression_retinal_detach	0.07223928760873062	0.049187173032317996	UNSTABLE
depression_schizo	0.35298511114252346	0.3524804006689075	ATTENUATED
depression_scoliosis	0.1456132488919297	0.1425578451482039	ATTENUATED
depression_sinusitis	0.4541371509529726	0.4248081733841769	ATTENUATED
depression_sleep_apnoea	0.3162758271832251	0.30594626361502486	ATTENUATED
depression_spondylolisthesis	0.1889880636939819	0.11873897558455229	PERSISTENT
depression_spondylosis	0.4426697575640559	0.3834583092990685	ATTENUATED
depression_stroke_all	0.19562440248749008	0.15730321571029196	ATTENUATED
depression_tendon	0.3176543824648462	0.23725726821178755	ATTENUATED
depression_thromboembolic	0.16411301935900682	0.10644407053620314	ATTENUATED
depression_TIA	0.28291183464933145	0.23593235846722416	ATTENUATED
depression_tinnitus	0.3382452069156268	0.36067242723625614	ATTENUATED
depression_ulc_colitis	0.10351973807290435	0.10794979291004046	ATTENUATED
depression_ulcer_peptic	0.3835246872256134	0.28682888766501363	ATTENUATED
depression_urine_incont	0.3384054049699612	0.2730006600714385	ATTENUATED
depression_urolithiasis	0.21744018343457347	0.21841772719764138	ATTENUATED
depression_valve_nonrheumatic	0.14906061014263466	0.12486023741351603	ATTENUATED
diabetes_type_2_diverticuli	0.16695570788363884	0.0816510968793438	PERSISTENT
diabetes_type_2_ED	0.4650943599761151	0.2621789715903407	ATTENUATED
diabetes_type_2_enthesopathy_lower	0.31903942050997824	0.21577937803601074	ATTENUATED
diabetes_type_2_enthesopathy_shoulder	0.24060646854271686	0.10317340893232202	PERSISTENT
diabetes_type_2_enthesopathy_upper	0.21279190917210758	0.10947218094155647	PERSISTENT
diabetes_type_2_essential_tremor	0.1210841338710435	0.20047904686711077	MASKED_ENHANCED
diabetes_type_2_female_genital_prolapse	0.13417858906932487	0.11055259962895943	ATTENUATED
diabetes_type_2_fibromatosis	0.008641407670595324	0.03380038764060245	UNSTABLE
diabetes_type_2_fibromyalgia	0.3106716628707676	0.2522280407660808	ATTENUATED
diabetes_type_2_gastritis_duodenitis	0.3078394810799768	0.2159954834630267	ATTENUATED
diabetes_type_2_glaucoma	0.02261569124556358	0.0008775752834637153	UNSTABLE
diabetes_type_2_GORD	0.30102214403501687	0.1656091875022876	ATTENUATED
diabetes_type_2_gout	0.3802306763537275	0.1598736749530289	ATTENUATED
diabetes_type_2_HF	0.45822466231269754	0.17684468852821222	ATTENUATED
diabetes_type_2_hypertension	0.48057360651768366	0.31085462237023315	ATTENUATED
diabetes_type_2_hyperthyroid	0.08416869358258068	0.07130350588986206	PERSISTENT
diabetes_type_2_hypothyroid	0.11108403918438611	0.0635391340861934	PERSISTENT
diabetes_type_2_IBS	0.1027239198541046	0.14562505565967082	ATTENUATED
diabetes_type_2_IDA	0.3714680112501813	0.14838703052205687	PERSISTENT
diabetes_type_2_insomnia	0.15333972577874325	0.13947892746827845	PERSISTENT
diabetes_type_2_intervert_disc	0.23056958403058853	0.10968377187583946	ATTENUATED
diabetes_type_2_isch_stroke_tia	0.31870449140379387	0.22277338196369975	PERSISTENT
diabetes_type_2_migraine	0.07561129250271076	0.13151681083493819	MASKED_ENHANCED
diabetes_type_2_OA	0.21997918856885662	0.021112801582917055	NEAR_NULL_EQUIVALENT
diabetes_type_2_osteoporosis	0.10406617832357647	0.04772097048802154	NEAR_NULL_EQUIVALENT
diabetes_type_2_periph_neuro	0.38273796580027064	0.007911705569295508	NEAR_NULL_EQUIVALENT
diabetes_type_2_peripheral_arterial	0.4495537596478865	0.22918235762489889	PERSISTENT
diabetes_type_2_PMR	0.17064615085023546	0.17595097724701517	PERSISTENT
diabetes_type_2_pri_bladder	0.09285968142822347	0.17492190613027297	UNSTABLE
diabetes_type_2_pri_breast	0.030266672637377593	0.038548646067645666	UNSTABLE
diabetes_type_2_pri_colorectal	0.0038072751391708417	0.005384118597378995	UNSTABLE
diabetes_type_2_pri_prost	0.012899884584934117	0.010624847650908278	UNSTABLE
diabetes_type_2_pri_skin	0.11580813843165304	0.0698032459531302	PERSISTENT
diabetes_type_2_psoriasis	0.18419378356069316	0.12752556380175703	PERSISTENT
diabetes_type_2_RA	0.19438563618806673	0.06228075768873259	PERSISTENT
diabetes_type_2_raynauds	0.14177421538599966	0.024319562636919177	NEAR_NULL_EQUIVALENT
diabetes_type_2_retinal_detach	0.06742800681148113	0.002909909638656592	NEAR_NULL_EQUIVALENT
diabetes_type_2_schizo	0.01805565457574522	0.026530305864160022	UNSTABLE
diabetes_type_2_scoliosis	0.05919710191530663	0.0006249387441089832	UNSTABLE
diabetes_type_2_sinusitis	0.09574640440766317	0.10339741457712648	PERSISTENT
diabetes_type_2_sleep_apnoea	0.4316737188693813	0.24828982387736104	ATTENUATED
diabetes_type_2_spondylolisthesis	0.18377655029515746	0.09001456178439841	PERSISTENT
diabetes_type_2_spondylosis	0.2851248462903746	0.08100267894440376	PERSISTENT
diabetes_type_2_stroke_all	0.29729804185510866	0.19255694347013316	ATTENUATED
diabetes_type_2_tendon	0.2561556095268927	0.12444692943046116	PERSISTENT
diabetes_type_2_thromboembolic	0.2534501733316041	0.06080673092989571	PERSISTENT
diabetes_type_2_TIA	0.28613802599064625	0.20105015934560194	ATTENUATED
diabetes_type_2_tinnitus	0.0664672173557925	0.08347490308995135	UNSTABLE
diabetes_type_2_ulc_colitis	0.008950145802082917	0.03290358865452244	UNSTABLE
diabetes_type_2_ulcer_peptic	0.3478471872306061	0.21840630799093855	ATTENUATED
diabetes_type_2_urine_incont	0.27986872128522255	0.1495100300471958	ATTENUATED
diabetes_type_2_urolithiasis	0.20288052037865	0.2163937670208462	ATTENUATED
diabetes_type_2_valve_nonrheumatic	0.19171047170763425	0.054845957138713715	PERSISTENT
diverticuli_ED	0.18571280378001576	0.10538856071365427	PERSISTENT
diverticuli_enthesopathy_lower	0.24911744514471576	0.19647605219174696	ATTENUATED
diverticuli_enthesopathy_shoulder	0.24579985096772666	0.19134767012555418	ATTENUATED
diverticuli_enthesopathy_upper	0.22807634622320244	0.1747704494929484	ATTENUATED
diverticuli_essential_tremor	0.014062006809412294	0.012209818823932012	UNSTABLE
diverticuli_female_genital_prolapse	0.2853195465887591	0.26890452490058186	ATTENUATED
diverticuli_fibromatosis	0.021559644734675393	0.019886831950393893	UNSTABLE
diverticuli_fibromyalgia	0.38027044079441663	0.34586990729381195	ATTENUATED
diverticuli_gastritis_duodenitis	0.43359480533304945	0.39923110603032025	ATTENUATED
diverticuli_glaucoma	0.007194874014413501	0.014789242967597486	UNSTABLE
diverticuli_GORD	0.41512262197892835	0.37704360871761855	ATTENUATED
diverticuli_gout	0.138469625148106	0.08448770729581727	ATTENUATED
diverticuli_HF	0.2560956383929508	0.21669360515350441	ATTENUATED
diverticuli_hypertension	0.19135190306082608	0.23696175661070326	ATTENUATED
diverticuli_hyperthyroid	0.1456453227535172	0.12767851338336617	ATTENUATED
diverticuli_hypothyroid	0.14235800509777907	0.1168386330766084	ATTENUATED
diverticuli_IBS	0.4031671202088531	0.3974976730943078	ATTENUATED
diverticuli_IDA	0.2232271186192667	0.16439157413579578	ATTENUATED
diverticuli_insomnia	0.29189057449524275	0.2636859881968272	ATTENUATED
diverticuli_intervert_disc	0.26996328183839247	0.21975183866659279	ATTENUATED
diverticuli_isch_stroke_tia	0.21684027632698388	0.1913504748885041	ATTENUATED
diverticuli_migraine	0.2382856053805595	0.23079014409217005	ATTENUATED
diverticuli_OA	0.2622776892007234	0.2080307280087122	ATTENUATED
diverticuli_osteoporosis	0.1288934121846127	0.15558578275286625	ATTENUATED
diverticuli_periph_neuro	0.2804953658950775	0.207327709003769	ATTENUATED
diverticuli_peripheral_arterial	0.192751613066761	0.13012160223011876	PERSISTENT
diverticuli_PMR	0.15416446948499243	0.14070263833044006	ATTENUATED
diverticuli_pri_bladder	0.046685801494771695	0.021101010858444406	UNSTABLE
diverticuli_pri_breast	0.020277199637349187	0.025106177145383376	UNSTABLE
diverticuli_pri_colorectal	0.057844360652171946	0.0609295320261062	UNSTABLE
diverticuli_pri_prost	0.003746190597661742	0.020360077018776408	UNSTABLE
diverticuli_pri_skin	0.0050208782181753895	0.023779272687330277	UNSTABLE
diverticuli_psoriasis	0.15901124502993963	0.11830812822315866	ATTENUATED
diverticuli_RA	0.20439492315447436	0.15571994430975547	ATTENUATED
diverticuli_raynauds	0.08216918689759996	0.10145376554420525	UNSTABLE
diverticuli_retinal_detach	0.03225880251790824	0.0556457721730126	UNSTABLE
diverticuli_schizo	0.029747659233832602	0.02928742678151815	UNSTABLE
diverticuli_scoliosis	0.13228668360334853	0.14080926136320754	ATTENUATED
diverticuli_sinusitis	0.19736953623832892	0.17775533245240455	ATTENUATED
diverticuli_sleep_apnoea	0.3002027005863098	0.25718103516403945	ATTENUATED
diverticuli_spondylolisthesis	0.1427210430091416	0.09154586771441348	PERSISTENT
diverticuli_spondylosis	0.35673802288367923	0.3092508499692182	ATTENUATED
diverticuli_stroke_all	0.211489078646852	0.18796853236814814	ATTENUATED
diverticuli_tendon	0.26117272020638216	0.20831585114983225	ATTENUATED
diverticuli_thromboembolic	0.1060852403416925	0.03846722010785375	NEAR_NULL_EQUIVALENT
diverticuli_TIA	0.22982562067872558	0.19996847509351678	ATTENUATED
diverticuli_tinnitus	0.13994043656058044	0.162348479545247	ATTENUATED
diverticuli_ulc_colitis	0.06844379759195035	0.07493294515267018	ATTENUATED
diverticuli_ulcer_peptic	0.3774294796572846	0.33862600580591756	ATTENUATED
diverticuli_urine_incont	0.3159520060781615	0.26574495835735584	ATTENUATED
diverticuli_urolithiasis	0.19587319945619913	0.1816832633178108	ATTENUATED
diverticuli_valve_nonrheumatic	0.2295586684042662	0.21827028232247056	ATTENUATED
ED_enthesopathy_lower	0.3900912967535553	0.25984875769890153	PERSISTENT
ED_enthesopathy_shoulder	0.3140551001332408	0.18082807944909823	ATTENUATED
ED_enthesopathy_upper	0.15399651141220702	0.013941234457609168	NEAR_NULL_EQUIVALENT
ED_essential_tremor	0.18360057336365734	0.209230929088609	UNSTABLE
ED_female_genital_prolapse	0.24898487150349707	0.22904921027275305	ATTENUATED
ED_fibromatosis	0.08858352131981236	0.10006468867893191	UNSTABLE
ED_fibromyalgia	0.31171569327927356	0.16587419266323092	PERSISTENT
ED_gastritis_duodenitis	0.4218624840557179	0.3085150032427096	ATTENUATED
ED_glaucoma	0.06724604488702136	0.07642625969219469	UNSTABLE
ED_GORD	0.4100649925963414	0.29352604563831286	ATTENUATED
ED_gout	0.29354928741082353	0.14845581303638858	ATTENUATED
ED_HF	0.3629981457941019	0.13892849721584608	PERSISTENT
ED_hypertension	0.3483778225009851	0.23906884502122014	ATTENUATED
ED_hyperthyroid	0.0018363499890948565	0.09017461890628004	UNSTABLE
ED_hypothyroid	0.165684475608992	0.11919156185409581	PERSISTENT
ED_IBS	0.3091460647978712	0.31310160532505416	ATTENUATED
ED_IDA	0.20339493440204168	0.013964634222663105	NEAR_NULL_EQUIVALENT
ED_insomnia	0.2100125229450135	0.0755914323669025	UNSTABLE
ED_intervert_disc	0.31313817758933704	0.18724046566113478	ATTENUATED
ED_isch_stroke_tia	0.4379545025049365	0.3636865931523736	ATTENUATED
ED_migraine	0.18707666678224635	0.18720197016832762	ATTENUATED
ED_OA	0.28481429233686095	0.1323392527310898	PERSISTENT
ED_osteoporosis	0.05669333121741857	0.12957900978274184	UNSTABLE
ED_periph_neuro	0.4878371270465795	0.2919146306329116	PERSISTENT
ED_peripheral_arterial	0.5056298636420241	0.3627812397987663	PERSISTENT
ED_PMR	0.31726084201181537	0.3114577333278652	PERSISTENT
ED_pri_bladder	0.00842895948286977	0.038006969400106526	UNSTABLE
ED_pri_breast	0.07092937815338358	0.08963284209381454	UNSTABLE
ED_pri_colorectal	0.06287708583686213	0.08819220971099406	UNSTABLE
ED_pri_prost	0.09024775654329151	0.14697338892493667	UNSTABLE
ED_pri_skin	0.01637462351862634	0.03334851254497224	UNSTABLE
ED_psoriasis	0.20328183441413483	0.11305590833880082	PERSISTENT
ED_RA	0.25195293901282095	0.1248259977666473	PERSISTENT
ED_raynauds	0.14467048424726653	0.20941258871768134	UNSTABLE
ED_retinal_detach	0.07844942021489115	0.0346697320369439	UNSTABLE
ED_schizo	0.0204889021511332	0.029522566643371533	UNSTABLE
ED_scoliosis	0.01766301387941891	0.0032274971145702914	UNSTABLE
ED_sinusitis	0.22889601912162777	0.18405005630934407	UNSTABLE
ED_sleep_apnoea	0.34237800841826554	0.1876554126948515	PERSISTENT
ED_spondylolisthesis	0.4241087587628388	0.35946074681439816	ATTENUATED
ED_spondylosis	0.4829437918347251	0.34786782503599206	ATTENUATED
ED_stroke_all	0.41614694968439764	0.3518577937914488	ATTENUATED
ED_tendon	0.19972493819184498	0.02570460350736095	NEAR_NULL_EQUIVALENT
ED_thromboembolic	0.20373437444253967	0.05608328678599739	PERSISTENT
ED_TIA	0.4134731020982068	0.3426507628859042	ATTENUATED
ED_tinnitus	0.10484329721357638	0.17110666050528378	UNSTABLE
ED_ulc_colitis	0.033439170033793854	0.033569804327962444	UNSTABLE
ED_ulcer_peptic	0.39343121770597317	0.22891510477246008	PERSISTENT
ED_urine_incont	0.5194257930579019	0.4321655672421013	ATTENUATED
ED_urolithiasis	0.09287007064620469	0.06238929887387935	UNSTABLE
ED_valve_nonrheumatic	0.2583575080713077	0.1808866587619449	PERSISTENT
enthesopathy_lower_enthesopathy_shoulder	0.7262238286918609	0.6882578496262568	ATTENUATED
enthesopathy_lower_enthesopathy_upper	0.6321813008005118	0.5745158509450664	ATTENUATED
enthesopathy_lower_essential_tremor	0.1360716709213868	0.1142714564858304	UNSTABLE
enthesopathy_lower_female_genital_prolapse	0.26738887902329755	0.26424641088506834	ATTENUATED
enthesopathy_lower_fibromatosis	0.06399266976581473	0.07243472800880378	UNSTABLE
enthesopathy_lower_fibromyalgia	0.5926431356643571	0.49434864713059035	ATTENUATED
enthesopathy_lower_gastritis_duodenitis	0.5513982942559884	0.4647054973735165	ATTENUATED
enthesopathy_lower_glaucoma	0.03866593723781219	0.06469788075884113	UNSTABLE
enthesopathy_lower_GORD	0.574740535715899	0.5052404978118915	ATTENUATED
enthesopathy_lower_gout	0.2325737204109968	0.09295816382983502	PERSISTENT
enthesopathy_lower_HF	0.30359758737503534	0.05772650444985722	PERSISTENT
enthesopathy_lower_hypertension	0.3312573523630959	0.21838101640466703	ATTENUATED
enthesopathy_lower_hyperthyroid	0.13059439059261246	0.11151553905038276	UNSTABLE
enthesopathy_lower_hypothyroid	0.23439746398202113	0.192313829463826	ATTENUATED
enthesopathy_lower_IBS	0.40916473787546453	0.4108608727247734	ATTENUATED
enthesopathy_lower_IDA	0.3910451497547173	0.25182791356962037	ATTENUATED
enthesopathy_lower_insomnia	0.7006527852235145	0.6959975273019134	ATTENUATED
enthesopathy_lower_intervert_disc	0.6512493638993985	0.5964682562572375	ATTENUATED
enthesopathy_lower_isch_stroke_tia	0.256893272016714	0.13145324778974085	PERSISTENT
enthesopathy_lower_migraine	0.3466320308683721	0.34382420521805745	ATTENUATED
enthesopathy_lower_OA	0.7060398716772608	0.6469007235997967	ATTENUATED
enthesopathy_lower_osteoporosis	0.0700651350536396	0.10850517019766462	UNSTABLE
enthesopathy_lower_periph_neuro	0.6186134172030858	0.5599156573906955	ATTENUATED
enthesopathy_lower_peripheral_arterial	0.48446843015876273	0.3438206423209234	ATTENUATED
enthesopathy_lower_PMR	0.2803486048430821	0.2542062189347401	ATTENUATED
enthesopathy_lower_pri_bladder	0.09052067911660093	0.04042790019029741	UNSTABLE
enthesopathy_lower_pri_breast	0.04129342242395209	0.024085884708479218	UNSTABLE
enthesopathy_lower_pri_colorectal	0.045966581109885066	0.03560736395186795	UNSTABLE
enthesopathy_lower_pri_prost	0.025875219589914393	0.08671756350085535	UNSTABLE
enthesopathy_lower_pri_skin	0.06451215405368352	0.11659345481701276	UNSTABLE
enthesopathy_lower_psoriasis	0.2436459164460996	0.15064892532329044	PERSISTENT
enthesopathy_lower_RA	0.3010655689497167	0.20248788618547017	ATTENUATED
enthesopathy_lower_raynauds	0.2616383844088425	0.27869791559689777	PERSISTENT
enthesopathy_lower_retinal_detach	0.06698327893684705	0.04455358165140974	UNSTABLE
enthesopathy_lower_schizo	0.11459174151661934	0.09781358097252321	PERSISTENT
enthesopathy_lower_scoliosis	0.25077171356624156	0.27089156263592956	ATTENUATED
enthesopathy_lower_sinusitis	0.32958443317651903	0.26858306276661836	ATTENUATED
enthesopathy_lower_sleep_apnoea	0.4029345659235274	0.2747307144996223	ATTENUATED
enthesopathy_lower_spondylolisthesis	0.4626654424073134	0.4036981089261321	ATTENUATED
enthesopathy_lower_spondylosis	0.806581977499783	0.7605125856359335	ATTENUATED
enthesopathy_lower_stroke_all	0.2156022365279087	0.1011726843978693	PERSISTENT
enthesopathy_lower_tendon	0.8456283741894659	0.8308027770595253	ATTENUATED
enthesopathy_lower_thromboembolic	0.31277784373267326	0.22038654462015497	ATTENUATED
enthesopathy_lower_TIA	0.3208136538604599	0.2360018094875855	ATTENUATED
enthesopathy_lower_tinnitus	0.24180512807433102	0.26533442926772377	ATTENUATED
enthesopathy_lower_ulc_colitis	0.026991201620082315	0.03317758174986878	UNSTABLE
enthesopathy_lower_ulcer_peptic	0.4895011666243786	0.364869643200711	ATTENUATED
enthesopathy_lower_urine_incont	0.5226071198018665	0.43556521489531186	ATTENUATED
enthesopathy_lower_urolithiasis	0.14710029114411205	0.12156526336578798	PERSISTENT
enthesopathy_lower_valve_nonrheumatic	0.2398615537660374	0.15385347086083145	PERSISTENT
enthesopathy_shoulder_enthesopathy_upper	0.8694849535239432	0.8511719508075294	ATTENUATED
enthesopathy_shoulder_essential_tremor	0.016871832604892962	0.040689581362463534	UNSTABLE
enthesopathy_shoulder_female_genital_prolapse	0.2056606716206247	0.1820510878821799	ATTENUATED
enthesopathy_shoulder_fibromatosis	0.24598264999839686	0.2590885387478307	ATTENUATED
enthesopathy_shoulder_fibromyalgia	0.6487203280815689	0.5890735074250736	ATTENUATED
enthesopathy_shoulder_gastritis_duodenitis	0.5285614496850054	0.4450101729545198	ATTENUATED
enthesopathy_shoulder_glaucoma	0.01795513810868188	0.03266666845718379	UNSTABLE
enthesopathy_shoulder_GORD	0.5169912431643037	0.43907963854685617	ATTENUATED
enthesopathy_shoulder_gout	0.18479371107346856	0.07787328947653599	PERSISTENT
enthesopathy_shoulder_HF	0.24389494839481246	0.07574993528063291	PERSISTENT
enthesopathy_shoulder_hypertension	0.21789600200388565	0.15208439459703527	ATTENUATED
enthesopathy_shoulder_hyperthyroid	0.13636654601942247	0.11021882820207299	PERSISTENT
enthesopathy_shoulder_hypothyroid	0.177915293398316	0.1431368568399684	ATTENUATED
enthesopathy_shoulder_IBS	0.35206540398228775	0.33765976443027457	ATTENUATED
enthesopathy_shoulder_IDA	0.30547215167346503	0.17434796963170288	ATTENUATED
enthesopathy_shoulder_insomnia	0.46370193344255906	0.37729462237799566	ATTENUATED
enthesopathy_shoulder_intervert_disc	0.5568739067604953	0.4899807695876942	ATTENUATED
enthesopathy_shoulder_isch_stroke_tia	0.31489806116939334	0.24987350316980939	ATTENUATED
enthesopathy_shoulder_migraine	0.3226066950809839	0.3102202521444105	ATTENUATED
enthesopathy_shoulder_OA	0.5429390265274238	0.47786697348947	ATTENUATED
enthesopathy_shoulder_osteoporosis	0.11507850597018786	0.14598389880765217	ATTENUATED
enthesopathy_shoulder_periph_neuro	0.5998380100750229	0.523859499072456	ATTENUATED
enthesopathy_shoulder_peripheral_arterial	0.4800262809207947	0.39852836479471376	ATTENUATED
enthesopathy_shoulder_PMR	0.20740949327772787	0.1775323310408302	ATTENUATED
enthesopathy_shoulder_pri_bladder	0.03549712752859225	0.009880551601871223	UNSTABLE
enthesopathy_shoulder_pri_breast	0.05652011360508711	0.052054532635958724	PERSISTENT
enthesopathy_shoulder_pri_colorectal	0.0872989207775619	0.08958966181453128	UNSTABLE
enthesopathy_shoulder_pri_prost	0.013306667478257588	0.04795569759344575	UNSTABLE
enthesopathy_shoulder_pri_skin	0.04176976417550567	0.07650687105834918	UNSTABLE
enthesopathy_shoulder_psoriasis	0.2224980471531622	0.1431141649989084	ATTENUATED
enthesopathy_shoulder_RA	0.3155806534536338	0.2277064473149796	ATTENUATED
enthesopathy_shoulder_raynauds	0.158572946165214	0.17230222595185368	PERSISTENT
enthesopathy_shoulder_retinal_detach	0.03373843322870206	0.002263908133760597	UNSTABLE
enthesopathy_shoulder_schizo	0.12172435125212873	0.12363363686212579	ATTENUATED
enthesopathy_shoulder_scoliosis	0.19455402418073173	0.20251861457863368	ATTENUATED
enthesopathy_shoulder_sinusitis	0.4062251811703528	0.36942705566211126	ATTENUATED
enthesopathy_shoulder_sleep_apnoea	0.3438328925261489	0.2542984560408795	ATTENUATED
enthesopathy_shoulder_spondylolisthesis	0.317164095620613	0.23869391314734062	ATTENUATED
enthesopathy_shoulder_spondylosis	0.6422371717307921	0.5705053254091467	ATTENUATED
enthesopathy_shoulder_stroke_all	0.26402025495189285	0.20864732039146455	ATTENUATED
enthesopathy_shoulder_tendon	0.8179971516685847	0.7857243250812307	ATTENUATED
enthesopathy_shoulder_thromboembolic	0.23783695008092745	0.14801262486714095	ATTENUATED
enthesopathy_shoulder_TIA	0.36491084257868295	0.30628870285368026	ATTENUATED
enthesopathy_shoulder_tinnitus	0.23278229785542937	0.2603410549495169	ATTENUATED
enthesopathy_shoulder_ulc_colitis	0.004198839807513671	0.009267615701036808	UNSTABLE
enthesopathy_shoulder_ulcer_peptic	0.5066254558327375	0.4036889225545857	ATTENUATED
enthesopathy_shoulder_urine_incont	0.4800347300779974	0.4040412406416076	ATTENUATED
enthesopathy_shoulder_urolithiasis	0.14623746488862654	0.12397144726204637	ATTENUATED
enthesopathy_shoulder_valve_nonrheumatic	0.16817490292248224	0.1049660729924333	PERSISTENT
enthesopathy_upper_essential_tremor	0.06069017863358617	0.10347313964105932	UNSTABLE
enthesopathy_upper_female_genital_prolapse	0.17350781967612208	0.14936749533166538	ATTENUATED
enthesopathy_upper_fibromatosis	0.23260592435963756	0.2446223848793329	ATTENUATED
enthesopathy_upper_fibromyalgia	0.6823547930940042	0.6242325276618584	ATTENUATED
enthesopathy_upper_gastritis_duodenitis	0.5571141375983064	0.47222612734953817	ATTENUATED
enthesopathy_upper_glaucoma	0.015046428313561424	0.0028555563648083497	UNSTABLE
enthesopathy_upper_GORD	0.5071703145707526	0.42662044403802474	ATTENUATED
enthesopathy_upper_gout	0.1864436850640937	0.09052274517281506	PERSISTENT
enthesopathy_upper_HF	0.1739503108959087	0.015867483050588223	NEAR_NULL_EQUIVALENT
enthesopathy_upper_hypertension	0.16419767636341573	0.08947907384184894	PERSISTENT
enthesopathy_upper_hyperthyroid	0.11472476978019341	0.10116215633642131	UNSTABLE
enthesopathy_upper_hypothyroid	0.136665077760767	0.10207701269269177	PERSISTENT
enthesopathy_upper_IBS	0.3150846566722584	0.29386176781397005	ATTENUATED
enthesopathy_upper_IDA	0.21656582745285213	0.05971613156983404	PERSISTENT
enthesopathy_upper_insomnia	0.46824585134490443	0.34359307352882335	ATTENUATED
enthesopathy_upper_intervert_disc	0.48263214594380727	0.40115141119830056	ATTENUATED
enthesopathy_upper_isch_stroke_tia	0.3466262443971292	0.299110752394382	ATTENUATED
enthesopathy_upper_migraine	0.2862950117216112	0.26280056419340136	ATTENUATED
enthesopathy_upper_OA	0.5180815496407336	0.44472826450545955	ATTENUATED
enthesopathy_upper_osteoporosis	0.1547916968731843	0.1772562036139803	ATTENUATED
enthesopathy_upper_periph_neuro	0.6315342715226702	0.5722304950559446	ATTENUATED
enthesopathy_upper_peripheral_arterial	0.46876837198246285	0.372668050522029	ATTENUATED
enthesopathy_upper_PMR	0.18129133365475228	0.14535858991318892	PERSISTENT
enthesopathy_upper_pri_bladder	0.17751994054827422	0.1445879603403799	UNSTABLE
enthesopathy_upper_pri_breast	0.10944465975390484	0.11145984505301144	ATTENUATED
enthesopathy_upper_pri_colorectal	0.08828433155369186	0.09677558331851292	UNSTABLE
enthesopathy_upper_pri_prost	0.04275612869987532	0.08290091677228927	UNSTABLE
enthesopathy_upper_pri_skin	0.04140653067426068	0.07393075221665892	UNSTABLE
enthesopathy_upper_psoriasis	0.18098045769123142	0.08811632236137462	PERSISTENT
enthesopathy_upper_RA	0.32108610862352005	0.23334084692804763	ATTENUATED
enthesopathy_upper_raynauds	0.09679017762108133	0.08501139256212836	UNSTABLE
enthesopathy_upper_retinal_detach	0.0006418645744768882	0.03233659517726144	UNSTABLE
enthesopathy_upper_schizo	0.17674149122004856	0.18474201176291738	ATTENUATED
enthesopathy_upper_scoliosis	0.15303598475241229	0.14649485194769146	PERSISTENT
enthesopathy_upper_sinusitis	0.4297680908615084	0.3894953599686904	ATTENUATED
enthesopathy_upper_sleep_apnoea	0.26001243641416477	0.15819365331461144	ATTENUATED
enthesopathy_upper_spondylolisthesis	0.23642792201800075	0.14047653401337065	PERSISTENT
enthesopathy_upper_spondylosis	0.6484001532065514	0.5723135216132819	ATTENUATED
enthesopathy_upper_stroke_all	0.24512348262099928	0.20201038797823878	ATTENUATED
enthesopathy_upper_tendon	0.907977949731176	0.8887659572912313	ATTENUATED
enthesopathy_upper_thromboembolic	0.18381071820219408	0.09416001431113379	PERSISTENT
enthesopathy_upper_TIA	0.33324593595733065	0.2744626812971252	ATTENUATED
enthesopathy_upper_tinnitus	0.2157518086704359	0.22753022642404944	ATTENUATED
enthesopathy_upper_ulc_colitis	0.037284581947162415	0.0468419536895598	UNSTABLE
enthesopathy_upper_ulcer_peptic	0.42769472184445256	0.29083911758230013	ATTENUATED
enthesopathy_upper_urine_incont	0.43074580451804856	0.3505469177853519	ATTENUATED
enthesopathy_upper_urolithiasis	0.152967675810202	0.13293761778878688	ATTENUATED
enthesopathy_upper_valve_nonrheumatic	0.11364148295340155	0.04419575911141553	NEAR_NULL_EQUIVALENT
essential_tremor_female_genital_prolapse	0.06234719595737112	0.06685068895482428	UNSTABLE
essential_tremor_fibromatosis	0.014053180285066092	0.006935453780015608	UNSTABLE
essential_tremor_fibromyalgia	0.22311797865951688	0.21727405444935047	PERSISTENT
essential_tremor_gastritis_duodenitis	0.021268549650568014	0.001230251264364745	UNSTABLE
essential_tremor_glaucoma	0.09571039009767746	0.10779957359491975	UNSTABLE
essential_tremor_GORD	0.12270656739238704	0.11579826892668627	PERSISTENT
essential_tremor_gout	0.041691208189773364	0.0751205032612944	UNSTABLE
essential_tremor_HF	0.06204928878500897	0.03291848511285134	UNSTABLE
essential_tremor_hypertension	0.10376748771340238	0.12126802631759345	PERSISTENT
essential_tremor_hyperthyroid	0.030694625806927934	0.05026865491356927	UNSTABLE
essential_tremor_hypothyroid	0.04661475459699513	0.03974209735144545	UNSTABLE
essential_tremor_IBS	0.001776938554000274	0.008817364929193732	UNSTABLE
essential_tremor_IDA	0.007144485715841566	0.020244895149676517	UNSTABLE
essential_tremor_insomnia	0.14364461102323214	0.13492002084061933	UNSTABLE
essential_tremor_intervert_disc	0.11663342169647953	0.10802141923636253	UNSTABLE
essential_tremor_isch_stroke_tia	0.0002657635515920158	0.01767333952544095	UNSTABLE
essential_tremor_migraine	0.11008938604804906	0.1006588809780918	UNSTABLE
essential_tremor_OA	0.12477874142812305	0.09429630753396709	PERSISTENT
essential_tremor_osteoporosis	0.08195755989904076	0.08884953540663516	UNSTABLE
essential_tremor_periph_neuro	0.1497127036640772	0.17548808336148833	UNSTABLE
essential_tremor_peripheral_arterial	0.02658456035888417	0.08424550632949372	UNSTABLE
essential_tremor_PMR	0.261521292885023	0.25271172886122073	PERSISTENT
essential_tremor_pri_bladder	0.21342488332943266	0.22004723582333177	UNSTABLE
essential_tremor_pri_breast	0.0049282997650252555	0.004748811151015301	UNSTABLE
essential_tremor_pri_colorectal	0.0041718992893416545	0.0004603314363313972	UNSTABLE
essential_tremor_pri_prost	0.008221542726650672	0.017880369248696754	UNSTABLE
essential_tremor_pri_skin	0.10652332265461983	0.11207459106431608	UNSTABLE
essential_tremor_psoriasis	0.013098922481858141	0.004241060340863006	UNSTABLE
essential_tremor_RA	0.028937821677148343	0.036140303360241544	UNSTABLE
essential_tremor_raynauds	0.08423565204968167	0.06868598988206266	UNSTABLE
essential_tremor_retinal_detach	0.17091667451295653	0.18009168965873334	UNSTABLE
essential_tremor_schizo	0.005094526696848569	0.02511008459255851	UNSTABLE
essential_tremor_scoliosis	0.012188631359721957	0.025064149790227547	UNSTABLE
essential_tremor_sinusitis	0.08523935209948275	0.06847012846709839	UNSTABLE
essential_tremor_sleep_apnoea	0.13228246407719937	0.12196095293428952	PERSISTENT
essential_tremor_spondylolisthesis	0.1399863554633283	0.13374147889906532	UNSTABLE
essential_tremor_spondylosis	0.12387274612775401	0.10445285324509372	UNSTABLE
essential_tremor_stroke_all	0.1331082469841492	0.13437302189443465	UNSTABLE
essential_tremor_tendon	0.05631465853885001	0.02872253395765141	UNSTABLE
essential_tremor_thromboembolic	0.04924638194908641	0.044438407927191954	UNSTABLE
essential_tremor_TIA	0.10826331611352305	0.10541942855894056	UNSTABLE
essential_tremor_tinnitus	0.1859949934856996	0.17122918199320095	PERSISTENT
essential_tremor_ulc_colitis	0.007707961309785669	0.009973880424105925	UNSTABLE
essential_tremor_ulcer_peptic	0.029865095138440285	0.058447094545625154	UNSTABLE
essential_tremor_urine_incont	0.1775951842269845	0.17518656064453003	PERSISTENT
essential_tremor_urolithiasis	0.03979480780337147	0.0303641953306013	UNSTABLE
essential_tremor_valve_nonrheumatic	0.011209445254987687	0.0324326320959012	UNSTABLE
female_genital_prolapse_fibromatosis	0.04278231936734699	0.03996215353200118	UNSTABLE
female_genital_prolapse_fibromyalgia	0.22165807179473132	0.20972532302049135	ATTENUATED
female_genital_prolapse_gastritis_duodenitis	0.27123563210250384	0.25727231991111393	ATTENUATED
female_genital_prolapse_glaucoma	0.009150218701994674	0.006727047384887824	UNSTABLE
female_genital_prolapse_GORD	0.34746431183142984	0.33882026773086665	ATTENUATED
female_genital_prolapse_gout	0.06402289964973412	0.04562795882787937	NEAR_NULL_EQUIVALENT
female_genital_prolapse_HF	0.15015563461212747	0.15641080895355888	ATTENUATED
female_genital_prolapse_hypertension	0.14653127255695778	0.23947619634079398	MASKED_ENHANCED
female_genital_prolapse_hyperthyroid	0.08716877535403908	0.07590856460340244	PERSISTENT
female_genital_prolapse_hypothyroid	0.11077753747124558	0.10060555738568946	ATTENUATED
female_genital_prolapse_IBS	0.29935051668091084	0.29307247558053756	ATTENUATED
female_genital_prolapse_IDA	0.16942625567798816	0.15051646219042228	ATTENUATED
female_genital_prolapse_insomnia	0.15918682415156463	0.13529989910004972	PERSISTENT
female_genital_prolapse_intervert_disc	0.20435802626169186	0.1841723543573107	ATTENUATED
female_genital_prolapse_isch_stroke_tia	0.1645363284824989	0.1691123248464738	ATTENUATED
female_genital_prolapse_migraine	0.20267699513290172	0.19994854162035364	ATTENUATED
female_genital_prolapse_OA	0.2514818342904009	0.24754537890119951	ATTENUATED
female_genital_prolapse_osteoporosis	0.16485254535549485	0.17805853766932703	ATTENUATED
female_genital_prolapse_periph_neuro	0.17158503535456907	0.13174991766765776	PERSISTENT
female_genital_prolapse_peripheral_arterial	0.14552358511589517	0.1515862928090217	PERSISTENT
female_genital_prolapse_PMR	0.17356315093156702	0.16958799252555945	ATTENUATED
female_genital_prolapse_pri_bladder	0.04744860894861937	0.033942066911121935	UNSTABLE
female_genital_prolapse_pri_breast	0.07101817715507627	0.07205193478237024	ATTENUATED
female_genital_prolapse_pri_colorectal	0.05046920615717857	0.051218813309678445	UNSTABLE
female_genital_prolapse_pri_prost	0.02704421718739568	0.03314222336219396	UNSTABLE
female_genital_prolapse_pri_skin	0.009350118886924172	0.0019527132238926328	UNSTABLE
female_genital_prolapse_psoriasis	0.035764673821901835	0.014387842195697156	UNSTABLE
female_genital_prolapse_RA	0.1416684726125458	0.11786174593010647	ATTENUATED
female_genital_prolapse_raynauds	0.1953609013975215	0.21572003729693146	ATTENUATED
female_genital_prolapse_retinal_detach	0.020761287355386845	0.007745084504781656	UNSTABLE
female_genital_prolapse_schizo	0.07107989986019998	0.06709991980891099	ATTENUATED
female_genital_prolapse_scoliosis	0.1347050216407162	0.14034923634127	ATTENUATED
female_genital_prolapse_sinusitis	0.21931843308433377	0.21535921944579187	ATTENUATED
female_genital_prolapse_sleep_apnoea	0.20281040359147262	0.20162102928861006	ATTENUATED
female_genital_prolapse_spondylolisthesis	0.10771729907499208	0.08215444308296088	UNSTABLE
female_genital_prolapse_spondylosis	0.2306582225063888	0.21658470314490919	ATTENUATED
female_genital_prolapse_stroke_all	0.139544376194444	0.14362671972362126	ATTENUATED
female_genital_prolapse_tendon	0.20844293928409124	0.18728627390431574	ATTENUATED
female_genital_prolapse_thromboembolic	0.20445974686299437	0.18079761936791505	ATTENUATED
female_genital_prolapse_TIA	0.21213518059947886	0.2090340606531164	ATTENUATED
female_genital_prolapse_tinnitus	0.1551834368841969	0.17098650251775716	ATTENUATED
female_genital_prolapse_ulc_colitis	0.03403232731297565	0.036941347340741816	UNSTABLE
female_genital_prolapse_ulcer_peptic	0.16947233653766572	0.1451055685828949	ATTENUATED
female_genital_prolapse_urine_incont	0.5247604630630572	0.53171924724703	ATTENUATED
female_genital_prolapse_urolithiasis	0.13730685108781637	0.13112298037606213	ATTENUATED
female_genital_prolapse_valve_nonrheumatic	0.0890995520368665	0.09014230801019564	PERSISTENT
fibromatosis_fibromyalgia	0.08584982580787605	0.08229961244633623	UNSTABLE
fibromatosis_gastritis_duodenitis	0.06780167786770773	0.060860394916267296	UNSTABLE
fibromatosis_glaucoma	0.007943443288554966	0.007179253015338151	UNSTABLE
fibromatosis_GORD	0.027826962165433938	0.022774006521285042	UNSTABLE
fibromatosis_gout	0.0039039594899672927	0.02333309433522685	UNSTABLE
fibromatosis_HF	0.0414620790490457	0.03058939005405588	UNSTABLE
fibromatosis_hypertension	6.713584999867846e-05	0.025722449505406184	UNSTABLE
fibromatosis_hyperthyroid	0.05538020532972021	0.064057723485031	UNSTABLE
fibromatosis_hypothyroid	0.0315248583630059	0.029484254583723748	UNSTABLE
fibromatosis_IBS	0.015808362449385317	0.005200727916234483	UNSTABLE
fibromatosis_IDA	0.007067425428111994	0.015179716309507431	UNSTABLE
fibromatosis_insomnia	0.01297325597015214	0.05000568408461838	UNSTABLE
fibromatosis_intervert_disc	0.014153221290357655	0.027831654867829254	UNSTABLE
fibromatosis_isch_stroke_tia	0.1124983842459568	0.11822676983874505	UNSTABLE
fibromatosis_migraine	0.06580415268022109	0.054319589761814335	UNSTABLE
fibromatosis_OA	0.052894130296474204	0.08237081218771936	UNSTABLE
fibromatosis_osteoporosis	0.032175273294394915	0.011593868205781902	UNSTABLE
fibromatosis_periph_neuro	0.023729969621844406	0.03347157114101654	UNSTABLE
fibromatosis_peripheral_arterial	0.03675680789162383	0.027835838124291277	UNSTABLE
fibromatosis_PMR	0.10930583202156408	0.11270789801337414	UNSTABLE
fibromatosis_pri_bladder	0.010499257971981616	0.008143722304109162	UNSTABLE
fibromatosis_pri_breast	0.026370278872265902	0.019960856569613213	UNSTABLE
fibromatosis_pri_colorectal	0.02995467697569288	0.036713103366811106	UNSTABLE
fibromatosis_pri_prost	0.006491724527935577	0.0070940107562349666	UNSTABLE
fibromatosis_pri_skin	0.008178147107492319	0.014492634503156515	UNSTABLE
fibromatosis_psoriasis	0.009228391875912087	0.016547676625781577	UNSTABLE
fibromatosis_RA	0.05416607939396089	0.039939083577190414	UNSTABLE
fibromatosis_raynauds	0.11716387714991802	0.1033102072699292	UNSTABLE
fibromatosis_retinal_detach	0.020222151715914877	0.023286937834037152	UNSTABLE
fibromatosis_schizo	0.009354538650483772	0.03877998486521842	UNSTABLE
fibromatosis_scoliosis	0.09163757766276612	0.1032409802172354	UNSTABLE
fibromatosis_sinusitis	0.08764032126182943	0.07775056166794708	UNSTABLE
fibromatosis_sleep_apnoea	0.03656345024868563	0.008484755438775115	UNSTABLE
fibromatosis_spondylolisthesis	0.06816811426429756	0.07885276073496789	UNSTABLE
fibromatosis_spondylosis	0.04230541223169536	0.047553111523243735	UNSTABLE
fibromatosis_stroke_all	0.01842046916693223	0.01846762160705068	UNSTABLE
fibromatosis_tendon	0.12267043148082675	0.12860794596541314	ATTENUATED
fibromatosis_thromboembolic	0.06732183057662931	0.08865844678024748	UNSTABLE
fibromatosis_TIA	0.14471956108317055	0.14381778845884147	ATTENUATED
fibromatosis_tinnitus	0.043707088982599514	0.03615299806458259	UNSTABLE
fibromatosis_ulc_colitis	0.011394086930792096	0.0073401686981661015	UNSTABLE
fibromatosis_ulcer_peptic	0.021072561517486564	0.00296446309079944	UNSTABLE
fibromatosis_urine_incont	0.06406343310095529	0.06982654518128707	UNSTABLE
fibromatosis_urolithiasis	0.009883259701074735	0.001842690515351018	UNSTABLE
fibromatosis_valve_nonrheumatic	0.06496756258745219	0.06549651360053345	UNSTABLE
fibromyalgia_gastritis_duodenitis	0.7540408667016644	0.7051117009178081	ATTENUATED
fibromyalgia_glaucoma	0.039698081022061606	0.021693052962546668	UNSTABLE
fibromyalgia_GORD	0.6194191582711588	0.5554155954195028	ATTENUATED
fibromyalgia_gout	0.16380120163799874	0.032383108958043014	NEAR_NULL_EQUIVALENT
fibromyalgia_HF	0.2567023205666083	0.023175533831310678	NEAR_NULL_EQUIVALENT
fibromyalgia_hypertension	0.27055297067464124	0.1615447993563627	ATTENUATED
fibromyalgia_hyperthyroid	0.15159679800734405	0.13630960656612556	UNSTABLE
fibromyalgia_hypothyroid	0.2083988081060982	0.16561053380186425	ATTENUATED
fibromyalgia_IBS	0.6257915522096609	0.6500372216671946	ATTENUATED
fibromyalgia_IDA	0.4682043190873297	0.3621865488364	ATTENUATED
fibromyalgia_insomnia	0.4082894058463503	0.2866358227524354	PERSISTENT
fibromyalgia_intervert_disc	0.7536609715394822	0.7133318804725481	ATTENUATED
fibromyalgia_isch_stroke_tia	0.3012286917606056	0.19247329194337315	PERSISTENT
fibromyalgia_migraine	0.5093065724434175	0.5171093725162618	ATTENUATED
fibromyalgia_OA	0.49738654689083966	0.3945464057695395	ATTENUATED
fibromyalgia_osteoporosis	0.19493959374685027	0.23557059314006115	ATTENUATED
fibromyalgia_periph_neuro	0.8491985199402369	0.893654683574853	ATTENUATED
fibromyalgia_peripheral_arterial	0.4940782245575528	0.3535665269063654	PERSISTENT
fibromyalgia_PMR	0.1442235397570544	0.10230085700736995	UNSTABLE
fibromyalgia_pri_bladder	0.0498532516476532	0.02040939885656382	UNSTABLE
fibromyalgia_pri_breast	0.10875587340683117	0.13974667340666688	ATTENUATED
fibromyalgia_pri_colorectal	0.020337030322432333	0.006774060398691863	UNSTABLE
fibromyalgia_pri_prost	0.049339344525975465	0.0015643549762338806	UNSTABLE
fibromyalgia_pri_skin	0.05481314754586047	0.09974305741434154	UNSTABLE
fibromyalgia_psoriasis	0.344342327966851	0.26413353907835874	ATTENUATED
fibromyalgia_RA	0.4192037375903514	0.3345499180453352	ATTENUATED
fibromyalgia_raynauds	0.1220498978897523	0.1035786384565164	UNSTABLE
fibromyalgia_retinal_detach	0.1403800080708135	0.12536246200106552	UNSTABLE
fibromyalgia_schizo	0.20152002645187095	0.24660000965567133	ATTENUATED
fibromyalgia_scoliosis	0.32656911187024706	0.34794963923258276	ATTENUATED
fibromyalgia_sinusitis	0.5247342614173951	0.4893405679396504	ATTENUATED
fibromyalgia_sleep_apnoea	0.4437053666719388	0.35732044746571334	ATTENUATED
fibromyalgia_spondylolisthesis	0.3636660735118751	0.2829346124013723	PERSISTENT
fibromyalgia_spondylosis	0.7727573243288725	0.71722131255774	ATTENUATED
fibromyalgia_stroke_all	0.19420044210680656	0.08302681629738992	PERSISTENT
fibromyalgia_tendon	0.6270521260836106	0.5525201198064836	ATTENUATED
fibromyalgia_thromboembolic	0.19217697654322613	0.08895052698336241	PERSISTENT
fibromyalgia_TIA	0.3302421801028268	0.2450999650130815	ATTENUATED
fibromyalgia_tinnitus	0.3406300530283948	0.37241875461366997	ATTENUATED
fibromyalgia_ulc_colitis	0.1740834897004621	0.1974509811361575	ATTENUATED
fibromyalgia_ulcer_peptic	0.6463027018277022	0.5541671021681019	ATTENUATED
fibromyalgia_urine_incont	0.5950148209376337	0.5267455323341413	ATTENUATED
fibromyalgia_urolithiasis	0.22529679968031688	0.21411792710809846	ATTENUATED
fibromyalgia_valve_nonrheumatic	0.13826417163794996	0.04470418136096686	UNSTABLE
gastritis_duodenitis_glaucoma	0.0002486002500629042	0.01893049190242386	UNSTABLE
gastritis_duodenitis_GORD	0.8661000933305114	0.8438852835968056	ATTENUATED
gastritis_duodenitis_gout	0.21204442998002587	0.09702015807571944	PERSISTENT
gastritis_duodenitis_HF	0.3168521449295674	0.14955273435372854	ATTENUATED
gastritis_duodenitis_hypertension	0.31502085249899364	0.29230579213374536	ATTENUATED
gastritis_duodenitis_hyperthyroid	0.19710453213356793	0.1787427796643603	ATTENUATED
gastritis_duodenitis_hypothyroid	0.21336551864594352	0.17387154388578335	ATTENUATED
gastritis_duodenitis_IBS	0.613600983176589	0.633497348052675	ATTENUATED
gastritis_duodenitis_IDA	0.438128114798738	0.33086894814911977	ATTENUATED
gastritis_duodenitis_insomnia	0.5970393713333793	0.5554413620366727	ATTENUATED
gastritis_duodenitis_intervert_disc	0.5244121675945279	0.4407467204190447	ATTENUATED
gastritis_duodenitis_isch_stroke_tia	0.39478438954430883	0.3267673233247461	ATTENUATED
gastritis_duodenitis_migraine	0.4586895225296562	0.45605690503863283	ATTENUATED
gastritis_duodenitis_OA	0.4285110873177676	0.3214275734165242	ATTENUATED
gastritis_duodenitis_osteoporosis	0.2413362655188644	0.2941139039871844	MASKED_ENHANCED
gastritis_duodenitis_periph_neuro	0.6207817468700322	0.5571699688081553	ATTENUATED
gastritis_duodenitis_peripheral_arterial	0.40592709959962014	0.23479240033662635	PERSISTENT
gastritis_duodenitis_PMR	0.207321726462382	0.1774346328385155	PERSISTENT
gastritis_duodenitis_pri_bladder	0.10589953426111276	0.05675766766545656	UNSTABLE
gastritis_duodenitis_pri_breast	0.024582492974445518	0.03844754819046924	UNSTABLE
gastritis_duodenitis_pri_colorectal	0.007702018483475304	0.013609654294742982	UNSTABLE
gastritis_duodenitis_pri_prost	0.006748831896464681	0.0464943153856266	UNSTABLE
gastritis_duodenitis_pri_skin	0.021903683077718117	0.011247830343358306	UNSTABLE
gastritis_duodenitis_psoriasis	0.2701396863724095	0.18637698699419022	ATTENUATED
gastritis_duodenitis_RA	0.41817363819569064	0.33689789982598817	ATTENUATED
gastritis_duodenitis_raynauds	0.1090330372669074	0.11336185182618591	UNSTABLE
gastritis_duodenitis_retinal_detach	0.04503425732163449	0.011323474887893805	UNSTABLE
gastritis_duodenitis_schizo	0.05551429469525801	0.0680436047444369	UNSTABLE
gastritis_duodenitis_scoliosis	0.29954610657161607	0.31862944471088783	ATTENUATED
gastritis_duodenitis_sinusitis	0.5675016202335929	0.5523676131812248	ATTENUATED
gastritis_duodenitis_sleep_apnoea	0.3216041267838834	0.19728395644952	ATTENUATED
gastritis_duodenitis_spondylolisthesis	0.29453320220531143	0.20409891575886205	ATTENUATED
gastritis_duodenitis_spondylosis	0.6768300787826351	0.6001694872172725	ATTENUATED
gastritis_duodenitis_stroke_all	0.27047820983055615	0.19140350647081	ATTENUATED
gastritis_duodenitis_tendon	0.5593477765712138	0.4731234000054251	ATTENUATED
gastritis_duodenitis_thromboembolic	0.2610477078170658	0.1712925925986321	ATTENUATED
gastritis_duodenitis_TIA	0.48939291790888195	0.4374118262301247	ATTENUATED
gastritis_duodenitis_tinnitus	0.4074368843648549	0.46208396248488687	MASKED_ENHANCED
gastritis_duodenitis_ulc_colitis	0.07751266627043343	0.09158339614136017	UNSTABLE
gastritis_duodenitis_ulcer_peptic	0.7896438082273469	0.7437304854487441	ATTENUATED
gastritis_duodenitis_urine_incont	0.41752196165809347	0.32006815229989366	ATTENUATED
gastritis_duodenitis_urolithiasis	0.21931000205161458	0.2009861233431202	ATTENUATED
gastritis_duodenitis_valve_nonrheumatic	0.22889569812023003	0.16738618533644423	ATTENUATED
glaucoma_GORD	0.012403995031153343	0.00040184686806998517	UNSTABLE
glaucoma_gout	0.02998679999085311	0.03051534989216268	UNSTABLE
glaucoma_HF	0.028426951206265823	0.030311992457649553	UNSTABLE
glaucoma_hypertension	0.059279060128159825	0.04912136041843387	NEAR_NULL_EQUIVALENT
glaucoma_hyperthyroid	0.0202180764360729	0.03700934084278401	UNSTABLE
glaucoma_hypothyroid	0.05797970872696752	0.04781254559343384	NEAR_NULL_EQUIVALENT
glaucoma_IBS	0.04570431689955801	0.05297763694654144	UNSTABLE
glaucoma_IDA	0.051092230904287	0.05512617902499438	UNSTABLE
glaucoma_insomnia	0.026951941612419053	0.009363590590886574	UNSTABLE
glaucoma_intervert_disc	0.04229467299499926	0.06115169251762457	UNSTABLE
glaucoma_isch_stroke_tia	0.05026370126548152	0.05146461988731966	UNSTABLE
glaucoma_migraine	0.008156171869159273	0.003111759407968227	UNSTABLE
glaucoma_OA	0.018428924536490667	0.015104044366113187	UNSTABLE
glaucoma_osteoporosis	0.033001245152440024	0.031139678658458687	UNSTABLE
glaucoma_periph_neuro	0.04362476978934858	0.062002090714123874	UNSTABLE
glaucoma_peripheral_arterial	0.0040533780337667046	0.010588867719608203	UNSTABLE
glaucoma_PMR	0.10734431172961302	0.1121783780925369	UNSTABLE
glaucoma_pri_bladder	0.00592788098895541	0.02368794632985604	UNSTABLE
glaucoma_pri_breast	0.0307495882414915	0.024709583648920664	UNSTABLE
glaucoma_pri_colorectal	0.006285347588111182	0.01113863981486991	UNSTABLE
glaucoma_pri_prost	0.012043069653855081	0.004549806436830826	UNSTABLE
glaucoma_pri_skin	0.04233955764602709	0.04052655236311621	UNSTABLE
glaucoma_psoriasis	0.03715907016548537	0.025808988688012877	UNSTABLE
glaucoma_RA	0.01600799606593413	0.013091604313990245	UNSTABLE
glaucoma_raynauds	0.033156845030040454	0.04318309138819012	UNSTABLE
glaucoma_retinal_detach	0.1605288270747975	0.16237629365135142	ATTENUATED
glaucoma_schizo	0.01591152735994827	0.011847604473926424	UNSTABLE
glaucoma_scoliosis	0.10951199604791417	0.11781213137211974	ATTENUATED
glaucoma_sinusitis	0.021161705776153807	0.030655530018961215	UNSTABLE
glaucoma_sleep_apnoea	0.003977995636069177	0.03794056592300193	UNSTABLE
glaucoma_spondylolisthesis	0.06005078219781479	0.07776735840884515	UNSTABLE
glaucoma_spondylosis	0.009464222138727461	0.03886131387428772	UNSTABLE
glaucoma_stroke_all	0.037241050342583445	0.03980456400377597	UNSTABLE
glaucoma_tendon	0.05128147236862089	0.040467478791842315	UNSTABLE
glaucoma_thromboembolic	0.026988691544623005	0.04310321706114916	UNSTABLE
glaucoma_TIA	0.018648232944295746	0.017773294414335287	UNSTABLE
glaucoma_tinnitus	0.01841171612582248	0.030177496870278948	UNSTABLE
glaucoma_ulc_colitis	0.003515983645313375	0.0005435658829008891	UNSTABLE
glaucoma_ulcer_peptic	0.06556300872506933	0.09307907226206678	UNSTABLE
glaucoma_urine_incont	0.03725144648911574	0.059444460109884995	UNSTABLE
glaucoma_urolithiasis	0.0865907700725649	0.09738655105426246	ATTENUATED
glaucoma_valve_nonrheumatic	0.006736193490186896	0.016745681803531816	UNSTABLE
GORD_gout	0.2180496851221159	0.09543662271328879	ATTENUATED
GORD_HF	0.3231384412180901	0.16076907991833062	ATTENUATED
GORD_hypertension	0.34112851751595363	0.3234850107862664	ATTENUATED
GORD_hyperthyroid	0.15163017584964775	0.119557928293628	ATTENUATED
GORD_hypothyroid	0.2168004093315119	0.17890855142480708	ATTENUATED
GORD_IBS	0.6099193581047121	0.6321001377737688	ATTENUATED
GORD_IDA	0.4224423634216997	0.31187164175035	ATTENUATED
GORD_insomnia	0.4920383983457664	0.45083970082886166	ATTENUATED
GORD_intervert_disc	0.48625559470288887	0.404215793518488	ATTENUATED
GORD_isch_stroke_tia	0.39852232306107394	0.33373473550721333	ATTENUATED
GORD_migraine	0.4219226372072371	0.4202898212432632	ATTENUATED
GORD_OA	0.43980122924489273	0.34410564246730785	ATTENUATED
GORD_osteoporosis	0.25655258702392525	0.32135933087069324	MASKED_ENHANCED
GORD_periph_neuro	0.5236294226959015	0.4212145343439347	ATTENUATED
GORD_peripheral_arterial	0.49179398623000997	0.3815942733514787	ATTENUATED
GORD_PMR	0.22174747988500784	0.1949773643871079	ATTENUATED
GORD_pri_bladder	0.07673248117546745	0.039048399731178116	UNSTABLE
GORD_pri_breast	0.005876662509804152	0.003159954270718727	UNSTABLE
GORD_pri_colorectal	0.02816196160958315	0.029563569617877376	UNSTABLE
GORD_pri_prost	0.004009488994668	0.03623377438396753	UNSTABLE
GORD_pri_skin	0.008892938514494068	0.046141330819480665	UNSTABLE
GORD_psoriasis	0.23267266697078495	0.15269208504220275	ATTENUATED
GORD_RA	0.38241469327922456	0.302186893087146	ATTENUATED
GORD_raynauds	0.2144966715228628	0.2504531199187412	ATTENUATED
GORD_retinal_detach	0.030099814605267408	0.006601210016751088	UNSTABLE
GORD_schizo	0.06751097135517697	0.08387855719426592	ATTENUATED
GORD_scoliosis	0.15499112433700385	0.16561343500187065	ATTENUATED
GORD_sinusitis	0.5023399403920124	0.48940345825833925	ATTENUATED
GORD_sleep_apnoea	0.4393605396527387	0.3463582920707564	ATTENUATED
GORD_spondylolisthesis	0.26480913673924833	0.1774900094500306	ATTENUATED
GORD_spondylosis	0.6654178320491859	0.5959466533815958	ATTENUATED
GORD_stroke_all	0.2976845126376201	0.22335631843402678	ATTENUATED
GORD_tendon	0.5468767305487006	0.4694458273019034	ATTENUATED
GORD_thromboembolic	0.24731249052151008	0.1530019560201367	ATTENUATED
GORD_TIA	0.46016393440316083	0.4037456600322214	ATTENUATED
GORD_tinnitus	0.2594378067123086	0.30718579899762344	ATTENUATED
GORD_ulc_colitis	0.12440754797497679	0.14303530067664696	ATTENUATED
GORD_ulcer_peptic	0.6016151441217852	0.51713538169069	ATTENUATED
GORD_urine_incont	0.5141169034022942	0.4401050063434172	ATTENUATED
GORD_urolithiasis	0.22887768813957018	0.20823820123633838	ATTENUATED
GORD_valve_nonrheumatic	0.21704876378186663	0.15234757681520877	ATTENUATED
gout_HF	0.3677178051035598	0.12359514935199163	ATTENUATED
gout_hypertension	0.3894141672214989	0.19426937798597207	ATTENUATED
gout_hyperthyroid	0.013478480121878543	0.07986123338877026	UNSTABLE
gout_hypothyroid	0.15359380209713783	0.10971182027604783	ATTENUATED
gout_IBS	0.04484538710670197	0.04644092271994369	UNSTABLE
gout_IDA	0.2172534909997551	0.028912028597781667	NEAR_NULL_EQUIVALENT
gout_insomnia	0.055122770897149016	0.0027296837902201555	UNSTABLE
gout_intervert_disc	0.15547356022055436	0.042099273617759184	NEAR_NULL_EQUIVALENT
gout_isch_stroke_tia	0.3804986029402836	0.2835080720984744	ATTENUATED
gout_migraine	0.045337156877229674	0.03574189571178018	UNSTABLE
gout_OA	0.18946116363487678	0.015947348274916087	NEAR_NULL_EQUIVALENT
gout_osteoporosis	0.05924962924567004	0.02419929050444464	UNSTABLE
gout_periph_neuro	0.2937172506930527	0.11540598506236573	PERSISTENT
gout_peripheral_arterial	0.3851913390816305	0.18333298586113184	PERSISTENT
gout_PMR	0.11066504493975045	0.07074170720299637	UNSTABLE
gout_pri_bladder	0.07004741752263224	0.08666179097804116	UNSTABLE
gout_pri_breast	0.017829839757971134	0.0019660958562177813	UNSTABLE
gout_pri_colorectal	0.03196239423620939	0.0411634978915885	UNSTABLE
gout_pri_prost	0.05226261718144324	0.029451228672785146	UNSTABLE
gout_pri_skin	0.03741064075284024	0.01108646517830687	UNSTABLE
gout_psoriasis	0.18301120136495524	0.11442109340494389	ATTENUATED
gout_RA	0.16608356916694267	0.07979936011241458	PERSISTENT
gout_raynauds	0.012363998378089587	0.06550452130600602	UNSTABLE
gout_retinal_detach	0.001801626299143162	0.03505623414599396	UNSTABLE
gout_schizo	0.0936793283990307	0.04943021011351641	PERSISTENT
gout_scoliosis	0.03224952310013584	0.017258866257990012	UNSTABLE
gout_sinusitis	0.10533159595774219	0.07550968422193355	UNSTABLE
gout_sleep_apnoea	0.23216234159714808	0.005723467116336905	NEAR_NULL_EQUIVALENT
gout_spondylolisthesis	0.09986429139305794	0.011969692736277458	UNSTABLE
gout_spondylosis	0.14531208204703847	0.05225853728743336	PERSISTENT
gout_stroke_all	0.29105897876022435	0.17160912454964153	ATTENUATED
gout_tendon	0.21085619790368418	0.09870191230216754	PERSISTENT
gout_thromboembolic	0.19673668981667455	0.0831571056031125	PERSISTENT
gout_TIA	0.23721927131845472	0.13705343848007748	PERSISTENT
gout_tinnitus	0.028515769019986974	0.08514323640688481	UNSTABLE
gout_ulc_colitis	0.05466349015360927	0.049587794400488466	UNSTABLE
gout_ulcer_peptic	0.2050454458391613	0.055721607424311176	PERSISTENT
gout_urine_incont	0.1302181986459731	0.0017314925458074405	NEAR_NULL_EQUIVALENT
gout_urolithiasis	0.008644826463851537	0.06532295575389835	UNSTABLE
gout_valve_nonrheumatic	0.1738098590377235	0.05321634995755723	PERSISTENT
HF_hypertension	0.6502098837226877	0.4448690293190087	ATTENUATED
HF_hyperthyroid	0.17792507558375567	0.13003020922041278	PERSISTENT
HF_hypothyroid	0.1866294232125902	0.13146543257199542	ATTENUATED
HF_IBS	0.10995956546064126	0.1105139065728866	PERSISTENT
HF_IDA	0.4467655459565291	0.23715678719008232	ATTENUATED
HF_insomnia	0.23649103739171864	0.16725435340865888	PERSISTENT
HF_intervert_disc	0.33618638701490133	0.19878689444848793	ATTENUATED
HF_isch_stroke_tia	0.6212098181571899	0.5360740103800853	ATTENUATED
HF_migraine	0.10819384832694352	0.10003171894440206	PERSISTENT
HF_OA	0.3589976787917834	0.1493424986840667	ATTENUATED
HF_osteoporosis	0.10913365130871876	0.2678299952305791	MASKED_ENHANCED
HF_periph_neuro	0.3158884992943959	0.023620810850168632	NEAR_NULL_EQUIVALENT
HF_peripheral_arterial	0.6747222219020684	0.4743343779654897	ATTENUATED
HF_PMR	0.2493177634484388	0.23348785851238293	ATTENUATED
HF_pri_bladder	0.051265657246169	0.03275586267691734	UNSTABLE
HF_pri_breast	0.017304641623129526	0.05615343044515137	UNSTABLE
HF_pri_colorectal	0.035036564666756795	0.02371765985230889	UNSTABLE
HF_pri_prost	0.049002427653731785	0.012620114682072081	UNSTABLE
HF_pri_skin	0.06593446905388656	0.000543492816314377	NEAR_NULL_EQUIVALENT
HF_psoriasis	0.2826637242587069	0.19531230873588942	ATTENUATED
HF_RA	0.3244862397859115	0.21650390599059877	ATTENUATED
HF_raynauds	0.09797377200923583	0.1573921537874403	UNSTABLE
HF_retinal_detach	0.0871079989759174	0.06017379703609077	UNSTABLE
HF_schizo	0.01327942663293367	0.05900814851415328	UNSTABLE
HF_scoliosis	0.11406780046588913	0.1675694317142359	UNSTABLE
HF_sinusitis	0.10985063828367728	0.01377372946925292	UNSTABLE
HF_sleep_apnoea	0.44663456919342437	0.21486527934281946	ATTENUATED
HF_spondylolisthesis	0.17882735693037755	0.053077156689419466	PERSISTENT
HF_spondylosis	0.388378748244704	0.15645471551138831	PERSISTENT
HF_stroke_all	0.5106249322273163	0.3874105215901345	ATTENUATED
HF_tendon	0.17742665399048535	0.045525382411277855	NEAR_NULL_EQUIVALENT
HF_thromboembolic	0.27658006343629055	0.13942247319139886	ATTENUATED
HF_TIA	0.4889043039497899	0.40964859888718363	ATTENUATED
HF_tinnitus	0.0454785883672231	0.01702950770401829	UNSTABLE
HF_ulc_colitis	0.06061631915166067	0.08686079499822918	UNSTABLE
HF_ulcer_peptic	0.36145773936297143	0.14042721661732954	PERSISTENT
HF_urine_incont	0.21618736124742186	0.009639532098365931	NEAR_NULL_EQUIVALENT
HF_urolithiasis	0.15126115925734343	0.12476477259234675	ATTENUATED
HF_valve_nonrheumatic	0.601579077872171	0.5632154973673154	ATTENUATED
hypertension_hyperthyroid	0.2211944654076967	0.18351577470137073	ATTENUATED
hypertension_hypothyroid	0.15098887501740885	0.16074066152553404	ATTENUATED
hypertension_IBS	0.17248601190441892	0.2869100769202903	MASKED_ENHANCED
hypertension_IDA	0.3789727477048391	0.20151279935152136	ATTENUATED
hypertension_insomnia	0.21141979459832155	0.334596384036275	MASKED_ENHANCED
hypertension_intervert_disc	0.28671982616537933	0.2487700590241439	ATTENUATED
hypertension_isch_stroke_tia	0.6257024928075474	0.5692509997251548	ATTENUATED
hypertension_migraine	0.2050536321310659	0.3163852153172983	MASKED_ENHANCED
hypertension_OA	0.2667047461141916	0.20530753080040703	ATTENUATED
hypertension_osteoporosis	0.033768968181378575	0.19697759911537155	UNSTABLE
hypertension_periph_neuro	0.3478354536586087	0.2847732560131819	ATTENUATED
hypertension_peripheral_arterial	0.559455071243057	0.24196257563252893	ATTENUATED
hypertension_PMR	0.16340534112625107	0.1469392198395903	ATTENUATED
hypertension_pri_bladder	0.09325332683600233	0.2085748675413984	UNSTABLE
hypertension_pri_breast	0.0015543072483736825	0.02182705296207069	UNSTABLE
hypertension_pri_colorectal	0.061830361598005645	0.04756801027533547	UNSTABLE
hypertension_pri_prost	0.0035256775582468646	0.07007801281044913	UNSTABLE
hypertension_pri_skin	0.016453797648920153	0.06389711281037096	UNSTABLE
hypertension_psoriasis	0.18007894336617655	0.12937087954359977	ATTENUATED
hypertension_RA	0.28034437441359433	0.2333119010283995	ATTENUATED
hypertension_raynauds	0.014528668052789944	0.02555174564109783	UNSTABLE
hypertension_retinal_detach	0.024554076971756912	0.0020141843289886814	UNSTABLE
hypertension_schizo	0.02599824528734688	0.05738114969471005	UNSTABLE
hypertension_scoliosis	0.025294987588008275	0.059120917794787294	UNSTABLE
hypertension_sinusitis	0.10021884278483616	0.026126877369674065	NEAR_NULL_EQUIVALENT
hypertension_sleep_apnoea	0.40323906706017554	0.35068348548110334	ATTENUATED
hypertension_spondylolisthesis	0.14567905750556848	0.10973098511180802	PERSISTENT
hypertension_spondylosis	0.36464615944978074	0.3062882110530127	ATTENUATED
hypertension_stroke_all	0.5817838982809398	0.5187278649520316	ATTENUATED
hypertension_tendon	0.22137751188394797	0.1452123835813983	ATTENUATED
hypertension_thromboembolic	0.20377581969951236	0.1922271911821218	ATTENUATED
hypertension_TIA	0.5153209810024241	0.49857201383821986	ATTENUATED
hypertension_tinnitus	0.025250734150974036	0.10416579222858596	UNSTABLE
hypertension_ulc_colitis	0.038271715762285	0.043529467356773516	UNSTABLE
hypertension_ulcer_peptic	0.34527241769359457	0.23474528354533486	ATTENUATED
hypertension_urine_incont	0.24052826111442463	0.18706394906762025	ATTENUATED
hypertension_urolithiasis	0.1279510494757194	0.16280750644397782	ATTENUATED
hypertension_valve_nonrheumatic	0.44025042326596475	0.29974570524628413	ATTENUATED
hyperthyroid_hypothyroid	0.386204434441006	0.39214814783519136	ATTENUATED
hyperthyroid_IBS	0.13922822233478607	0.14365955196624353	ATTENUATED
hyperthyroid_IDA	0.36700057723481166	0.3534361570837085	ATTENUATED
hyperthyroid_insomnia	0.09264157062409487	0.09766237051192155	UNSTABLE
hyperthyroid_intervert_disc	0.1960412996606107	0.17451444455262233	ATTENUATED
hyperthyroid_isch_stroke_tia	0.22675364790321229	0.18842675605872689	PERSISTENT
hyperthyroid_migraine	0.11504834672929051	0.1230665258609805	ATTENUATED
hyperthyroid_OA	0.12647468161194758	0.13059201204885554	ATTENUATED
hyperthyroid_osteoporosis	0.15895519355729404	0.19475821156845344	ATTENUATED
hyperthyroid_periph_neuro	0.13429304865205047	0.06732504935717276	UNSTABLE
hyperthyroid_peripheral_arterial	0.1743452612494919	0.10772882670669237	PERSISTENT
hyperthyroid_PMR	0.25042878576001637	0.25062631726086526	ATTENUATED
hyperthyroid_pri_bladder	0.012754958452555164	0.017234049391614978	UNSTABLE
hyperthyroid_pri_breast	0.05070752654140476	0.044267299442181204	UNSTABLE
hyperthyroid_pri_colorectal	0.023823955563499744	0.015223470966630376	UNSTABLE
hyperthyroid_pri_prost	0.025397156362880757	0.027156812470126225	UNSTABLE
hyperthyroid_pri_skin	0.07117700039273211	0.060179391347124016	UNSTABLE
hyperthyroid_psoriasis	0.135519060945354	0.12209869302694966	UNSTABLE
hyperthyroid_RA	0.3568336633011491	0.33578563222397195	ATTENUATED
hyperthyroid_raynauds	0.11478277930874294	0.14977163535047108	UNSTABLE
hyperthyroid_retinal_detach	0.017971239902465325	0.0013991285634321609	UNSTABLE
hyperthyroid_schizo	0.06414044361844172	0.04990454079113139	UNSTABLE
hyperthyroid_scoliosis	0.14582909790153975	0.16660745852506686	UNSTABLE
hyperthyroid_sinusitis	0.100369758854997	0.09803749457192537	UNSTABLE
hyperthyroid_sleep_apnoea	0.13213597917325054	0.11499928103244171	PERSISTENT
hyperthyroid_spondylolisthesis	0.09450007342096824	0.07490529979125003	UNSTABLE
hyperthyroid_spondylosis	0.1468214824162267	0.12555095871673547	PERSISTENT
hyperthyroid_stroke_all	0.26992199770315545	0.23953885391945404	ATTENUATED
hyperthyroid_tendon	0.14423129642173313	0.12751794037691758	PERSISTENT
hyperthyroid_thromboembolic	0.14819980102181704	0.12528610842106402	PERSISTENT
hyperthyroid_TIA	0.18778701574592216	0.14752785874544797	PERSISTENT
hyperthyroid_tinnitus	0.038456169009758394	0.07794464199663122	UNSTABLE
hyperthyroid_ulc_colitis	0.19345481449554053	0.19623532039101974	ATTENUATED
hyperthyroid_ulcer_peptic	0.13345683064251146	0.08586053104793391	UNSTABLE
hyperthyroid_urine_incont	0.10055486411525463	0.07294798185853388	UNSTABLE
hyperthyroid_urolithiasis	0.010609396720842093	0.00862008117014514	UNSTABLE
hyperthyroid_valve_nonrheumatic	0.254623198475413	0.2278792816199865	ATTENUATED
hypothyroid_IBS	0.1728966676897331	0.16710855934174595	ATTENUATED
hypothyroid_IDA	0.2247072674589722	0.1919430309851286	ATTENUATED
hypothyroid_insomnia	0.1050193391082245	0.08158924353047456	PERSISTENT
hypothyroid_intervert_disc	0.17618675472978126	0.1348705220209509	ATTENUATED
hypothyroid_isch_stroke_tia	0.14416112908513845	0.11018427629266228	PERSISTENT
hypothyroid_migraine	0.13628861394557956	0.12625072720159153	ATTENUATED
hypothyroid_OA	0.13756216162287402	0.07192026474861454	PERSISTENT
hypothyroid_osteoporosis	0.0787562615561862	0.10194126288488693	ATTENUATED
hypothyroid_periph_neuro	0.21102581201405796	0.18002800951547165	ATTENUATED
hypothyroid_peripheral_arterial	0.16624682983564462	0.12038463689260208	PERSISTENT
hypothyroid_PMR	0.33179953072063106	0.3260248172477632	ATTENUATED
hypothyroid_pri_bladder	0.11394665771561104	0.09355913659697188	UNSTABLE
hypothyroid_pri_breast	0.045072668308120796	0.03722099116342818	UNSTABLE
hypothyroid_pri_colorectal	0.05696526030479577	0.05716304187054731	UNSTABLE
hypothyroid_pri_prost	0.07413761986891046	0.057270776710028615	PERSISTENT
hypothyroid_pri_skin	0.15790733802298393	0.1443432045697685	ATTENUATED
hypothyroid_psoriasis	0.2588265755919671	0.23230680510590188	ATTENUATED
hypothyroid_RA	0.39612533774517933	0.38215071583641613	ATTENUATED
hypothyroid_raynauds	0.0754746025579197	0.08430171122746657	UNSTABLE
hypothyroid_retinal_detach	0.07677704012501438	0.06534559693529525	UNSTABLE
hypothyroid_schizo	0.03999078810527728	0.04667152034166568	UNSTABLE
hypothyroid_scoliosis	0.04595884283452394	0.04921189651458023	UNSTABLE
hypothyroid_sinusitis	0.15225653543018525	0.13650086791467536	PERSISTENT
hypothyroid_sleep_apnoea	0.1698452597402505	0.09941882911305469	ATTENUATED
hypothyroid_spondylolisthesis	0.06937076872472844	0.029467822824192132	UNSTABLE
hypothyroid_spondylosis	0.17835917464715242	0.12154054720194876	PERSISTENT
hypothyroid_stroke_all	0.09309209209155386	0.0497688339067158	UNSTABLE
hypothyroid_tendon	0.1802609778629288	0.14753710669220654	ATTENUATED
hypothyroid_thromboembolic	0.10116279976161931	0.05170152640402204	PERSISTENT
hypothyroid_TIA	0.1245120205238706	0.09412535326283748	UNSTABLE
hypothyroid_tinnitus	0.2289052355266157	0.24585005069308644	ATTENUATED
hypothyroid_ulc_colitis	0.034206612282725465	0.03938696779677683	UNSTABLE
hypothyroid_ulcer_peptic	0.09476738846312383	0.032805180742361356	UNSTABLE
hypothyroid_urine_incont	0.10692510800021464	0.05129601916669723	PERSISTENT
hypothyroid_urolithiasis	0.02787839961247238	0.009139042232666919	UNSTABLE
hypothyroid_valve_nonrheumatic	0.17127173503847973	0.15580325191279376	ATTENUATED
IBS_IDA	0.2693624014902941	0.2713848698525031	ATTENUATED
IBS_insomnia	0.5130076283636793	0.5136668860453627	ATTENUATED
IBS_intervert_disc	0.4005489599622648	0.3937852756614307	ATTENUATED
IBS_isch_stroke_tia	0.16540111480568728	0.1646824607276167	PERSISTENT
IBS_migraine	0.44274755363389917	0.4371023347308989	ATTENUATED
IBS_OA	0.28201111271889445	0.283196744534316	ATTENUATED
IBS_osteoporosis	0.24288620781637543	0.23383508739448602	ATTENUATED
IBS_periph_neuro	0.3572054245568054	0.39085060534240657	ATTENUATED
IBS_peripheral_arterial	0.16285262384330082	0.17824908350812785	PERSISTENT
IBS_PMR	0.12215330795376951	0.11296859000959614	UNSTABLE
IBS_pri_bladder	0.1527434695683834	0.12867621104779245	PERSISTENT
IBS_pri_breast	0.020023997146000862	0.022674546081806784	UNSTABLE
IBS_pri_colorectal	0.04847385946819895	0.04008309519513188	UNSTABLE
IBS_pri_prost	0.05683680000475718	0.07309955486995558	UNSTABLE
IBS_pri_skin	0.011489632510108986	0.013832588127836531	UNSTABLE
IBS_psoriasis	0.22018988926487998	0.20120840341334806	ATTENUATED
IBS_RA	0.2446916658951956	0.22478750391584723	ATTENUATED
IBS_raynauds	0.2929829713903096	0.2825727740763943	ATTENUATED
IBS_retinal_detach	0.06398629833265458	0.0698605777074811	UNSTABLE
IBS_schizo	0.20718859686507382	0.21092215434769568	ATTENUATED
IBS_scoliosis	0.28612413815622434	0.280962635793165	ATTENUATED
IBS_sinusitis	0.6166542258497651	0.6083683168862024	ATTENUATED
IBS_sleep_apnoea	0.3113436196222946	0.36287391506741873	MASKED_ENHANCED
IBS_spondylolisthesis	0.2439394197744628	0.2255439144009338	ATTENUATED
IBS_spondylosis	0.5387445974258415	0.5763346236527701	ATTENUATED
IBS_stroke_all	0.12357874191089781	0.12992902897466027	PERSISTENT
IBS_tendon	0.3873477731406614	0.37809707525273434	ATTENUATED
IBS_thromboembolic	0.15073444564009453	0.13859035670750194	ATTENUATED
IBS_TIA	0.1751685806455258	0.16921790900533662	ATTENUATED
IBS_tinnitus	0.44396938148427734	0.44169039501745594	ATTENUATED
IBS_ulc_colitis	0.15163792238718599	0.151058047148067	ATTENUATED
IBS_ulcer_peptic	0.4110398263225115	0.42236197233418765	ATTENUATED
IBS_urine_incont	0.41126337787233186	0.4092877779356429	ATTENUATED
IBS_urolithiasis	0.23963710189481038	0.2437084809747816	ATTENUATED
IBS_valve_nonrheumatic	0.10173805097187469	0.10106468706477136	PERSISTENT
IDA_insomnia	0.34033793760097736	0.260388439168571	PERSISTENT
IDA_intervert_disc	0.2566057792151648	0.12485443062099397	PERSISTENT
IDA_isch_stroke_tia	0.3630432867149165	0.25041112884492706	PERSISTENT
IDA_migraine	0.2691212900107863	0.2742023253895715	ATTENUATED
IDA_OA	0.34996562558042316	0.20633043319555147	ATTENUATED
IDA_osteoporosis	0.20664423513675467	0.3009495827040309	MASKED_ENHANCED
IDA_periph_neuro	0.4004040769134689	0.1965737625740583	PERSISTENT
IDA_peripheral_arterial	0.4572029084614212	0.24904238964759293	PERSISTENT
IDA_PMR	0.20513715136516575	0.16816091728613675	PERSISTENT
IDA_pri_bladder	0.03544527118284445	0.01702161354038917	UNSTABLE
IDA_pri_breast	0.0008268576391694862	0.014824462718296029	UNSTABLE
IDA_pri_colorectal	0.034829814744225016	0.04766459455190108	UNSTABLE
IDA_pri_prost	0.028748609129406497	0.07220061408212691	UNSTABLE
IDA_pri_skin	0.01669042743717314	0.0688812006534736	UNSTABLE
IDA_psoriasis	0.34566455628356163	0.2795817689039377	ATTENUATED
IDA_RA	0.4421440057101882	0.36840752262778964	ATTENUATED
IDA_raynauds	0.0965338902059806	0.13301113510935603	UNSTABLE
IDA_retinal_detach	0.08931349528097877	0.05919143248235892	UNSTABLE
IDA_schizo	0.008401490984344338	0.03194819290432727	UNSTABLE
IDA_scoliosis	0.24508803204372825	0.28444735872123844	ATTENUATED
IDA_sinusitis	0.14360064529532118	0.07702550462001342	UNSTABLE
IDA_sleep_apnoea	0.3203099752299399	0.1520647777973966	PERSISTENT
IDA_spondylolisthesis	0.2584426836904186	0.1693410677889692	PERSISTENT
IDA_spondylosis	0.41065780882019615	0.24785401237178392	ATTENUATED
IDA_stroke_all	0.3153623933184895	0.2103956525610318	ATTENUATED
IDA_tendon	0.3059315990057863	0.15512159932250652	PERSISTENT
IDA_thromboembolic	0.1296430987916149	0.010083971291604628	UNSTABLE
IDA_TIA	0.3783736178931758	0.28918297839528345	ATTENUATED
IDA_tinnitus	0.06886619583438981	0.10835206865366986	UNSTABLE
IDA_ulc_colitis	0.15811014723679856	0.1850386621818813	ATTENUATED
IDA_ulcer_peptic	0.24517039858236692	0.04190701426410126	NEAR_NULL_EQUIVALENT
IDA_urine_incont	0.3203542038469944	0.199556753891814	ATTENUATED
IDA_urolithiasis	0.06503318220203345	0.02563641164773393	UNSTABLE
IDA_valve_nonrheumatic	0.32532613849713377	0.2318129859283942	ATTENUATED
insomnia_intervert_disc	0.4690212557590591	0.41040703899960884	ATTENUATED
insomnia_isch_stroke_tia	0.2622701211361869	0.2430226514040519	PERSISTENT
insomnia_migraine	0.3837095065256286	0.3872230784711826	ATTENUATED
insomnia_OA	0.48337582855912253	0.44765832613499107	ATTENUATED
insomnia_osteoporosis	0.13648401571667837	0.11118925182635914	PERSISTENT
insomnia_periph_neuro	0.4238344322690404	0.3132842424853449	PERSISTENT
insomnia_peripheral_arterial	0.46881941742127914	0.48734238715246536	ATTENUATED
insomnia_PMR	0.13497711595176418	0.10169999825350215	UNSTABLE
insomnia_pri_bladder	0.09686180608862409	0.02082674407821612	UNSTABLE
insomnia_pri_breast	0.012604405993845434	0.005622891405182707	UNSTABLE
insomnia_pri_colorectal	0.07267147103940343	0.06340341511607861	UNSTABLE
insomnia_pri_prost	0.055457526703101175	0.11520185659339842	UNSTABLE
insomnia_pri_skin	0.011064435669871975	0.001769850224857391	UNSTABLE
insomnia_psoriasis	0.19255189912736548	0.10772121083839407	PERSISTENT
insomnia_RA	0.2738615201272341	0.18353180418365028	PERSISTENT
insomnia_raynauds	0.02215267798778357	0.10579926689351156	UNSTABLE
insomnia_retinal_detach	0.023090380286257827	0.002506553141319814	UNSTABLE
insomnia_schizo	0.19272057377891463	0.23443160407499763	ATTENUATED
insomnia_scoliosis	0.20126465169323468	0.19575129741782704	UNSTABLE
insomnia_sinusitis	0.39829861219122714	0.33762974520471534	PERSISTENT
insomnia_sleep_apnoea	0.24856676768682934	0.24176457836162127	ATTENUATED
insomnia_spondylolisthesis	0.5461296657177909	0.530288076227517	ATTENUATED
insomnia_spondylosis	0.4973904763964555	0.4121273866972173	ATTENUATED
insomnia_stroke_all	0.3228412949673753	0.3701167946270059	ATTENUATED
insomnia_tendon	0.44292169599668224	0.31824670417200923	ATTENUATED
insomnia_thromboembolic	0.22315628659146208	0.16575615030007296	PERSISTENT
insomnia_TIA	0.3467763090994779	0.3366237964663089	ATTENUATED
insomnia_tinnitus	0.2927020083556008	0.2876119757960344	ATTENUATED
insomnia_ulc_colitis	0.07820139454802755	0.08687775431100807	UNSTABLE
insomnia_ulcer_peptic	0.42052015438284274	0.3033543396898682	ATTENUATED
insomnia_urine_incont	0.4133631404981736	0.35221517467321006	ATTENUATED
insomnia_urolithiasis	0.03654004342362684	0.02382498319648768	UNSTABLE
insomnia_valve_nonrheumatic	0.24339335138722534	0.24421503774141343	ATTENUATED
intervert_disc_isch_stroke_tia	0.23464492656649058	0.13951332815583709	PERSISTENT
intervert_disc_migraine	0.3176326331728748	0.3008349148763586	ATTENUATED
intervert_disc_OA	0.5546985874910134	0.494925633587891	ATTENUATED
intervert_disc_osteoporosis	0.049480208017686926	0.0755039727777401	UNSTABLE
intervert_disc_periph_neuro	0.5198531812404883	0.4418803500135256	ATTENUATED
intervert_disc_peripheral_arterial	0.3960473815330568	0.2544325571917422	ATTENUATED
intervert_disc_PMR	0.18021201468519105	0.1508615658771856	ATTENUATED
intervert_disc_pri_bladder	0.02123952247738435	0.03328844828032796	UNSTABLE
intervert_disc_pri_breast	0.012773857530416115	0.02369743172437967	UNSTABLE
intervert_disc_pri_colorectal	0.06218084835646344	0.05953753976031768	UNSTABLE
intervert_disc_pri_prost	0.007033403476208221	0.043901536800941846	UNSTABLE
intervert_disc_pri_skin	0.028055563870095255	0.0625397378855221	UNSTABLE
intervert_disc_psoriasis	0.22818344059820042	0.14870279347640555	ATTENUATED
intervert_disc_RA	0.3041004427140118	0.2136073965350589	ATTENUATED
intervert_disc_raynauds	0.11159075761908213	0.11551050115120103	UNSTABLE
intervert_disc_retinal_detach	0.0583967084501785	0.029273172464432014	UNSTABLE
intervert_disc_schizo	0.013104364322040936	0.012989937249243966	UNSTABLE
intervert_disc_scoliosis	0.35967666643107943	0.38109753979331795	ATTENUATED
intervert_disc_sinusitis	0.4373074141332665	0.4052209324569168	ATTENUATED
intervert_disc_sleep_apnoea	0.3412521813258889	0.24043308409822758	ATTENUATED
intervert_disc_spondylolisthesis	0.5432690703951074	0.4938957326929842	ATTENUATED
intervert_disc_spondylosis	0.840442077829084	0.8224487821655111	ATTENUATED
intervert_disc_stroke_all	0.22986346895375176	0.1468911063353766	ATTENUATED
intervert_disc_tendon	0.5776253907354204	0.5117803074129635	ATTENUATED
intervert_disc_thromboembolic	0.22084716111956962	0.13356561202558553	ATTENUATED
intervert_disc_TIA	0.28366740560527914	0.20452370714202955	ATTENUATED
intervert_disc_tinnitus	0.15915357735520583	0.17955892818673824	ATTENUATED
intervert_disc_ulc_colitis	0.08220836525159163	0.09287870223967866	ATTENUATED
intervert_disc_ulcer_peptic	0.537677457638398	0.4403102364090219	ATTENUATED
intervert_disc_urine_incont	0.4387122203470275	0.3546734124627943	ATTENUATED
intervert_disc_urolithiasis	0.1614665500421856	0.13985987495785993	ATTENUATED
intervert_disc_valve_nonrheumatic	0.1941315863966443	0.13157926932816882	ATTENUATED
isch_stroke_tia_migraine	0.3260214244349568	0.33386786453774475	ATTENUATED
isch_stroke_tia_OA	0.22711674421150344	0.13681514880176715	ATTENUATED
isch_stroke_tia_osteoporosis	0.1591278227862293	0.21864899095630158	MASKED_ENHANCED
isch_stroke_tia_periph_neuro	0.3908520803906041	0.3385549730619927	PERSISTENT
isch_stroke_tia_peripheral_arterial	0.7442029940828079	0.7269032547837773	ATTENUATED
isch_stroke_tia_PMR	0.254115980155616	0.23418339627489887	UNSTABLE
isch_stroke_tia_pri_bladder	0.08468891100363399	0.07118437614001287	UNSTABLE
isch_stroke_tia_pri_breast	0.0068789152154597666	0.016181860850108608	UNSTABLE
isch_stroke_tia_pri_colorectal	0.0804543882494313	0.06547670472134981	UNSTABLE
isch_stroke_tia_pri_prost	0.0667523153104278	0.11212677995081878	UNSTABLE
isch_stroke_tia_pri_skin	0.020781584157966954	0.013694558735012482	UNSTABLE
isch_stroke_tia_psoriasis	0.1362861236699047	0.06063065433328806	UNSTABLE
isch_stroke_tia_RA	0.33709161889121325	0.26382117270050726	ATTENUATED
isch_stroke_tia_raynauds	0.16211623591379867	0.16826451086130972	UNSTABLE
isch_stroke_tia_retinal_detach	0.015918260231114235	0.006430198524734487	UNSTABLE
isch_stroke_tia_schizo	0.03233010686044817	0.048554414703055195	UNSTABLE
isch_stroke_tia_scoliosis	0.013567884535283608	0.01186681474541141	UNSTABLE
isch_stroke_tia_sinusitis	0.10014116225784245	0.03396754106248664	UNSTABLE
isch_stroke_tia_sleep_apnoea	0.3536590295949344	0.27497162857802354	ATTENUATED
isch_stroke_tia_spondylolisthesis	0.16980940794000715	0.10849730943474495	UNSTABLE
isch_stroke_tia_spondylosis	0.369888352343416	0.27627305031608607	ATTENUATED
isch_stroke_tia_stroke_all	0.8972141187016454	0.8814635440274805	ATTENUATED
isch_stroke_tia_tendon	0.2657047103820836	0.18849983463339542	ATTENUATED
isch_stroke_tia_thromboembolic	0.2975108963781108	0.2657472570520699	ATTENUATED
isch_stroke_tia_TIA	0.9102292005637556	0.9051655218139797	ATTENUATED
isch_stroke_tia_tinnitus	0.11080103999998367	0.1376224062966199	UNSTABLE
isch_stroke_tia_ulc_colitis	0.05384975046355702	0.053621657315570066	UNSTABLE
isch_stroke_tia_ulcer_peptic	0.2763165816432278	0.1331417711661573	PERSISTENT
isch_stroke_tia_urine_incont	0.27510357165860216	0.1973425175009729	ATTENUATED
isch_stroke_tia_urolithiasis	0.17903458310996448	0.1761087361365712	ATTENUATED
isch_stroke_tia_valve_nonrheumatic	0.5767876708366546	0.5156417342581776	ATTENUATED
migraine_OA	0.24365869756511238	0.23637219301922818	ATTENUATED
migraine_osteoporosis	0.24547288203867507	0.24203166994393913	ATTENUATED
migraine_periph_neuro	0.2736162097311233	0.30681395502662434	ATTENUATED
migraine_peripheral_arterial	0.15746234708839638	0.13309308363763353	PERSISTENT
migraine_PMR	0.11369695790649452	0.10342375777531576	PERSISTENT
migraine_pri_bladder	0.07031236872322519	0.045489899357713026	UNSTABLE
migraine_pri_breast	0.058571667469146466	0.06231138878420487	ATTENUATED
migraine_pri_colorectal	0.02153771683046075	0.02222689972727846	UNSTABLE
migraine_pri_prost	0.030217360804099574	0.04084721404538046	UNSTABLE
migraine_pri_skin	0.027023591240350562	0.030078639043606657	UNSTABLE
migraine_psoriasis	0.07558625175736876	0.0468344817432268	UNSTABLE
migraine_RA	0.22709446594684685	0.20901488970699816	ATTENUATED
migraine_raynauds	0.1342389696160256	0.11620513808461182	PERSISTENT
migraine_retinal_detach	0.11008058776523628	0.11739655700177198	ATTENUATED
migraine_schizo	0.0010254985526233131	0.004960992871684656	UNSTABLE
migraine_scoliosis	0.15450126153122604	0.14133815777294212	ATTENUATED
migraine_sinusitis	0.2890608597389047	0.27207963322148165	ATTENUATED
migraine_sleep_apnoea	0.2576597648614398	0.27946164497050713	ATTENUATED
migraine_spondylolisthesis	0.21445054969724042	0.19341547114689084	ATTENUATED
migraine_spondylosis	0.41137001178364296	0.4230292034253273	ATTENUATED
migraine_stroke_all	0.2606733408298979	0.2639786258829561	ATTENUATED
migraine_tendon	0.3588150393025956	0.35154224057551536	ATTENUATED
migraine_thromboembolic	0.24670581677620004	0.2548665600245538	ATTENUATED
migraine_TIA	0.42310788360052015	0.425314460923787	ATTENUATED
migraine_tinnitus	0.23841323128836753	0.2305614036956132	ATTENUATED
migraine_ulc_colitis	0.08703297470051156	0.0894103796541753	ATTENUATED
migraine_ulcer_peptic	0.25333014536654774	0.2292043500767766	ATTENUATED
migraine_urine_incont	0.30813042242072364	0.30141570513281335	ATTENUATED
migraine_urolithiasis	0.19498386233147594	0.19104434740325488	ATTENUATED
migraine_valve_nonrheumatic	0.09398566808012825	0.0865208533191813	PERSISTENT
OA_osteoporosis	0.0545064783249517	0.11988092628873348	UNSTABLE
OA_periph_neuro	0.6593716174603824	0.6133559322196396	ATTENUATED
OA_peripheral_arterial	0.3520853536579532	0.1860518792186063	PERSISTENT
OA_PMR	0.21911620666221773	0.1913901915196021	ATTENUATED
OA_pri_bladder	0.02484507752364321	0.029571628790959627	UNSTABLE
OA_pri_breast	0.023862280165971344	0.004779485820686134	UNSTABLE
OA_pri_colorectal	0.03506606276304136	0.0455990631462057	UNSTABLE
OA_pri_prost	0.05543351279128794	0.00781804233516951	UNSTABLE
OA_pri_skin	0.06380884471132604	0.1260020883738218	MASKED_ENHANCED
OA_psoriasis	0.17354016708063014	0.0721866973725318	PERSISTENT
OA_RA	0.33796489271227526	0.27350742654307725	ATTENUATED
OA_raynauds	0.10635811110869073	0.13462608497659467	PERSISTENT
OA_retinal_detach	0.02533330165046747	0.006707470013298363	UNSTABLE
OA_schizo	0.10884890747571364	0.06769769979250151	ATTENUATED
OA_scoliosis	0.38563553753498936	0.44257191580424804	MASKED_ENHANCED
OA_sinusitis	0.339214591317963	0.31138108550912236	ATTENUATED
OA_sleep_apnoea	0.3747395395624272	0.1730004538913592	ATTENUATED
OA_spondylolisthesis	0.5456306552391482	0.5048436366275694	ATTENUATED
OA_spondylosis	0.7382033095426269	0.6714426541558262	ATTENUATED
OA_stroke_all	0.22698470505820167	0.14288799785031217	ATTENUATED
OA_tendon	0.613742362193551	0.5534953630180673	ATTENUATED
OA_thromboembolic	0.2656518131482988	0.13347971205108958	ATTENUATED
OA_TIA	0.21019405272355549	0.13420738031220633	ATTENUATED
OA_tinnitus	0.1651653692390629	0.19653303424463725	ATTENUATED
OA_ulc_colitis	0.026641908323277584	0.047123235151540495	UNSTABLE
OA_ulcer_peptic	0.39386822181854636	0.2683040702814532	ATTENUATED
OA_urine_incont	0.3981370740564854	0.2790585048455752	ATTENUATED
OA_urolithiasis	0.05948016262560831	0.0010368262254042738	UNSTABLE
OA_valve_nonrheumatic	0.2705892799191193	0.2230202923591646	ATTENUATED
osteoporosis_periph_neuro	0.08734264897723727	0.1943731559716978	UNSTABLE
osteoporosis_peripheral_arterial	0.15930434311565983	0.3221278442253045	MASKED_ENHANCED
osteoporosis_PMR	0.1645815542732864	0.1768755486682623	ATTENUATED
osteoporosis_pri_bladder	0.08740025523591782	0.07033636292096777	UNSTABLE
osteoporosis_pri_breast	0.04015675450115196	0.036921324043781664	UNSTABLE
osteoporosis_pri_colorectal	0.06869962067505539	0.08183078063568139	UNSTABLE
osteoporosis_pri_prost	0.010121216093470331	0.011125881802423151	UNSTABLE
osteoporosis_pri_skin	0.01166470300143981	0.008776423757705605	UNSTABLE
osteoporosis_psoriasis	0.13385106358989146	0.1538601395767871	ATTENUATED
osteoporosis_RA	0.18503248814150866	0.21613109805316266	ATTENUATED
osteoporosis_raynauds	0.3410815472662516	0.30787397024597196	ATTENUATED
osteoporosis_retinal_detach	0.003709430501982147	0.01976972557114731	UNSTABLE
osteoporosis_schizo	0.07515927368622029	0.05946289112598091	PERSISTENT
osteoporosis_scoliosis	0.12239367058047627	0.10167825800450969	PERSISTENT
osteoporosis_sinusitis	0.16921081775802568	0.15836333929827323	PERSISTENT
osteoporosis_sleep_apnoea	0.02907246637410947	0.14994484003508818	UNSTABLE
osteoporosis_spondylolisthesis	0.2090773518099561	0.2418407552026097	ATTENUATED
osteoporosis_spondylosis	0.1221534145375617	0.19014729239064737	MASKED_ENHANCED
osteoporosis_stroke_all	0.08285962474911328	0.14460628503674317	UNSTABLE
osteoporosis_tendon	0.17672401895291373	0.2152445556402916	ATTENUATED
osteoporosis_thromboembolic	0.048699198051374515	0.1099113684733502	UNSTABLE
osteoporosis_TIA	0.22222153018941318	0.27148300444206275	ATTENUATED
osteoporosis_tinnitus	0.19765986764980376	0.16040424194364827	ATTENUATED
osteoporosis_ulc_colitis	0.14808736054233038	0.1434975364484332	ATTENUATED
osteoporosis_ulcer_peptic	0.15230245082124824	0.20749435237929736	MASKED_ENHANCED
osteoporosis_urine_incont	0.15566693043600882	0.20808378148540052	MASKED_ENHANCED
osteoporosis_urolithiasis	0.12451257261378489	0.15133671856963712	ATTENUATED
osteoporosis_valve_nonrheumatic	0.18152843958839032	0.23347195661501996	MASKED_ENHANCED
periph_neuro_peripheral_arterial	0.46555202923018957	0.26166769048022087	PERSISTENT
periph_neuro_PMR	0.30212419715562655	0.3060468030327028	PERSISTENT
periph_neuro_pri_bladder	0.0715289518317113	0.04245801407511727	UNSTABLE
periph_neuro_pri_breast	0.13081733873953036	0.1766875694561736	ATTENUATED
periph_neuro_pri_colorectal	0.13685670591388308	0.1715211548688217	UNSTABLE
periph_neuro_pri_prost	0.04677080867705805	0.014562798014021728	UNSTABLE
periph_neuro_pri_skin	0.010074985922458089	0.05304508387613201	UNSTABLE
periph_neuro_psoriasis	0.34497499957198985	0.2809945007680834	ATTENUATED
periph_neuro_RA	0.4172648801126641	0.32755053048014454	ATTENUATED
periph_neuro_raynauds	0.011964581656867423	0.04727875538936757	UNSTABLE
periph_neuro_retinal_detach	0.060365068565245976	0.00044924424782744586	UNSTABLE
periph_neuro_schizo	0.03806153737238337	0.021100394280709485	UNSTABLE
periph_neuro_scoliosis	0.310208119023616	0.4133796032744706	MASKED_ENHANCED
periph_neuro_sinusitis	0.378748180819863	0.3845058754182735	ATTENUATED
periph_neuro_sleep_apnoea	0.36571286128127545	0.17864806258457203	PERSISTENT
periph_neuro_spondylolisthesis	0.6186233576380691	0.6098382631736687	ATTENUATED
periph_neuro_spondylosis	0.7311645485039054	0.6667020567236629	ATTENUATED
periph_neuro_stroke_all	0.3075723987215125	0.24979154560650502	PERSISTENT
periph_neuro_tendon	0.6410744036612611	0.5641709144152885	ATTENUATED
periph_neuro_thromboembolic	0.28892294418830317	0.12299588238155715	PERSISTENT
periph_neuro_TIA	0.268328486655731	0.17007743797291472	PERSISTENT
periph_neuro_tinnitus	0.16924678722337466	0.2808314307945633	UNSTABLE
periph_neuro_ulc_colitis	0.019237816537078928	0.03832535655982565	UNSTABLE
periph_neuro_ulcer_peptic	0.4463150734030704	0.26867199783236806	ATTENUATED
periph_neuro_urine_incont	0.41036655393807187	0.2801078872489031	ATTENUATED
periph_neuro_urolithiasis	0.17371850167421662	0.15203443791711022	PERSISTENT
periph_neuro_valve_nonrheumatic	0.16176361120281157	0.06256237764331232	PERSISTENT
peripheral_arterial_PMR	0.2271423420812337	0.2092590964226006	PERSISTENT
peripheral_arterial_pri_bladder	0.1261626093593582	0.12246631315274452	UNSTABLE
peripheral_arterial_pri_breast	0.01809221621552381	0.04048711829389618	UNSTABLE
peripheral_arterial_pri_colorectal	0.047510638583502435	0.048247401222597276	UNSTABLE
peripheral_arterial_pri_prost	0.09939487645590976	0.2098234990728579	UNSTABLE
peripheral_arterial_pri_skin	0.06594030186086923	0.0123156930557747	UNSTABLE
peripheral_arterial_psoriasis	0.36923643762025476	0.30865682153936275	ATTENUATED
peripheral_arterial_RA	0.2972352135121083	0.1336011381447001	PERSISTENT
peripheral_arterial_raynauds	0.2920081201595937	0.4251449568952733	MASKED_ENHANCED
peripheral_arterial_retinal_detach	0.03477470436708412	0.12603259600043298	UNSTABLE
peripheral_arterial_schizo	0.08694208015098952	0.15075412092171045	UNSTABLE
peripheral_arterial_scoliosis	0.1026460645031116	0.1325058858322726	UNSTABLE
peripheral_arterial_sinusitis	0.2972826620250907	0.2648821173516397	PERSISTENT
peripheral_arterial_sleep_apnoea	0.377738507818556	0.16935021143850174	PERSISTENT
peripheral_arterial_spondylolisthesis	0.31029143249448293	0.2212648741240435	PERSISTENT
peripheral_arterial_spondylosis	0.6282510632731423	0.5297686059564101	ATTENUATED
peripheral_arterial_stroke_all	0.6076890202678026	0.5373972946619315	ATTENUATED
peripheral_arterial_tendon	0.525906397245472	0.4493261429362844	ATTENUATED
peripheral_arterial_thromboembolic	0.32321749316136916	0.2644792016003435	ATTENUATED
peripheral_arterial_TIA	0.49210008532981203	0.3829979742229324	ATTENUATED
peripheral_arterial_tinnitus	0.0047676292256108345	0.034837742830667144	UNSTABLE
peripheral_arterial_ulc_colitis	0.03425482002914451	0.05220539575350143	UNSTABLE
peripheral_arterial_ulcer_peptic	0.6787149619021984	0.5708281258984953	ATTENUATED
peripheral_arterial_urine_incont	0.3741468817446526	0.25280692985620135	ATTENUATED
peripheral_arterial_urolithiasis	0.06803243517342784	0.020171487383273873	UNSTABLE
peripheral_arterial_valve_nonrheumatic	0.48859203502727455	0.4135235096817734	ATTENUATED
PMR_pri_bladder	0.23870817092305685	0.24186798236854762	UNSTABLE
PMR_pri_breast	0.04601568394517547	0.04147931313813221	UNSTABLE
PMR_pri_colorectal	0.13786969882094374	0.13846961713136938	UNSTABLE
PMR_pri_prost	0.03526793086277693	0.046826485583543735	UNSTABLE
PMR_pri_skin	0.11311990869313818	0.10523722376031766	PERSISTENT
PMR_psoriasis	0.21121434701813765	0.18894370933629095	PERSISTENT
PMR_RA	0.48082007678277655	0.4782312199011976	ATTENUATED
PMR_raynauds	0.17995199164103587	0.18042955900289004	UNSTABLE
PMR_retinal_detach	0.05115060447107382	0.05769029878964046	UNSTABLE
PMR_schizo	0.052922294397217275	0.07215806488643205	UNSTABLE
PMR_scoliosis	0.19994699631333804	0.19767091844897505	PERSISTENT
PMR_sinusitis	0.412612619160097	0.4024550914984629	ATTENUATED
PMR_sleep_apnoea	0.25164698712246314	0.2449830566321963	ATTENUATED
PMR_spondylolisthesis	0.30363665882645724	0.28810562895554703	ATTENUATED
PMR_spondylosis	0.21983930302190213	0.18626023876041417	PERSISTENT
PMR_stroke_all	0.2844084038879615	0.2740079827237261	ATTENUATED
PMR_tendon	0.2628739653158419	0.234851695516268	ATTENUATED
PMR_thromboembolic	0.1119669710091644	0.08977669143439265	UNSTABLE
PMR_TIA	0.2728447074789545	0.25361104201483137	ATTENUATED
PMR_tinnitus	0.28009625993855447	0.2852440616175993	ATTENUATED
PMR_ulc_colitis	0.11025251429278082	0.11209179332834905	UNSTABLE
PMR_ulcer_peptic	0.19188613261380214	0.15847760271845437	PERSISTENT
PMR_urine_incont	0.2861977030036315	0.2692289208299144	ATTENUATED
PMR_urolithiasis	0.10554810406175816	0.0965164211355807	UNSTABLE
PMR_valve_nonrheumatic	0.20510886168366635	0.17941417982473282	PERSISTENT
pri_bladder_pri_breast	0.08545178211976848	0.09312580302512728	UNSTABLE
pri_bladder_pri_colorectal	0.028390667020673648	0.041330518963243926	UNSTABLE
pri_bladder_pri_prost	0.018496620448474877	0.043785871842028125	UNSTABLE
pri_bladder_pri_skin	0.010030941616482927	0.005931380978062331	UNSTABLE
pri_bladder_psoriasis	0.15664076652910044	0.12715197114145016	UNSTABLE
pri_bladder_RA	0.043905319004350164	0.0957956572574061	UNSTABLE
pri_bladder_raynauds	0.15353028957638223	0.13076734513188623	UNSTABLE
pri_bladder_retinal_detach	0.04976406171718991	0.060117564774491164	UNSTABLE
pri_bladder_schizo	0.008814471981217925	0.018865058486449694	UNSTABLE
pri_bladder_scoliosis	0.08060834368576426	0.0704484827591656	UNSTABLE
pri_bladder_sinusitis	0.03485777517442033	0.0058956998637488866	UNSTABLE
pri_bladder_sleep_apnoea	0.017129315957371972	0.019653482260097516	UNSTABLE
pri_bladder_spondylolisthesis	0.08421525114467154	0.1343937118421427	UNSTABLE
pri_bladder_spondylosis	0.033821611756626714	0.11351127962099125	UNSTABLE
pri_bladder_stroke_all	0.01329564798179193	0.005734301024884138	UNSTABLE
pri_bladder_tendon	0.06669261849248564	0.023777412067411706	UNSTABLE
pri_bladder_thromboembolic	0.05890494801891235	0.09995930578416681	UNSTABLE
pri_bladder_TIA	0.10118070849144109	0.08797269535852402	UNSTABLE
pri_bladder_tinnitus	0.05918749696150164	0.03904561841010573	UNSTABLE
pri_bladder_ulc_colitis	0.025619614036108705	0.027855707763275665	UNSTABLE
pri_bladder_ulcer_peptic	0.14658570450393296	0.09489982984613902	UNSTABLE
pri_bladder_urine_incont	0.0065055920777781565	0.051502601291937566	UNSTABLE
pri_bladder_urolithiasis	0.006251643055212527	0.0013076982899260874	UNSTABLE
pri_bladder_valve_nonrheumatic	0.004406349325000277	0.0013789510072016874	UNSTABLE
pri_breast_pri_colorectal	0.09449382304918817	0.09622642908960655	ATTENUATED
pri_breast_pri_prost	0.12213863474114912	0.1158791094688271	ATTENUATED
pri_breast_pri_skin	0.16750598385427	0.16448749130982898	ATTENUATED
pri_breast_psoriasis	0.015766949462997056	0.025468894309809618	UNSTABLE
pri_breast_RA	0.00846412619271269	0.006431481433358084	UNSTABLE
pri_breast_raynauds	0.06216858987083025	0.06865192197110988	UNSTABLE
pri_breast_retinal_detach	0.018476023396365986	0.019990052645012104	UNSTABLE
pri_breast_schizo	0.10790956686289312	0.09764470040411838	ATTENUATED
pri_breast_scoliosis	0.06007565458498848	0.06222169126578738	UNSTABLE
pri_breast_sinusitis	0.08202564115066316	0.0927628530057341	UNSTABLE
pri_breast_sleep_apnoea	0.0078071106075732755	0.024316011610957495	UNSTABLE
pri_breast_spondylolisthesis	0.026373130029608467	0.035824477333104635	UNSTABLE
pri_breast_spondylosis	0.011687651399082646	0.0360589785397189	UNSTABLE
pri_breast_stroke_all	0.000451943520406572	0.008905835120351955	UNSTABLE
pri_breast_tendon	0.0917561132335103	0.0899254629583678	ATTENUATED
pri_breast_thromboembolic	0.043749278006502565	0.061855145196342845	UNSTABLE
pri_breast_TIA	0.003552144353054269	0.0005499603500807875	UNSTABLE
pri_breast_tinnitus	0.0378606003585134	0.032794851102169204	UNSTABLE
pri_breast_ulc_colitis	0.10441405633803857	0.10316901309102376	ATTENUATED
pri_breast_ulcer_peptic	0.06934702497324083	0.07204488368539794	UNSTABLE
pri_breast_urine_incont	0.04181882917079418	0.0296518921526953	UNSTABLE
pri_breast_urolithiasis	0.08442078187853053	0.09237801889017482	ATTENUATED
pri_breast_valve_nonrheumatic	0.02602050317891289	0.03480372183695257	UNSTABLE
pri_colorectal_pri_prost	0.0907801395320059	0.08253559837547551	UNSTABLE
pri_colorectal_pri_skin	0.1449398590658155	0.1468631362618613	ATTENUATED
pri_colorectal_psoriasis	0.011991483307845953	0.018061564652968633	UNSTABLE
pri_colorectal_RA	0.04537694634743478	0.03352978199179384	UNSTABLE
pri_colorectal_raynauds	0.08501272850087847	0.07065432456983844	UNSTABLE
pri_colorectal_retinal_detach	0.05219578301457684	0.051018676525327426	UNSTABLE
pri_colorectal_schizo	0.011668606063423083	0.0028360003590415365	UNSTABLE
pri_colorectal_scoliosis	0.04896507743741451	0.05124808032068368	UNSTABLE
pri_colorectal_sinusitis	0.10376193169584388	0.08969766814243203	UNSTABLE
pri_colorectal_sleep_apnoea	0.03596707824032649	0.05853491334852875	UNSTABLE
pri_colorectal_spondylolisthesis	0.040042532311998794	0.04073786371729981	UNSTABLE
pri_colorectal_spondylosis	0.01024642260373272	0.016312204306697616	UNSTABLE
pri_colorectal_stroke_all	0.15176481540717396	0.15098091281723594	PERSISTENT
pri_colorectal_tendon	0.04370261947531353	0.04510755309524925	UNSTABLE
pri_colorectal_thromboembolic	0.00202092768910011	0.002700872062898457	UNSTABLE
pri_colorectal_TIA	0.14783187167148615	0.1457512377514277	PERSISTENT
pri_colorectal_tinnitus	0.010595133097712045	0.0009195610304275936	UNSTABLE
pri_colorectal_ulc_colitis	0.026694072918769726	0.03422963716579606	UNSTABLE
pri_colorectal_ulcer_peptic	0.07940093436768865	0.07829169443394492	UNSTABLE
pri_colorectal_urine_incont	0.1169008347116187	0.11914992272427138	PERSISTENT
pri_colorectal_urolithiasis	0.13763437343750107	0.13077098165999257	ATTENUATED
pri_colorectal_valve_nonrheumatic	0.05595252621208274	0.0456497474077901	UNSTABLE
pri_prost_pri_skin	0.1538264110244176	0.1475080502104123	ATTENUATED
pri_prost_psoriasis	0.11864354045515059	0.0969375435278244	PERSISTENT
pri_prost_RA	0.012586100808039452	0.042654379332438666	UNSTABLE
pri_prost_raynauds	0.08939780359022098	0.07656576687422706	UNSTABLE
pri_prost_retinal_detach	0.01733874313906484	0.01532560455247822	UNSTABLE
pri_prost_schizo	0.0035505118610278134	0.0019603898475136715	UNSTABLE
pri_prost_scoliosis	0.038971627791615886	0.0435764571203902	UNSTABLE
pri_prost_sinusitis	0.0188226900835343	0.049622527326715384	UNSTABLE
pri_prost_sleep_apnoea	0.008241208907644041	0.042905739516887385	UNSTABLE
pri_prost_spondylolisthesis	0.038716717858834716	0.06660399128634466	UNSTABLE
pri_prost_spondylosis	0.010328955495677635	0.04421448841981349	UNSTABLE
pri_prost_stroke_all	0.07774639059933475	0.1192288310894714	UNSTABLE
pri_prost_tendon	0.007797514665489513	0.028956425036989916	UNSTABLE
pri_prost_thromboembolic	0.018596293569746833	0.012078939362381443	UNSTABLE
pri_prost_TIA	0.043205110620743455	0.0703554179164744	UNSTABLE
pri_prost_tinnitus	0.04429035484634985	0.05925704400132419	UNSTABLE
pri_prost_ulc_colitis	0.008557869969699873	0.007085892030299295	UNSTABLE
pri_prost_ulcer_peptic	0.07881743958219495	0.043577744508078664	UNSTABLE
pri_prost_urine_incont	0.09102270081382785	0.1428117449102066	MASKED_ENHANCED
pri_prost_urolithiasis	0.026294284303283292	0.03323176674662612	UNSTABLE
pri_prost_valve_nonrheumatic	0.0599975181343369	0.04250973482939809	UNSTABLE
pri_skin_psoriasis	0.0446834698567724	0.02498168669510577	UNSTABLE
pri_skin_RA	0.12793547669208366	0.11043696069638345	ATTENUATED
pri_skin_raynauds	0.043747657144815516	0.032969472992702364	UNSTABLE
pri_skin_retinal_detach	0.020945401679300545	0.030316375561885656	UNSTABLE
pri_skin_schizo	0.04666568259758526	0.05740906360354739	UNSTABLE
pri_skin_scoliosis	0.026171540879258517	0.0203106734279196	UNSTABLE
pri_skin_sinusitis	0.016273013481055438	0.0074907466329843485	UNSTABLE
pri_skin_sleep_apnoea	0.007040982557323524	0.06264546078117447	UNSTABLE
pri_skin_spondylolisthesis	0.003305259280515423	0.020684737807391513	UNSTABLE
pri_skin_spondylosis	0.05874656026399332	0.12177971493453729	UNSTABLE
pri_skin_stroke_all	0.0068819630165738764	0.04563004865513026	UNSTABLE
pri_skin_tendon	0.006143212004474531	0.039890387425371585	UNSTABLE
pri_skin_thromboembolic	0.020927316572484853	0.016528154621488957	UNSTABLE
pri_skin_TIA	0.0024081606734485854	0.02536233083962118	UNSTABLE
pri_skin_tinnitus	0.019039710731427757	0.007213750505191123	UNSTABLE
pri_skin_ulc_colitis	0.005100338899730686	0.002260254810647161	UNSTABLE
pri_skin_ulcer_peptic	0.10189129756778946	0.07464034031992962	PERSISTENT
pri_skin_urine_incont	0.02814202036060104	0.007989430497531896	UNSTABLE
pri_skin_urolithiasis	0.05149269005412779	0.06465680132605932	UNSTABLE
pri_skin_valve_nonrheumatic	0.008289984669969174	0.0359416227802578	UNSTABLE
psoriasis_RA	0.32957728896732763	0.274370053056518	ATTENUATED
psoriasis_raynauds	0.015385133756600056	0.029760102428471692	UNSTABLE
psoriasis_retinal_detach	0.07803315677865717	0.06135643796975145	UNSTABLE
psoriasis_schizo	0.012558881332189338	0.020122227284763473	UNSTABLE
psoriasis_scoliosis	0.06726432521376761	0.061020688042348774	UNSTABLE
psoriasis_sinusitis	0.3230480715107848	0.2873977552448629	ATTENUATED
psoriasis_sleep_apnoea	0.18596237004272786	0.09323162881575585	PERSISTENT
psoriasis_spondylolisthesis	0.14302662477253594	0.0767171869812464	UNSTABLE
psoriasis_spondylosis	0.26567889703372183	0.1621031301195438	ATTENUATED
psoriasis_stroke_all	0.10626402321702863	0.03607230957055823	UNSTABLE
psoriasis_tendon	0.15689612823363433	0.0584719397498011	PERSISTENT
psoriasis_thromboembolic	0.14319572710858341	0.07911792134017508	PERSISTENT
psoriasis_TIA	0.11845060224516091	0.05045326080093565	UNSTABLE
psoriasis_tinnitus	0.12509772926747462	0.12851416383175177	UNSTABLE
psoriasis_ulc_colitis	0.25344072043114985	0.2658544106580635	ATTENUATED
psoriasis_ulcer_peptic	0.11455375152329296	0.01810580674322945	UNSTABLE
psoriasis_urine_incont	0.2141283624572643	0.13421330629050296	PERSISTENT
psoriasis_urolithiasis	0.09326438625613434	0.07285268211565635	PERSISTENT
psoriasis_valve_nonrheumatic	0.14566866901003478	0.097770075933359	PERSISTENT
RA_raynauds	0.2085805489592911	0.22157182662001032	ATTENUATED
RA_retinal_detach	0.08218106312109184	0.056341274718075415	UNSTABLE
RA_schizo	0.12741538030386165	0.12544384216758117	ATTENUATED
RA_scoliosis	0.15549670998505574	0.1615849997869823	PERSISTENT
RA_sinusitis	0.3575109545458467	0.32021097254063596	ATTENUATED
RA_sleep_apnoea	0.1952117899366467	0.10229795890185693	ATTENUATED
RA_spondylolisthesis	0.29761060379356785	0.23370565967611473	ATTENUATED
RA_spondylosis	0.429744810519895	0.3435782132694763	ATTENUATED
RA_stroke_all	0.27908859106443995	0.21049116668559975	ATTENUATED
RA_tendon	0.35235458603894243	0.26678331823090246	ATTENUATED
RA_thromboembolic	0.2701767047533073	0.21004071219372766	ATTENUATED
RA_TIA	0.27049445505753916	0.19317385635122084	ATTENUATED
RA_tinnitus	0.15886878008126643	0.18203928253790835	UNSTABLE
RA_ulc_colitis	0.16928260969027634	0.17874424135479544	ATTENUATED
RA_ulcer_peptic	0.4224692695828431	0.31606324340801045	ATTENUATED
RA_urine_incont	0.2875458098318447	0.20103283376983264	ATTENUATED
RA_urolithiasis	0.0315608431362291	0.012205522006677894	UNSTABLE
RA_valve_nonrheumatic	0.2539546339826786	0.20154143014863268	ATTENUATED
raynauds_retinal_detach	0.004161591647389268	0.01428423361521266	UNSTABLE
raynauds_schizo	0.07401729342802182	0.07451133747653754	UNSTABLE
raynauds_scoliosis	0.22291575291919222	0.2002858357698999	PERSISTENT
raynauds_sinusitis	0.17990375965179414	0.14364421807491548	UNSTABLE
raynauds_sleep_apnoea	0.10028312610248531	0.1887138996344414	UNSTABLE
raynauds_spondylolisthesis	0.17462099745109944	0.18958226392739022	UNSTABLE
raynauds_spondylosis	0.28801377086921215	0.3443702731047959	MASKED_ENHANCED
raynauds_stroke_all	0.10524129924306506	0.1192176537943395	UNSTABLE
raynauds_tendon	0.20533845951241905	0.22125253664808645	ATTENUATED
raynauds_thromboembolic	0.11319188091436921	0.16906900263664967	UNSTABLE
raynauds_TIA	0.12580985854260138	0.13236188537748267	UNSTABLE
raynauds_tinnitus	0.15769639176329764	0.1037028957644034	UNSTABLE
raynauds_ulc_colitis	0.03803071684281633	0.028131972582061314	UNSTABLE
raynauds_ulcer_peptic	0.16307058598681679	0.17811269770455687	UNSTABLE
raynauds_urine_incont	0.24882677989544014	0.2842218259025521	ATTENUATED
raynauds_urolithiasis	0.047676413412782635	0.034313339377839515	UNSTABLE
raynauds_valve_nonrheumatic	0.1098337863353024	0.11440146383530392	UNSTABLE
retinal_detach_schizo	0.040352701103349604	0.03333703913535346	UNSTABLE
retinal_detach_scoliosis	0.09223663417060687	0.10026848753964497	UNSTABLE
retinal_detach_sinusitis	0.017157462988864853	0.023170816728875936	UNSTABLE
retinal_detach_sleep_apnoea	0.02328762235779399	0.02348517832931891	UNSTABLE
retinal_detach_spondylolisthesis	0.020879198521741107	0.0051215459782555485	UNSTABLE
retinal_detach_spondylosis	0.13802832459591158	0.114255540736481	PERSISTENT
retinal_detach_stroke_all	0.08832177728292263	0.12255002626795473	UNSTABLE
retinal_detach_tendon	0.03859948696839508	0.07836394887725981	UNSTABLE
retinal_detach_thromboembolic	0.0573159535820427	0.09822016807282787	UNSTABLE
retinal_detach_TIA	0.17398812410484385	0.21183327343755973	ATTENUATED
retinal_detach_tinnitus	0.009374654243264292	0.029121847442024115	UNSTABLE
retinal_detach_ulc_colitis	0.04707599009156342	0.04419441439871438	UNSTABLE
retinal_detach_ulcer_peptic	0.09833477922968845	0.16688162580381363	UNSTABLE
retinal_detach_urine_incont	0.09536045688191642	0.13915479971855887	UNSTABLE
retinal_detach_urolithiasis	0.045056297756451556	0.03597450418046721	UNSTABLE
retinal_detach_valve_nonrheumatic	0.03482715846597023	0.050688434853142735	UNSTABLE
schizo_scoliosis	0.04304802287704987	0.04514243705974761	UNSTABLE
schizo_sinusitis	0.07981304455539304	0.09016220490872387	UNSTABLE
schizo_sleep_apnoea	0.05314284551730262	0.12826756650050278	MASKED_ENHANCED
schizo_spondylolisthesis	0.05986655192026411	0.06703170821963396	UNSTABLE
schizo_spondylosis	0.03453993759400832	0.07446823783646815	UNSTABLE
schizo_stroke_all	0.016831377438735508	0.027939320853888727	UNSTABLE
schizo_tendon	0.18930990403105522	0.19082710648269957	ATTENUATED
schizo_thromboembolic	0.0013572167067740205	0.023041981073992395	UNSTABLE
schizo_TIA	4.962214295241647e-05	0.0007109244914724265	UNSTABLE
schizo_tinnitus	0.1255966937585244	0.14235508229535734	ATTENUATED
schizo_ulc_colitis	0.08272560201035098	0.08053610900609451	ATTENUATED
schizo_ulcer_peptic	0.09573966022017988	0.1058764933582199	ATTENUATED
schizo_urine_incont	0.07777495802159193	0.09926425251774726	ATTENUATED
schizo_urolithiasis	0.020002300203922765	0.005247551561649508	UNSTABLE
schizo_valve_nonrheumatic	0.011277009827633069	0.044217673208145285	UNSTABLE
scoliosis_sinusitis	0.030891472917652773	0.011088500352157893	UNSTABLE
scoliosis_sleep_apnoea	0.09822551231255716	0.14129703349383127	UNSTABLE
scoliosis_spondylolisthesis	0.4575373443151352	0.47651571876726045	ATTENUATED
scoliosis_spondylosis	0.3872556368601063	0.4443834386298098	MASKED_ENHANCED
scoliosis_stroke_all	0.10747807817390542	0.12287606672598908	UNSTABLE
scoliosis_tendon	0.22599659732397231	0.23577550872972583	ATTENUATED
scoliosis_thromboembolic	0.011030931648053676	0.0069113273303872845	UNSTABLE
scoliosis_TIA	0.19534414973208816	0.2055092161081735	PERSISTENT
scoliosis_tinnitus	0.19212168094483273	0.17095642256589336	UNSTABLE
scoliosis_ulc_colitis	0.12052390653933394	0.11958048639450507	PERSISTENT
scoliosis_ulcer_peptic	0.17408897119478428	0.18808350818449152	PERSISTENT
scoliosis_urine_incont	0.1322340209440948	0.14502933756679812	UNSTABLE
scoliosis_urolithiasis	0.024679763364419537	0.022566198936854253	UNSTABLE
scoliosis_valve_nonrheumatic	0.19348072374767272	0.20711867142680473	ATTENUATED
sinusitis_sleep_apnoea	0.22564540236304517	0.22183097610435557	ATTENUATED
sinusitis_spondylolisthesis	0.2903725233253843	0.25745940261111633	PERSISTENT
sinusitis_spondylosis	0.5027558829615457	0.488089977012668	ATTENUATED
sinusitis_stroke_all	0.004697862822672085	0.06382982958915503	UNSTABLE
sinusitis_tendon	0.453981281081178	0.4190142668947251	ATTENUATED
sinusitis_thromboembolic	0.15726832019578862	0.13309437037760533	PERSISTENT
sinusitis_TIA	0.20414373388217638	0.16283582634931018	PERSISTENT
sinusitis_tinnitus	0.34664872793478035	0.33311073647088	ATTENUATED
sinusitis_ulc_colitis	0.14496712632423198	0.14411607528522147	PERSISTENT
sinusitis_ulcer_peptic	0.2780417188544438	0.2106793572887477	PERSISTENT
sinusitis_urine_incont	0.4022708631050089	0.3735837245352723	ATTENUATED
sinusitis_urolithiasis	0.047180564416184165	0.04327105370774477	UNSTABLE
sinusitis_valve_nonrheumatic	0.012459952599813695	0.06857431400536879	UNSTABLE
sleep_apnoea_spondylolisthesis	0.275100464343805	0.18921036930858537	ATTENUATED
sleep_apnoea_spondylosis	0.43977847025468286	0.28096475394982545	ATTENUATED
sleep_apnoea_stroke_all	0.33702339324119973	0.2367344265697182	ATTENUATED
sleep_apnoea_tendon	0.3927888971213446	0.3126025146714636	ATTENUATED
sleep_apnoea_thromboembolic	0.2838364964737845	0.13561991814998423	ATTENUATED
sleep_apnoea_TIA	0.3710992393347021	0.32031994163770033	ATTENUATED
sleep_apnoea_tinnitus	0.060379685170530356	0.13091448632338776	UNSTABLE
sleep_apnoea_ulc_colitis	0.019166340805518944	0.0480468173604648	UNSTABLE
sleep_apnoea_ulcer_peptic	0.3937164004305152	0.2776739197028721	ATTENUATED
sleep_apnoea_urine_incont	0.3832336880758014	0.26271536156033504	ATTENUATED
sleep_apnoea_urolithiasis	0.19951761463580772	0.1559491035509432	ATTENUATED
sleep_apnoea_valve_nonrheumatic	0.27641374208478275	0.2157978500042913	ATTENUATED
spondylolisthesis_spondylosis	0.7093630037950245	0.6886210957550792	ATTENUATED
spondylolisthesis_stroke_all	0.3084690196290305	0.27501296562871325	ATTENUATED
spondylolisthesis_tendon	0.31731395267390916	0.23223967726293918	ATTENUATED
spondylolisthesis_thromboembolic	0.05966990436483395	0.031390871171906275	UNSTABLE
spondylolisthesis_TIA	0.24523266456509957	0.19300545615018505	PERSISTENT
spondylolisthesis_tinnitus	0.11664378553958596	0.13022949286119262	UNSTABLE
spondylolisthesis_ulc_colitis	0.01957890790316818	0.014514096028058459	UNSTABLE
spondylolisthesis_ulcer_peptic	0.27843221543235963	0.16919755918201088	PERSISTENT
spondylolisthesis_urine_incont	0.21071866102299208	0.11941098699402393	PERSISTENT
spondylolisthesis_urolithiasis	0.14241260034497488	0.1202513254464677	PERSISTENT
spondylolisthesis_valve_nonrheumatic	0.2860220404385438	0.2634764061083397	ATTENUATED
spondylosis_stroke_all	0.3358048592084301	0.2503187535569169	ATTENUATED
spondylosis_tendon	0.7748190960291125	0.7274859294514152	ATTENUATED
spondylosis_thromboembolic	0.2920131509388607	0.16774163943286957	ATTENUATED
spondylosis_TIA	0.3451248218120768	0.25783204601267706	ATTENUATED
spondylosis_tinnitus	0.2407414768963794	0.2929099036228953	MASKED_ENHANCED
spondylosis_ulc_colitis	0.06155397265554384	0.08286684047922703	UNSTABLE
spondylosis_ulcer_peptic	0.5447539334305391	0.4030249296391759	ATTENUATED
spondylosis_urine_incont	0.5471305583362728	0.4505887099549407	ATTENUATED
spondylosis_urolithiasis	0.19517827818240482	0.166985238838856	ATTENUATED
spondylosis_valve_nonrheumatic	0.2475854596093487	0.1681123732919197	ATTENUATED
stroke_all_tendon	0.21148642221701966	0.14934337804624767	PERSISTENT
stroke_all_thromboembolic	0.3619321220683732	0.340790031096456	ATTENUATED
stroke_all_TIA	0.8421431113359662	0.8301336445650727	ATTENUATED
stroke_all_tinnitus	0.00522002665386216	0.019460852086782145	UNSTABLE
stroke_all_ulc_colitis	0.029535350012671695	0.03081219582895538	UNSTABLE
stroke_all_ulcer_peptic	0.25570793291803445	0.13034808230907372	PERSISTENT
stroke_all_urine_incont	0.2841533677987076	0.21638102956679886	ATTENUATED
stroke_all_urolithiasis	0.12454115939871478	0.10994144567673703	PERSISTENT
stroke_all_valve_nonrheumatic	0.4457878840848646	0.37252147255243084	ATTENUATED
tendon_thromboembolic	0.25152822629765065	0.1596593619749055	ATTENUATED
tendon_TIA	0.3205345676415683	0.2539722762151304	ATTENUATED
tendon_tinnitus	0.19667183399353066	0.2145816683476908	ATTENUATED
tendon_ulc_colitis	0.032737689375057055	0.042066543807342344	UNSTABLE
tendon_ulcer_peptic	0.514786014834526	0.4013488406336952	ATTENUATED
tendon_urine_incont	0.45608361395373825	0.37192513435879604	ATTENUATED
tendon_urolithiasis	0.1963882595277295	0.17911366428419828	ATTENUATED
tendon_valve_nonrheumatic	0.1138765206724481	0.032616359191216124	NEAR_NULL_EQUIVALENT
thromboembolic_TIA	0.2321485184033399	0.19085423376963365	ATTENUATED
thromboembolic_tinnitus	0.07098129481998172	0.11347613807714409	UNSTABLE
thromboembolic_ulc_colitis	0.095212523831923	0.11398950829178933	ATTENUATED
thromboembolic_ulcer_peptic	0.16653084812102809	0.04379744322056747	NEAR_NULL_EQUIVALENT
thromboembolic_urine_incont	0.2664476687411191	0.16165186846793797	ATTENUATED
thromboembolic_urolithiasis	0.10324613680774208	0.0694337484665917	PERSISTENT
thromboembolic_valve_nonrheumatic	0.2021378031491801	0.1733322564954705	ATTENUATED
TIA_tinnitus	0.04415373239589313	0.06339071323398843	UNSTABLE
TIA_ulc_colitis	0.0416079793015274	0.04244091512916133	UNSTABLE
TIA_ulcer_peptic	0.38628446105508146	0.2863033197529292	ATTENUATED
TIA_urine_incont	0.2881792895923195	0.22251500438947788	ATTENUATED
TIA_urolithiasis	0.1727984470974369	0.16359604614978168	ATTENUATED
TIA_valve_nonrheumatic	0.5398070769129432	0.49211087195760556	ATTENUATED
tinnitus_ulc_colitis	0.08238196782177641	0.0779219474644987	UNSTABLE
tinnitus_ulcer_peptic	0.0966891303412799	0.12238867269380367	UNSTABLE
tinnitus_urine_incont	0.260380351283326	0.29999572495532445	ATTENUATED
tinnitus_urolithiasis	0.12222928644075602	0.13786841672724637	ATTENUATED
tinnitus_valve_nonrheumatic	0.11137131902984099	0.13201088157471355	UNSTABLE
ulc_colitis_ulcer_peptic	0.08941152089825903	0.10747297442520282	UNSTABLE
ulc_colitis_urine_incont	0.032522962268845074	0.042078254235353024	UNSTABLE
ulc_colitis_urolithiasis	0.09022471144178608	0.09888167795476531	ATTENUATED
ulc_colitis_valve_nonrheumatic	0.047715360961748755	0.0464361176016984	UNSTABLE
ulcer_peptic_urine_incont	0.40591099817643966	0.2888969912988538	ATTENUATED
ulcer_peptic_urolithiasis	0.1914961189188969	0.17891703017067137	ATTENUATED
ulcer_peptic_valve_nonrheumatic	0.2604143208807188	0.17621868917544564	PERSISTENT
urine_incont_urolithiasis	0.1320961312391766	0.10301348159124353	PERSISTENT
urine_incont_valve_nonrheumatic	0.11216467601329057	0.044838944254987266	UNSTABLE
urolithiasis_valve_nonrheumatic	0.06032665078675451	0.047464377786380865	UNSTABLE
