pair_id	disease1	disease2	baseline	BMI	SBP	ApoB	FG	SMK	SLEEP	JOINT
AAA_AF	AAA	AF	0.14633514128370315	0.09678	0.14833	0.174037	0.144579	0.119933	0.145548	0.11136513207090257
AAA_alc_problems	AAA	alc_problems	0.11655333265926685	0.091312	0.116562	0.116536	0.115753	-0.036454	0.114285	-0.03920282858898534
AAA_allergic_rhinitis	AAA	allergic_rhinitis	0.059204903577827955	0.051571	0.059278	0.05687	0.061004	0.073889	0.057376	0.06418872748513232
AAA_anxiety	AAA	anxiety	0.19191974459296876	0.205392	0.191848	0.203846	0.190355	0.123144	0.190733	0.16053028710070505
AAA_asthma	AAA	asthma	0.1134310473381138	0.054972	0.113299	0.115404	0.110595	0.051563	0.111661	0.014297496661474448
AAA_b12_def	AAA	b12_def	0.1321707521622043	0.05942	0.132231	0.123552	0.128506	0.072989	0.129902	0.014863296154320913
AAA_BPH	AAA	BPH	-0.033464077631544145	-0.033388	-0.033314	-0.023611	-0.034221	-0.024301	-0.035209	-0.01354016090936754
AAA_bursitis	AAA	bursitis	0.019100015498997695	-0.03089	0.019034	0.014559	0.014736	-0.074885	0.012166	-0.10758262374831826
AAA_carpal_tunnel	AAA	carpal_tunnel	0.051948375076273944	-0.038628	0.051613	0.043873	0.045995	-0.004393	0.047829	-0.0775122087689466
AAA_cataract	AAA	cataract	0.09888283497418751	0.075368	0.098696	0.104095	0.096822	0.065071	0.097951	0.05656862349118208
AAA_cholelithiasis	AAA	cholelithiasis	0.13591932787897565	0.044941	0.135781	0.140119	0.132213	0.094837	0.135507	0.03194267669756427
AAA_CKD	AAA	CKD	0.10661306916704026	0.04141	0.108319	0.108875	0.103324	0.090943	0.106082	0.04263566533494153
AAA_COPD	AAA	COPD	0.31037648791781813	0.252732	0.311481	0.305782	0.309079	0.174689	0.309841	0.13408473509438987
AAA_coronary_heart	AAA	coronary_heart	0.27118101580180703	0.215301	0.285437	0.255776	0.269159	0.219029	0.270186	0.16985761249247305
AAA_deaf	AAA	deaf	0.06629806041887361	0.049677	0.067168	0.064638	0.067553	0.024281	0.065913	0.014854787930419588
AAA_depression	AAA	depression	0.15758184338936007	0.137703	0.157716	0.162079	0.155387	0.073412	0.155895	0.07674095747183665
AAA_diabetes_type_2	AAA	diabetes_type_2	0.16305776879434247	0.035609	0.167486	0.1552	0.18002	0.125629	0.162614	0.036714609519529096
AAA_diverticuli	AAA	diverticuli	0.13372130833207252	0.099942	0.133842	0.133434	0.130883	0.096314	0.132643	0.0768697359430741
AAA_ED	AAA	ED	0.14671531355252454	0.065252	0.147064	0.153313	0.143242	0.063481	0.144818	0.018529602789170405
AAA_enthesopathy_lower	AAA	enthesopathy_lower	0.26857170016723975	0.203234	0.269673	0.286727	0.266652	0.200662	0.269994	0.18005873746411313
AAA_enthesopathy_shoulder	AAA	enthesopathy_shoulder	0.15005411964118495	0.096549	0.149926	0.141742	0.14665	0.076615	0.148205	0.0381275137872192
AAA_enthesopathy_upper	AAA	enthesopathy_upper	0.1162273642200094	0.066204	0.116132	0.09548	0.113319	0.030289	0.114024	-0.018476125419148726
AAA_essential_tremor	AAA	essential_tremor	0.09788107757366435	0.086826	0.097788	0.096552	0.100541	0.104006	0.095814	0.0936139771893222
AAA_female_genital_prolapse	AAA	female_genital_prolapse	0.08891196749669909	0.07651	0.089221	0.087589	0.086513	0.068728	0.088162	0.06335454806674197
AAA_fibromatosis	AAA	fibromatosis	0.045240880983091494	0.065503	0.045296	0.042355	0.046044	0.01734	0.045398	0.03414716588564106
AAA_fibromyalgia	AAA	fibromyalgia	0.19270311901877926	0.131753	0.192876	0.198933	0.190955	0.100502	0.192065	0.06957144235095851
AAA_gastritis_duodenitis	AAA	gastritis_duodenitis	0.1197921476005593	0.05615	0.119631	0.106042	0.116882	0.027222	0.117328	-0.02837229100907861
AAA_glaucoma	AAA	glaucoma	0.007908021552155371	0.019563	0.007514	0.011852	0.005611	0.01892	0.008513	0.031736024953295146
AAA_GORD	AAA	GORD	0.19605163708317108	0.13568	0.196082	0.181763	0.19322	0.124707	0.194559	0.07077248162871351
AAA_gout	AAA	gout	0.17554071657615813	0.083974	0.178899	0.165333	0.172216	0.15021	0.174288	0.071980027641026
AAA_HF	AAA	HF	0.29342127366891246	0.194286	0.314326	0.312454	0.293695	0.229622	0.292998	0.19155869088595165
AAA_hypertension	AAA	hypertension	0.30710779409146016	0.235866	0.436374	0.334001	0.308139	0.277733	0.306274	0.3691986027100228
AAA_hyperthyroid	AAA	hyperthyroid	0.2750396929090442	0.268193	0.276408	0.282396	0.273411	0.261861	0.276807	0.2735557058234283
AAA_hypothyroid	AAA	hypothyroid	0.0571179327626086	0.020155	0.057112	0.061281	0.056596	0.028025	0.056917	0.005726887173630099
AAA_IBS	AAA	IBS	0.056394050549958295	0.055012	0.056636	0.067194	0.056086	0.023876	0.054024	0.0404799723887356
AAA_IDA	AAA	IDA	0.1313619721814539	0.047142	0.132843	0.125162	0.126848	0.067533	0.129067	0.0027655504609600218
AAA_insomnia	AAA	insomnia	0.2915691347569911	0.277087	0.292691	0.30504	0.289865	0.208808	0.308455	0.2555049731383382
AAA_intervert_disc	AAA	intervert_disc	0.17011943360769388	0.115945	0.17005	0.16569	0.167584	0.091795	0.168378	0.05376907890450486
AAA_isch_stroke_tia	AAA	isch_stroke_tia	0.2840297219800206	0.239255	0.297278	0.301263	0.282177	0.23226	0.283296	0.22800355529878033
AAA_migraine	AAA	migraine	0.2536168303063142	0.254869	0.253729	0.248203	0.256359	0.228535	0.252629	0.22816308990119377
AAA_OA	AAA	OA	0.2619573036539439	0.176052	0.26192	0.26438	0.260151	0.210639	0.262925	0.1553165317991617
AAA_osteoporosis	AAA	osteoporosis	0.031851323392206775	0.080375	0.032313	0.042412	0.036309	0.02004	0.029893	0.07187188843429484
AAA_periph_neuro	AAA	periph_neuro	0.26923413042095584	0.186396	0.269435	0.257673	0.279846	0.192524	0.271693	0.1415318328500511
AAA_peripheral_arterial	AAA	peripheral_arterial	0.4629748488149627	0.406475	0.505452	0.446303	0.465923	0.38762	0.46467	0.37057731317250353
AAA_PMR	AAA	PMR	0.12365779739407692	0.106876	0.123508	0.123348	0.122817	0.111419	0.121934	0.10081584988221307
AAA_pri_bladder	AAA	pri_bladder	0.017928288092982116	0.008887	0.018599	0.03312	0.020142	-0.042878	0.01719	-0.027658794833848484
AAA_pri_breast	AAA	pri_breast	-0.03983238851932375	-0.027365	-0.039866	-0.045802	-0.040746	-0.042665	-0.039168	-0.037994387664941266
AAA_pri_colorectal	AAA	pri_colorectal	-0.06712204206165526	-0.075155	-0.066904	-0.093485	-0.066645	-0.056906	-0.066918	-0.09114354745802354
AAA_pri_prost	AAA	pri_prost	0.0039973178953299285	0.023731	0.004068	-0.015125	0.003558	0.027003	0.005148	0.021319965561909734
AAA_pri_skin	AAA	pri_skin	-0.08843116255338204	-0.064299	-0.088275	-0.09198	-0.086877	-0.081521	-0.088399	-0.06716981223974165
AAA_psoriasis	AAA	psoriasis	0.13109426069704322	0.091307	0.130949	0.13031	0.129761	0.076914	0.129181	0.051765191860092874
AAA_RA	AAA	RA	0.2704702050840726	0.237766	0.271032	0.2766	0.268427	0.205603	0.269427	0.19786037670613113
AAA_raynauds	AAA	raynauds	-0.03444173645282694	-0.007303	-0.034588	-0.014788	-0.028975	-0.062932	-0.037755	-0.021228994141062038
AAA_retinal_detach	AAA	retinal_detach	0.08046461998008324	0.10133	0.080443	0.091727	0.083398	0.105936	0.080137	0.12986532717614155
AAA_schizo	AAA	schizo	0.03253033595851277	0.062507	0.032935	0.034156	0.032493	-0.004866	0.036014	0.025339377340437372
AAA_scoliosis	AAA	scoliosis	0.11504661943645285	0.130921	0.115097	0.11311	0.118669	0.106401	0.113554	0.11848370959380775
AAA_sinusitis	AAA	sinusitis	0.17993514299112137	0.169528	0.179876	0.20176	0.180205	0.134239	0.178424	0.15783141345427254
AAA_sleep_apnoea	AAA	sleep_apnoea	0.3048542086570067	0.207868	0.305282	0.298634	0.303173	0.263714	0.304091	0.18466614107077955
AAA_spondylolisthesis	AAA	spondylolisthesis	0.3229922636455038	0.287863	0.323009	0.32123	0.321426	0.277276	0.322349	0.25640642937300523
AAA_spondylosis	AAA	spondylosis	0.26785049438755476	0.190291	0.268097	0.261755	0.265794	0.186044	0.269738	0.12794738185626686
AAA_stroke_all	AAA	stroke_all	0.3515922212051168	0.306858	0.365585	0.365161	0.350214	0.311794	0.352753	0.3030050662959576
AAA_tendon	AAA	tendon	0.1729018959463464	0.117028	0.172797	0.160228	0.169789	0.097984	0.173207	0.055182351099406626
AAA_thromboembolic	AAA	thromboembolic	0.2898008786847804	0.228409	0.290029	0.30237	0.288792	0.258157	0.288842	0.23486293572236264
AAA_TIA	AAA	TIA	0.4685103377380105	0.443548	0.4788	0.473159	0.467688	0.43273	0.46801	0.43151532163945056
AAA_tinnitus	AAA	tinnitus	-0.018101630711903884	0.004456	-0.017917	-0.002181	-0.012815	-0.027203	-0.021798	0.006875846085377745
AAA_ulc_colitis	AAA	ulc_colitis	-0.06446423182092617	-0.05688	-0.064676	-0.056566	-0.064477	-0.069564	-0.064641	-0.055368486546196444
AAA_ulcer_peptic	AAA	ulcer_peptic	0.3121522502064216	0.257285	0.313939	0.303981	0.310655	0.21656	0.312804	0.17632450617537962
AAA_urine_incont	AAA	urine_incont	0.17596512513618598	0.108037	0.175869	0.185468	0.173084	0.107313	0.174294	0.07253426325411741
AAA_urolithiasis	AAA	urolithiasis	0.10582417865351819	0.077642	0.105913	0.095308	0.105332	0.101054	0.105353	0.06913192808716155
AAA_valve_nonrheumatic	AAA	valve_nonrheumatic	0.22861515967109697	0.192394	0.237346	0.238	0.226366	0.208647	0.227427	0.19931042817724468
AF_alc_problems	AF	alc_problems	0.12519319320280295	0.102988	0.10545	0.127139	0.123857	0.080303	0.121224	0.05492365457565225
AF_allergic_rhinitis	AF	allergic_rhinitis	0.06565303756215957	0.058917	0.069502	0.067627	0.068861	0.070552	0.062772	0.06483809911542487
AF_anxiety	AF	anxiety	0.11609775176011958	0.125355	0.115331	0.113932	0.112958	0.089833	0.11384	0.10686929919838963
AF_asthma	AF	asthma	0.11994320734420566	0.069001	0.105609	0.120983	0.114604	0.09794	0.117018	0.04722264346873033
AF_b12_def	AF	b12_def	0.05546042837571849	-0.014143	0.034807	0.060981	0.046842	0.031824	0.048854	-0.0384334460330443
AF_BPH	AF	BPH	0.11215784845262455	0.116012	0.120289	0.108306	0.111099	0.116886	0.109939	0.1226207444270718
AF_bursitis	AF	bursitis	0.1391780603098336	0.100653	0.140049	0.141992	0.13258	0.111426	0.134084	0.09121124154399457
AF_carpal_tunnel	AF	carpal_tunnel	0.08864208597265662	0.012737	0.073648	0.093119	0.078114	0.068808	0.082547	-7.271756521695661e-4
AF_cataract	AF	cataract	0.11843858825335332	0.098112	0.104825	0.117961	0.114767	0.105695	0.117013	0.08010809473049017
AF_cholelithiasis	AF	cholelithiasis	0.1565441185632619	0.079749	0.149012	0.157084	0.14905	0.141428	0.155949	0.07602494035653173
AF_CKD	AF	CKD	0.12431476865787419	0.068317	0.077486	0.125176	0.118141	0.117719	0.123526	0.028927657437333845
AF_COPD	AF	COPD	0.11961374889433432	0.054706	0.100088	0.126049	0.111291	0.065063	0.115823	0.003601614540471424
AF_coronary_heart	AF	coronary_heart	0.263373627302607	0.214206	0.209772	0.276173	0.258568	0.245717	0.261503	0.16812786838585897
AF_deaf	AF	deaf	-0.001961214587012465	-0.018682	0.017966	-0.000522	0.000123	-0.018943	-0.0026	-0.011359832419459497
AF_depression	AF	depression	0.10803595403091011	0.088624	0.114222	0.108464	0.10361	0.077475	0.104689	0.07769225414735641
AF_diabetes_type_2	AF	diabetes_type_2	0.16705407974195208	0.058949	0.117723	0.173323	0.164455	0.152784	0.166395	0.050075481309730156
AF_diverticuli	AF	diverticuli	0.11175602046168566	0.080986	0.117785	0.113953	0.10608	0.097054	0.109984	0.08518003012722995
AF_ED	AF	ED	0.2213430742113148	0.157537	0.201515	0.221331	0.213322	0.197892	0.218482	0.14167460322633357
AF_enthesopathy_lower	AF	enthesopathy_lower	0.11495428487895042	0.045132	0.09328	0.111207	0.10982	0.08662	0.109306	0.002576125459555845
AF_enthesopathy_shoulder	AF	enthesopathy_shoulder	0.053479670334567596	0.001117	0.045641	0.059079	0.045022	0.023968	0.046651	-0.016091668350443556
AF_enthesopathy_upper	AF	enthesopathy_upper	0.07532887891199781	0.029269	0.073019	0.086355	0.06947	0.04361	0.067227	0.017635944250332887
AF_essential_tremor	AF	essential_tremor	0.035167404852268734	0.023457	0.032208	0.037013	0.039525	0.036031	0.031296	0.019012853628129538
AF_female_genital_prolapse	AF	female_genital_prolapse	0.09095279282639487	0.079828	0.101379	0.092967	0.086564	0.082761	0.089797	0.08983368813815781
AF_fibromatosis	AF	fibromatosis	-0.02454039024087222	-0.008822	-0.023297	-0.022941	-0.023235	-0.035983	-0.024339	-0.01658127771658287
AF_fibromyalgia	AF	fibromyalgia	0.10095399716606257	0.041406	0.085243	0.101025	0.097311	0.066136	0.094976	0.001969980920845642
AF_gastritis_duodenitis	AF	gastritis_duodenitis	0.0692010300854412	0.010129	0.059438	0.076962	0.06324	0.034745	0.063641	-0.011829086688305422
AF_glaucoma	AF	glaucoma	-2.442525868640571e-4	0.009758	-0.01435	-0.001802	-0.004363	0.003698	0.00068	7.536448404673679e-4
AF_GORD	AF	GORD	0.16080177935260734	0.105652	0.150258	0.170686	0.153953	0.135763	0.157248	0.09559355507080132
AF_gout	AF	gout	0.20563968306939828	0.13021	0.165376	0.213482	0.197723	0.195531	0.203618	0.10461324552184063
AF_HF	AF	HF	0.5946769746803872	0.580116	0.569289	0.593667	0.598116	0.591031	0.595813	0.5614091762229195
AF_hypertension	AF	hypertension	0.3824167994340854	0.330287	0.340913	0.377964	0.379616	0.372026	0.381105	0.2794981754972799
AF_hyperthyroid	AF	hyperthyroid	0.1733857719056214	0.163731	0.151837	0.174266	0.165457	0.165293	0.175754	0.15137358649202826
AF_hypothyroid	AF	hypothyroid	0.09914887377339256	0.068119	0.101174	0.098542	0.098347	0.088484	0.098885	0.06531111602902596
AF_IBS	AF	IBS	0.042207773641358796	0.040445	0.050381	0.038592	0.041678	0.029639	0.038293	0.034143924818913624
AF_IDA	AF	IDA	0.1442873972202999	0.072176	0.106342	0.149236	0.133675	0.12214	0.139667	0.0357539035455389
AF_insomnia	AF	insomnia	0.09844026674633273	0.07906	0.115668	0.096658	0.093805	0.06257	0.090932	0.07208587490756047
AF_intervert_disc	AF	intervert_disc	0.13787580466390345	0.088469	0.128554	0.142478	0.132607	0.110384	0.134049	0.07007674078585008
AF_isch_stroke_tia	AF	isch_stroke_tia	0.4515748903844633	0.421482	0.415298	0.450217	0.448585	0.440405	0.450653	0.3823971473224888
AF_migraine	AF	migraine	0.0808314140202473	0.076661	0.085568	0.086634	0.08489	0.067709	0.078608	0.07401003020400926
AF_OA	AF	OA	0.18344437695896332	0.099588	0.185856	0.186345	0.179343	0.163468	0.179615	0.09825469385066189
AF_osteoporosis	AF	osteoporosis	0.05808711622783132	0.101788	0.073147	0.054379	0.066088	0.053594	0.055134	0.09839039990726728
AF_periph_neuro	AF	periph_neuro	0.1778750860297378	0.095388	0.167747	0.187661	0.167819	0.150525	0.174024	0.10421626733521024
AF_peripheral_arterial	AF	peripheral_arterial	0.25928996012713407	0.185635	0.193852	0.277623	0.252588	0.235833	0.256685	0.12235077221643376
AF_PMR	AF	PMR	0.1343671919397391	0.11956	0.124679	0.136566	0.132963	0.128781	0.131513	0.10985042052305863
AF_pri_bladder	AF	pri_bladder	0.10788869034271836	0.102218	0.131084	0.102493	0.112153	0.087865	0.106859	0.10216836971292025
AF_pri_breast	AF	pri_breast	0.04182808102150366	0.055092	0.041683	0.044074	0.040363	0.041702	0.042939	0.05761854292938706
AF_pri_colorectal	AF	pri_colorectal	-0.020508488156693688	-0.026155	-0.010959	-0.010624	-0.019618	-0.015736	-0.020175	-0.004435767411629217
AF_pri_prost	AF	pri_prost	-0.018201779503782167	-0.001498	-0.01621	-0.010316	-0.019021	-0.009921	-0.016472	0.013918727608549874
AF_pri_skin	AF	pri_skin	0.023168805800236957	0.048083	0.030735	0.023758	0.026287	0.027376	0.023277	0.053991511015649564
AF_psoriasis	AF	psoriasis	0.11179980517875898	0.075838	0.105289	0.11418	0.109385	0.09159	0.108306	0.060580797435273406
AF_RA	AF	RA	0.1620764860371242	0.128436	0.146821	0.163367	0.155484	0.137061	0.159297	0.10515261174963866
AF_raynauds	AF	raynauds	-0.0197810818494662	0.00462	-0.024934	-0.028606	-0.009458	-0.029907	-0.024626	-0.029431809667297523
AF_retinal_detach	AF	retinal_detach	0.035218111471600776	0.052051	0.035214	0.03165	0.04009	0.043545	0.034692	0.049168376676448224
AF_schizo	AF	schizo	-0.03141331650181335	-0.007177	-0.020084	-0.031873	-0.031572	-0.046362	-0.026774	-0.007116867981994783
AF_scoliosis	AF	scoliosis	0.08400318856089405	0.096761	0.087455	0.086551	0.089988	0.079462	0.081453	0.09294629021560834
AF_sinusitis	AF	sinusitis	0.02628853312478425	0.012375	0.014573	0.0196	0.026623	0.005791	0.019968	-0.022783328196016944
AF_sleep_apnoea	AF	sleep_apnoea	0.24292074930416976	0.149722	0.23264	0.250922	0.237167	0.226719	0.241494	0.14951262423951378
AF_spondylolisthesis	AF	spondylolisthesis	0.02223476215999158	-0.022891	0.023078	0.026916	0.017244	-0.002524	0.01813	-0.03009048811553412
AF_spondylosis	AF	spondylosis	0.16079562645840814	0.082078	0.149441	0.167631	0.153987	0.130964	0.156367	0.06267232494073488
AF_stroke_all	AF	stroke_all	0.4259888026099685	0.391533	0.390103	0.426437	0.423442	0.414473	0.427849	0.355705045086716
AF_tendon	AF	tendon	0.05265493680679535	-0.003552	0.044482	0.060529	0.044326	0.021772	0.043583	-0.022302521343780926
AF_thromboembolic	AF	thromboembolic	0.1551418221867716	0.090935	0.163686	0.153981	0.146265	0.140152	0.152726	0.10179015194563214
AF_TIA	AF	TIA	0.3388745539707951	0.310697	0.30698	0.34422	0.335038	0.324138	0.337703	0.2814891730580436
AF_tinnitus	AF	tinnitus	0.03971860041878103	0.061293	0.047271	0.033136	0.050112	0.036916	0.034749	0.04866813772755938
AF_ulc_colitis	AF	ulc_colitis	0.03345826961282067	0.042877	0.027968	0.029595	0.033567	0.03285	0.033243	0.032627788062739624
AF_ulcer_peptic	AF	ulcer_peptic	0.12857115483408485	0.067444	0.104877	0.136875	0.121037	0.089749	0.123906	0.029356879949609765
AF_urine_incont	AF	urine_incont	0.09761487717005576	0.032336	0.094717	0.096147	0.090745	0.071014	0.093604	0.016917732787914707
AF_urolithiasis	AF	urolithiasis	0.13435055274913937	0.110279	0.140114	0.140886	0.13361	0.131717	0.133666	0.12270246172053896
AF_valve_nonrheumatic	AF	valve_nonrheumatic	0.569712767815304	0.552133	0.543531	0.571179	0.567479	0.564713	0.568925	0.5306738009156499
alc_problems_allergic_rhinitis	alc_problems	allergic_rhinitis	0.09666509962560298	0.093049	0.09843	0.096458	0.098105	0.135415	0.086432	0.13082446520852484
alc_problems_anxiety	alc_problems	anxiety	0.37373293592180784	0.379611	0.374248	0.374301	0.372964	0.285034	0.368655	0.28458228557487963
alc_problems_asthma	alc_problems	asthma	0.19409481157513336	0.171969	0.187036	0.19405	0.192493	0.095097	0.183935	0.0841297283949009
alc_problems_b12_def	alc_problems	b12_def	0.1560000626362702	0.127269	0.146506	0.155513	0.153842	0.052428	0.132344	0.027324736108683145
alc_problems_BPH	alc_problems	BPH	-0.010056607785256891	-0.009598	-0.007316	-0.009442	-0.010618	0.009052	-0.019473	0.007339545989811864
alc_problems_bursitis	alc_problems	bursitis	0.27594584649108295	0.260199	0.276419	0.275742	0.274954	0.149803	0.248246	0.13285078128418049
alc_problems_carpal_tunnel	alc_problems	carpal_tunnel	0.1202823778910987	0.085977	0.112619	0.11984	0.117429	0.026354	0.094339	0.004211991044715763
alc_problems_cataract	alc_problems	cataract	0.19712722367327346	0.187246	0.190441	0.197303	0.195861	0.154649	0.193288	0.1458252867432298
alc_problems_cholelithiasis	alc_problems	cholelithiasis	0.14542254844514008	0.110272	0.140749	0.145466	0.143113	0.075752	0.144148	0.08392039238762727
alc_problems_CKD	alc_problems	CKD	0.055428573899188933	0.025062	0.030344	0.055397	0.05271	0.024265	0.052641	-0.0073730685366901316
alc_problems_COPD	alc_problems	COPD	0.4863636459998471	0.477278	0.480396	0.486433	0.488826	0.256243	0.477318	0.2475087683721397
alc_problems_coronary_heart	alc_problems	coronary_heart	0.19094609711564944	0.165925	0.16527	0.190574	0.189245	0.087489	0.183246	0.04018948051502392
alc_problems_deaf	alc_problems	deaf	0.08225123749087286	0.074472	0.093211	0.082067	0.083225	0.007686	0.080725	0.02127187212142479
alc_problems_depression	alc_problems	depression	0.3311811615067254	0.323429	0.33506	0.331224	0.330248	0.210535	0.321526	0.21153172471822337
alc_problems_diabetes_type_2	alc_problems	diabetes_type_2	0.13620365595260947	0.088616	0.112007	0.135683	0.152302	0.069135	0.134553	0.07480849004157708
alc_problems_diverticuli	alc_problems	diverticuli	0.21152292686062926	0.19753	0.214553	0.211344	0.209989	0.160826	0.206516	0.16790162898460784
alc_problems_ED	alc_problems	ED	0.2602046687173806	0.236241	0.250268	0.260396	0.265667	0.127778	0.247461	0.12304215963294268
alc_problems_enthesopathy_lower	alc_problems	enthesopathy_lower	0.19302246497127853	0.165092	0.182775	0.19385	0.19145	0.054049	0.16813	0.024529122695910892
alc_problems_enthesopathy_shoulder	alc_problems	enthesopathy_shoulder	0.22963752440010576	0.209599	0.226588	0.229258	0.228331	0.109306	0.207636	0.09443560224777152
alc_problems_enthesopathy_upper	alc_problems	enthesopathy_upper	0.259103250382013	0.241529	0.258631	0.259117	0.257853	0.126952	0.231274	0.10707270306265215
alc_problems_essential_tremor	alc_problems	essential_tremor	0.007973049050735474	0.001543	0.006114	0.007743	0.009802	0.012615	-0.006841	-0.001675503537509066
alc_problems_female_genital_prolapse	alc_problems	female_genital_prolapse	0.14087554442918873	0.135101	0.146006	0.140689	0.139283	0.116429	0.137661	0.1243885238084895
alc_problems_fibromatosis	alc_problems	fibromatosis	0.1779343493654527	0.18802	0.179903	0.177739	0.178622	0.14885	0.180432	0.15203263417757718
alc_problems_fibromyalgia	alc_problems	fibromyalgia	0.34299630818596083	0.325796	0.336969	0.343089	0.342123	0.202674	0.32367	0.18479924099234818
alc_problems_gastritis_duodenitis	alc_problems	gastritis_duodenitis	0.3753841508929464	0.359931	0.372339	0.375436	0.374821	0.256661	0.360467	0.2503395566610932
alc_problems_glaucoma	alc_problems	glaucoma	-0.024140162274960793	-0.019188	-0.031474	-0.023929	-0.025971	-0.00735	-0.021012	-0.014120409894321506
alc_problems_GORD	alc_problems	GORD	0.3283113531695357	0.310423	0.32362	0.328394	0.32801	0.2246	0.315757	0.2202285653011927
alc_problems_gout	alc_problems	gout	0.139922160307776	0.102556	0.118928	0.139343	0.137484	0.096626	0.131834	0.07508458879695423
alc_problems_HF	alc_problems	HF	0.293394487040488	0.276801	0.274376	0.294352	0.295577	0.179906	0.279251	0.15968038899660117
alc_problems_hypertension	alc_problems	hypertension	0.21232747941588453	0.183095	0.195012	0.213971	0.212372	0.158051	0.20646	0.09225393310235415
alc_problems_hyperthyroid	alc_problems	hyperthyroid	0.06592358795008936	0.059114	0.053216	0.065923	0.062263	0.025133	0.073936	0.017995859916729074
alc_problems_hypothyroid	alc_problems	hypothyroid	0.08297368087855947	0.066684	0.083344	0.083138	0.082584	0.03472	0.082529	0.038107299131942704
alc_problems_IBS	alc_problems	IBS	0.13541639251665086	0.134882	0.13993	0.136068	0.135208	0.08935	0.122233	0.08663249134877246
alc_problems_IDA	alc_problems	IDA	0.10763313470686042	0.07174	0.088096	0.107165	0.104401	-0.014527	0.083271	-0.05943499482840569
alc_problems_insomnia	alc_problems	insomnia	0.4574218245184386	0.451261	0.468668	0.457905	0.456983	0.340122	0.444001	0.3485140518612455
alc_problems_intervert_disc	alc_problems	intervert_disc	0.2743122878064108	0.255458	0.269975	0.274015	0.273145	0.150136	0.260498	0.139762326439441
alc_problems_isch_stroke_tia	alc_problems	isch_stroke_tia	0.3538118504014545	0.338346	0.3389	0.35466	0.353047	0.280446	0.351344	0.2562077671746137
alc_problems_migraine	alc_problems	migraine	0.03957363290793411	0.03665	0.041272	0.038899	0.041274	-0.028578	0.031111	-0.035017420014209634
alc_problems_OA	alc_problems	OA	0.17583364060538204	0.140508	0.175976	0.17561	0.174317	0.072891	0.151166	0.0677965786123399
alc_problems_osteoporosis	alc_problems	osteoporosis	0.2102081536930732	0.236293	0.218767	0.210967	0.215036	0.218244	0.201302	0.2233781880347495
alc_problems_periph_neuro	alc_problems	periph_neuro	0.3764429201890211	0.36417	0.372142	0.376671	0.40106	0.257934	0.356866	0.2894535299360239
alc_problems_peripheral_arterial	alc_problems	peripheral_arterial	0.5145630978017438	0.519647	0.518977	0.518088	0.520207	0.366498	0.504424	0.37759170105558576
alc_problems_PMR	alc_problems	PMR	-0.04289895827595898	-0.052916	-0.049815	-0.043122	-0.043664	-0.084752	-0.056353	-0.10332384672464881
alc_problems_pri_bladder	alc_problems	pri_bladder	0.22384705273048333	0.221159	0.236417	0.225155	0.226018	0.144714	0.221866	0.1605200966223222
alc_problems_pri_breast	alc_problems	pri_breast	0.07592963138886444	0.082785	0.075822	0.07567	0.075312	0.086011	0.080558	0.08907357038274313
alc_problems_pri_colorectal	alc_problems	pri_colorectal	0.07088557151864343	0.068749	0.076465	0.069865	0.071318	0.108048	0.072837	0.11706324989853206
alc_problems_pri_prost	alc_problems	pri_prost	-0.01543708274632809	-0.006747	-0.01431	-0.016607	-0.01578	0.026294	-0.009183	0.030952741349428364
alc_problems_pri_skin	alc_problems	pri_skin	-0.008098105781441106	0.004222	-0.004593	-0.008165	-0.006803	0.011806	-0.007842	0.014031404326786975
alc_problems_psoriasis	alc_problems	psoriasis	0.19496415438313164	0.178564	0.191652	0.194762	0.194051	0.108759	0.182463	0.0982882100823713
alc_problems_RA	alc_problems	RA	0.2349043951843723	0.219502	0.227329	0.234858	0.233575	0.111433	0.224971	0.09781934837161678
alc_problems_raynauds	alc_problems	raynauds	0.12358225240323828	0.138019	0.121962	0.125277	0.130054	0.091874	0.108656	0.07542706766928747
alc_problems_retinal_detach	alc_problems	retinal_detach	9.74008724768682e-4	0.009123	0.000571	0.001498	0.002996	0.043121	-0.00104	0.03907518082010639
alc_problems_schizo	alc_problems	schizo	0.22156419988700418	0.237388	0.229349	0.221629	0.221598	0.183152	0.243483	0.2109229252082521
alc_problems_scoliosis	alc_problems	scoliosis	0.16083913231519245	0.167508	0.162568	0.160597	0.163896	0.159688	0.152458	0.15375189010808882
alc_problems_sinusitis	alc_problems	sinusitis	0.23896253927638744	0.233557	0.234511	0.240529	0.23917	0.171293	0.220429	0.15239090010637157
alc_problems_sleep_apnoea	alc_problems	sleep_apnoea	0.11133134292170792	0.058007	0.103936	0.110694	0.10877	0.012917	0.10558	0.010611895433330616
alc_problems_spondylolisthesis	alc_problems	spondylolisthesis	0.23873334710763858	0.2216	0.240311	0.23838	0.23745	0.150468	0.227	0.14986018869547102
alc_problems_spondylosis	alc_problems	spondylosis	0.39581162239727524	0.383898	0.391352	0.395733	0.396195	0.271439	0.377593	0.27321274490381864
alc_problems_stroke_all	alc_problems	stroke_all	0.25840079747909894	0.2382	0.238612	0.258691	0.257254	0.182893	0.265758	0.1622738059619081
alc_problems_tendon	alc_problems	tendon	0.19135318146930433	0.168694	0.187894	0.190888	0.189605	0.055942	0.160053	0.029522809872240346
alc_problems_thromboembolic	alc_problems	thromboembolic	0.09084608709038916	0.057039	0.09392	0.091141	0.087416	0.012649	0.081011	0.020920523960225954
alc_problems_TIA	alc_problems	TIA	0.2938683030283945	0.279088	0.278535	0.293596	0.292807	0.214815	0.290461	0.1917525473315815
alc_problems_tinnitus	alc_problems	tinnitus	0.19183738018211882	0.204387	0.196416	0.193281	0.198558	0.206463	0.17595	0.20140693929369372
alc_problems_ulc_colitis	alc_problems	ulc_colitis	0.08973858358258434	0.094795	0.087132	0.090387	0.089789	0.099772	0.08972	0.09631581240942719
alc_problems_ulcer_peptic	alc_problems	ulcer_peptic	0.3846561279882634	0.369445	0.376099	0.384747	0.385157	0.213193	0.369707	0.1948268263630159
alc_problems_urine_incont	alc_problems	urine_incont	0.24775397160850993	0.224661	0.246678	0.248098	0.246491	0.136273	0.234378	0.1368046940475877
alc_problems_urolithiasis	alc_problems	urolithiasis	0.0437538359875546	0.029738	0.045377	0.043044	0.043341	0.032208	0.041223	0.034702138104683894
alc_problems_valve_nonrheumatic	alc_problems	valve_nonrheumatic	0.24634428408267192	0.230711	0.225758	0.246572	0.245019	0.226099	0.238155	0.1932304425466047
allergic_rhinitis_anxiety	allergic_rhinitis	anxiety	0.2664073729288386	0.267734	0.266632	0.267027	0.270013	0.288108	0.262234	0.29929032064400013
allergic_rhinitis_asthma	allergic_rhinitis	asthma	0.6994700532591706	0.713023	0.702714	0.699497	0.708777	0.727709	0.697184	0.739583128003492
allergic_rhinitis_b12_def	allergic_rhinitis	b12_def	0.1716538086487815	0.168519	0.173712	0.171028	0.181337	0.185121	0.158766	0.1729999243414281
allergic_rhinitis_BPH	allergic_rhinitis	BPH	0.16316779105945164	0.163452	0.16295	0.164138	0.164435	0.162	0.158514	0.15942212319892263
allergic_rhinitis_bursitis	allergic_rhinitis	bursitis	0.36463235744249006	0.364586	0.364793	0.364406	0.374645	0.395301	0.357573	0.39353960525993026
allergic_rhinitis_carpal_tunnel	allergic_rhinitis	carpal_tunnel	0.1601904062763332	0.157158	0.161601	0.159661	0.173705	0.171218	0.146497	0.16065753116563367
allergic_rhinitis_cataract	allergic_rhinitis	cataract	0.13931040090752253	0.136227	0.140588	0.139519	0.143129	0.145693	0.136375	0.14492846339855453
allergic_rhinitis_cholelithiasis	allergic_rhinitis	cholelithiasis	0.041099032056089904	0.029004	0.041735	0.041141	0.049466	0.04808	0.039634	0.03902869965514123
allergic_rhinitis_CKD	allergic_rhinitis	CKD	0.0021758498570676544	-0.008338	0.00497	0.002131	0.008012	0.004891	0.000182	-0.004903006756202043
allergic_rhinitis_COPD	allergic_rhinitis	COPD	0.2517248393989677	0.252906	0.254342	0.251207	0.263623	0.351311	0.244033	0.3603339264521251
allergic_rhinitis_coronary_heart	allergic_rhinitis	coronary_heart	0.025105587307997886	0.015048	0.0305	0.023503	0.030914	0.035285	0.019237	0.025078315091019952
allergic_rhinitis_deaf	allergic_rhinitis	deaf	0.09305645075118611	0.090621	0.092446	0.092831	0.091553	0.100176	0.091996	0.09570834803444436
allergic_rhinitis_depression	allergic_rhinitis	depression	0.2590631642534751	0.256798	0.258928	0.259115	0.264214	0.286124	0.252594	0.2862781887604839
allergic_rhinitis_diabetes_type_2	allergic_rhinitis	diabetes_type_2	0.06162613187168971	0.049328	0.066994	0.060824	0.116541	0.068522	0.060063	0.11420235924215853
allergic_rhinitis_diverticuli	allergic_rhinitis	diverticuli	0.11741039857642421	0.113115	0.117256	0.117161	0.123419	0.124667	0.113583	0.12263942204797869
allergic_rhinitis_ED	allergic_rhinitis	ED	0.0746778857039017	0.065804	0.076608	0.07488	0.095237	0.091289	0.065149	0.09516352920847904
allergic_rhinitis_enthesopathy_lower	allergic_rhinitis	enthesopathy_lower	0.39695536964080946	0.408108	0.400958	0.398173	0.40395	0.427685	0.389615	0.4309443291359549
allergic_rhinitis_enthesopathy_shoulder	allergic_rhinitis	enthesopathy_shoulder	0.2756380745527164	0.274834	0.276366	0.27517	0.286336	0.298186	0.265116	0.2927992734456806
allergic_rhinitis_enthesopathy_upper	allergic_rhinitis	enthesopathy_upper	0.3079234965266869	0.307304	0.308202	0.307886	0.315096	0.336408	0.297698	0.32820764758933474
allergic_rhinitis_essential_tremor	allergic_rhinitis	essential_tremor	0.026122550085727187	0.024091	0.02632	0.025843	0.022853	0.025916	0.017392	0.007994094886744492
allergic_rhinitis_female_genital_prolapse	allergic_rhinitis	female_genital_prolapse	0.14821519717325643	0.146342	0.147912	0.147986	0.152725	0.152016	0.146025	0.15392537692775188
allergic_rhinitis_fibromatosis	allergic_rhinitis	fibromatosis	0.004626528674349075	0.007352	0.004535	0.004332	0.003549	0.008599	0.005124	0.014348077378737329
allergic_rhinitis_fibromyalgia	allergic_rhinitis	fibromyalgia	0.3233186901078718	0.326267	0.325458	0.323438	0.327652	0.361103	0.313826	0.3530159682840541
allergic_rhinitis_gastritis_duodenitis	allergic_rhinitis	gastritis_duodenitis	0.320359239999271	0.32252	0.321415	0.320034	0.327701	0.353232	0.311791	0.34791992158089824
allergic_rhinitis_glaucoma	allergic_rhinitis	glaucoma	0.10531152272003359	0.107142	0.106263	0.105607	0.108965	0.104066	0.107727	0.11476045409493887
allergic_rhinitis_GORD	allergic_rhinitis	GORD	0.30143839917485316	0.303367	0.302894	0.301153	0.311923	0.325987	0.293998	0.3253134169525672
allergic_rhinitis_gout	allergic_rhinitis	gout	0.019962538241767285	0.005254	0.023098	0.018906	0.030486	0.024603	0.014211	0.009266694159655642
allergic_rhinitis_HF	allergic_rhinitis	HF	0.018726324395547025	-0.001887	0.024683	0.019519	0.031126	0.031369	0.006957	0.00877494780132174
allergic_rhinitis_hypertension	allergic_rhinitis	hypertension	0.038911002007642255	0.026542	0.067479	0.040293	0.052449	0.045553	0.034146	0.061884320135321656
allergic_rhinitis_hyperthyroid	allergic_rhinitis	hyperthyroid	-0.022645458569000958	-0.025084	-0.021454	-0.022657	-0.014206	-0.01927	-0.018374	-0.004346171807419137
allergic_rhinitis_hypothyroid	allergic_rhinitis	hypothyroid	0.06774600407003799	0.062852	0.067762	0.067947	0.068636	0.072361	0.067239	0.06648971169637033
allergic_rhinitis_IBS	allergic_rhinitis	IBS	0.44691513738514393	0.446794	0.446826	0.447985	0.447962	0.454959	0.441998	0.4542354530794538
allergic_rhinitis_IDA	allergic_rhinitis	IDA	0.0928169720710423	0.085168	0.09704	0.092203	0.108038	0.105251	0.078432	0.09586101898002775
allergic_rhinitis_insomnia	allergic_rhinitis	insomnia	0.2687712157307073	0.266578	0.268669	0.269274	0.274179	0.304249	0.258283	0.3021019161750699
allergic_rhinitis_intervert_disc	allergic_rhinitis	intervert_disc	0.23941375131024534	0.2377	0.240495	0.238972	0.245925	0.263329	0.231068	0.25631011183565955
allergic_rhinitis_isch_stroke_tia	allergic_rhinitis	isch_stroke_tia	0.11504879209230948	0.109403	0.124905	0.115821	0.120525	0.127991	0.11184	0.13187662492167865
allergic_rhinitis_migraine	allergic_rhinitis	migraine	0.18973757105952732	0.188911	0.189619	0.189131	0.187321	0.196471	0.185427	0.18903720746811112
allergic_rhinitis_OA	allergic_rhinitis	OA	0.27050627471739597	0.282642	0.270622	0.270259	0.27581	0.287137	0.259612	0.2807276283102596
allergic_rhinitis_osteoporosis	allergic_rhinitis	osteoporosis	0.09347616266217042	0.101902	0.092976	0.094262	0.088316	0.095375	0.087126	0.09578787210786933
allergic_rhinitis_periph_neuro	allergic_rhinitis	periph_neuro	0.11345793612668423	0.107894	0.11447	0.112454	0.146592	0.134	0.096238	0.1421002705077897
allergic_rhinitis_peripheral_arterial	allergic_rhinitis	peripheral_arterial	0.05029745595971917	0.037803	0.060178	0.048378	0.061572	0.077482	0.038444	0.0728664802061976
allergic_rhinitis_PMR	allergic_rhinitis	PMR	0.09200038630790162	0.089294	0.092837	0.09176	0.093512	0.094591	0.084991	0.08554750168571719
allergic_rhinitis_pri_bladder	allergic_rhinitis	pri_bladder	4.136673334794169e-4	-0.000985	-0.000616	0.001467	-0.00266	0.008533	-0.002118	0.004147591997313045
allergic_rhinitis_pri_breast	allergic_rhinitis	pri_breast	0.02559277521719833	0.027654	0.025651	0.025252	0.026876	0.02575	0.028019	0.03355383789647094
allergic_rhinitis_pri_colorectal	allergic_rhinitis	pri_colorectal	-0.06117215507217971	-0.062077	-0.061754	-0.063239	-0.061997	-0.063018	-0.060621	-0.06814403459665136
allergic_rhinitis_pri_prost	allergic_rhinitis	pri_prost	0.03883273727282765	0.041817	0.038715	0.037588	0.039509	0.035989	0.042864	0.043658227604149884
allergic_rhinitis_pri_skin	allergic_rhinitis	pri_skin	0.022104234505656642	0.026243	0.02176	0.022026	0.019724	0.020706	0.022381	0.02368882597653589
allergic_rhinitis_psoriasis	allergic_rhinitis	psoriasis	0.10507104508891801	0.100118	0.10564	0.104791	0.107488	0.115646	0.096727	0.10366933989775645
allergic_rhinitis_RA	allergic_rhinitis	RA	0.19443546059770186	0.190981	0.196259	0.194378	0.203223	0.214446	0.188036	0.21535752395653926
allergic_rhinitis_raynauds	allergic_rhinitis	raynauds	-0.035906824726033286	-0.032017	-0.035678	-0.034565	-0.045004	-0.032569	-0.046544	-0.04683425238908911
allergic_rhinitis_retinal_detach	allergic_rhinitis	retinal_detach	-0.037365359078594965	-0.034864	-0.037327	-0.036752	-0.041277	-0.040322	-0.038713	-0.04393294531967737
allergic_rhinitis_schizo	allergic_rhinitis	schizo	0.05544013457534301	0.059991	0.054915	0.055501	0.055587	0.061065	0.066873	0.08501587546836796
allergic_rhinitis_scoliosis	allergic_rhinitis	scoliosis	0.07713091245473985	0.079011	0.077059	0.076795	0.073145	0.079095	0.071386	0.07112009499965302
allergic_rhinitis_sinusitis	allergic_rhinitis	sinusitis	0.5613956341878851	0.560546	0.562988	0.564039	0.561848	0.579201	0.557393	0.5787293395315187
allergic_rhinitis_sleep_apnoea	allergic_rhinitis	sleep_apnoea	0.19140659583764325	0.204481	0.192829	0.190745	0.200359	0.203453	0.188131	0.20960446756748458
allergic_rhinitis_spondylolisthesis	allergic_rhinitis	spondylolisthesis	0.2855462594924287	0.284018	0.285547	0.285113	0.290962	0.302058	0.279006	0.2961854438754448
allergic_rhinitis_spondylosis	allergic_rhinitis	spondylosis	0.3626266311122904	0.379071	0.364372	0.362315	0.373708	0.401896	0.354277	0.4077897059807562
allergic_rhinitis_stroke_all	allergic_rhinitis	stroke_all	0.14750777868073323	0.142813	0.157508	0.147834	0.151667	0.159159	0.150953	0.16860476826549217
allergic_rhinitis_tendon	allergic_rhinitis	tendon	0.37922645891353945	0.382556	0.380094	0.379097	0.390925	0.408004	0.372409	0.4083602120065817
allergic_rhinitis_thromboembolic	allergic_rhinitis	thromboembolic	0.1861121646276913	0.184045	0.18592	0.186507	0.19977	0.194976	0.18074	0.1968510328509613
allergic_rhinitis_TIA	allergic_rhinitis	TIA	0.12260488513577336	0.117791	0.128129	0.122098	0.128339	0.134989	0.119239	0.13638466427781004
allergic_rhinitis_tinnitus	allergic_rhinitis	tinnitus	0.18945473727607964	0.193729	0.189219	0.191127	0.184254	0.190758	0.180208	0.18111568919334928
allergic_rhinitis_ulc_colitis	allergic_rhinitis	ulc_colitis	0.14056860021239606	0.14218	0.140956	0.141405	0.140701	0.140972	0.14053	0.1449299340073242
allergic_rhinitis_ulcer_peptic	allergic_rhinitis	ulcer_peptic	0.15997165108918737	0.156051	0.162719	0.159182	0.169335	0.196537	0.148182	0.18965763426347046
allergic_rhinitis_urine_incont	allergic_rhinitis	urine_incont	0.16422838296367778	0.160631	0.164548	0.16462	0.17204	0.181388	0.155462	0.17304351350034622
allergic_rhinitis_urolithiasis	allergic_rhinitis	urolithiasis	0.08731173740480845	0.08335	0.087187	0.086496	0.088236	0.088675	0.085856	0.08107412471043446
allergic_rhinitis_valve_nonrheumatic	allergic_rhinitis	valve_nonrheumatic	0.095674162073884	0.09045	0.10352	0.095922	0.101545	0.100387	0.089496	0.09812090352318027
anxiety_asthma	anxiety	asthma	0.29997868339315903	0.316927	0.299709	0.300236	0.29617	0.25472	0.295582	0.2774464398864597
anxiety_b12_def	anxiety	b12_def	0.22799685070439396	0.249088	0.227591	0.229898	0.22218	0.179081	0.21915	0.20623413084557085
anxiety_BPH	anxiety	BPH	0.17981886564113947	0.179764	0.180313	0.178781	0.178937	0.196849	0.17602	0.19436776088342334
anxiety_bursitis	anxiety	bursitis	0.22826294360459273	0.238308	0.228133	0.229017	0.223	0.159653	0.218183	0.16440887846457813
anxiety_carpal_tunnel	anxiety	carpal_tunnel	0.13099600882723123	0.150218	0.130151	0.132303	0.122092	0.083194	0.119444	0.10657470342425064
anxiety_cataract	anxiety	cataract	0.16466970478880397	0.168611	0.163946	0.164442	0.16139	0.136138	0.162272	0.1397015979409475
anxiety_cholelithiasis	anxiety	cholelithiasis	0.14528184419284518	0.169005	0.14466	0.145279	0.138137	0.107319	0.144315	0.14958798879815802
anxiety_CKD	anxiety	CKD	0.020858272685559016	0.029584	0.017518	0.020943	0.014162	0.00247	0.019254	0.021125218396799084
anxiety_COPD	anxiety	COPD	0.36569376911285617	0.394297	0.366116	0.368082	0.361704	0.262102	0.360738	0.28571303057325
anxiety_coronary_heart	anxiety	coronary_heart	0.18739630413049999	0.204005	0.193151	0.191389	0.182302	0.132967	0.183339	0.1648410802255822
anxiety_deaf	anxiety	deaf	0.17522286756347508	0.177816	0.177488	0.175729	0.177592	0.141544	0.174507	0.1542895063757988
anxiety_depression	anxiety	depression	0.8368980003026921	0.844223	0.837405	0.837206	0.836357	0.822657	0.836282	0.8299749837395225
anxiety_diabetes_type_2	anxiety	diabetes_type_2	0.10370306405220213	0.140801	0.103205	0.1054	0.086562	0.065544	0.102489	0.11302654375418748
anxiety_diverticuli	anxiety	diverticuli	0.2918373164880058	0.299719	0.29217	0.292469	0.287817	0.264725	0.289292	0.2767645432788608
anxiety_ED	anxiety	ED	0.3080479348038573	0.339608	0.308464	0.307877	0.305996	0.24552	0.302574	0.2755045625684172
anxiety_enthesopathy_lower	anxiety	enthesopathy_lower	0.3612744430506761	0.393137	0.361913	0.360513	0.357986	0.306252	0.355738	0.34741524997341516
anxiety_enthesopathy_shoulder	anxiety	enthesopathy_shoulder	0.33980004893381	0.356775	0.339472	0.341944	0.335494	0.28676	0.333568	0.3054116169125135
anxiety_enthesopathy_upper	anxiety	enthesopathy_upper	0.3080663454168581	0.321709	0.30786	0.312826	0.304209	0.245731	0.301827	0.26477666333821887
anxiety_essential_tremor	anxiety	essential_tremor	0.0937379799949275	0.095477	0.093484	0.094271	0.098091	0.098995	0.087064	0.10902289140372184
anxiety_female_genital_prolapse	anxiety	female_genital_prolapse	0.16909499858193233	0.171137	0.169858	0.169636	0.165331	0.153486	0.167281	0.15522085188452225
anxiety_fibromatosis	anxiety	fibromatosis	0.07624812408556866	0.074461	0.076395	0.076786	0.077677	0.051562	0.076829	0.04371059404450004
anxiety_fibromyalgia	anxiety	fibromyalgia	0.6155967776397435	0.650099	0.616561	0.615729	0.614146	0.577229	0.61712	0.6230237115654789
anxiety_gastritis_duodenitis	anxiety	gastritis_duodenitis	0.5593781680771792	0.589127	0.559392	0.563213	0.557314	0.517375	0.557185	0.5549144981684214
anxiety_glaucoma	anxiety	glaucoma	0.09740369024687179	0.096306	0.096577	0.097006	0.093897	0.111151	0.09934	0.10203078359458807
anxiety_GORD	anxiety	GORD	0.493499360062928	0.522511	0.493615	0.498004	0.491078	0.451743	0.489854	0.4887269911660602
anxiety_gout	anxiety	gout	0.024168171009960982	0.038826	0.021064	0.026078	0.012799	-0.006687	0.019417	0.022377984800446882
anxiety_HF	anxiety	HF	0.1446705085049804	0.190552	0.149743	0.143587	0.135088	0.072893	0.136548	0.1313011820136162
anxiety_hypertension	anxiety	hypertension	0.21839418187754814	0.248682	0.298389	0.216974	0.211008	0.185922	0.215182	0.31067182307113717
anxiety_hyperthyroid	anxiety	hyperthyroid	0.10952721535605436	0.111561	0.108397	0.109585	0.101038	0.089483	0.113573	0.08418286965060143
anxiety_hypothyroid	anxiety	hypothyroid	0.15918115605640754	0.165382	0.159184	0.158941	0.158524	0.13655	0.158949	0.15412414461527546
anxiety_IBS	anxiety	IBS	0.6222635440106725	0.622901	0.623226	0.621882	0.622761	0.617891	0.619921	0.6206906937971736
anxiety_IDA	anxiety	IDA	0.23701005296981334	0.264327	0.238744	0.238505	0.230232	0.184875	0.228518	0.21557790894193316
anxiety_insomnia	anxiety	insomnia	0.6379765481112624	0.644087	0.640657	0.637746	0.636429	0.601608	0.669704	0.6429663131429841
anxiety_intervert_disc	anxiety	intervert_disc	0.37552511718565124	0.394638	0.375285	0.377068	0.372203	0.320892	0.37048	0.34366236645398834
anxiety_isch_stroke_tia	anxiety	isch_stroke_tia	0.26058363529538886	0.275052	0.269364	0.259774	0.256603	0.2106	0.258377	0.23613396447792467
anxiety_migraine	anxiety	migraine	0.41478488755383913	0.415871	0.41509	0.417083	0.419805	0.398505	0.412187	0.40878222738558123
anxiety_OA	anxiety	OA	0.22891442750428456	0.267838	0.228819	0.229625	0.225289	0.178744	0.219753	0.24065691792932856
anxiety_osteoporosis	anxiety	osteoporosis	0.2325177534336187	0.231377	0.234027	0.231644	0.241673	0.229442	0.228086	0.21994723937362873
anxiety_periph_neuro	anxiety	periph_neuro	0.24604550667753383	0.284935	0.245559	0.249414	0.244184	0.17273	0.23694	0.21340407696607738
anxiety_peripheral_arterial	anxiety	peripheral_arterial	0.2652695046143661	0.308674	0.28403	0.272323	0.259356	0.163905	0.258487	0.23524659030188322
anxiety_PMR	anxiety	PMR	0.1862563884228672	0.189258	0.185654	0.186797	0.185027	0.177091	0.181096	0.18208628710980904
anxiety_pri_bladder	anxiety	pri_bladder	0.11324655257266564	0.114411	0.115269	0.111748	0.117295	0.062452	0.111467	0.0679057642860265
anxiety_pri_breast	anxiety	pri_breast	0.056269336908230494	0.054878	0.056196	0.056891	0.054912	0.05748	0.058356	0.0511578059126396
anxiety_pri_colorectal	anxiety	pri_colorectal	-6.152274715467777e-4	1.5e-05	0.000131	0.00229	0.000264	0.011715	1.8e-05	0.021269659848805186
anxiety_pri_prost	anxiety	pri_prost	0.039873472954698175	0.037887	0.04006	0.042339	0.039203	0.062748	0.043209	0.05948236059057471
anxiety_pri_skin	anxiety	pri_skin	0.024506828582281575	0.021681	0.025045	0.024655	0.027455	0.035638	0.024731	0.02836862894675567
anxiety_psoriasis	anxiety	psoriasis	0.17271681468058275	0.180547	0.172215	0.173342	0.170594	0.124714	0.166449	0.13696807065089187
anxiety_RA	anxiety	RA	0.27435715380461606	0.283768	0.274077	0.274618	0.269442	0.214389	0.269663	0.21944467219152058
anxiety_raynauds	anxiety	raynauds	0.18837917768931686	0.186526	0.188099	0.186693	0.201588	0.171541	0.181761	0.16802792047962584
anxiety_retinal_detach	anxiety	retinal_detach	-0.010524266642356122	-0.012504	-0.010586	-0.011621	-0.006132	0.009166	-0.011558	0.006114364713849056
anxiety_schizo	anxiety	schizo	0.4401079086052972	0.439909	0.441761	0.440196	0.440752	0.424621	0.453784	0.4280872042530983
anxiety_scoliosis	anxiety	scoliosis	0.17332763736837375	0.172286	0.173468	0.17405	0.179498	0.167302	0.169061	0.16776648439623434
anxiety_sinusitis	anxiety	sinusitis	0.46042243325312476	0.463364	0.460324	0.459757	0.461468	0.433676	0.456501	0.43908511314344034
anxiety_sleep_apnoea	anxiety	sleep_apnoea	0.24952332803243824	0.31653	0.249065	0.251967	0.244272	0.207524	0.246966	0.30879823738267603
anxiety_spondylolisthesis	anxiety	spondylolisthesis	0.20827300461514295	0.218331	0.208325	0.209892	0.204519	0.157927	0.202345	0.17299759200538226
anxiety_spondylosis	anxiety	spondylosis	0.46684447811544194	0.520566	0.466962	0.469511	0.464096	0.412801	0.464832	0.4798266272972451
anxiety_stroke_all	anxiety	stroke_all	0.24007619394361132	0.256127	0.246103	0.23973	0.236882	0.19575	0.243151	0.23073706066177696
anxiety_tendon	anxiety	tendon	0.3040885258808485	0.321827	0.303719	0.307244	0.299362	0.245535	0.29759	0.26746358001455456
anxiety_thromboembolic	anxiety	thromboembolic	0.16400343083420985	0.182842	0.164437	0.163543	0.155963	0.127469	0.159435	0.15620690616466704
anxiety_TIA	anxiety	TIA	0.3132532100286048	0.324261	0.31752	0.314588	0.309518	0.269268	0.31109	0.2869619263377316
anxiety_tinnitus	anxiety	tinnitus	0.4604896346273949	0.460032	0.46126	0.459824	0.476397	0.470849	0.456426	0.481732693867887
anxiety_ulc_colitis	anxiety	ulc_colitis	0.14171385822153054	0.140818	0.141326	0.140723	0.141995	0.145166	0.141617	0.1399029991394871
anxiety_ulcer_peptic	anxiety	ulcer_peptic	0.4132998156980726	0.441887	0.41472	0.416731	0.409937	0.34124	0.408532	0.37161714549271824
anxiety_urine_incont	anxiety	urine_incont	0.28382241218814735	0.307255	0.283557	0.283429	0.279203	0.228312	0.277974	0.2577789642322669
anxiety_urolithiasis	anxiety	urolithiasis	0.23241594395926174	0.237866	0.232664	0.23453	0.231882	0.232668	0.231547	0.2518826380515428
anxiety_valve_nonrheumatic	anxiety	valve_nonrheumatic	0.1649115119373993	0.172941	0.16769	0.164613	0.159956	0.142957	0.160194	0.15508801245380252
asthma_b12_def	asthma	b12_def	0.2162945811894714	0.151036	0.209749	0.216348	0.204539	0.175162	0.202664	0.11151911395329511
asthma_BPH	asthma	BPH	0.11750821266986838	0.122472	0.120033	0.117852	0.116003	0.128867	0.112034	0.12887146660951584
asthma_bursitis	asthma	bursitis	0.31968208913891616	0.285611	0.319882	0.319658	0.310838	0.270886	0.30736	0.2428497432714885
asthma_carpal_tunnel	asthma	carpal_tunnel	0.24798271375153338	0.177641	0.243051	0.247997	0.233827	0.213765	0.234717	0.1464696950982923
asthma_cataract	asthma	cataract	0.1761028459433854	0.1556	0.170897	0.176166	0.170562	0.152351	0.17306	0.13358421551080327
asthma_cholelithiasis	asthma	cholelithiasis	0.17301436165812184	0.08673	0.169537	0.173027	0.160061	0.142402	0.171987	0.07330582856885473
asthma_CKD	asthma	CKD	0.07943639771391463	0.012453	0.061847	0.079425	0.068451	0.065887	0.077563	-0.0027906733337028514
asthma_COPD	asthma	COPD	0.5905860684287597	0.557475	0.587216	0.591304	0.584987	0.58888	0.58608	0.5662838342851937
asthma_coronary_heart	asthma	coronary_heart	0.17301494080710722	0.109704	0.155345	0.173449	0.163498	0.127298	0.167481	0.061802318532134616
asthma_deaf	asthma	deaf	0.16477241939053272	0.151658	0.173601	0.164722	0.169128	0.136035	0.163946	0.13874281000120067
asthma_depression	asthma	depression	0.30730873190960256	0.2931	0.309775	0.307317	0.301699	0.255714	0.300499	0.25200767864578066
asthma_diabetes_type_2	asthma	diabetes_type_2	0.21371808547294766	0.098126	0.199947	0.213772	0.193951	0.186205	0.212687	0.08424167603106747
asthma_diverticuli	asthma	diverticuli	0.21794293304444154	0.18802	0.220005	0.217897	0.209586	0.191788	0.214271	0.17068166572149293
asthma_ED	asthma	ED	0.21363064490485065	0.139313	0.205895	0.213699	0.192742	0.155745	0.204619	0.08594424327833713
asthma_enthesopathy_lower	asthma	enthesopathy_lower	0.3936576277937747	0.34042	0.388138	0.394275	0.387814	0.351624	0.384303	0.3030196826022028
asthma_enthesopathy_shoulder	asthma	enthesopathy_shoulder	0.317471074153851	0.274652	0.315356	0.317678	0.307592	0.272774	0.306219	0.23477247988980599
asthma_enthesopathy_upper	asthma	enthesopathy_upper	0.30145183474829396	0.262164	0.300971	0.302605	0.294106	0.250601	0.288176	0.21799495290669754
asthma_essential_tremor	asthma	essential_tremor	0.13155724512549027	0.121671	0.130585	0.131497	0.139437	0.13637	0.122856	0.12400556405319957
asthma_female_genital_prolapse	asthma	female_genital_prolapse	0.15071499989113324	0.140458	0.154464	0.15066	0.144001	0.136487	0.148335	0.1312790371395817
asthma_fibromatosis	asthma	fibromatosis	0.043401894207357315	0.063531	0.04423	0.043326	0.045859	0.021695	0.044128	0.043582944455583965
asthma_fibromyalgia	asthma	fibromyalgia	0.4394170113232348	0.397433	0.435515	0.439446	0.435949	0.39456	0.431444	0.3588266720683646
asthma_gastritis_duodenitis	asthma	gastritis_duodenitis	0.3985134286188936	0.355254	0.396063	0.399254	0.392127	0.352548	0.390035	0.3164636334712352
asthma_glaucoma	asthma	glaucoma	0.020241465230208058	0.03227	0.01501	0.020319	0.013634	0.02894	0.022596	0.03296123106525854
asthma_GORD	asthma	GORD	0.4204435645156989	0.377233	0.417278	0.421618	0.412456	0.381839	0.413534	0.34556247378539634
asthma_gout	asthma	gout	0.1300729558572326	0.032924	0.11487	0.130043	0.112767	0.108074	0.124393	0.013141400193383715
asthma_HF	asthma	HF	0.2595615037968792	0.153075	0.248058	0.260053	0.244069	0.208951	0.249943	0.09856290272336568
asthma_hypertension	asthma	hypertension	0.23848455102457947	0.159292	0.260505	0.239517	0.22188	0.211787	0.234382	0.14959238739953915
asthma_hyperthyroid	asthma	hyperthyroid	0.10138374077092213	0.088554	0.092326	0.101382	0.085402	0.08411	0.106862	0.07120968038015307
asthma_hypothyroid	asthma	hypothyroid	0.16144707698715502	0.129235	0.161892	0.161511	0.160642	0.142172	0.161318	0.12084202013652065
asthma_IBS	asthma	IBS	0.35247459953543764	0.360691	0.356561	0.352937	0.35327	0.337154	0.34587	0.34680134406940455
asthma_IDA	asthma	IDA	0.2789751540857677	0.2105	0.269	0.279026	0.263858	0.238324	0.26718	0.16844398172340697
asthma_insomnia	asthma	insomnia	0.30851632117496963	0.294689	0.315852	0.308714	0.302692	0.249523	0.297861	0.25256785038470836
asthma_intervert_disc	asthma	intervert_disc	0.30070054822184045	0.255194	0.297406	0.300749	0.293541	0.251105	0.292053	0.21260881016298291
asthma_isch_stroke_tia	asthma	isch_stroke_tia	0.24980634121739811	0.203032	0.237067	0.250192	0.24243	0.207917	0.246972	0.16349576753573927
asthma_migraine	asthma	migraine	0.2510051632471093	0.252143	0.252951	0.251118	0.258906	0.230209	0.246615	0.23679684842660756
asthma_OA	asthma	OA	0.35606252783477876	0.284305	0.356578	0.356044	0.350758	0.321405	0.345679	0.26370659640918465
asthma_osteoporosis	asthma	osteoporosis	0.15638828110296704	0.210909	0.162379	0.156718	0.17058	0.150528	0.149785	0.1996769357672398
asthma_periph_neuro	asthma	periph_neuro	0.3381694851570916	0.265327	0.334537	0.338981	0.327414	0.286959	0.326788	0.22851669318936746
asthma_peripheral_arterial	asthma	peripheral_arterial	0.25402681401133925	0.166862	0.24294	0.256036	0.23989	0.173205	0.243943	0.0785388780317242
asthma_PMR	asthma	PMR	0.13165561741888376	0.115203	0.127406	0.131599	0.129568	0.121602	0.124153	0.10218595330275355
asthma_pri_bladder	asthma	pri_bladder	0.04408901262208556	0.03594	0.052102	0.044472	0.050713	-0.001238	0.041467	0.006854009486193887
asthma_pri_breast	asthma	pri_breast	-0.0011150648715983283	0.012627	-0.001535	-0.001214	-0.003675	-0.001947	0.001484	0.00982079657603703
asthma_pri_colorectal	asthma	pri_colorectal	-0.0879720413458762	-0.096653	-0.084555	-0.088926	-0.086898	-0.080219	-0.087499	-0.08588461062561838
asthma_pri_prost	asthma	pri_prost	-0.061370888494780756	-0.044009	-0.060665	-0.061966	-0.062972	-0.045719	-0.057389	-0.032408216449496645
asthma_pri_skin	asthma	pri_skin	-0.062041555168597357	-0.036969	-0.059618	-0.062066	-0.057434	-0.055361	-0.062085	-0.034213739935862054
asthma_psoriasis	asthma	psoriasis	0.1779459436394894	0.140568	0.175225	0.177891	0.174533	0.138378	0.169361	0.10726564089577106
asthma_RA	asthma	RA	0.2931646770494271	0.261654	0.287919	0.293147	0.283594	0.245606	0.28687	0.21893192840048964
asthma_raynauds	asthma	raynauds	0.05188437739459005	0.082276	0.050289	0.052505	0.070412	0.032957	0.041048	0.05756360501704823
asthma_retinal_detach	asthma	retinal_detach	0.0169670825200485	0.035545	0.016717	0.017162	0.024818	0.034025	0.015683	0.046181758452549425
asthma_schizo	asthma	schizo	0.07586975251639756	0.107429	0.080824	0.075886	0.076089	0.048583	0.088887	0.0922618218786965
asthma_scoliosis	asthma	scoliosis	0.05051327910139319	0.064166	0.051263	0.050423	0.059979	0.04125	0.043907	0.05244670107575965
asthma_sinusitis	asthma	sinusitis	0.4723685843928716	0.472068	0.470031	0.473869	0.475226	0.44975	0.465322	0.45196445325500306
asthma_sleep_apnoea	asthma	sleep_apnoea	0.2899889233534785	0.189984	0.285537	0.29029	0.280214	0.256833	0.286934	0.17773122222072765
asthma_spondylolisthesis	asthma	spondylolisthesis	0.20721991221920508	0.165978	0.208032	0.207226	0.200605	0.165496	0.198991	0.13383793120095744
asthma_spondylosis	asthma	spondylosis	0.38393170728671583	0.321081	0.380343	0.384325	0.375432	0.334358	0.374226	0.27771180997622164
asthma_stroke_all	asthma	stroke_all	0.2376859386347535	0.185251	0.224511	0.237802	0.23216	0.200667	0.242038	0.1567271072012608
asthma_tendon	asthma	tendon	0.3659336435265946	0.32324	0.363925	0.366638	0.356961	0.322777	0.355836	0.2865754404110951
asthma_thromboembolic	asthma	thromboembolic	0.21212769606441784	0.143899	0.214767	0.212265	0.197335	0.183421	0.206329	0.13018201184134398
asthma_TIA	asthma	TIA	0.27304025781248203	0.238204	0.262488	0.273048	0.265637	0.234379	0.270132	0.2021580074333976
asthma_tinnitus	asthma	tinnitus	0.1608607820029969	0.189888	0.16398	0.16159	0.179829	0.158842	0.149968	0.18460629176786336
asthma_ulc_colitis	asthma	ulc_colitis	0.07449023316006258	0.086654	0.072394	0.074751	0.074942	0.074773	0.074225	0.08272761518788452
asthma_ulcer_peptic	asthma	ulcer_peptic	0.3407420521244777	0.288397	0.334202	0.341343	0.331181	0.276854	0.331003	0.22923390660833476
asthma_urine_incont	asthma	urine_incont	0.3032374572293261	0.246298	0.302375	0.303396	0.294375	0.259063	0.295097	0.21223571791122245
asthma_urolithiasis	asthma	urolithiasis	0.07714119903213613	0.047877	0.078421	0.076997	0.075882	0.071903	0.075504	0.0498549607156093
asthma_valve_nonrheumatic	asthma	valve_nonrheumatic	0.11554775547259125	0.073784	0.096199	0.115623	0.106078	0.095146	0.108795	0.043286058017931436
b12_def_BPH	b12_def	BPH	-0.010105308253805855	-0.00915	-0.007495	-0.0077	-0.013449	-0.002367	-0.024163	-0.013017879575076144
b12_def_bursitis	b12_def	bursitis	-0.10926924869887332	-0.182104	-0.110972	-0.110587	-0.131552	-0.18928	-0.182866	-0.31290468524098436
b12_def_carpal_tunnel	b12_def	carpal_tunnel	0.23787385708751552	0.145113	0.23158	0.236257	0.214402	0.203889	0.204015	0.08737202286543916
b12_def_cataract	b12_def	cataract	0.07844232806146917	0.048252	0.071062	0.079123	0.069156	0.051818	0.07139	0.02060433799176307
b12_def_cholelithiasis	b12_def	cholelithiasis	0.30188348669752163	0.207809	0.298461	0.302419	0.284918	0.276863	0.304263	0.20348219479461283
b12_def_CKD	b12_def	CKD	0.14367474041418776	0.064224	0.123061	0.143732	0.128226	0.132156	0.141769	0.04699532918149399
b12_def_COPD	b12_def	COPD	0.33552308371224365	0.263936	0.328178	0.333499	0.318691	0.25944	0.319065	0.18776038428638478
b12_def_coronary_heart	b12_def	coronary_heart	0.22754904162480943	0.151964	0.206054	0.223621	0.214196	0.18576	0.218016	0.09596324016881981
b12_def_deaf	b12_def	deaf	0.08079824308320231	0.061113	0.091207	0.080139	0.086986	0.049509	0.07905	0.05138895868949546
b12_def_depression	b12_def	depression	0.19770542255851303	0.176208	0.200576	0.198029	0.18824	0.138619	0.18114	0.12373588565354314
b12_def_diabetes_type_2	b12_def	diabetes_type_2	0.2916247706175281	0.155156	0.275547	0.289628	0.255025	0.267555	0.293366	0.13253057775249213
b12_def_diverticuli	b12_def	diverticuli	0.17097436077071346	0.131426	0.17358	0.17035	0.157704	0.143585	0.163914	0.1102512705036466
b12_def_ED	b12_def	ED	0.24646339482582055	0.154124	0.236855	0.247407	0.211805	0.192448	0.227912	0.08957879966514062
b12_def_enthesopathy_lower	b12_def	enthesopathy_lower	0.2875910585042964	0.205289	0.279003	0.290664	0.27762	0.238915	0.253969	0.14246317764163047
b12_def_enthesopathy_shoulder	b12_def	enthesopathy_shoulder	0.34741719047950664	0.296222	0.345198	0.345565	0.332546	0.305743	0.318947	0.23860785162575296
b12_def_enthesopathy_upper	b12_def	enthesopathy_upper	0.1899868465389035	0.132567	0.189088	0.185764	0.17727	0.131778	0.140044	0.04031190072769296
b12_def_essential_tremor	b12_def	essential_tremor	-0.08916816525581227	-0.112292	-0.091473	-0.090207	-0.079933	-0.09013	-0.113771	-0.13006562923817286
b12_def_female_genital_prolapse	b12_def	female_genital_prolapse	0.10539625727448639	0.091422	0.110029	0.104712	0.094888	0.090097	0.10077	0.07858933369584334
b12_def_fibromatosis	b12_def	fibromatosis	0.09793870386262774	0.127075	0.099334	0.097163	0.102479	0.078332	0.10118	0.1127678396386248
b12_def_fibromyalgia	b12_def	fibromyalgia	0.2210969716022503	0.146224	0.21423	0.22163	0.214054	0.156471	0.184774	0.06774135803426427
b12_def_gastritis_duodenitis	b12_def	gastritis_duodenitis	0.4150039799321183	0.361554	0.412299	0.412813	0.406023	0.37169	0.394056	0.3116025741250535
b12_def_glaucoma	b12_def	glaucoma	-0.09987175791773364	-0.090694	-0.107415	-0.099185	-0.111512	-0.094491	-0.096988	-0.09621566992527601
b12_def_GORD	b12_def	GORD	0.35893853326409364	0.297761	0.354657	0.356205	0.344904	0.317073	0.341987	0.2500715361681511
b12_def_gout	b12_def	gout	0.13922213933816235	0.014747	0.11937	0.136257	0.112365	0.117928	0.12796	-0.02037275558713451
b12_def_HF	b12_def	HF	0.2812463201198327	0.140415	0.263159	0.284351	0.255796	0.233317	0.260353	0.06965087936676596
b12_def_hypertension	b12_def	hypertension	0.23275199713891245	0.12808	0.229929	0.237708	0.204446	0.206334	0.225748	0.0814929032514493
b12_def_hyperthyroid	b12_def	hyperthyroid	0.2558313337067412	0.248895	0.246251	0.256161	0.235441	0.243405	0.272389	0.24386172805634268
b12_def_hypothyroid	b12_def	hypothyroid	0.3671956785649723	0.340612	0.369043	0.368317	0.36901	0.354654	0.373053	0.34707726504397607
b12_def_IBS	b12_def	IBS	0.2210067907605834	0.228461	0.225774	0.223561	0.222059	0.201615	0.20425	0.2060237579552966
b12_def_IDA	b12_def	IDA	0.5157095748866222	0.455971	0.508035	0.514661	0.499563	0.489039	0.495908	0.4123340708741662
b12_def_insomnia	b12_def	insomnia	0.283833912917651	0.267733	0.293126	0.285536	0.275268	0.2239	0.225478	0.1806702287456885
b12_def_intervert_disc	b12_def	intervert_disc	0.36535463294225623	0.313542	0.361823	0.364077	0.355958	0.321729	0.348212	0.26796177319060493
b12_def_isch_stroke_tia	b12_def	isch_stroke_tia	0.3825380927456387	0.33462	0.370886	0.38546	0.373891	0.348817	0.381724	0.31063277138003964
b12_def_migraine	b12_def	migraine	0.1896526983333017	0.19059	0.192073	0.187339	0.201563	0.167138	0.180757	0.1715455088923364
b12_def_OA	b12_def	OA	0.2880547763095011	0.178367	0.288746	0.287446	0.279755	0.25055	0.25565	0.13647500189290632
b12_def_osteoporosis	b12_def	osteoporosis	0.09468657942928325	0.161012	0.101944	0.097075	0.115074	0.087244	0.079675	0.14596992561951003
b12_def_periph_neuro	b12_def	periph_neuro	0.34412414656287055	0.246394	0.339724	0.341365	0.31301	0.294733	0.309985	0.16839697791942188
b12_def_peripheral_arterial	b12_def	peripheral_arterial	0.49827203537633913	0.423781	0.50307	0.496547	0.483117	0.458014	0.483323	0.3942941043337835
b12_def_PMR	b12_def	PMR	0.14049001905753059	0.121297	0.135233	0.139874	0.137919	0.130823	0.12493	0.09917939208095325
b12_def_pri_bladder	b12_def	pri_bladder	0.007365980857387332	-0.004508	0.017193	0.010692	0.017051	-0.038722	0.001255	-0.025691385867145172
b12_def_pri_breast	b12_def	pri_breast	-0.07447619603557845	-0.060886	-0.075404	-0.075694	-0.079241	-0.077151	-0.070302	-0.06596401232070155
b12_def_pri_colorectal	b12_def	pri_colorectal	-0.031855516199359384	-0.040947	-0.027223	-0.037509	-0.029908	-0.022742	-0.03063	-0.03308094931989691
b12_def_pri_prost	b12_def	pri_prost	-0.0010784762817667634	0.023793	7.6e-05	-0.005414	-0.003043	0.015977	0.008439	0.03505308725453641
b12_def_pri_skin	b12_def	pri_skin	-0.0896272405544244	-0.059809	-0.086769	-0.090011	-0.083192	-0.083773	-0.091007	-0.05896558043600289
b12_def_psoriasis	b12_def	psoriasis	0.25184323183538077	0.210415	0.249003	0.251254	0.248202	0.216592	0.235542	0.17465804362270607
b12_def_RA	b12_def	RA	0.3731360948154574	0.340382	0.36723	0.373386	0.360034	0.332175	0.36298	0.30005099297419086
b12_def_raynauds	b12_def	raynauds	0.24849852462843397	0.299304	0.247622	0.254478	0.281687	0.235725	0.230272	0.28699129897858083
b12_def_retinal_detach	b12_def	retinal_detach	0.02559930523491278	0.049962	0.025347	0.027683	0.037683	0.042531	0.02313	0.06154189711500435
b12_def_schizo	b12_def	schizo	-0.010952823192453708	0.024937	-0.005201	-0.010801	-0.011329	-0.040634	0.015392	0.024750034393266025
b12_def_scoliosis	b12_def	scoliosis	0.07744427733469243	0.096846	0.078599	0.076425	0.092329	0.069063	0.063873	0.08095060303470503
b12_def_sinusitis	b12_def	sinusitis	0.24316607329900058	0.235204	0.238914	0.247813	0.246698	0.210988	0.215585	0.19317561766337107
b12_def_sleep_apnoea	b12_def	sleep_apnoea	0.23856718346379546	0.085791	0.232575	0.235986	0.222316	0.203704	0.233528	0.07132047719457864
b12_def_spondylolisthesis	b12_def	spondylolisthesis	0.11260188883946774	0.054085	0.113365	0.110427	0.101577	0.066883	0.092607	0.008223492195986346
b12_def_spondylosis	b12_def	spondylosis	0.30854401147543803	0.212431	0.303551	0.306394	0.293515	0.253259	0.274178	0.13743875298747837
b12_def_stroke_all	b12_def	stroke_all	0.21018991277038704	0.141153	0.189405	0.211404	0.202017	0.17262	0.221767	0.11893014204704498
b12_def_tendon	b12_def	tendon	0.29253381643007065	0.232276	0.289837	0.289765	0.276697	0.245263	0.24992	0.1543534280328933
b12_def_thromboembolic	b12_def	thromboembolic	0.1794845974130597	0.087861	0.182883	0.180813	0.154691	0.150071	0.167479	0.06838722239643799
b12_def_TIA	b12_def	TIA	0.22162606255602949	0.175186	0.205112	0.220188	0.209883	0.181105	0.216799	0.13120359696036332
b12_def_tinnitus	b12_def	tinnitus	0.0396190741007446	0.071408	0.043043	0.043476	0.065026	0.034436	0.011625	0.05370096654412876
b12_def_ulc_colitis	b12_def	ulc_colitis	0.10627888561207312	0.124288	0.103872	0.108703	0.107626	0.107323	0.107204	0.1235501532030688
b12_def_ulcer_peptic	b12_def	ulcer_peptic	0.3654121640180126	0.300513	0.357056	0.362993	0.350836	0.306839	0.342127	0.22925104983366437
b12_def_urine_incont	b12_def	urine_incont	0.2930366179873851	0.218506	0.292204	0.294558	0.279302	0.249217	0.275174	0.1794493450860388
b12_def_urolithiasis	b12_def	urolithiasis	0.1353181458458213	0.102162	0.137347	0.132679	0.134388	0.131656	0.133783	0.10395689229407938
b12_def_valve_nonrheumatic	b12_def	valve_nonrheumatic	0.17867910189775246	0.13053	0.156045	0.179653	0.165516	0.16061	0.166124	0.09279971775074036
BPH_bursitis	BPH	bursitis	0.1163458557738602	0.119511	0.116669	0.117489	0.114598	0.133288	0.100928	0.11854084796825556
BPH_carpal_tunnel	BPH	carpal_tunnel	0.060975916475395485	0.066765	0.063272	0.062959	0.057936	0.069155	0.047993	0.0607074892681055
BPH_cataract	BPH	cataract	0.0507502352269083	0.051517	0.052922	0.050313	0.049444	0.055764	0.048045	0.055049643041034796
BPH_cholelithiasis	BPH	cholelithiasis	0.07119701381107417	0.079009	0.072679	0.071174	0.068749	0.077887	0.070065	0.08212838657988937
BPH_CKD	BPH	CKD	0.04723012322486764	0.050384	0.055122	0.047405	0.045066	0.049785	0.045731	0.058403497680426825
BPH_COPD	BPH	COPD	0.04055671100564215	0.04419	0.043556	0.043325	0.037614	0.07929	0.032392	0.08154598974832504
BPH_coronary_heart	BPH	coronary_heart	0.00213113439106939	0.003581	0.011379	0.006899	-0.000273	0.010621	-0.002731	0.024208839887319242
BPH_deaf	BPH	deaf	0.11726776974431412	0.117922	0.115415	0.118085	0.118081	0.124014	0.116421	0.12369953913640233
BPH_depression	BPH	depression	0.16220582338061523	0.163478	0.161839	0.162336	0.161061	0.182593	0.156346	0.17648277433102003
BPH_diabetes_type_2	BPH	diabetes_type_2	0.04374582886597888	0.054785	0.052568	0.04631	0.039029	0.049745	0.042407	0.06802127745076333
BPH_diverticuli	BPH	diverticuli	0.16434412918476946	0.167	0.164004	0.165313	0.163063	0.171488	0.161388	0.16931356758280136
BPH_ED	BPH	ED	0.24847589370075027	0.267116	0.253652	0.248244	0.255009	0.272612	0.242579	0.28724185457966456
BPH_enthesopathy_lower	BPH	enthesopathy_lower	0.13237670315361275	0.142001	0.136334	0.130579	0.130989	0.149381	0.120674	0.1458543451719134
BPH_enthesopathy_shoulder	BPH	enthesopathy_shoulder	0.10226939811259877	0.1064	0.103488	0.104997	0.100274	0.116504	0.090515	0.10900104482595774
BPH_enthesopathy_upper	BPH	enthesopathy_upper	0.10338770644524159	0.106869	0.103925	0.108875	0.101767	0.120006	0.087823	0.11107795893854003
BPH_essential_tremor	BPH	essential_tremor	0.049431710532380636	0.049763	0.049908	0.050276	0.051008	0.049261	0.04257	0.045715282025149503
BPH_female_genital_prolapse	BPH	female_genital_prolapse	0.164114291831014	0.164685	0.163297	0.165044	0.162995	0.167606	0.162324	0.16488373012011573
BPH_fibromatosis	BPH	fibromatosis	0.03262197926722828	0.032379	0.032417	0.03347	0.033104	0.036322	0.033085	0.03886609196127449
BPH_fibromyalgia	BPH	fibromyalgia	0.13538576833456215	0.142456	0.138134	0.135336	0.134316	0.158287	0.123879	0.15415991674927465
BPH_gastritis_duodenitis	BPH	gastritis_duodenitis	0.1169336499323735	0.122747	0.118512	0.120775	0.115381	0.136165	0.107183	0.1347545350496163
BPH_glaucoma	BPH	glaucoma	0.0464648793652938	0.04631	0.048273	0.045789	0.045162	0.04528	0.04822	0.04698911074395025
BPH_GORD	BPH	GORD	0.17552556214276085	0.184209	0.17774	0.180365	0.174333	0.193381	0.168434	0.19781690062460666
BPH_gout	BPH	gout	0.013945433076582385	0.017279	0.020425	0.017001	0.009897	0.018053	0.009261	0.02318750292868083
BPH_HF	BPH	HF	0.07372576217808344	0.090824	0.090155	0.071776	0.070763	0.087516	0.064929	0.1099469910457822
BPH_hypertension	BPH	hypertension	0.07634125000078501	0.084718	0.13691	0.073178	0.073428	0.082782	0.072629	0.15514143080993725
BPH_hyperthyroid	BPH	hyperthyroid	0.03936856694728448	0.039737	0.042916	0.039434	0.036207	0.042648	0.043057	0.048303195612305595
BPH_hypothyroid	BPH	hypothyroid	0.03573654854900322	0.036853	0.035777	0.035266	0.035405	0.039688	0.035217	0.03975737757058972
BPH_IBS	BPH	IBS	0.2900557324315743	0.290138	0.289452	0.288779	0.289924	0.296354	0.285045	0.2893805187455605
BPH_IDA	BPH	IDA	0.035826356350173436	0.040067	0.041918	0.037834	0.031659	0.045496	0.023235	0.04087848962203507
BPH_insomnia	BPH	insomnia	0.14955247787829842	0.150732	0.148184	0.14868	0.148337	0.174452	0.134131	0.1552603018230304
BPH_intervert_disc	BPH	intervert_disc	0.1833747409101297	0.190342	0.185283	0.18551	0.182214	0.203213	0.176268	0.20357724494983748
BPH_isch_stroke_tia	BPH	isch_stroke_tia	0.11995985009327297	0.124563	0.135057	0.118361	0.118495	0.131991	0.11734	0.14893369306905407
BPH_migraine	BPH	migraine	0.12941137659679997	0.129587	0.12912	0.132224	0.130975	0.135041	0.125636	0.1364574493749812
BPH_OA	BPH	OA	0.13060194542279294	0.147275	0.130863	0.131698	0.129331	0.142372	0.119174	0.14411743053370696
BPH_osteoporosis	BPH	osteoporosis	0.08296223359424437	0.083506	0.081522	0.081226	0.086161	0.084641	0.077776	0.08028198390347817
BPH_periph_neuro	BPH	periph_neuro	0.13055498101949994	0.146342	0.132653	0.135054	0.133687	0.150601	0.11785	0.15718409597930963
BPH_peripheral_arterial	BPH	peripheral_arterial	-0.02531333537953925	-0.025947	-0.01612	-0.018885	-0.030228	-0.010134	-0.03586	0.0014850564513856726
BPH_PMR	BPH	PMR	0.14161748152782969	0.142475	0.143485	0.142507	0.141116	0.144056	0.136298	0.1420411461379141
BPH_pri_bladder	BPH	pri_bladder	0.10572316049008268	0.105968	0.103797	0.103167	0.10728	0.115217	0.103961	0.11148682725354736
BPH_pri_breast	BPH	pri_breast	0.07800033990346295	0.07787	0.078159	0.079056	0.077507	0.078172	0.080091	0.08119229289908522
BPH_pri_colorectal	BPH	pri_colorectal	0.05819180100952253	0.05831	0.05707	0.063299	0.058532	0.056734	0.058945	0.061269643812963716
BPH_pri_prost	BPH	pri_prost	0.19447673097964277	0.194697	0.194264	0.199107	0.194266	0.192489	0.198245	0.20040066069994802
BPH_pri_skin	BPH	pri_skin	0.07878218197829805	0.078748	0.078007	0.079091	0.079946	0.077608	0.079122	0.07843882349993883
BPH_psoriasis	BPH	psoriasis	0.06031561612384226	0.062097	0.06149	0.061247	0.059447	0.068992	0.053249	0.06535598404464048
BPH_RA	BPH	RA	-0.022433042575038826	-0.021979	-0.020176	-0.022217	-0.025547	-0.013024	-0.029031	-0.017734118824906143
BPH_raynauds	BPH	raynauds	0.0703874821545033	0.070317	0.070991	0.066674	0.075127	0.073833	0.062793	0.06948503417310375
BPH_retinal_detach	BPH	retinal_detach	0.11440433644455521	0.114369	0.11454	0.112843	0.116384	0.112243	0.113691	0.11183234401844547
BPH_schizo	BPH	schizo	0.034688609230305534	0.034398	0.033303	0.03458	0.034662	0.039564	0.043778	0.048559020397618675
BPH_scoliosis	BPH	scoliosis	0.05151795114122871	0.051363	0.051352	0.052582	0.053626	0.053229	0.04674	0.05197682045655616
BPH_sinusitis	BPH	sinusitis	0.20221111033124856	0.20293	0.204096	0.199694	0.202356	0.212559	0.193892	0.20515015286811172
BPH_sleep_apnoea	BPH	sleep_apnoea	0.16485526077197932	0.199997	0.167387	0.168344	0.163544	0.175446	0.162056	0.20893034712189154
BPH_spondylolisthesis	BPH	spondylolisthesis	0.05499037004832614	0.057052	0.054968	0.057244	0.053434	0.064451	0.047917	0.05985501418562662
BPH_spondylosis	BPH	spondylosis	0.14039486113399144	0.154843	0.142658	0.143503	0.138836	0.162999	0.128464	0.16552012242675737
BPH_stroke_all	BPH	stroke_all	0.041561560522378145	0.044249	0.051291	0.040835	0.040137	0.049908	0.043986	0.06700832919200413
BPH_tendon	BPH	tendon	0.10783228123116365	0.112682	0.109103	0.111765	0.105914	0.123192	0.092606	0.11389045826432023
BPH_thromboembolic	BPH	thromboembolic	0.11494729739974845	0.123004	0.11442	0.114183	0.113026	0.122141	0.110228	0.11876023013700297
BPH_TIA	BPH	TIA	0.042555350924952	0.044178	0.049425	0.044273	0.040645	0.051798	0.039522	0.059897872115691635
BPH_tinnitus	BPH	tinnitus	0.22917972914623375	0.229705	0.228569	0.22676	0.235525	0.230374	0.222449	0.22770309462068272
BPH_ulc_colitis	BPH	ulc_colitis	0.090992305380505	0.090887	0.091814	0.089264	0.091028	0.091309	0.090774	0.09057381558458717
BPH_ulcer_peptic	BPH	ulcer_peptic	0.037005773168125346	0.04019	0.040652	0.040588	0.034255	0.057993	0.025621	0.05625910419848447
BPH_urine_incont	BPH	urine_incont	0.2088340292954023	0.220864	0.209582	0.208179	0.207882	0.226475	0.20238	0.2266556930977299
BPH_urolithiasis	BPH	urolithiasis	0.17423727551363205	0.176197	0.173986	0.177373	0.173952	0.175549	0.173233	0.17873415930255346
BPH_valve_nonrheumatic	BPH	valve_nonrheumatic	0.02563216070765117	0.02691	0.0348	0.025044	0.023536	0.029461	0.020248	0.034011945800272926
bursitis_carpal_tunnel	bursitis	carpal_tunnel	0.3858307460567065	0.34587	0.386237	0.385362	0.370345	0.350046	0.345314	0.2839928606860864
bursitis_cataract	bursitis	cataract	0.13269037712135795	0.114982	0.132262	0.13296	0.125211	0.099441	0.125803	0.08407676415688108
bursitis_cholelithiasis	bursitis	cholelithiasis	0.1970129120352882	0.135009	0.196731	0.197106	0.180296	0.158068	0.200667	0.1247563749667689
bursitis_CKD	bursitis	CKD	0.16323715814834797	0.116696	0.165563	0.163217	0.150197	0.149964	0.163726	0.12476377434738048
bursitis_COPD	bursitis	COPD	0.3203986092882162	0.278608	0.321092	0.319761	0.305754	0.178762	0.298274	0.1339513096582384
bursitis_coronary_heart	bursitis	coronary_heart	0.18537268468105347	0.137919	0.192833	0.184173	0.173138	0.12432	0.171954	0.0914290000837213
bursitis_deaf	bursitis	deaf	0.10143768904288057	0.089072	0.102883	0.101153	0.106844	0.059731	0.101147	0.06212150865809734
bursitis_depression	bursitis	depression	0.20863344860561647	0.193855	0.208862	0.208702	0.200439	0.125896	0.186312	0.10207284718366261
bursitis_diabetes_type_2	bursitis	diabetes_type_2	0.18597457366837483	0.098385	0.190028	0.185131	0.135397	0.148483	0.188409	0.06911071988265818
bursitis_diverticuli	bursitis	diverticuli	0.2255675704214696	0.20203	0.225784	0.22529	0.214828	0.192201	0.220229	0.1720194071941661
bursitis_ED	bursitis	ED	0.20661847939504766	0.150554	0.206877	0.206918	0.175793	0.125649	0.178704	0.050464034572184534
bursitis_enthesopathy_lower	bursitis	enthesopathy_lower	0.7050156136815464	0.692229	0.708597	0.706867	0.70174	0.676399	0.685947	0.6642476842525583
bursitis_enthesopathy_shoulder	bursitis	enthesopathy_shoulder	0.6592604616317188	0.643401	0.659435	0.659206	0.652683	0.628749	0.639696	0.6006231552757408
bursitis_enthesopathy_upper	bursitis	enthesopathy_upper	0.7646016156634103	0.754494	0.764579	0.766696	0.76164	0.740663	0.741705	0.7155320864217841
bursitis_essential_tremor	bursitis	essential_tremor	-0.035634899568814736	-0.047486	-0.035831	-0.036016	-0.02701	-0.035561	-0.072167	-0.07020312568494623
bursitis_female_genital_prolapse	bursitis	female_genital_prolapse	0.28637758372787847	0.28056	0.287022	0.286136	0.279362	0.275771	0.290113	0.27364362368262424
bursitis_fibromatosis	bursitis	fibromatosis	0.0571651148123414	0.072822	0.057261	0.056808	0.060578	0.02871	0.061869	0.04762330669740402
bursitis_fibromyalgia	bursitis	fibromyalgia	0.5530818395287005	0.529413	0.554217	0.553306	0.550368	0.500375	0.522835	0.4657816824203646
bursitis_gastritis_duodenitis	bursitis	gastritis_duodenitis	0.5282563124793853	0.503668	0.528463	0.528225	0.521885	0.476535	0.506929	0.4453876585178419
bursitis_glaucoma	bursitis	glaucoma	0.044045905082460916	0.053728	0.043437	0.044404	0.035704	0.057371	0.054038	0.06526331133132089
bursitis_GORD	bursitis	GORD	0.41971304027993084	0.387814	0.419974	0.419516	0.408804	0.36595	0.401433	0.33094002668153477
bursitis_gout	bursitis	gout	0.2700400720289069	0.213107	0.27495	0.269269	0.251037	0.249116	0.261622	0.2101001581001481
bursitis_HF	bursitis	HF	0.2576360174028761	0.184447	0.273857	0.258953	0.235588	0.187563	0.227008	0.11958075168489708
bursitis_hypertension	bursitis	hypertension	0.20808685949213157	0.146769	0.288914	0.210346	0.183433	0.171745	0.199731	0.18485220541630107
bursitis_hyperthyroid	bursitis	hyperthyroid	0.048039133126741095	0.036451	0.04707	0.048039	0.025554	0.022752	0.067368	0.02347498300279463
bursitis_hypothyroid	bursitis	hypothyroid	0.04338717071701292	0.014288	0.043378	0.04364	0.041621	0.012309	0.042692	-5.817393413540701e-4
bursitis_IBS	bursitis	IBS	0.2549290457558326	0.257429	0.255447	0.256033	0.255824	0.23215	0.233886	0.21929691502613402
bursitis_IDA	bursitis	IDA	0.1999490481074863	0.142581	0.201958	0.199264	0.175031	0.138747	0.150414	0.04613447183226117
bursitis_insomnia	bursitis	insomnia	0.5160192982925529	0.50902	0.518003	0.516781	0.511224	0.457421	0.450467	0.3930526062753483
bursitis_intervert_disc	bursitis	intervert_disc	0.4996722119180012	0.475225	0.499939	0.499327	0.4932	0.450283	0.485527	0.4264494866465568
bursitis_isch_stroke_tia	bursitis	isch_stroke_tia	0.3042511105207882	0.270982	0.317106	0.305413	0.295488	0.251927	0.305427	0.2525602229296882
bursitis_migraine	bursitis	migraine	0.2410604442355616	0.240372	0.241241	0.240302	0.251631	0.214536	0.23298	0.21791513393986695
bursitis_OA	bursitis	OA	0.6444645239847492	0.633931	0.644435	0.64431	0.641354	0.620425	0.622163	0.6132238161245718
bursitis_osteoporosis	bursitis	osteoporosis	0.12349655881976311	0.164171	0.124434	0.124519	0.141461	0.115782	0.103157	0.13383814383661524
bursitis_periph_neuro	bursitis	periph_neuro	0.5913852136724418	0.572933	0.592054	0.591812	0.594927	0.546638	0.559004	0.5169208404509382
bursitis_peripheral_arterial	bursitis	peripheral_arterial	0.3579378441484631	0.309325	0.388112	0.358671	0.341468	0.258195	0.331581	0.231242693979603
bursitis_PMR	bursitis	PMR	0.19618770345328224	0.184313	0.195907	0.195919	0.19429	0.187314	0.17713	0.16433457796737952
bursitis_pri_bladder	bursitis	pri_bladder	0.26760321377575164	0.265574	0.26982	0.269536	0.278678	0.221674	0.271333	0.24173629583311104
bursitis_pri_breast	bursitis	pri_breast	-0.0641602227306182	-0.054847	-0.06422	-0.064637	-0.068067	-0.068395	-0.058426	-0.06089803206518644
bursitis_pri_colorectal	bursitis	pri_colorectal	-0.06870671141529455	-0.074558	-0.068283	-0.071308	-0.067309	-0.058236	-0.069193	-0.06482893378546709
bursitis_pri_prost	bursitis	pri_prost	-0.08526218821845012	-0.07207	-0.085152	-0.087337	-0.087681	-0.065824	-0.074773	-0.055322720156579235
bursitis_pri_skin	bursitis	pri_skin	-0.0017048974943082462	0.019477	-0.001354	-0.00181	0.004804	0.009645	-0.001019	0.024210204300337504
bursitis_psoriasis	bursitis	psoriasis	0.1784963780794098	0.149252	0.17821	0.178167	0.174347	0.125357	0.152507	0.08945294712584952
bursitis_RA	bursitis	RA	0.2199750209971345	0.1924	0.219922	0.219917	0.205908	0.147473	0.201356	0.11472996024907503
bursitis_raynauds	bursitis	raynauds	0.05329236291666609	0.076615	0.053073	0.055417	0.077385	0.02808	0.016958	0.02849208567328367
bursitis_retinal_detach	bursitis	retinal_detach	0.03327589802911062	0.047917	0.033238	0.034137	0.043733	0.057639	0.030262	0.06740086106776347
bursitis_schizo	bursitis	schizo	-0.21254195817477925	-0.195893	-0.212285	-0.212524	-0.214583	-0.265729	-0.183539	-0.2283520241521275
bursitis_scoliosis	bursitis	scoliosis	0.2067345180416293	0.22024	0.206829	0.206363	0.221106	0.202509	0.193685	0.2088124266335501
bursitis_sinusitis	bursitis	sinusitis	0.315574732916458	0.309554	0.315496	0.31794	0.3189	0.277152	0.279652	0.2512746476817807
bursitis_sleep_apnoea	bursitis	sleep_apnoea	0.15607253624203093	0.060384	0.155715	0.155041	0.140566	0.102956	0.147987	0.039971622029242225
bursitis_spondylolisthesis	bursitis	spondylolisthesis	0.3846630030515997	0.359752	0.384703	0.384165	0.378367	0.341815	0.370503	0.3165724310971631
bursitis_spondylosis	bursitis	spondylosis	0.7074301751462164	0.69989	0.708525	0.707553	0.701997	0.673961	0.686602	0.6576059282428066
bursitis_stroke_all	bursitis	stroke_all	0.2952480780930539	0.258434	0.305337	0.295723	0.288966	0.249962	0.321127	0.27302225419515164
bursitis_tendon	bursitis	tendon	0.7477683035365058	0.736104	0.748059	0.748467	0.742995	0.723974	0.723549	0.6944128298282797
bursitis_thromboembolic	bursitis	thromboembolic	0.13389850740029577	0.076572	0.134191	0.134382	0.111517	0.091523	0.115612	0.0326997507024071
bursitis_TIA	bursitis	TIA	0.2963511698947094	0.269854	0.301343	0.295838	0.287128	0.246232	0.296371	0.23944507069381052
bursitis_tinnitus	bursitis	tinnitus	0.10442066064984645	0.12479	0.104808	0.106214	0.127678	0.100906	0.065274	0.0940724150718166
bursitis_ulc_colitis	bursitis	ulc_colitis	-0.05828261446324759	-0.051959	-0.058625	-0.057454	-0.058685	-0.063447	-0.063213	-0.06365783553316987
bursitis_ulcer_peptic	bursitis	ulcer_peptic	0.3458938928701848	0.307469	0.347394	0.345327	0.33303	0.250567	0.311582	0.19559868641569184
bursitis_urine_incont	bursitis	urine_incont	0.46974487572886653	0.439252	0.469649	0.470378	0.46083	0.423862	0.456094	0.3968329083909429
bursitis_urolithiasis	bursitis	urolithiasis	0.11791186810339928	0.096111	0.118063	0.116889	0.116775	0.113736	0.116983	0.10098154850235198
bursitis_valve_nonrheumatic	bursitis	valve_nonrheumatic	0.2469471918603636	0.219283	0.255154	0.247316	0.236493	0.227477	0.233844	0.20717350335659468
carpal_tunnel_cataract	carpal_tunnel	cataract	0.11309390660664878	0.081796	0.107542	0.113629	0.101814	0.090744	0.106596	0.060092911875309435
carpal_tunnel_cholelithiasis	carpal_tunnel	cholelithiasis	0.16183934937654018	0.031891	0.15834	0.16206	0.134747	0.135154	0.161409	0.021009885934086082
carpal_tunnel_CKD	carpal_tunnel	CKD	0.11991059713471389	0.02719	0.103883	0.1199	0.098991	0.10901	0.117508	0.015143302155065737
carpal_tunnel_COPD	carpal_tunnel	COPD	0.3211369125337047	0.238107	0.315399	0.319592	0.298323	0.261256	0.303616	0.181642915895634
carpal_tunnel_coronary_heart	carpal_tunnel	coronary_heart	0.2156941573617374	0.128712	0.201022	0.212825	0.198186	0.178925	0.205588	0.09107148828275058
carpal_tunnel_deaf	carpal_tunnel	deaf	0.06323769454089913	0.040184	0.071216	0.062697	0.07154	0.035351	0.06108	0.03347081241198692
carpal_tunnel_depression	carpal_tunnel	depression	0.1837675684237839	0.159676	0.185782	0.183956	0.171573	0.132093	0.166113	0.11263743530103802
carpal_tunnel_diabetes_type_2	carpal_tunnel	diabetes_type_2	0.2416978561203827	0.068125	0.229278	0.240074	0.153484	0.218802	0.242682	4.6180238717716623e-4
carpal_tunnel_diverticuli	carpal_tunnel	diverticuli	0.18441852145687693	0.14151	0.186342	0.183915	0.167584	0.160746	0.177503	0.12013587201692767
carpal_tunnel_ED	carpal_tunnel	ED	0.22880191319251766	0.120868	0.221313	0.229454	0.177906	0.181426	0.208928	0.05244380733510688
carpal_tunnel_enthesopathy_lower	carpal_tunnel	enthesopathy_lower	0.5124448768223507	0.448308	0.508186	0.515217	0.505845	0.485824	0.488244	0.4179150296671919
carpal_tunnel_enthesopathy_shoulder	carpal_tunnel	enthesopathy_shoulder	0.4550446411184296	0.408715	0.453513	0.453895	0.439103	0.426017	0.430048	0.3646758426357574
carpal_tunnel_enthesopathy_upper	carpal_tunnel	enthesopathy_upper	0.56605945936998	0.536449	0.566479	0.56537	0.559542	0.542629	0.539535	0.5004643894948138
carpal_tunnel_essential_tremor	carpal_tunnel	essential_tremor	0.061926146064902675	0.045323	0.060723	0.061293	0.077371	0.064254	0.040379	0.0381594206735325
carpal_tunnel_female_genital_prolapse	carpal_tunnel	female_genital_prolapse	0.08756278996538482	0.071208	0.091021	0.086997	0.073517	0.073591	0.08239	0.054812566449250755
carpal_tunnel_fibromatosis	carpal_tunnel	fibromatosis	-0.06080384827460525	-0.038007	-0.060326	-0.061576	-0.057554	-0.081944	-0.060958	-0.05417705948368841
carpal_tunnel_fibromyalgia	carpal_tunnel	fibromyalgia	0.3809936629335274	0.314182	0.376726	0.381482	0.376209	0.340493	0.350628	0.26834233732916146
carpal_tunnel_gastritis_duodenitis	carpal_tunnel	gastritis_duodenitis	0.36596986098271517	0.300877	0.363383	0.36427	0.354034	0.326316	0.342186	0.2552963437758864
carpal_tunnel_glaucoma	carpal_tunnel	glaucoma	-0.06314857925952035	-0.050952	-0.068782	-0.062564	-0.078313	-0.057462	-0.059366	-0.056897703878325136
carpal_tunnel_GORD	carpal_tunnel	GORD	0.3335353726076671	0.261827	0.329913	0.331541	0.314598	0.296426	0.315124	0.21857763404737784
carpal_tunnel_gout	carpal_tunnel	gout	0.15371218972876152	0.013729	0.139412	0.15151	0.118149	0.135275	0.142381	-0.016353457704430172
carpal_tunnel_HF	carpal_tunnel	HF	0.24537105466971418	0.070303	0.232979	0.247688	0.208296	0.202134	0.222358	0.006856119046388751
carpal_tunnel_hypertension	carpal_tunnel	hypertension	0.220987719943812	0.099134	0.235969	0.224848	0.181319	0.197324	0.213567	0.07380020250298962
carpal_tunnel_hyperthyroid	carpal_tunnel	hyperthyroid	0.09400325061556872	0.076795	0.084954	0.09406	0.060675	0.07884	0.107706	0.06134410901381752
carpal_tunnel_hypothyroid	carpal_tunnel	hypothyroid	0.10880386000848553	0.06021	0.109068	0.109351	0.107731	0.09067	0.109387	0.05894076733330142
carpal_tunnel_IBS	carpal_tunnel	IBS	0.22785173523669852	0.238517	0.231416	0.229811	0.230534	0.210725	0.210612	0.21712623691405883
carpal_tunnel_IDA	carpal_tunnel	IDA	0.2559174144429403	0.150225	0.24552	0.254645	0.218175	0.220419	0.223952	0.08191709998907956
carpal_tunnel_insomnia	carpal_tunnel	insomnia	0.28114673995722084	0.264638	0.288257	0.2824	0.27075	0.23058	0.21843	0.1797412527823652
carpal_tunnel_intervert_disc	carpal_tunnel	intervert_disc	0.40009027726949326	0.345907	0.397319	0.399137	0.389675	0.365645	0.383437	0.3116600102793941
carpal_tunnel_isch_stroke_tia	carpal_tunnel	isch_stroke_tia	0.19997804403614727	0.128954	0.184619	0.201905	0.185116	0.16209	0.195121	0.1007373691436241
carpal_tunnel_migraine	carpal_tunnel	migraine	0.16181015684400013	0.162459	0.163433	0.159985	0.177967	0.14111	0.151945	0.1498099168370246
carpal_tunnel_OA	carpal_tunnel	OA	0.5394799784861325	0.459244	0.540581	0.539213	0.535602	0.51868	0.517428	0.4400537330899065
carpal_tunnel_osteoporosis	carpal_tunnel	osteoporosis	0.011663698266918215	0.080692	0.016835	0.013355	0.036846	0.00325	-0.006249	0.06543492047426012
carpal_tunnel_periph_neuro	carpal_tunnel	periph_neuro	0.5205217136244161	0.438711	0.517935	0.519377	0.490658	0.493106	0.49436	0.3871687081764519
carpal_tunnel_peripheral_arterial	carpal_tunnel	peripheral_arterial	0.3393109635619365	0.221288	0.337204	0.337264	0.311368	0.287129	0.318327	0.1628208501409605
carpal_tunnel_PMR	carpal_tunnel	PMR	0.1436243751025292	0.123015	0.139474	0.143123	0.140956	0.134914	0.127477	0.10362949607452578
carpal_tunnel_pri_bladder	carpal_tunnel	pri_bladder	0.08329466789048913	0.074988	0.091534	0.086063	0.098	0.046249	0.078668	0.06540634303269226
carpal_tunnel_pri_breast	carpal_tunnel	pri_breast	-0.06006826416003231	-0.044164	-0.060676	-0.060974	-0.066513	-0.06191	-0.055422	-0.0489061596467505
carpal_tunnel_pri_colorectal	carpal_tunnel	pri_colorectal	-0.09434278324678419	-0.109162	-0.090984	-0.099101	-0.093198	-0.087591	-0.094535	-0.10537177507619913
carpal_tunnel_pri_prost	carpal_tunnel	pri_prost	-0.04143425037197631	-0.015951	-0.040667	-0.044936	-0.044904	-0.027481	-0.032406	-0.008956557731591003
carpal_tunnel_pri_skin	carpal_tunnel	pri_skin	-0.06541136686307081	-0.030303	-0.063022	-0.065664	-0.056698	-0.059589	-0.066401	-0.028608272246362816
carpal_tunnel_psoriasis	carpal_tunnel	psoriasis	0.17480052504568097	0.122546	0.172088	0.174219	0.169473	0.140929	0.155582	0.08900536860810496
carpal_tunnel_RA	carpal_tunnel	RA	0.25351235575945563	0.208271	0.248024	0.253513	0.233128	0.211353	0.239837	0.16490344522404382
carpal_tunnel_raynauds	carpal_tunnel	raynauds	0.03779889792300813	0.081859	0.036168	0.041563	0.074653	0.021205	0.01232	0.06535207528242543
carpal_tunnel_retinal_detach	carpal_tunnel	retinal_detach	-0.06345681561454614	-0.041738	-0.063966	-0.061997	-0.049296	-0.050732	-0.068091	-0.03338822556684714
carpal_tunnel_schizo	carpal_tunnel	schizo	-0.11056895380391558	-0.077124	-0.106563	-0.110532	-0.113186	-0.13915	-0.086035	-0.07923885012878329
carpal_tunnel_scoliosis	carpal_tunnel	scoliosis	0.09844836966411331	0.122574	0.099346	0.097672	0.11917	0.091374	0.084801	0.11336209240958978
carpal_tunnel_sinusitis	carpal_tunnel	sinusitis	0.23696082832430823	0.229284	0.233484	0.24059	0.242806	0.208584	0.2078	0.19404134015111588
carpal_tunnel_sleep_apnoea	carpal_tunnel	sleep_apnoea	0.3013074613069669	0.14033	0.296968	0.299562	0.281946	0.273413	0.297787	0.13405359938672015
carpal_tunnel_spondylolisthesis	carpal_tunnel	spondylolisthesis	0.358588595400418	0.314463	0.359878	0.357385	0.350243	0.32998	0.344917	0.2878874065686999
carpal_tunnel_spondylosis	carpal_tunnel	spondylosis	0.5595297226656574	0.48956	0.556997	0.558569	0.54775	0.535104	0.536571	0.45393355576684163
carpal_tunnel_stroke_all	carpal_tunnel	stroke_all	0.17233747389058945	0.09039	0.156206	0.173189	0.161415	0.138057	0.183836	0.08225726320274276
carpal_tunnel_tendon	carpal_tunnel	tendon	0.6588950890766289	0.629124	0.658131	0.658256	0.649742	0.641982	0.638911	0.6000773250346493
carpal_tunnel_thromboembolic	carpal_tunnel	thromboembolic	0.11243176420228841	-0.000423	0.11469	0.113348	0.076291	0.084453	0.098215	-0.03061208057088604
carpal_tunnel_TIA	carpal_tunnel	TIA	0.19108104054851588	0.136752	0.178368	0.189909	0.175348	0.154522	0.185498	0.10377771755216736
carpal_tunnel_tinnitus	carpal_tunnel	tinnitus	0.10817282540148966	0.149572	0.111063	0.111375	0.144495	0.1049	0.081055	0.14196346282386904
carpal_tunnel_ulc_colitis	carpal_tunnel	ulc_colitis	0.02425450138841669	0.040006	0.021991	0.025974	0.024909	0.023282	0.023448	0.03689238427549648
carpal_tunnel_ulcer_peptic	carpal_tunnel	ulcer_peptic	0.3074902742224285	0.227278	0.300644	0.305567	0.286647	0.252982	0.280838	0.16187303261351627
carpal_tunnel_urine_incont	carpal_tunnel	urine_incont	0.29769801032825915	0.213706	0.296816	0.298813	0.280176	0.260386	0.279269	0.1780901284940777
carpal_tunnel_urolithiasis	carpal_tunnel	urolithiasis	0.08480952372976236	0.044132	0.086101	0.082673	0.083205	0.080252	0.082165	0.04431588040308609
carpal_tunnel_valve_nonrheumatic	carpal_tunnel	valve_nonrheumatic	0.148060631118739	0.091593	0.130568	0.148741	0.130231	0.131196	0.134216	0.061500910033391094
cataract_cholelithiasis	cataract	cholelithiasis	0.11951208170564935	0.08598	0.115943	0.119496	0.110479	0.101152	0.118815	0.07651279836205721
cataract_CKD	cataract	CKD	0.0639049860846669	0.036659	0.046691	0.063938	0.056433	0.055749	0.062954	0.021050435060058586
cataract_COPD	cataract	COPD	0.20165341936000564	0.178541	0.195112	0.202621	0.193599	0.157085	0.198031	0.132861914273191
cataract_coronary_heart	cataract	coronary_heart	0.16798832198669125	0.144559	0.151252	0.170001	0.161692	0.143301	0.165492	0.11305099813320262
cataract_deaf	cataract	deaf	0.057060741270912846	0.049708	0.064706	0.057229	0.059541	0.038652	0.056405	0.043921028025655076
cataract_depression	cataract	depression	0.11094198340916085	0.101466	0.112633	0.110939	0.10604	0.075136	0.107139	0.07057460598764718
cataract_diabetes_type_2	cataract	diabetes_type_2	0.15847650590777754	0.121299	0.143407	0.159284	0.148466	0.141733	0.157739	0.10822345521627906
cataract_diverticuli	cataract	diverticuli	0.07519425583496782	0.060097	0.076684	0.075389	0.068572	0.057474	0.073112	0.04777640443442733
cataract_ED	cataract	ED	0.12579579698750054	0.095262	0.117517	0.125692	0.11022	0.091622	0.121566	0.057040636595447954
cataract_enthesopathy_lower	cataract	enthesopathy_lower	0.1450482832761849	0.117185	0.137399	0.14472	0.139536	0.113351	0.139164	0.0855006375726209
cataract_enthesopathy_shoulder	cataract	enthesopathy_shoulder	0.15236460601748636	0.131753	0.149667	0.15317	0.144267	0.122883	0.146852	0.10429608586239458
cataract_enthesopathy_upper	cataract	enthesopathy_upper	0.1430612394177117	0.123917	0.142056	0.144973	0.137068	0.110002	0.1367	0.09554194895718106
cataract_essential_tremor	cataract	essential_tremor	0.014269427428319792	0.008428	0.012952	0.014455	0.018999	0.01513	0.009761	0.010059002125148856
cataract_female_genital_prolapse	cataract	female_genital_prolapse	-0.01592702247327911	-0.022428	-0.012991	-0.015759	-0.02138	-0.026556	-0.017379	-0.029862086647374504
cataract_fibromatosis	cataract	fibromatosis	0.02470075934309569	0.032611	0.025428	0.024894	0.026268	0.012156	0.02497	0.02003672441367212
cataract_fibromyalgia	cataract	fibromyalgia	0.09958047471162797	0.073152	0.093595	0.099542	0.095537	0.058377	0.092527	0.033264211950684755
cataract_gastritis_duodenitis	cataract	gastritis_duodenitis	0.2496334750113778	0.230914	0.246603	0.251121	0.244425	0.221563	0.246197	0.20702589908055954
cataract_glaucoma	cataract	glaucoma	0.19023874428515677	0.196197	0.186123	0.190103	0.186544	0.196485	0.191505	0.1952461607877781
cataract_GORD	cataract	GORD	0.1538517428346433	0.130142	0.149394	0.15537	0.146035	0.123781	0.149629	0.10308003669057965
cataract_gout	cataract	gout	0.08250514513205412	0.04358	0.06668	0.083389	0.070447	0.069054	0.079773	0.02568064281982968
cataract_HF	cataract	HF	0.22226449826337277	0.19755	0.209085	0.222019	0.212769	0.195332	0.218613	0.1635923520731349
cataract_hypertension	cataract	hypertension	0.18230249786014316	0.154235	0.182987	0.182021	0.171341	0.165968	0.180244	0.13948404464816172
cataract_hyperthyroid	cataract	hyperthyroid	0.06378441436707374	0.057514	0.054752	0.063794	0.052714	0.053205	0.066179	0.039576009033571564
cataract_hypothyroid	cataract	hypothyroid	0.0746316844863326	0.05962	0.074771	0.074521	0.073705	0.06202	0.074321	0.05418852079418646
cataract_IBS	cataract	IBS	0.09214980283455047	0.091345	0.095078	0.091805	0.09169	0.078421	0.088078	0.07932222010956037
cataract_IDA	cataract	IDA	0.186174799320765	0.159894	0.174637	0.186803	0.175359	0.161743	0.181514	0.12955831018726022
cataract_insomnia	cataract	insomnia	0.17192089009105094	0.163229	0.178178	0.171728	0.1672	0.135639	0.169434	0.1391897301640876
cataract_intervert_disc	cataract	intervert_disc	0.115930524697434	0.09333	0.111886	0.116446	0.109883	0.08216	0.111261	0.06262067374155106
cataract_isch_stroke_tia	cataract	isch_stroke_tia	0.1668816835559833	0.146884	0.15056	0.166597	0.161422	0.141935	0.165291	0.11321609261372079
cataract_migraine	cataract	migraine	0.06433058179542447	0.061785	0.065574	0.065008	0.06876	0.04892	0.061772	0.05138211259641126
cataract_OA	cataract	OA	0.10954764412343099	0.071015	0.109239	0.109794	0.104553	0.083376	0.102859	0.057050550853244404
cataract_osteoporosis	cataract	osteoporosis	0.09071357214417951	0.11211	0.096094	0.090354	0.099861	0.085891	0.087524	0.10664570509973414
cataract_periph_neuro	cataract	periph_neuro	0.20483356512949835	0.177714	0.200643	0.206486	0.194551	0.173732	0.200719	0.15319694760706976
cataract_peripheral_arterial	cataract	peripheral_arterial	0.3375990885898983	0.3259	0.336561	0.342774	0.331485	0.316572	0.335304	0.3239529274789884
cataract_PMR	cataract	PMR	0.09121916659804989	0.083276	0.086959	0.091404	0.089572	0.084454	0.087732	0.07428614747462924
cataract_pri_bladder	cataract	pri_bladder	0.04170338271726392	0.037989	0.049337	0.041117	0.046146	0.016461	0.040461	0.024657405491954082
cataract_pri_breast	cataract	pri_breast	-0.015679966775400324	-0.010084	-0.016125	-0.015461	-0.017446	-0.016258	-0.014506	-0.013195366331481807
cataract_pri_colorectal	cataract	pri_colorectal	0.0031955568696216945	0.000807	0.00684	0.004317	0.004236	0.008898	0.003591	0.01158470531176595
cataract_pri_prost	cataract	pri_prost	-0.009305971099887882	-0.001297	-0.008464	-0.008458	-0.010197	0.000328	-0.007346	0.006181787440394658
cataract_pri_skin	cataract	pri_skin	-0.03764079097343989	-0.026703	-0.035233	-0.037591	-0.034399	-0.033312	-0.037572	-0.023801450759183232
cataract_psoriasis	cataract	psoriasis	0.12168572841267003	0.105249	0.118849	0.121914	0.119056	0.098441	0.117758	0.08529149532647214
cataract_RA	cataract	RA	0.11635539125191788	0.099902	0.110089	0.11642	0.108388	0.084325	0.112908	0.06619122289124837
cataract_raynauds	cataract	raynauds	0.05878556449886655	0.071233	0.057278	0.05807	0.071612	0.048065	0.054029	0.0585462427644567
cataract_retinal_detach	cataract	retinal_detach	0.4540951980888949	0.465218	0.455174	0.454044	0.461688	0.46828	0.453933	0.47813633679603534
cataract_schizo	cataract	schizo	-0.024532601653793472	-0.012972	-0.020271	-0.024568	-0.0247	-0.041647	-0.019231	-0.026410159213692174
cataract_scoliosis	cataract	scoliosis	0.013421800962598934	0.018466	0.014017	0.013658	0.01959	0.007603	0.010276	0.012862541537842866
cataract_sinusitis	cataract	sinusitis	0.12604673354346585	0.120146	0.122166	0.125611	0.126654	0.104975	0.120559	0.09745926920993316
cataract_sleep_apnoea	cataract	sleep_apnoea	0.16743965207235495	0.131749	0.162454	0.168491	0.159953	0.146109	0.16566	0.12389876451383694
cataract_spondylolisthesis	cataract	spondylolisthesis	0.13324571680306527	0.115077	0.133769	0.133895	0.128354	0.108417	0.12942	0.09665829012345455
cataract_spondylosis	cataract	spondylosis	0.1010344966322537	0.064868	0.096014	0.101849	0.092609	0.060661	0.093706	0.027458272720305255
cataract_stroke_all	cataract	stroke_all	0.16167196432210598	0.13984	0.145875	0.161523	0.157504	0.139442	0.163377	0.11364185696949416
cataract_tendon	cataract	tendon	0.14520401741982053	0.123085	0.142373	0.146451	0.137132	0.114165	0.138944	0.0943835801190984
cataract_thromboembolic	cataract	thromboembolic	0.13546073062682035	0.107704	0.1377	0.135283	0.124898	0.117632	0.132623	0.09958363233620078
cataract_TIA	cataract	TIA	0.1812908896484249	0.1654	0.168917	0.181801	0.175759	0.157887	0.179643	0.1364569372032155
cataract_tinnitus	cataract	tinnitus	0.09781668262609151	0.108353	0.100555	0.09731	0.110162	0.095131	0.092829	0.10748589613740825
cataract_ulc_colitis	cataract	ulc_colitis	0.015257398323622579	0.019371	0.013043	0.014828	0.015344	0.014441	0.015002	0.0146214564539537
cataract_ulcer_peptic	cataract	ulcer_peptic	0.1953809723952564	0.172663	0.187571	0.19674	0.187814	0.156537	0.191032	0.13236320717145178
cataract_urine_incont	cataract	urine_incont	0.11644049217464289	0.088819	0.114962	0.116256	0.108962	0.086192	0.112021	0.06477577824874034
cataract_urolithiasis	cataract	urolithiasis	0.04286826205917941	0.030037	0.043973	0.043563	0.041853	0.039163	0.042005	0.03266302333927928
cataract_valve_nonrheumatic	cataract	valve_nonrheumatic	0.10619109515783076	0.088923	0.087484	0.106063	0.099805	0.094207	0.10314	0.06348822786462958
cholelithiasis_CKD	cholelithiasis	CKD	0.19151581471042223	0.09744	0.184506	0.191523	0.176389	0.183384	0.19114	0.09841936725958196
cholelithiasis_COPD	cholelithiasis	COPD	0.1985877575962137	0.089416	0.194361	0.199044	0.177399	0.128621	0.197758	0.0479285123908186
cholelithiasis_coronary_heart	cholelithiasis	coronary_heart	0.24413819276529217	0.151432	0.24067	0.245661	0.230594	0.215601	0.243417	0.15159738636277487
cholelithiasis_deaf	cholelithiasis	deaf	0.08064987221731085	0.056897	0.086017	0.080691	0.087135	0.058135	0.08035	0.049131250800010975
cholelithiasis_depression	cholelithiasis	depression	0.21173186945183425	0.188697	0.212968	0.21173	0.202164	0.172389	0.2109	0.171423638206179
cholelithiasis_diabetes_type_2	cholelithiasis	diabetes_type_2	0.3395676294803048	0.170662	0.338258	0.340166	0.311958	0.323053	0.339292	0.17284712262607232
cholelithiasis_diverticuli	cholelithiasis	diverticuli	0.27461986275693423	0.236624	0.275888	0.274695	0.262731	0.257204	0.274028	0.2276102621753249
cholelithiasis_ED	cholelithiasis	ED	0.22654785813492087	0.105808	0.222065	0.226538	0.188644	0.188916	0.225924	0.07948143721385058
cholelithiasis_enthesopathy_lower	cholelithiasis	enthesopathy_lower	0.299642227538511	0.197124	0.295939	0.29985	0.289549	0.267823	0.30306	0.1918940232956066
cholelithiasis_enthesopathy_shoulder	cholelithiasis	enthesopathy_shoulder	0.19294467726425088	0.113245	0.19115	0.193339	0.173786	0.157022	0.193157	0.09910046152022964
cholelithiasis_enthesopathy_upper	cholelithiasis	enthesopathy_upper	0.14028912701123106	0.063847	0.139517	0.14128	0.126189	0.097228	0.140776	0.05034679996592959
cholelithiasis_essential_tremor	cholelithiasis	essential_tremor	0.05838749599645284	0.040036	0.057553	0.058433	0.070184	0.060079	0.05664	0.049768092689883546
cholelithiasis_female_genital_prolapse	cholelithiasis	female_genital_prolapse	0.20412513916191766	0.19648	0.206595	0.204186	0.194768	0.194365	0.203627	0.18997319640752447
cholelithiasis_fibromatosis	cholelithiasis	fibromatosis	-0.03815512402424812	-0.011221	-0.037767	-0.038123	-0.035122	-0.054984	-0.03805	-0.021278062136514824
cholelithiasis_fibromyalgia	cholelithiasis	fibromyalgia	0.33138334317688284	0.2517	0.328543	0.331378	0.325767	0.2976	0.335474	0.2490435396459256
cholelithiasis_gastritis_duodenitis	cholelithiasis	gastritis_duodenitis	0.4084203596487299	0.342467	0.406759	0.409693	0.399054	0.381719	0.411339	0.34126909495833707
cholelithiasis_glaucoma	cholelithiasis	glaucoma	0.02902856762519658	0.049912	0.025669	0.028998	0.018773	0.035125	0.029515	0.047842702144742254
cholelithiasis_GORD	cholelithiasis	GORD	0.38534021168348487	0.313105	0.383183	0.386977	0.371348	0.359305	0.386292	0.30718621797554885
cholelithiasis_gout	cholelithiasis	gout	0.23482299659959813	0.093197	0.229165	0.235467	0.210014	0.221018	0.23408	0.09177594701204358
cholelithiasis_HF	cholelithiasis	HF	0.2893149853734968	0.103451	0.291374	0.28952	0.262933	0.25753	0.289574	0.094521806881292
cholelithiasis_hypertension	cholelithiasis	hypertension	0.24407802852544994	0.111782	0.297681	0.244606	0.214894	0.225082	0.243398	0.15045194890883504
cholelithiasis_hyperthyroid	cholelithiasis	hyperthyroid	0.10772863682546768	0.090425	0.102119	0.10773	0.082155	0.095314	0.108923	0.07655941718881548
cholelithiasis_hypothyroid	cholelithiasis	hypothyroid	0.17312640227857926	0.125768	0.173309	0.173114	0.172731	0.159244	0.172992	0.12155407419981748
cholelithiasis_IBS	cholelithiasis	IBS	0.2093067383228061	0.221525	0.21148	0.209384	0.210367	0.194515	0.208474	0.21657481424534483
cholelithiasis_IDA	cholelithiasis	IDA	0.1695575266464748	0.037892	0.162487	0.169799	0.137185	0.137336	0.169049	0.021413128569044076
cholelithiasis_insomnia	cholelithiasis	insomnia	0.14377836565705399	0.11532	0.147938	0.143768	0.132687	0.093096	0.148842	0.10569401137955961
cholelithiasis_intervert_disc	cholelithiasis	intervert_disc	0.2524243228463127	0.176422	0.250096	0.252702	0.240725	0.21735	0.252179	0.1633787481138804
cholelithiasis_isch_stroke_tia	cholelithiasis	isch_stroke_tia	0.10099260447553869	0.011294	0.089036	0.100987	0.087195	0.066176	0.100243	-0.006186223924205979
cholelithiasis_migraine	cholelithiasis	migraine	0.21656563094871562	0.223179	0.217595	0.216998	0.229448	0.200514	0.215803	0.22261118863673798
cholelithiasis_OA	cholelithiasis	OA	0.20924066360663543	0.050373	0.209102	0.209328	0.19943	0.179972	0.210053	0.046419924019236426
cholelithiasis_osteoporosis	cholelithiasis	osteoporosis	0.010843109990341045	0.087932	0.014223	0.010764	0.030427	0.003894	0.009246	0.0870793807946138
cholelithiasis_periph_neuro	cholelithiasis	periph_neuro	0.2627934179410773	0.119079	0.260181	0.263916	0.22019	0.225517	0.266358	0.09801924692448385
cholelithiasis_peripheral_arterial	cholelithiasis	peripheral_arterial	0.24753478251736846	0.095546	0.248244	0.25048	0.22301	0.198299	0.247467	0.08074367878818171
cholelithiasis_PMR	cholelithiasis	PMR	0.04115063036625473	0.010342	0.03809	0.04119	0.03725	0.032125	0.03953	0.008980907758290144
cholelithiasis_pri_bladder	cholelithiasis	pri_bladder	0.022655196059973584	0.008956	0.027758	0.022565	0.032974	-0.00975	0.022078	-0.005211800893059117
cholelithiasis_pri_breast	cholelithiasis	pri_breast	0.022527514714133303	0.046814	0.022289	0.022577	0.018778	0.02226	0.023085	0.04341913518103952
cholelithiasis_pri_colorectal	cholelithiasis	pri_colorectal	0.003638358985225062	-0.005497	0.006113	0.003879	0.006103	0.010801	0.003818	0.0014662189318008212
cholelithiasis_pri_prost	cholelithiasis	pri_prost	-0.06648091584243881	-0.040506	-0.065986	-0.066528	-0.069358	-0.05533	-0.065664	-0.037067709301091434
cholelithiasis_pri_skin	cholelithiasis	pri_skin	-0.04930861585791455	-0.009148	-0.047679	-0.049299	-0.042085	-0.044133	-0.049271	-0.006852171570058424
cholelithiasis_psoriasis	cholelithiasis	psoriasis	0.17337107214953623	0.115982	0.17152	0.173442	0.168626	0.145687	0.172312	0.10672694523853414
cholelithiasis_RA	cholelithiasis	RA	0.2090615845714182	0.155698	0.205403	0.209076	0.191825	0.17315	0.208197	0.13765780434760094
cholelithiasis_raynauds	cholelithiasis	raynauds	-0.035061431867690375	0.007887	-0.036272	-0.035388	-0.008377	-0.050002	-0.037728	0.007424850518956977
cholelithiasis_retinal_detach	cholelithiasis	retinal_detach	-0.06600898387059306	-0.04247	-0.066299	-0.06614	-0.054832	-0.055454	-0.066313	-0.034910903123592886
cholelithiasis_schizo	cholelithiasis	schizo	-0.0468074501312479	-0.004543	-0.043977	-0.046815	-0.047656	-0.068755	-0.044689	-0.023608337030721033
cholelithiasis_scoliosis	cholelithiasis	scoliosis	-0.030810971161246273	-0.013984	-0.030478	-0.030772	-0.017074	-0.038698	-0.03236	-0.012773969778711756
cholelithiasis_sinusitis	cholelithiasis	sinusitis	0.13877041031278076	0.123676	0.136159	0.138961	0.141258	0.112517	0.13752	0.11695071324983913
cholelithiasis_sleep_apnoea	cholelithiasis	sleep_apnoea	0.2819575705389854	0.092517	0.279122	0.282684	0.266019	0.258644	0.28139	0.08810149476889349
cholelithiasis_spondylolisthesis	cholelithiasis	spondylolisthesis	0.006928110478564802	-0.077367	0.00702	0.007035	-0.006222	-0.029616	0.004793	-0.09452974904498532
cholelithiasis_spondylosis	cholelithiasis	spondylosis	0.1745177945104686	0.026359	0.171419	0.174949	0.155824	0.128402	0.174914	0.0061499184501236665
cholelithiasis_stroke_all	cholelithiasis	stroke_all	0.1582782612047417	0.065781	0.149631	0.158265	0.149049	0.129824	0.159068	0.055334958455209526
cholelithiasis_tendon	cholelithiasis	tendon	0.1710716662368407	0.082232	0.16916	0.171732	0.15174	0.132424	0.17286	0.06987014057188487
cholelithiasis_thromboembolic	cholelithiasis	thromboembolic	0.24948628580830773	0.143472	0.251119	0.249493	0.225868	0.230013	0.248776	0.13262439465238893
cholelithiasis_TIA	cholelithiasis	TIA	0.16607251593879171	0.10401	0.158601	0.166256	0.152912	0.135418	0.165371	0.09163451179998108
cholelithiasis_tinnitus	cholelithiasis	tinnitus	0.11048143651888047	0.157754	0.112315	0.110602	0.138763	0.107531	0.108852	0.16783829829607966
cholelithiasis_ulc_colitis	cholelithiasis	ulc_colitis	-0.01269661876343393	0.001988	-0.014259	-0.012796	-0.012737	-0.014045	-0.012822	-3.50009283070734e-4
cholelithiasis_ulcer_peptic	cholelithiasis	ulcer_peptic	0.29821175651812126	0.208276	0.294298	0.299206	0.281423	0.257369	0.299544	0.19689381926666497
cholelithiasis_urine_incont	cholelithiasis	urine_incont	0.20335605441861906	0.097308	0.202432	0.203354	0.187221	0.169059	0.202572	0.08124736834071955
cholelithiasis_urolithiasis	cholelithiasis	urolithiasis	0.24932454853510339	0.219615	0.250351	0.249866	0.249873	0.247581	0.249013	0.22310659734285337
cholelithiasis_valve_nonrheumatic	cholelithiasis	valve_nonrheumatic	0.04364977184908296	-0.029104	0.029459	0.043625	0.027508	0.027601	0.042208	-0.03710166114121175
CKD_COPD	CKD	COPD	0.15401754423243422	0.075093	0.132988	0.154118	0.137498	0.142551	0.152237	0.060728769982191455
CKD_coronary_heart	CKD	coronary_heart	0.2574409498405594	0.194366	0.193221	0.258533	0.247342	0.248961	0.256445	0.1344745666015759
CKD_deaf	CKD	deaf	-0.01896385487715168	-0.040703	0.003574	-0.019006	-0.015063	-0.029571	-0.019376	-0.021625239530231644
CKD_depression	CKD	depression	0.07149248249788942	0.046182	0.077998	0.071495	0.062578	0.052869	0.069357	0.05016456158770227
CKD_diabetes_type_2	CKD	diabetes_type_2	0.20605914221517121	0.072925	0.151186	0.206209	0.170556	0.198422	0.205648	0.024332884462993382
CKD_diverticuli	CKD	diverticuli	0.11997347088426373	0.082291	0.12769	0.119945	0.108881	0.111416	0.118901	0.09065588870821055
CKD_ED	CKD	ED	0.15906919301437866	0.070025	0.134298	0.15911	0.129187	0.145466	0.157343	0.05088302211430355
CKD_enthesopathy_lower	CKD	enthesopathy_lower	0.206686587125181	0.127546	0.185324	0.207019	0.197712	0.195711	0.206606	0.11395477692366295
CKD_enthesopathy_shoulder	CKD	enthesopathy_shoulder	0.12458768514520589	0.063827	0.117943	0.124622	0.109134	0.110335	0.122287	0.05853743039257564
CKD_enthesopathy_upper	CKD	enthesopathy_upper	0.13080318405726268	0.076658	0.130141	0.131234	0.120027	0.115728	0.129446	0.07751482705604829
CKD_essential_tremor	CKD	essential_tremor	0.04450041164223766	0.030436	0.041497	0.044461	0.053067	0.044998	0.04217	0.028522039337021056
CKD_female_genital_prolapse	CKD	female_genital_prolapse	0.025234461510667987	0.00921	0.035646	0.025194	0.016113	0.019845	0.024448	0.018185613922365746
CKD_fibromatosis	CKD	fibromatosis	0.034381704992203374	0.056442	0.037531	0.03434	0.03726	0.027815	0.034532	0.05542321821002582
CKD_fibromyalgia	CKD	fibromyalgia	0.21243925304697087	0.146676	0.198391	0.212453	0.20655	0.20179	0.212441	0.14125096769643375
CKD_gastritis_duodenitis	CKD	gastritis_duodenitis	0.23260545238937214	0.171322	0.226783	0.23304	0.223004	0.223055	0.232003	0.17271956897405238
CKD_glaucoma	CKD	glaucoma	-0.055220716593275744	-0.044886	-0.073409	-0.055185	-0.063706	-0.052976	-0.054667	-0.0617253600474773
CKD_GORD	CKD	GORD	0.1863650526767185	0.118793	0.175573	0.186831	0.172558	0.174605	0.184858	0.1118471171176916
CKD_gout	CKD	gout	0.4137363509090051	0.344424	0.379222	0.414446	0.400941	0.4096	0.413186	0.31528104040906807
CKD_HF	CKD	HF	0.2991940830190801	0.186535	0.231321	0.299632	0.281279	0.292545	0.298914	0.11682365074224713
CKD_hypertension	CKD	hypertension	0.3266225675723894	0.248958	0.226316	0.32775	0.309328	0.320688	0.32586	0.1346481844064709
CKD_hyperthyroid	CKD	hyperthyroid	0.10375427163654188	0.089999	0.076544	0.103753	0.084766	0.098383	0.105199	0.06630763823678512
CKD_hypothyroid	CKD	hypothyroid	0.18803801752249774	0.154143	0.193524	0.18808	0.187446	0.182297	0.187885	0.16170627701253207
CKD_IBS	CKD	IBS	0.0603338833087493	0.059167	0.070563	0.060487	0.059578	0.052876	0.058053	0.0669065885896906
CKD_IDA	CKD	IDA	0.15917925899387278	0.06888	0.116014	0.159207	0.135547	0.147552	0.157553	0.028768088783189993
CKD_insomnia	CKD	insomnia	0.03872212430330942	0.012365	0.057127	0.038796	0.029123	0.014941	0.031656	0.024940860863060764
CKD_intervert_disc	CKD	intervert_disc	0.19958841902612823	0.141989	0.191299	0.199636	0.189946	0.188222	0.198213	0.1382332460363425
CKD_isch_stroke_tia	CKD	isch_stroke_tia	0.3827844415818379	0.340444	0.332769	0.383192	0.375705	0.378181	0.3822	0.2997160273112888
CKD_migraine	CKD	migraine	0.09312426469490011	0.089002	0.099337	0.093114	0.101224	0.085375	0.091791	0.09259232603194766
CKD_OA	CKD	OA	0.13049606761375268	0.013342	0.132434	0.130468	0.122038	0.118386	0.128362	0.021956538878292752
CKD_osteoporosis	CKD	osteoporosis	0.0014782615114641313	0.053386	0.017339	0.001591	0.015947	-0.001516	-0.000547	0.06278735242156155
CKD_periph_neuro	CKD	periph_neuro	0.3185128557891689	0.232513	0.312067	0.319424	0.298294	0.314227	0.322726	0.2583980707592687
CKD_peripheral_arterial	CKD	peripheral_arterial	0.24097286489629555	0.140389	0.159661	0.243138	0.223227	0.236774	0.240146	0.0549050326807901
CKD_PMR	CKD	PMR	0.0767781447566373	0.056636	0.064173	0.076745	0.074039	0.073024	0.074892	0.04523251146778384
CKD_pri_bladder	CKD	pri_bladder	0.12411563593747132	0.118473	0.151997	0.124527	0.132685	0.112975	0.123475	0.14507493932226662
CKD_pri_breast	CKD	pri_breast	0.013699427990235479	0.029521	0.012842	0.013646	0.010786	0.013495	0.014384	0.02702723900026221
CKD_pri_colorectal	CKD	pri_colorectal	-0.06721227732626413	-0.076324	-0.057687	-0.067847	-0.065888	-0.06443	-0.067013	-0.06799921235895477
CKD_pri_prost	CKD	pri_prost	0.003663319466907591	0.025448	0.006573	0.003454	0.002172	0.008839	0.004786	0.026654586262857726
CKD_pri_skin	CKD	pri_skin	-0.06440529599393105	-0.03694	-0.058255	-0.06442	-0.05904	-0.062127	-0.064366	-0.033486134044982775
CKD_psoriasis	CKD	psoriasis	0.10592043111888753	0.060844	0.098623	0.105889	0.101472	0.094205	0.103905	0.05453645826443658
CKD_RA	CKD	RA	0.10396378087069007	0.059084	0.084784	0.103951	0.089373	0.088511	0.102161	0.04085752500756056
CKD_raynauds	CKD	raynauds	-0.011070827521846655	0.019858	-0.016867	-0.010875	0.009317	-0.017199	-0.014128	0.010649570064657152
CKD_retinal_detach	CKD	retinal_detach	-0.05265150453116659	-0.034949	-0.055203	-0.052586	-0.044073	-0.048015	-0.053025	-0.03732378245572982
CKD_schizo	CKD	schizo	-0.08331686084109202	-0.055454	-0.071958	-0.083309	-0.084096	-0.093053	-0.080914	-0.050559408914213774
CKD_scoliosis	CKD	scoliosis	-0.028331883644887347	-0.016236	-0.027419	-0.028397	-0.018015	-0.031576	-0.030226	-0.018576494866843096
CKD_sinusitis	CKD	sinusitis	0.0696268516467386	0.054148	0.057526	0.069989	0.070668	0.05812	0.066456	0.0420987656202196
CKD_sleep_apnoea	CKD	sleep_apnoea	0.1718052787926561	0.027612	0.158365	0.171989	0.158085	0.161852	0.170861	0.024228640509114496
CKD_spondylolisthesis	CKD	spondylolisthesis	0.1308369017053806	0.080831	0.135235	0.130853	0.12232	0.118938	0.128993	0.08602111348620763
CKD_spondylosis	CKD	spondylosis	0.1896359451519937	0.09226	0.178012	0.189807	0.175981	0.177356	0.189361	0.08697854308827861
CKD_stroke_all	CKD	stroke_all	0.22628022242873158	0.16735	0.167931	0.226359	0.219788	0.217389	0.227306	0.11549521073455932
CKD_tendon	CKD	tendon	0.13328006294574216	0.068668	0.126548	0.133461	0.118242	0.118972	0.131985	0.06406442166999123
CKD_thromboembolic	CKD	thromboembolic	0.21879738528573092	0.143434	0.231325	0.218894	0.201	0.211145	0.217636	0.16331331004702965
CKD_TIA	CKD	TIA	0.24841024505735734	0.208906	0.206353	0.248473	0.239415	0.239761	0.247621	0.1719610627731336
CKD_tinnitus	CKD	tinnitus	0.06203269787904888	0.090384	0.07166	0.062375	0.082261	0.060329	0.05925	0.09847340206059343
CKD_ulc_colitis	CKD	ulc_colitis	-0.008049604461744355	0.002368	-0.015578	-0.007944	-0.008017	-0.008568	-0.008204	-0.005078653970329094
CKD_ulcer_peptic	CKD	ulcer_peptic	0.1790146587312741	0.106203	0.153842	0.179312	0.164441	0.16619	0.177603	0.08630609575883494
CKD_urine_incont	CKD	urine_incont	0.0974436392465847	0.014959	0.094474	0.097517	0.083729	0.082462	0.095175	0.014988746161055505
CKD_urolithiasis	CKD	urolithiasis	-0.03727803706620806	-0.074933	-0.035299	-0.037497	-0.039503	-0.039546	-0.037813	-0.07132902163528224
CKD_valve_nonrheumatic	CKD	valve_nonrheumatic	0.14707926299578453	0.102857	0.081609	0.147129	0.136312	0.141099	0.145637	0.04319274679832934
COPD_coronary_heart	COPD	coronary_heart	0.30234195579149253	0.233729	0.284725	0.298488	0.289457	0.207757	0.296341	0.12006439595958167
COPD_deaf	COPD	deaf	0.11480410531876017	0.096919	0.125899	0.114154	0.122105	0.028906	0.11361	0.03713168011099301
COPD_depression	COPD	depression	0.3369227538870298	0.323438	0.340736	0.337537	0.32916	0.191813	0.328006	0.18495376198529176
COPD_diabetes_type_2	COPD	diabetes_type_2	0.24307656120759902	0.093521	0.224043	0.240745	0.182898	0.191429	0.242357	0.0029354988727298918
COPD_diverticuli	COPD	diverticuli	0.2535042349489135	0.219154	0.256706	0.252993	0.240774	0.209284	0.249162	0.1854346512112675
COPD_ED	COPD	ED	0.2981287448433454	0.211667	0.288879	0.299284	0.263094	0.145175	0.286944	0.04392584047292276
COPD_enthesopathy_lower	COPD	enthesopathy_lower	0.31021987220951414	0.230066	0.301621	0.313655	0.299989	0.171735	0.291525	0.09857813142655736
COPD_enthesopathy_shoulder	COPD	enthesopathy_shoulder	0.3846722365408937	0.336349	0.382678	0.382765	0.369471	0.284433	0.369329	0.23544216290590747
COPD_enthesopathy_upper	COPD	enthesopathy_upper	0.36272447310372996	0.318484	0.362844	0.359268	0.352332	0.23212	0.343344	0.18619702127632537
COPD_essential_tremor	COPD	essential_tremor	0.14295335379592708	0.132306	0.141915	0.142227	0.156655	0.186228	0.131158	0.18285192323691532
COPD_female_genital_prolapse	COPD	female_genital_prolapse	0.09230724706710353	0.077566	0.097024	0.09155	0.080743	0.054274	0.088828	0.042925304665987256
COPD_fibromatosis	COPD	fibromatosis	0.06468785345201855	0.092173	0.065956	0.063791	0.069268	0.004429	0.065954	0.02651398001162218
COPD_fibromyalgia	COPD	fibromyalgia	0.5244364009016996	0.478683	0.520201	0.525559	0.521804	0.415258	0.513154	0.38051489102677666
COPD_gastritis_duodenitis	COPD	gastritis_duodenitis	0.499695773380166	0.453898	0.49756	0.497625	0.491818	0.399524	0.489033	0.35891894269469377
COPD_glaucoma	COPD	glaucoma	0.06856349045085118	0.086831	0.062086	0.069604	0.058505	0.114832	0.072249	0.1148425725113183
COPD_GORD	COPD	GORD	0.47037618073683085	0.419664	0.466885	0.467917	0.457868	0.392982	0.461246	0.3450659693905634
COPD_gout	COPD	gout	0.17912873166936874	0.059976	0.159858	0.176029	0.151207	0.140039	0.172009	0.018640357589297125
COPD_HF	COPD	HF	0.4330319838971295	0.329865	0.426734	0.436852	0.411459	0.340305	0.422609	0.23423523441369
COPD_hypertension	COPD	hypertension	0.30673445378623465	0.211921	0.333817	0.312459	0.278909	0.272781	0.30214	0.16981087523248475
COPD_hyperthyroid	COPD	hyperthyroid	0.16507804125380035	0.153188	0.153935	0.165324	0.140093	0.141659	0.173385	0.11273541150460208
COPD_hypothyroid	COPD	hypothyroid	0.13498751258832992	0.093207	0.135639	0.135863	0.134144	0.089617	0.134947	0.06906235580002124
COPD_IBS	COPD	IBS	0.28418750138616716	0.295089	0.289542	0.287151	0.286443	0.27181	0.274109	0.28783216723752714
COPD_IDA	COPD	IDA	0.38940891606920336	0.31328	0.377821	0.38797	0.365361	0.318314	0.374856	0.22976725588025163
COPD_insomnia	COPD	insomnia	0.38824150405199076	0.37817	0.398709	0.390339	0.380954	0.223247	0.371635	0.22604875291902327
COPD_intervert_disc	COPD	intervert_disc	0.4142572178461898	0.366401	0.411019	0.413004	0.405198	0.306868	0.40398	0.26445087058461275
COPD_isch_stroke_tia	COPD	isch_stroke_tia	0.32118451188789415	0.267915	0.304866	0.324257	0.310901	0.230698	0.318398	0.16912698826925024
COPD_migraine	COPD	migraine	0.23508136389577997	0.238495	0.237878	0.232694	0.248922	0.201191	0.229244	0.21317238701894664
COPD_OA	COPD	OA	0.35217056587155815	0.252622	0.353303	0.35166	0.344472	0.277195	0.335342	0.21353870886271528
COPD_osteoporosis	COPD	osteoporosis	0.16256191612891888	0.234054	0.170592	0.165351	0.18622	0.172436	0.153696	0.24051358290830163
COPD_periph_neuro	COPD	periph_neuro	0.47098997854884095	0.393264	0.467498	0.468572	0.448788	0.360852	0.45743	0.2776569965663023
COPD_peripheral_arterial	COPD	peripheral_arterial	0.6411187041935912	0.590443	0.659444	0.640566	0.629291	0.50946	0.634346	0.4626496855727369
COPD_PMR	COPD	PMR	0.18345181613268202	0.166607	0.178363	0.182873	0.18141	0.186923	0.173865	0.16679275304132202
COPD_pri_bladder	COPD	pri_bladder	0.10516138959835043	0.098455	0.116304	0.109153	0.117239	-0.024303	0.102171	-0.001666834977807577
COPD_pri_breast	COPD	pri_breast	-0.013907126095957534	0.00303	-0.014534	-0.015134	-0.018319	-0.020397	-0.010447	-0.013696986555500425
COPD_pri_colorectal	COPD	pri_colorectal	-0.014931242107428242	-0.023187	-0.010037	-0.020985	-0.012613	0.015463	-0.013877	0.01102835972755506
COPD_pri_prost	COPD	pri_prost	-0.06210204555291398	-0.040494	-0.061261	-0.067151	-0.065082	-0.02001	-0.056747	-0.012548885252082326
COPD_pri_skin	COPD	pri_skin	-0.08389331011446757	-0.053588	-0.08092	-0.084316	-0.076896	-0.078366	-0.084267	-0.05481043780360586
COPD_psoriasis	COPD	psoriasis	0.28367757893067613	0.244277	0.280992	0.283124	0.280439	0.20501	0.273385	0.17457367566980236
COPD_RA	COPD	RA	0.36742352729340394	0.334159	0.361283	0.36774	0.353143	0.256219	0.359864	0.21888817737808652
COPD_raynauds	COPD	raynauds	0.12374116927620789	0.167516	0.122138	0.129531	0.156187	0.088407	0.109947	0.13557191214732217
COPD_retinal_detach	COPD	retinal_detach	-0.03790787498379729	-0.016914	-0.038526	-0.03578	-0.025802	0.007829	-0.040088	0.02687566805862699
COPD_schizo	COPD	schizo	0.10731940987122525	0.150431	0.114121	0.107681	0.10852	0.036079	0.125662	0.08292477563100382
COPD_scoliosis	COPD	scoliosis	0.08270106594820545	0.102521	0.083938	0.081605	0.099043	0.069128	0.074033	0.08824348213038449
COPD_sinusitis	COPD	sinusitis	0.36164035753423285	0.360215	0.358151	0.367191	0.367373	0.319834	0.347586	0.32373721383934906
COPD_sleep_apnoea	COPD	sleep_apnoea	0.33364849364730564	0.204355	0.328305	0.33117	0.318272	0.273897	0.330362	0.18719863703854678
COPD_spondylolisthesis	COPD	spondylolisthesis	0.31617381452255333	0.272508	0.318142	0.31436	0.307776	0.233788	0.306411	0.20156932975842906
COPD_spondylosis	COPD	spondylosis	0.5826285665762533	0.526041	0.579773	0.581206	0.57291	0.498397	0.573421	0.4532674055567558
COPD_stroke_all	COPD	stroke_all	0.31029405869459936	0.249891	0.293675	0.311831	0.303228	0.23823	0.31738	0.1817243698650114
COPD_tendon	COPD	tendon	0.42080854314622945	0.371584	0.418922	0.418329	0.406778	0.323499	0.404582	0.27439419160777634
COPD_thromboembolic	COPD	thromboembolic	0.2916861108451453	0.212139	0.295896	0.29337	0.268382	0.249788	0.284834	0.19649349527731183
COPD_TIA	COPD	TIA	0.31939210595684575	0.279727	0.305205	0.318063	0.308608	0.236332	0.316311	0.18581442017968325
COPD_tinnitus	COPD	tinnitus	0.05240566313677374	0.085119	0.056027	0.056673	0.080383	0.045165	0.035206	0.08359496565657448
COPD_ulc_colitis	COPD	ulc_colitis	0.10506689961060163	0.123146	0.102591	0.107721	0.106632	0.127832	0.105115	0.14012976173541475
COPD_ulcer_peptic	COPD	ulcer_peptic	0.5408497463051037	0.493662	0.534649	0.538944	0.529442	0.386155	0.531036	0.329640630588322
COPD_urine_incont	COPD	urine_incont	0.3314810902478601	0.260599	0.330901	0.333253	0.317499	0.22086	0.320494	0.16753638768710558
COPD_urolithiasis	COPD	urolithiasis	0.0566692134825799	0.018544	0.058335	0.053518	0.054714	0.047269	0.054411	0.02219268306174662
COPD_valve_nonrheumatic	COPD	valve_nonrheumatic	0.17414966819515956	0.125436	0.150295	0.175231	0.159851	0.140893	0.165654	0.07045690698826096
coronary_heart_deaf	coronary_heart	deaf	0.022790807742401192	0.001784	0.057189	0.021387	0.026856	-0.012412	0.021638	0.008572786496907646
coronary_heart_depression	coronary_heart	depression	0.19807340017782496	0.177741	0.216236	0.199222	0.190713	0.135595	0.192012	0.1467547281757902
coronary_heart_diabetes_type_2	coronary_heart	diabetes_type_2	0.3712626449471131	0.268728	0.310524	0.368256	0.384658	0.349343	0.370762	0.2541442924986984
coronary_heart_diverticuli	coronary_heart	diverticuli	0.1652048864859728	0.128212	0.180968	0.164373	0.15505	0.136268	0.162034	0.1279590760995061
coronary_heart_ED	coronary_heart	ED	0.34383186647327885	0.270991	0.323675	0.346829	0.326608	0.294439	0.338363	0.2313301851204795
coronary_heart_enthesopathy_lower	coronary_heart	enthesopathy_lower	0.23415339695327342	0.153466	0.208726	0.240295	0.225785	0.178564	0.224225	0.09130735585990211
coronary_heart_enthesopathy_shoulder	coronary_heart	enthesopathy_shoulder	0.24870845574074413	0.194003	0.249046	0.244841	0.236012	0.197741	0.239533	0.1508981993326055
coronary_heart_enthesopathy_upper	coronary_heart	enthesopathy_upper	0.2329226631531187	0.183	0.240453	0.224629	0.223747	0.174806	0.222048	0.12946866879337726
coronary_heart_essential_tremor	coronary_heart	essential_tremor	0.05927120972312125	0.045209	0.056676	0.057832	0.067661	0.062309	0.051944	0.04035398014063984
coronary_heart_female_genital_prolapse	coronary_heart	female_genital_prolapse	0.15827940278414027	0.147522	0.181658	0.157491	0.150763	0.143956	0.156354	0.16261522811615772
coronary_heart_fibromatosis	coronary_heart	fibromatosis	-0.035075551367509776	-0.014987	-0.034235	-0.037083	-0.032778	-0.060033	-0.034748	-0.04447858284838267
coronary_heart_fibromyalgia	coronary_heart	fibromyalgia	0.2832745300161895	0.22018	0.271283	0.285222	0.278178	0.220905	0.27479	0.15810046230877908
coronary_heart_gastritis_duodenitis	coronary_heart	gastritis_duodenitis	0.33508576242559923	0.279161	0.33709	0.330154	0.327056	0.281694	0.328377	0.23339981811610833
coronary_heart_glaucoma	coronary_heart	glaucoma	-0.02352973783879972	-0.011331	-0.048236	-0.022017	-0.031429	-0.015803	-0.021835	-0.02897367185292164
coronary_heart_GORD	coronary_heart	GORD	0.34691526214350865	0.289742	0.344796	0.341104	0.336322	0.301672	0.341191	0.24862408173590686
coronary_heart_gout	coronary_heart	gout	0.2702575754344695	0.175619	0.210979	0.265514	0.254154	0.252524	0.266521	0.1083154427424744
coronary_heart_HF	coronary_heart	HF	0.6195131253526028	0.57666	0.565428	0.628194	0.613827	0.593436	0.617121	0.5093054345183824
coronary_heart_hypertension	coronary_heart	hypertension	0.5433975488166511	0.489477	0.463673	0.555607	0.535157	0.528304	0.541462	0.3885331289728087
coronary_heart_hyperthyroid	coronary_heart	hyperthyroid	0.12426741212004304	0.110923	0.088557	0.124877	0.106448	0.107263	0.128589	0.0699679013992283
coronary_heart_hypothyroid	coronary_heart	hypothyroid	0.18650266706088967	0.150978	0.197439	0.188655	0.185878	0.167582	0.186351	0.15842608811735345
coronary_heart_IBS	coronary_heart	IBS	0.1508145008769094	0.153688	0.171899	0.155795	0.150667	0.128151	0.144111	0.15838015096114663
coronary_heart_IDA	coronary_heart	IDA	0.22865879527879546	0.141367	0.174612	0.225726	0.208598	0.1838	0.219332	0.048065719916741696
coronary_heart_insomnia	coronary_heart	insomnia	0.15446173229078802	0.132414	0.188514	0.157732	0.146366	0.077213	0.137235	0.10076486938429462
coronary_heart_intervert_disc	coronary_heart	intervert_disc	0.3174065805432043	0.265855	0.316329	0.315296	0.309475	0.26737	0.311263	0.22473904545164314
coronary_heart_isch_stroke_tia	coronary_heart	isch_stroke_tia	0.6241526304511347	0.597696	0.580013	0.632055	0.620032	0.60251	0.623171	0.5438890790624511
coronary_heart_migraine	coronary_heart	migraine	0.16882972225738374	0.168032	0.183851	0.164391	0.177266	0.144539	0.164948	0.15335862930651242
coronary_heart_OA	coronary_heart	OA	0.1932853900907052	0.079337	0.2021	0.192262	0.185736	0.14852	0.182432	0.06593466137435183
coronary_heart_osteoporosis	coronary_heart	osteoporosis	0.04758453270979841	0.10512	0.073003	0.052135	0.062188	0.038501	0.041768	0.11093842031338781
coronary_heart_periph_neuro	coronary_heart	periph_neuro	0.32887617444455464	0.238763	0.325595	0.323063	0.311441	0.274927	0.32182	0.21030491100995805
coronary_heart_peripheral_arterial	coronary_heart	peripheral_arterial	0.7086896772105183	0.677046	0.665013	0.704929	0.704735	0.697322	0.707683	0.6138765070920049
coronary_heart_PMR	coronary_heart	PMR	0.26467904303065065	0.252502	0.259845	0.264499	0.263322	0.258395	0.259779	0.24260434402825076
coronary_heart_pri_bladder	coronary_heart	pri_bladder	0.08309637139122411	0.075584	0.121881	0.09016	0.090993	0.038298	0.081143	0.08662048885103425
coronary_heart_pri_breast	coronary_heart	pri_breast	-0.0663748934634973	-0.053298	-0.072217	-0.06889	-0.069738	-0.069068	-0.064544	-0.0669677446192544
coronary_heart_pri_colorectal	coronary_heart	pri_colorectal	-0.11768619188006413	-0.129662	-0.108431	-0.129582	-0.116729	-0.110627	-0.117333	-0.12709011975756423
coronary_heart_pri_prost	coronary_heart	pri_prost	0.010482675572229223	0.033774	0.015087	0.002101	0.009088	0.028805	0.013885	0.040981836004348515
coronary_heart_pri_skin	coronary_heart	pri_skin	-0.08873866429086062	-0.061118	-0.082605	-0.089716	-0.083739	-0.082668	-0.088797	-0.058745302841800344
coronary_heart_psoriasis	coronary_heart	psoriasis	0.19608656073569974	0.154171	0.193088	0.195241	0.192454	0.15623	0.18967	0.12005585472138262
coronary_heart_RA	coronary_heart	RA	0.22180771333110003	0.181749	0.203903	0.222453	0.209624	0.16753	0.216462	0.12227590472612783
coronary_heart_raynauds	coronary_heart	raynauds	0.07501049402696096	0.111916	0.071848	0.084829	0.096539	0.056275	0.066842	0.08863293629436422
coronary_heart_retinal_detach	coronary_heart	retinal_detach	-0.04231282052191339	-0.023279	-0.046213	-0.038601	-0.033931	-0.026534	-0.043489	-0.015655939002431174
coronary_heart_schizo	coronary_heart	schizo	-0.02605483801744384	0.006044	-0.007757	-0.025867	-0.026412	-0.057884	-0.016941	-0.0037194679618310295
coronary_heart_scoliosis	coronary_heart	scoliosis	0.03042706328328468	0.045761	0.034803	0.028355	0.041004	0.020329	0.025159	0.02940473217862744
coronary_heart_sinusitis	coronary_heart	sinusitis	0.1359380535377062	0.122815	0.124073	0.144253	0.137361	0.097202	0.125544	0.08236088533616223
coronary_heart_sleep_apnoea	coronary_heart	sleep_apnoea	0.29848375554689816	0.17647	0.290275	0.294025	0.287334	0.264774	0.296001	0.16277162181101312
coronary_heart_spondylolisthesis	coronary_heart	spondylolisthesis	0.1537135091234487	0.102638	0.1636	0.1499	0.14571	0.107797	0.146951	0.07548348789811878
coronary_heart_spondylosis	coronary_heart	spondylosis	0.3252751307180552	0.240703	0.320475	0.321477	0.314388	0.268019	0.318008	0.18832329459085015
coronary_heart_stroke_all	coronary_heart	stroke_all	0.4948753244332256	0.454521	0.441108	0.499326	0.491059	0.469742	0.498952	0.39049815522670384
coronary_heart_tendon	coronary_heart	tendon	0.25818319654721184	0.200024	0.258597	0.252435	0.245854	0.205618	0.248518	0.15140950470453676
coronary_heart_thromboembolic	coronary_heart	thromboembolic	0.18310723202475301	0.099819	0.202454	0.186158	0.165094	0.152405	0.178407	0.12126346823979046
coronary_heart_TIA	coronary_heart	TIA	0.5699398388398784	0.548699	0.540124	0.569646	0.565003	0.546379	0.568648	0.4996974199512872
coronary_heart_tinnitus	coronary_heart	tinnitus	0.036683298982858756	0.065472	0.049845	0.044215	0.055723	0.031194	0.026846	0.06873132106048775
coronary_heart_ulc_colitis	coronary_heart	ulc_colitis	0.017435531602095575	0.029536	0.008179	0.021817	0.017636	0.016183	0.017023	0.021348647761513063
coronary_heart_ulcer_peptic	coronary_heart	ulcer_peptic	0.3174128918758558	0.253564	0.293826	0.312267	0.305852	0.247425	0.310324	0.15942057551870487
coronary_heart_urine_incont	coronary_heart	urine_incont	0.22371897572677107	0.148928	0.228885	0.227017	0.212355	0.172798	0.216829	0.12782360289460767
coronary_heart_urolithiasis	coronary_heart	urolithiasis	0.12898000550249408	0.097888	0.141252	0.123908	0.127952	0.125126	0.127798	0.10830433225163175
coronary_heart_valve_nonrheumatic	coronary_heart	valve_nonrheumatic	0.40823194629540127	0.377895	0.343936	0.41183	0.40103	0.397124	0.404724	0.3086717219639547
deaf_depression	deaf	depression	0.3043029356937394	0.299259	0.304057	0.30435	0.308254	0.274162	0.304275	0.27751119700696403
deaf_diabetes_type_2	deaf	diabetes_type_2	0.03027542065063376	-0.01104	0.057376	0.029533	0.065033	0.00762	0.029925	0.0335666326751795
deaf_diverticuli	deaf	diverticuli	0.09953837426081233	0.089592	0.09848	0.099315	0.103776	0.079323	0.098804	0.07546667995928587
deaf_ED	deaf	ED	0.1262838209767861	0.107572	0.139325	0.126469	0.14464	0.085436	0.125187	0.09973180750071739
deaf_enthesopathy_lower	deaf	enthesopathy_lower	0.07771568137416843	0.056592	0.089455	0.078469	0.081382	0.03582	0.075897	0.03512633627118785
deaf_enthesopathy_shoulder	deaf	enthesopathy_shoulder	0.09109760022980036	0.07599	0.095519	0.090445	0.097243	0.05263	0.089579	0.05373505846032749
deaf_enthesopathy_upper	deaf	enthesopathy_upper	0.10305750621991847	0.089565	0.105272	0.102085	0.107241	0.060879	0.102644	0.06184987806370765
deaf_essential_tremor	deaf	essential_tremor	0.12565393436986	0.122064	0.127848	0.125434	0.123685	0.127953	0.12459	0.125678527132325
deaf_female_genital_prolapse	deaf	female_genital_prolapse	0.10133236529404678	0.097358	0.098257	0.10112	0.104397	0.090592	0.100841	0.08855388582675586
deaf_fibromatosis	deaf	fibromatosis	0.10283238136371146	0.108735	0.102499	0.1026	0.102163	0.089445	0.102946	0.09536581357641352
deaf_fibromyalgia	deaf	fibromyalgia	0.25760232257239146	0.247554	0.267629	0.257695	0.260566	0.221271	0.260389	0.23054451294814346
deaf_gastritis_duodenitis	deaf	gastritis_duodenitis	0.209832895037042	0.197827	0.215995	0.209336	0.214719	0.17208	0.210128	0.17577984675524183
deaf_glaucoma	deaf	glaucoma	-0.02323150536794092	-0.020052	-0.017273	-0.023002	-0.02101	-0.018187	-0.022833	-0.007267459108123468
deaf_GORD	deaf	GORD	0.20178959955613876	0.189246	0.209449	0.201288	0.208863	0.168329	0.201385	0.17387848347130358
deaf_gout	deaf	gout	0.05691844146184973	0.029665	0.080723	0.056079	0.065152	0.040759	0.055883	0.04983886377496489
deaf_HF	deaf	HF	-0.03176449399535858	-0.085807	0.003483	-0.031125	-0.024468	-0.078645	-0.03453	-0.08562298173416706
deaf_hypertension	deaf	hypertension	0.021629619549995868	-0.00747	0.127997	0.022805	0.030853	-0.001335	0.020668	0.08172654773540143
deaf_hyperthyroid	deaf	hyperthyroid	0.08417903954461822	0.079884	0.096851	0.084181	0.091725	0.072169	0.085193	0.09005150875438198
deaf_hypothyroid	deaf	hypothyroid	0.10914494293414288	0.099397	0.109718	0.109328	0.109779	0.095019	0.109015	0.08838083100049089
deaf_IBS	deaf	IBS	0.2749112748861492	0.274756	0.273139	0.275734	0.275424	0.262225	0.274772	0.26413135391993176
deaf_IDA	deaf	IDA	0.08995427051463395	0.068426	0.111463	0.089421	0.101292	0.056797	0.088392	0.07250816896786991
deaf_insomnia	deaf	insomnia	0.1876493190202662	0.181783	0.182515	0.188065	0.191296	0.144667	0.198083	0.1565037777638237
deaf_intervert_disc	deaf	intervert_disc	0.13257970064143837	0.118439	0.138893	0.132117	0.136808	0.093292	0.131539	0.09406655001771441
deaf_isch_stroke_tia	deaf	isch_stroke_tia	0.0564354323253344	0.040299	0.090713	0.05707	0.060067	0.022235	0.055748	0.046495800407802455
deaf_migraine	deaf	migraine	0.14880634609276125	0.147231	0.148212	0.148241	0.147086	0.132434	0.148054	0.1306593627031038
deaf_OA	deaf	OA	0.08550069380958512	0.059566	0.086643	0.085228	0.088661	0.053626	0.083869	0.03574759235644947
deaf_osteoporosis	deaf	osteoporosis	0.06152499285374425	0.07617	0.056016	0.062193	0.05787	0.055654	0.060337	0.060097846466567476
deaf_periph_neuro	deaf	periph_neuro	0.1158859507785245	0.093757	0.122982	0.115062	0.142461	0.071473	0.115347	0.08568447392460327
deaf_peripheral_arterial	deaf	peripheral_arterial	0.045738198853742376	0.015113	0.092586	0.044069	0.053789	-0.026832	0.043722	3.6966100892016433e-4
deaf_PMR	deaf	PMR	0.017380236571318815	0.011397	0.023121	0.017152	0.018346	0.008611	0.015898	0.011096763230071461
deaf_pri_bladder	deaf	pri_bladder	0.11687812190625288	0.114515	0.109132	0.118042	0.115038	0.089682	0.116437	0.0800459912063389
deaf_pri_breast	deaf	pri_breast	-0.035969939804649104	-0.032157	-0.035649	-0.036289	-0.035138	-0.036903	-0.035519	-0.032048411925322616
deaf_pri_colorectal	deaf	pri_colorectal	0.010156167826955814	0.008515	0.005861	0.008689	0.009646	0.016923	0.010313	0.010269663367459037
deaf_pri_prost	deaf	pri_prost	0.01437594525702827	0.020074	0.013396	0.013214	0.014821	0.025981	0.015172	0.03000254469484408
deaf_pri_skin	deaf	pri_skin	-0.02310224472337843	-0.015404	-0.026258	-0.023177	-0.024836	-0.017917	-0.023065	-0.016379077174752094
deaf_psoriasis	deaf	psoriasis	0.10319408462185374	0.09188	0.107704	0.102948	0.104877	0.07513	0.10197	0.07376295267280979
deaf_RA	deaf	RA	0.08539735713123991	0.073817	0.094634	0.085331	0.090926	0.045583	0.084192	0.053547418312399134
deaf_raynauds	deaf	raynauds	0.013784380046657108	0.022071	0.015882	0.015144	0.008079	0.000601	0.011822	0.004925418782120918
deaf_retinal_detach	deaf	retinal_detach	-0.08638590162848736	-0.08166	-0.08641	-0.085891	-0.089302	-0.076773	-0.086653	-0.07673404590671698
deaf_schizo	deaf	schizo	0.0898336213596315	0.098868	0.085124	0.089891	0.089941	0.072055	0.092775	0.07826658682463809
deaf_scoliosis	deaf	scoliosis	0.08085519973301909	0.084604	0.080542	0.080562	0.078176	0.074902	0.079836	0.07597088791241047
deaf_sinusitis	deaf	sinusitis	0.1238599590210165	0.119682	0.129955	0.125216	0.123775	0.098959	0.122837	0.10549031745362071
deaf_sleep_apnoea	deaf	sleep_apnoea	0.21465100933403566	0.208975	0.223391	0.214167	0.221634	0.190885	0.214109	0.20062762103830525
deaf_spondylolisthesis	deaf	spondylolisthesis	0.05796931606363569	0.044267	0.058074	0.057352	0.061042	0.025749	0.056458	0.01956142935815742
deaf_spondylosis	deaf	spondylosis	0.16322224134226024	0.146437	0.171042	0.162652	0.169819	0.119893	0.163922	0.12206846872170085
deaf_stroke_all	deaf	stroke_all	-0.03598412718330269	-0.057148	-0.009487	-0.035744	-0.033608	-0.068949	-0.035435	-0.05820252102016673
deaf_tendon	deaf	tendon	0.10964198854186621	0.0943	0.114305	0.108846	0.115873	0.070487	0.109477	0.07362993578843444
deaf_thromboembolic	deaf	thromboembolic	0.06376044983785585	0.042391	0.061902	0.064072	0.071844	0.041079	0.062637	0.029164681850865824
deaf_TIA	deaf	TIA	0.07446753960647569	0.061996	0.097566	0.073995	0.078339	0.04254	0.073768	0.06044315205153218
deaf_tinnitus	deaf	tinnitus	0.40274241729012444	0.412137	0.401803	0.404811	0.402651	0.403336	0.404464	0.41532410324340296
deaf_ulc_colitis	deaf	ulc_colitis	0.03434441796368644	0.037252	0.037223	0.034989	0.034339	0.033632	0.034244	0.039165963596721864
deaf_ulcer_peptic	deaf	ulcer_peptic	0.10315680110644797	0.08532	0.116469	0.102351	0.109501	0.043184	0.101808	0.051333084337764026
deaf_urine_incont	deaf	urine_incont	0.1513089242372636	0.135644	0.154238	0.15165	0.156993	0.117065	0.150419	0.11291062978087563
deaf_urolithiasis	deaf	urolithiasis	0.1324057545163273	0.124504	0.131823	0.131787	0.133062	0.129198	0.132096	0.12283191422535629
deaf_valve_nonrheumatic	deaf	valve_nonrheumatic	-0.011680811309995777	-0.025584	0.016464	-0.011485	-0.008128	-0.027618	-0.013102	-0.007392054485883862
depression_diabetes_type_2	depression	diabetes_type_2	0.15155712181407202	0.116615	0.162098	0.151821	0.129436	0.110478	0.150157	0.09982170399467882
depression_diverticuli	depression	diverticuli	0.28244220416507926	0.271709	0.282242	0.282497	0.276331	0.251678	0.278808	0.24438623361953396
depression_ED	depression	ED	0.3748980871978054	0.364765	0.379959	0.374911	0.369427	0.308339	0.366677	0.30587936549581385
depression_enthesopathy_lower	depression	enthesopathy_lower	0.32850575565109164	0.314682	0.332807	0.328798	0.323308	0.260544	0.314549	0.2583300081125647
depression_enthesopathy_shoulder	depression	enthesopathy_shoulder	0.3127442379105192	0.299017	0.313804	0.313244	0.305118	0.248204	0.298968	0.2352052761380851
depression_enthesopathy_upper	depression	enthesopathy_upper	0.27308083750566936	0.25891	0.273495	0.274666	0.266975	0.195929	0.254709	0.18087959410006785
depression_essential_tremor	depression	essential_tremor	0.1304985095747597	0.125738	0.130841	0.130533	0.136816	0.139333	0.120525	0.13899175563183983
depression_female_genital_prolapse	depression	female_genital_prolapse	0.18820355822093374	0.183455	0.187706	0.188242	0.182992	0.172146	0.185808	0.16542633844454524
depression_fibromatosis	depression	fibromatosis	0.010684727647654211	0.018054	0.010542	0.010702	0.012522	-0.02161	0.01136	-0.01758378618466907
depression_fibromyalgia	depression	fibromyalgia	0.6430962793021792	0.644175	0.647024	0.643098	0.641252	0.599053	0.639062	0.6128437806597482
depression_gastritis_duodenitis	depression	gastritis_duodenitis	0.4470181980622799	0.438456	0.448638	0.448304	0.442402	0.383533	0.437759	0.38217454011908547
depression_glaucoma	depression	glaucoma	0.018707758966351542	0.023267	0.019884	0.018696	0.013353	0.03134	0.021403	0.030295080009646026
depression_GORD	depression	GORD	0.5067778989291567	0.501298	0.509194	0.508763	0.501992	0.459321	0.499907	0.4627704878349518
depression_gout	depression	gout	0.054789227630635234	0.015602	0.060385	0.054966	0.039395	0.020556	0.04773	0.005269847507956211
depression_HF	depression	HF	0.18453591781447062	0.155932	0.206352	0.184687	0.17083	0.104259	0.172131	0.10738238252586882
depression_hypertension	depression	hypertension	0.16609908476414112	0.138874	0.257496	0.1665	0.151421	0.125753	0.160979	0.193847725329289
depression_hyperthyroid	depression	hyperthyroid	0.059368108550532254	0.053395	0.062001	0.059369	0.045871	0.033724	0.065385	0.029423659781721845
depression_hypothyroid	depression	hypothyroid	0.18347159732242568	0.171131	0.183518	0.183473	0.182774	0.159391	0.183561	0.15949219772774223
depression_IBS	depression	IBS	0.5741288215108261	0.575803	0.573958	0.574536	0.575242	0.570087	0.569128	0.5685094234333996
depression_IDA	depression	IDA	0.2363294079185727	0.215915	0.244917	0.236577	0.224081	0.175702	0.221186	0.1647197522531714
depression_insomnia	depression	insomnia	0.5958500447019794	0.591837	0.596157	0.59599	0.593083	0.544654	0.608893	0.5611467248438766
depression_intervert_disc	depression	intervert_disc	0.37848257445559436	0.366961	0.380223	0.378808	0.373419	0.314517	0.369581	0.3098503508418569
depression_isch_stroke_tia	depression	isch_stroke_tia	0.26491363264868617	0.249583	0.284997	0.265085	0.259108	0.207318	0.261914	0.22209892662732608
depression_migraine	depression	migraine	0.40074302411084733	0.400139	0.400607	0.401377	0.407796	0.383341	0.396983	0.3888903831052583
depression_OA	depression	OA	0.26528089231699953	0.247598	0.265472	0.265354	0.260339	0.210048	0.249709	0.20959958185906696
depression_osteoporosis	depression	osteoporosis	0.19439047015989797	0.216923	0.193715	0.194518	0.206362	0.190435	0.187223	0.200226985450047
depression_periph_neuro	depression	periph_neuro	0.3649131070478757	0.358	0.366984	0.366295	0.364874	0.291969	0.351607	0.29341459221015964
depression_peripheral_arterial	depression	peripheral_arterial	0.24830426516118237	0.22867	0.280463	0.251075	0.237573	0.122446	0.236446	0.1400092125924695
depression_PMR	depression	PMR	0.2251082221217368	0.218718	0.226599	0.22515	0.223674	0.217839	0.217476	0.2137728930198635
depression_pri_bladder	depression	pri_bladder	0.07906798899209758	0.075759	0.077803	0.079165	0.084587	0.017335	0.076312	0.01903950382802972
depression_pri_breast	depression	pri_breast	0.048124423690729494	0.053833	0.048221	0.048154	0.046235	0.049538	0.05139	0.05122697542884752
depression_pri_colorectal	depression	pri_colorectal	-0.02765385768871719	-0.030077	-0.028495	-0.027706	-0.026513	-0.014647	-0.026833	-0.014114576751569182
depression_pri_prost	depression	pri_prost	0.0017574740865264457	0.00942	0.001564	0.001838	0.000724	0.026756	0.006698	0.029980521931419687
depression_pri_skin	depression	pri_skin	-0.022406541870420717	-0.011899	-0.022987	-0.022402	-0.01847	-0.011681	-0.022277	-0.008103546656613603
depression_psoriasis	depression	psoriasis	0.18096816914133484	0.166746	0.181896	0.181017	0.178118	0.125925	0.171157	0.11896729667089012
depression_RA	depression	RA	0.31250549974856984	0.301115	0.315436	0.312515	0.305315	0.24597	0.305524	0.23858602193567283
depression_raynauds	depression	raynauds	0.11875993898029352	0.131204	0.119183	0.119142	0.135065	0.096305	0.10724	0.10624249590441928
depression_retinal_detach	depression	retinal_detach	-0.07223928760873062	-0.065737	-0.072186	-0.072328	-0.066457	-0.052643	-0.074207	-0.049187173032317996
depression_schizo	depression	schizo	0.35298511114252346	0.368172	0.352625	0.352984	0.354018	0.332126	0.371718	0.3524804006689075
depression_scoliosis	depression	scoliosis	0.1456132488919297	0.15119	0.145515	0.145667	0.153956	0.138315	0.138882	0.1425578451482039
depression_sinusitis	depression	sinusitis	0.4541371509529726	0.450875	0.45595	0.455191	0.456018	0.424415	0.44497	0.4248081733841769
depression_sleep_apnoea	depression	sleep_apnoea	0.3162758271832251	0.314179	0.318592	0.316994	0.309035	0.272985	0.313116	0.30594626361502486
depression_spondylolisthesis	depression	spondylolisthesis	0.1889880636939819	0.173352	0.188989	0.189234	0.183495	0.129028	0.179326	0.11873897558455229
depression_spondylosis	depression	spondylosis	0.4426697575640559	0.441192	0.445121	0.443494	0.437032	0.374567	0.432306	0.3834583092990685
depression_stroke_all	depression	stroke_all	0.19562440248749008	0.176618	0.209743	0.195637	0.190844	0.141143	0.200484	0.15730321571029196
depression_tendon	depression	tendon	0.3176543824648462	0.303706	0.318765	0.318645	0.31019	0.250339	0.301621	0.23725726821178755
depression_thromboembolic	depression	thromboembolic	0.16411301935900682	0.140012	0.163782	0.164127	0.151687	0.12212	0.157117	0.10644407053620314
depression_TIA	depression	TIA	0.28291183464933145	0.270344	0.293892	0.283125	0.277067	0.229838	0.279802	0.23593235846722416
depression_tinnitus	depression	tinnitus	0.3382452069156268	0.350395	0.337924	0.339012	0.356686	0.347315	0.328469	0.36067242723625614
depression_ulc_colitis	depression	ulc_colitis	0.10351973807290435	0.107913	0.104083	0.103571	0.103922	0.106612	0.103432	0.10794979291004046
depression_ulcer_peptic	depression	ulcer_peptic	0.3835246872256134	0.372459	0.388991	0.384663	0.37689	0.289547	0.372786	0.28682888766501363
depression_urine_incont	depression	urine_incont	0.3384054049699612	0.324972	0.338967	0.338455	0.331885	0.278663	0.329448	0.2730006600714385
depression_urolithiasis	depression	urolithiasis	0.21744018343457347	0.207584	0.217273	0.217856	0.216847	0.218671	0.216442	0.21841772719764138
depression_valve_nonrheumatic	depression	valve_nonrheumatic	0.14906061014263466	0.133746	0.161367	0.149062	0.141744	0.123451	0.141671	0.12486023741351603
diabetes_type_2_diverticuli	diabetes_type_2	diverticuli	0.16695570788363884	0.10173	0.177768	0.166321	0.130059	0.147857	0.166088	0.0816510968793438
diabetes_type_2_ED	diabetes_type_2	ED	0.4650943599761151	0.349744	0.451981	0.466376	0.360989	0.444662	0.466123	0.2621789715903407
diabetes_type_2_enthesopathy_lower	diabetes_type_2	enthesopathy_lower	0.31903942050997824	0.175914	0.300921	0.322222	0.331788	0.290284	0.322496	0.21577937803601074
diabetes_type_2_enthesopathy_shoulder	diabetes_type_2	enthesopathy_shoulder	0.24060646854271686	0.137632	0.238156	0.238429	0.192133	0.209081	0.241452	0.10317340893232202
diabetes_type_2_enthesopathy_upper	diabetes_type_2	enthesopathy_upper	0.21279190917210758	0.117844	0.215651	0.208674	0.189818	0.17652	0.215959	0.10947218094155647
diabetes_type_2_essential_tremor	diabetes_type_2	essential_tremor	0.1210841338710435	0.108135	0.120813	0.120364	0.207562	0.123409	0.11949	0.20047904686711077
diabetes_type_2_female_genital_prolapse	diabetes_type_2	female_genital_prolapse	0.13417858906932487	0.121095	0.150057	0.133534	0.109101	0.123724	0.133563	0.11055259962895943
diabetes_type_2_fibromatosis	diabetes_type_2	fibromatosis	-0.008641407670595324	0.036033	-0.006637	-0.009592	0.006313	-0.024181	-0.008519	0.03380038764060245
diabetes_type_2_fibromyalgia	diabetes_type_2	fibromyalgia	0.3106716628707676	0.196454	0.299828	0.311342	0.343408	0.277613	0.313766	0.2522280407660808
diabetes_type_2_gastritis_duodenitis	diabetes_type_2	gastritis_duodenitis	0.3078394810799768	0.199866	0.305142	0.305175	0.310285	0.276062	0.308842	0.2159954834630267
diabetes_type_2_glaucoma	diabetes_type_2	glaucoma	0.02261569124556358	0.055111	0.0053	0.023498	-0.023665	0.028335	0.023152	8.775752834637153e-4
diabetes_type_2_GORD	diabetes_type_2	GORD	0.30102214403501687	0.185389	0.294266	0.297952	0.273785	0.272121	0.300919	0.1656091875022876
diabetes_type_2_gout	diabetes_type_2	gout	0.3802306763537275	0.209823	0.339892	0.378093	0.331881	0.36967	0.379745	0.1598736749530289
diabetes_type_2_HF	diabetes_type_2	HF	0.45822466231269754	0.23396	0.4004	0.461799	0.409466	0.437769	0.459992	0.17684468852821222
diabetes_type_2_hypertension	diabetes_type_2	hypertension	0.48057360651768366	0.350164	0.430866	0.486631	0.43283	0.468121	0.480256	0.31085462237023315
diabetes_type_2_hyperthyroid	diabetes_type_2	hyperthyroid	0.08416869358258068	0.059426	0.053287	0.084261	-0.032215	0.071915	0.085441	-0.07130350588986206
diabetes_type_2_hypothyroid	diabetes_type_2	hypothyroid	0.11108403918438611	0.035285	0.114978	0.111842	0.128209	0.096704	0.110922	0.0635391340861934
diabetes_type_2_IBS	diabetes_type_2	IBS	0.1027239198541046	0.113871	0.115954	0.105046	0.122556	0.086561	0.100991	0.14562505565967082
diabetes_type_2_IDA	diabetes_type_2	IDA	0.3714680112501813	0.228399	0.336331	0.370078	0.290604	0.349236	0.374552	0.14838703052205687
diabetes_type_2_insomnia	diabetes_type_2	insomnia	0.15333972577874325	0.119669	0.178566	0.154842	0.129414	0.106229	0.158381	0.13947892746827845
diabetes_type_2_intervert_disc	diabetes_type_2	intervert_disc	0.23056958403058853	0.120222	0.223275	0.228986	0.214587	0.196213	0.229833	0.10968377187583946
diabetes_type_2_isch_stroke_tia	diabetes_type_2	isch_stroke_tia	0.31870449140379387	0.233844	0.256205	0.321519	0.329962	0.294473	0.318133	0.22277338196369975
diabetes_type_2_migraine	diabetes_type_2	migraine	0.07561129250271076	0.072107	0.082206	0.072945	0.143913	0.057432	0.074397	0.13151681083493819
diabetes_type_2_OA	diabetes_type_2	OA	0.21997918856885662	-0.018799	0.226004	0.219257	0.215447	0.192617	0.220596	0.021112801582917055
diabetes_type_2_osteoporosis	diabetes_type_2	osteoporosis	-0.10406617832357647	-0.00902	-0.09062	-0.102105	-0.038005	-0.112174	-0.106275	0.04772097048802154
diabetes_type_2_periph_neuro	diabetes_type_2	periph_neuro	0.38273796580027064	0.202104	0.379248	0.380136	0.181285	0.356302	0.389678	0.007911705569295508
diabetes_type_2_peripheral_arterial	diabetes_type_2	peripheral_arterial	0.4495537596478865	0.282496	0.386459	0.447176	0.420785	0.432525	0.451536	0.22918235762489889
diabetes_type_2_PMR	diabetes_type_2	PMR	0.17064615085023546	0.150418	0.160615	0.170072	0.194832	0.163785	0.169419	0.17595097724701517
diabetes_type_2_pri_bladder	diabetes_type_2	pri_bladder	0.09285968142822347	0.08632	0.12296	0.096508	0.16704	0.06427	0.092268	0.17492190613027297
diabetes_type_2_pri_breast	diabetes_type_2	pri_breast	-0.030266672637377593	-0.001661	-0.032832	-0.031425	-0.05823	-0.031161	-0.029682	-0.038548646067645666
diabetes_type_2_pri_colorectal	diabetes_type_2	pri_colorectal	0.0038072751391708417	-0.009949	0.01693	-0.001663	0.016694	0.010639	0.004007	0.005384118597378995
diabetes_type_2_pri_prost	diabetes_type_2	pri_prost	-0.012899884584934117	0.033261	-0.010276	-0.017337	-0.026347	-0.001446	-0.011917	0.010624847650908278
diabetes_type_2_pri_skin	diabetes_type_2	pri_skin	-0.11580813843165304	-0.069855	-0.11117	-0.116234	-0.108326	-0.111678	-0.115783	-0.0698032459531302
diabetes_type_2_psoriasis	diabetes_type_2	psoriasis	0.18419378356069316	0.107323	0.179487	0.183494	0.199082	0.158224	0.182975	0.12752556380175703
diabetes_type_2_RA	diabetes_type_2	RA	0.19438563618806673	0.120298	0.17719	0.194386	0.14173	0.159618	0.193257	0.06228075768873259
diabetes_type_2_raynauds	diabetes_type_2	raynauds	-0.14177421538599966	-0.098556	-0.153237	-0.137816	-0.046892	-0.157698	-0.145535	-0.024319562636919177
diabetes_type_2_retinal_detach	diabetes_type_2	retinal_detach	-0.06742800681148113	-0.035418	-0.071021	-0.065524	-0.025934	-0.057352	-0.067766	0.002909909638656592
diabetes_type_2_schizo	diabetes_type_2	schizo	-0.01805565457574522	0.049675	-0.003136	-0.017913	-0.024181	-0.038396	-0.015418	0.026530305864160022
diabetes_type_2_scoliosis	diabetes_type_2	scoliosis	-0.05919710191530663	-0.040525	-0.059453	-0.060453	-0.005507	-0.06707	-0.060991	6.249387441089832e-4
diabetes_type_2_sinusitis	diabetes_type_2	sinusitis	0.09574640440766317	0.072503	0.083558	0.099865	0.125103	0.069462	0.093441	0.10339741457712648
diabetes_type_2_sleep_apnoea	diabetes_type_2	sleep_apnoea	0.4316737188693813	0.194356	0.427922	0.429742	0.443766	0.414386	0.431236	0.24828982387736104
diabetes_type_2_spondylolisthesis	diabetes_type_2	spondylolisthesis	0.18377655029515746	0.092189	0.191157	0.181758	0.168917	0.155589	0.182556	0.09001456178439841
diabetes_type_2_spondylosis	diabetes_type_2	spondylosis	0.2851248462903746	0.093216	0.276705	0.282877	0.254167	0.250371	0.288265	0.08100267894440376
diabetes_type_2_stroke_all	diabetes_type_2	stroke_all	0.29729804185510866	0.193901	0.238108	0.298664	0.321046	0.274945	0.298281	0.19255694347013316
diabetes_type_2_tendon	diabetes_type_2	tendon	0.2561556095268927	0.146562	0.253912	0.253197	0.213987	0.224322	0.261123	0.12444692943046116
diabetes_type_2_thromboembolic	diabetes_type_2	thromboembolic	0.2534501733316041	0.09993	0.269515	0.254914	0.172235	0.234979	0.252597	0.06080673092989571
diabetes_type_2_TIA	diabetes_type_2	TIA	0.28613802599064625	0.224271	0.241986	0.28482	0.285856	0.261592	0.285506	0.20105015934560194
diabetes_type_2_tinnitus	diabetes_type_2	tinnitus	-0.0664672173557925	-0.021552	-0.060448	-0.062983	0.039526	-0.071508	-0.070213	0.083474903089951355
diabetes_type_2_ulc_colitis	diabetes_type_2	ulc_colitis	0.008950145802082917	0.034764	0.001193	0.011178	0.011941	0.007929	0.008816	0.03290358865452244
diabetes_type_2_ulcer_peptic	diabetes_type_2	ulcer_peptic	0.3478471872306061	0.232827	0.328171	0.345324	0.32885	0.316274	0.349618	0.21840630799093855
diabetes_type_2_urine_incont	diabetes_type_2	urine_incont	0.27986872128522255	0.143243	0.283872	0.281388	0.258022	0.251181	0.27947	0.1495100300471958
diabetes_type_2_urolithiasis	diabetes_type_2	urolithiasis	0.20288052037865	0.161958	0.214041	0.200423	0.244559	0.200507	0.202513	0.2163937670208462
diabetes_type_2_valve_nonrheumatic	diabetes_type_2	valve_nonrheumatic	0.19171047170763425	0.112986	0.1225	0.192717	0.161499	0.178955	0.190631	0.054845957138713715
diverticuli_ED	diverticuli	ED	0.18571280378001576	0.142669	0.189157	0.185936	0.161388	0.149407	0.180811	0.10538856071365427
diverticuli_enthesopathy_lower	diverticuli	enthesopathy_lower	0.24911744514471576	0.21271	0.252731	0.250162	0.241485	0.217894	0.243808	0.19647605219174696
diverticuli_enthesopathy_shoulder	diverticuli	enthesopathy_shoulder	0.24579985096772666	0.218209	0.246737	0.245287	0.234067	0.216038	0.240395	0.19134767012555418
diverticuli_enthesopathy_upper	diverticuli	enthesopathy_upper	0.22807634622320244	0.202243	0.22845	0.227597	0.219503	0.194487	0.222644	0.1747704494929484
diverticuli_essential_tremor	diverticuli	essential_tremor	0.014062006809412294	0.005594	0.014349	0.01378	0.021465	0.015069	0.008448	0.012209818823932012
diverticuli_female_genital_prolapse	diverticuli	female_genital_prolapse	0.2853195465887591	0.279936	0.284946	0.285128	0.279428	0.277386	0.284105	0.26890452490058186
diverticuli_fibromatosis	diverticuli	fibromatosis	0.021559644734675393	0.033097	0.021428	0.021271	0.024037	0.007111	0.021897	0.019886831950393893
diverticuli_fibromyalgia	diverticuli	fibromyalgia	0.38027044079441663	0.355605	0.383094	0.380398	0.376223	0.354857	0.378481	0.34586990729381195
diverticuli_gastritis_duodenitis	diverticuli	gastritis_duodenitis	0.43359480533304945	0.412278	0.435126	0.433597	0.427241	0.412473	0.431554	0.39923110603032025
diverticuli_glaucoma	diverticuli	glaucoma	0.007194874014413501	0.014136	0.008271	0.007463	0.000119	0.012503	0.008495	0.014789242967597486
diverticuli_GORD	diverticuli	GORD	0.41512262197892835	0.392424	0.41723	0.415285	0.40649	0.393814	0.412331	0.37704360871761855
diverticuli_gout	diverticuli	gout	0.138469625148106	0.084566	0.146115	0.137687	0.120309	0.124028	0.13527	0.08448770729581727
diverticuli_HF	diverticuli	HF	0.2560956383929508	0.208573	0.283181	0.257168	0.23928	0.225892	0.251466	0.21669360515350441
diverticuli_hypertension	diverticuli	hypertension	0.19135190306082608	0.145033	0.292751	0.193182	0.171749	0.172726	0.188797	0.23696175661070326
diverticuli_hyperthyroid	diverticuli	hyperthyroid	0.1456453227535172	0.137831	0.148822	0.145657	0.129677	0.134759	0.148842	0.12767851338336617
diverticuli_hypothyroid	diverticuli	hypothyroid	0.14235800509777907	0.121982	0.142394	0.142573	0.141444	0.129033	0.142089	0.1168386330766084
diverticuli_IBS	diverticuli	IBS	0.4031671202088531	0.406054	0.402905	0.404195	0.404398	0.392986	0.400339	0.3974976730943078
diverticuli_IDA	diverticuli	IDA	0.2232271186192667	0.182796	0.231301	0.222749	0.204833	0.196113	0.217392	0.16439157413579578
diverticuli_insomnia	diverticuli	insomnia	0.29189057449524275	0.281505	0.291508	0.292402	0.285618	0.258816	0.29653	0.2636859881968272
diverticuli_intervert_disc	diverticuli	intervert_disc	0.26996328183839247	0.242583	0.271427	0.269551	0.262074	0.239593	0.265606	0.21975183866659279
diverticuli_isch_stroke_tia	diverticuli	isch_stroke_tia	0.21684027632698388	0.188195	0.233945	0.217704	0.208716	0.189698	0.214991	0.1913504748885041
diverticuli_migraine	diverticuli	migraine	0.2382856053805595	0.23694	0.238121	0.23776	0.24658	0.223921	0.235701	0.23079014409217005
diverticuli_OA	diverticuli	OA	0.2622776892007234	0.220011	0.262454	0.262028	0.255865	0.237717	0.257289	0.2080307280087122
diverticuli_osteoporosis	diverticuli	osteoporosis	0.1288934121846127	0.160806	0.128146	0.129712	0.143501	0.123923	0.12507	0.15558578275286625
diverticuli_periph_neuro	diverticuli	periph_neuro	0.2804953658950775	0.240961	0.282278	0.280117	0.261507	0.248594	0.276403	0.207327709003769
diverticuli_peripheral_arterial	diverticuli	peripheral_arterial	0.192751613066761	0.141648	0.218954	0.192373	0.17595	0.142298	0.187202	0.13012160223011876
diverticuli_PMR	diverticuli	PMR	0.15416446948499243	0.143757	0.155444	0.153942	0.152132	0.147298	0.150126	0.14070263833044006
diverticuli_pri_bladder	diverticuli	pri_bladder	0.046685801494771695	0.041479	0.045377	0.047833	0.053708	0.01777	0.045159	0.021101010858444406
diverticuli_pri_breast	diverticuli	pri_breast	0.020277199637349187	0.028859	0.020363	0.019936	0.017701	0.019985	0.021797	0.025106177145383376
diverticuli_pri_colorectal	diverticuli	pri_colorectal	0.057844360652171946	0.055041	0.05716	0.056429	0.059791	0.065053	0.058415	0.0609295320261062
diverticuli_pri_prost	diverticuli	pri_prost	0.003746190597661742	0.015582	0.003566	0.002383	0.00241	0.014987	0.006211	0.020360077018776408
diverticuli_pri_skin	diverticuli	pri_skin	0.0050208782181753895	0.021663	0.004496	0.00494	0.010332	0.010441	0.005155	0.023779272687330277
diverticuli_psoriasis	diverticuli	psoriasis	0.15901124502993963	0.135688	0.159865	0.158749	0.155325	0.133306	0.154273	0.11830812822315866
diverticuli_RA	diverticuli	RA	0.20439492315447436	0.182483	0.206751	0.204339	0.192887	0.171754	0.200547	0.15571994430975547
diverticuli_raynauds	diverticuli	raynauds	0.08216918689759996	0.100776	0.082553	0.083983	0.102331	0.070248	0.076384	0.10145376554420525
diverticuli_retinal_detach	diverticuli	retinal_detach	0.03225880251790824	0.043571	0.032324	0.032932	0.040681	0.043314	0.031533	0.0556457721730126
diverticuli_schizo	diverticuli	schizo	0.029747659233832602	0.04755	0.02889	0.029805	0.029742	0.011129	0.036902	0.02928742678151815
diverticuli_scoliosis	diverticuli	scoliosis	0.13228668360334853	0.14122	0.132192	0.131972	0.143074	0.127047	0.128876	0.14080926136320754
diverticuli_sinusitis	diverticuli	sinusitis	0.19736953623832892	0.190122	0.198651	0.199062	0.198976	0.175059	0.191336	0.17775533245240455
diverticuli_sleep_apnoea	diverticuli	sleep_apnoea	0.3002027005863098	0.261839	0.302377	0.299786	0.289969	0.279603	0.298342	0.25718103516403945
diverticuli_spondylolisthesis	diverticuli	spondylolisthesis	0.1427210430091416	0.115817	0.142715	0.142115	0.13517	0.114225	0.137879	0.09154586771441348
diverticuli_spondylosis	diverticuli	spondylosis	0.35673802288367923	0.326428	0.358867	0.356418	0.347233	0.329578	0.354779	0.3092508499692182
diverticuli_stroke_all	diverticuli	stroke_all	0.211489078646852	0.180075	0.225983	0.211832	0.205472	0.187296	0.213725	0.18796853236814814
diverticuli_tendon	diverticuli	tendon	0.26117272020638216	0.232623	0.262167	0.260687	0.249874	0.23118	0.257216	0.20831585114983225
diverticuli_thromboembolic	diverticuli	thromboembolic	0.1060852403416925	0.060654	0.105754	0.106452	0.087603	0.084834	0.102363	0.03846722010785375
diverticuli_TIA	diverticuli	TIA	0.22982562067872558	0.207338	0.239218	0.229405	0.221547	0.2043	0.227903	0.19996847509351678
diverticuli_tinnitus	diverticuli	tinnitus	0.13994043656058044	0.156143	0.139527	0.141481	0.159517	0.137464	0.134022	0.162348479545247
diverticuli_ulc_colitis	diverticuli	ulc_colitis	0.06844379759195035	0.075157	0.068953	0.069206	0.068909	0.068112	0.068206	0.07493294515267018
diverticuli_ulcer_peptic	diverticuli	ulcer_peptic	0.37742947965728457	0.351799	0.382693	0.377281	0.367844	0.351985	0.374498	0.33862600580591756
diverticuli_urine_incont	diverticuli	urine_incont	0.3159520060781615	0.286072	0.316471	0.316394	0.306723	0.290418	0.312193	0.26574495835735584
diverticuli_urolithiasis	diverticuli	urolithiasis	0.19587319945619913	0.180239	0.195712	0.195257	0.195251	0.193427	0.19506	0.1816832633178108
diverticuli_valve_nonrheumatic	diverticuli	valve_nonrheumatic	0.2295586684042662	0.207575	0.245281	0.229837	0.220847	0.217878	0.226304	0.21827028232247056
ED_enthesopathy_lower	ED	enthesopathy_lower	0.3900912967535553	0.309258	0.381271	0.390012	0.381163	0.329816	0.374675	0.25984875769890153
ED_enthesopathy_shoulder	ED	enthesopathy_shoulder	0.3140551001332408	0.253452	0.311487	0.315123	0.284909	0.251103	0.297055	0.18082807944909823
ED_enthesopathy_upper	ED	enthesopathy_upper	0.15399651141220702	0.08569	0.15287	0.156005	0.128295	0.066352	0.124173	-0.013941234457609168
ED_essential_tremor	ED	essential_tremor	0.18360057336365734	0.175402	0.18286	0.183828	0.217019	0.19476	0.172622	0.209230929088609
ED_female_genital_prolapse	ED	female_genital_prolapse	0.24898487150349707	0.243865	0.255853	0.249209	0.236945	0.236393	0.246874	0.22904921027275305
ED_fibromatosis	ED	fibromatosis	0.08858352131981236	0.12212	0.090305	0.088797	0.100837	0.061407	0.089995	0.10006468867893191
ED_fibromyalgia	ED	fibromyalgia	0.31171569327927356	0.236631	0.304639	0.311691	0.307304	0.227975	0.293792	0.16587419266323092
ED_gastritis_duodenitis	ED	gastritis_duodenitis	0.4218624840557179	0.362498	0.41909	0.423856	0.411992	0.357145	0.409723	0.3085150032427096
ED_glaucoma	ED	glaucoma	-0.06724604488702136	-0.055274	-0.07604	-0.067435	-0.093533	-0.059351	-0.064751	-0.07642625969219469
ED_GORD	ED	GORD	0.4100649925963414	0.346541	0.405736	0.412594	0.388828	0.354454	0.400136	0.29352604563831286
ED_gout	ED	gout	0.29354928741082353	0.176172	0.274665	0.294921	0.247197	0.273796	0.287746	0.14845581303638858
ED_HF	ED	HF	0.3629981457941019	0.218608	0.344496	0.362893	0.312965	0.301827	0.35156	0.13892849721584608
ED_hypertension	ED	hypertension	0.3483778225009851	0.245837	0.377505	0.34855	0.294848	0.320381	0.344243	0.23906884502122014
ED_hyperthyroid	ED	hyperthyroid	0.0018363499890948565	-0.021935	-0.013645	0.001842	-0.058332	-0.026406	0.008434	-0.09017461890628004
ED_hypothyroid	ED	hypothyroid	0.165684475608992	0.121371	0.166815	0.165582	0.169274	0.140983	0.16586	0.11919156185409581
ED_IBS	ED	IBS	0.3091460647978712	0.32554	0.31583	0.308968	0.322674	0.289277	0.299634	0.31310160532505416
ED_IDA	ED	IDA	0.20339493440204168	0.089422	0.18369	0.204055	0.137439	0.141421	0.184161	-0.013964634222663105
ED_insomnia	ED	insomnia	0.2100125229450135	0.188284	0.220623	0.209824	0.194036	0.110947	0.176034	0.0755914323669025
ED_intervert_disc	ED	intervert_disc	0.31313817758933704	0.24979	0.308751	0.313831	0.29786	0.244098	0.301365	0.18724046566113478
ED_isch_stroke_tia	ED	isch_stroke_tia	0.4379545025049365	0.390106	0.423872	0.437886	0.431318	0.395587	0.436205	0.3636865931523736
ED_migraine	ED	migraine	0.18707666678224635	0.189536	0.190189	0.18796	0.218124	0.157046	0.180868	0.18720197016832762
ED_OA	ED	OA	0.28481429233686095	0.156329	0.285976	0.285114	0.273679	0.232293	0.266332	0.1323392527310898
ED_osteoporosis	ED	osteoporosis	0.05669333121741857	0.130087	0.065097	0.056289	0.100931	0.045489	0.046814	0.12957900978274184
ED_periph_neuro	ED	periph_neuro	0.4878371270465795	0.399428	0.484277	0.490549	0.413577	0.430528	0.475528	0.2919146306329116
ED_peripheral_arterial	ED	peripheral_arterial	0.5056298636420241	0.417921	0.503221	0.512652	0.475213	0.430955	0.49645	0.3627812397987663
ED_PMR	ED	PMR	0.31726084201181537	0.309031	0.31277	0.317493	0.325356	0.31475	0.309498	0.3114577333278652
ED_pri_bladder	ED	pri_bladder	0.00842895948286977	-0.005059	0.020211	0.007754	0.029901	-0.056998	0.004694	-0.038006969400106526
ED_pri_breast	ED	pri_breast	0.07092937815338358	0.096052	0.070838	0.071179	0.066326	0.073408	0.075005	0.08963284209381454
ED_pri_colorectal	ED	pri_colorectal	0.06287708583686213	0.058668	0.069219	0.064354	0.071394	0.080284	0.064516	0.08819220971099406
ED_pri_prost	ED	pri_prost	0.09024775654329151	0.125279	0.092333	0.091464	0.090897	0.119392	0.096837	0.14697338892493667
ED_pri_skin	ED	pri_skin	-0.01637462351862634	0.022601	-0.012456	-0.016322	-0.000669	-0.005571	-0.016201	0.03334851254497224
ED_psoriasis	ED	psoriasis	0.20328183441413483	0.153141	0.199736	0.203536	0.199642	0.151069	0.192077	0.11305590833880082
ED_RA	ED	RA	0.25195293901282095	0.206342	0.243607	0.25203	0.222236	0.181189	0.243109	0.1248259977666473
ED_raynauds	ED	raynauds	0.14467048424726653	0.197046	0.143102	0.144264	0.212976	0.124045	0.131514	0.20941258871768134
ED_retinal_detach	ED	retinal_detach	-0.07844942021489115	-0.057663	-0.079516	-0.078937	-0.057314	-0.059574	-0.080892	-0.0346697320369439
ED_schizo	ED	schizo	0.0204889021511332	0.063931	0.027656	0.020455	0.02106	-0.019981	0.037006	0.029522566643371533
ED_scoliosis	ED	scoliosis	-0.01766301387941891	-0.001369	-0.016913	-0.017428	0.011252	-0.033412	-0.027205	-0.0032274971145702914
ED_sinusitis	ED	sinusitis	0.22889601912162777	0.220701	0.223898	0.228696	0.242924	0.183947	0.212099	0.18405005630934407
ED_sleep_apnoea	ED	sleep_apnoea	0.34237800841826554	0.191343	0.336468	0.343828	0.31774	0.301778	0.339195	0.1876554126948515
ED_spondylolisthesis	ED	spondylolisthesis	0.4241087587628388	0.38569	0.427546	0.425106	0.420891	0.383693	0.416078	0.35946074681439816
ED_spondylosis	ED	spondylosis	0.4829437918347251	0.399891	0.478982	0.484468	0.466737	0.4215	0.470527	0.34786782503599206
ED_stroke_all	ED	stroke_all	0.41614694968439764	0.35948	0.400615	0.416045	0.415506	0.379072	0.423902	0.3518577937914488
ED_tendon	ED	tendon	0.19972493819184498	0.121955	0.196008	0.201161	0.163805	0.122562	0.172587	0.02570460350736095
ED_thromboembolic	ED	thromboembolic	0.20373437444253967	0.101821	0.208211	0.203568	0.152366	0.165142	0.196046	0.05608328678599739
ED_TIA	ED	TIA	0.4134731020982068	0.378225	0.399183	0.414159	0.404366	0.371697	0.411248	0.3426507628859042
ED_tinnitus	ED	tinnitus	0.10484329721357638	0.146346	0.109518	0.10433	0.165494	0.101375	0.088978	0.17110666050528378
ED_ulc_colitis	ED	ulc_colitis	-0.033439170033793854	-0.02154	-0.037325	-0.033928	-0.03501	-0.037489	-0.034488	-0.033569804327962444
ED_ulcer_peptic	ED	ulcer_peptic	0.39343121770597317	0.322922	0.383738	0.395382	0.369213	0.303849	0.380426	0.22891510477246008
ED_urine_incont	ED	urine_incont	0.5194257930579019	0.461961	0.520575	0.51934	0.509368	0.477266	0.511712	0.4321655672421013
ED_urolithiasis	ED	urolithiasis	0.09287007064620469	0.052552	0.095139	0.093671	0.092427	0.087437	0.090943	0.06238929887387935
ED_valve_nonrheumatic	ED	valve_nonrheumatic	0.2583575080713077	0.21106	0.2342	0.258248	0.238364	0.239365	0.250978	0.1808866587619449
enthesopathy_lower_enthesopathy_shoulder	enthesopathy_lower	enthesopathy_shoulder	0.7262238286918609	0.706468	0.726867	0.73043	0.723327	0.702392	0.712965	0.6882578496262568
enthesopathy_lower_enthesopathy_upper	enthesopathy_lower	enthesopathy_upper	0.6321813008005118	0.608699	0.634397	0.640989	0.628519	0.595984	0.608016	0.5745158509450664
enthesopathy_lower_essential_tremor	enthesopathy_lower	essential_tremor	0.1360716709213868	0.12476	0.134969	0.136998	0.143594	0.144094	0.115587	0.1142714564858304
enthesopathy_lower_female_genital_prolapse	enthesopathy_lower	female_genital_prolapse	0.26738887902329755	0.262861	0.273916	0.268414	0.261881	0.255799	0.266817	0.26424641088506834
enthesopathy_lower_fibromatosis	enthesopathy_lower	fibromatosis	0.06399266976581473	0.093695	0.065412	0.064859	0.066423	0.036697	0.066998	0.07243472800880378
enthesopathy_lower_fibromyalgia	enthesopathy_lower	fibromyalgia	0.5926431356643571	0.551244	0.588853	0.59306	0.590323	0.546629	0.571358	0.49434864713059035
enthesopathy_lower_gastritis_duodenitis	enthesopathy_lower	gastritis_duodenitis	0.5513982942559884	0.508114	0.549712	0.55679	0.546884	0.503944	0.534052	0.4647054973735165
enthesopathy_lower_glaucoma	enthesopathy_lower	glaucoma	0.03866593723781219	0.056697	0.031341	0.037995	0.032495	0.051266	0.045287	0.06469788075884113
enthesopathy_lower_GORD	enthesopathy_lower	GORD	0.574740535715899	0.531745	0.572046	0.581397	0.569535	0.536535	0.56402	0.5052404978118915
enthesopathy_lower_gout	enthesopathy_lower	gout	0.2325737204109968	0.112789	0.212992	0.236257	0.218815	0.209995	0.222987	0.09295816382983502
enthesopathy_lower_HF	enthesopathy_lower	HF	0.30359758737503534	0.15457	0.282449	0.302162	0.290608	0.239873	0.281463	0.05772650444985722
enthesopathy_lower_hypertension	enthesopathy_lower	hypertension	0.3312573523630959	0.232568	0.359533	0.329142	0.319045	0.303031	0.326758	0.21838101640466703
enthesopathy_lower_hyperthyroid	enthesopathy_lower	hyperthyroid	0.13059439059261246	0.116294	0.11788	0.13075	0.116032	0.110159	0.146327	0.11151553905038276
enthesopathy_lower_hypothyroid	enthesopathy_lower	hypothyroid	0.23439746398202113	0.197229	0.235865	0.234149	0.233939	0.214127	0.238473	0.192313829463826
enthesopathy_lower_IBS	enthesopathy_lower	IBS	0.40916473787546453	0.429566	0.41609	0.408126	0.410106	0.394982	0.396952	0.4108608727247734
enthesopathy_lower_IDA	enthesopathy_lower	IDA	0.3910451497547173	0.309177	0.377882	0.393687	0.380966	0.346266	0.363347	0.25182791356962037
enthesopathy_lower_insomnia	enthesopathy_lower	insomnia	0.7006527852235145	0.711784	0.715105	0.700505	0.69828	0.666976	0.684679	0.6959975273019134
enthesopathy_lower_intervert_disc	enthesopathy_lower	intervert_disc	0.6512493638993985	0.622924	0.649911	0.654172	0.647859	0.617893	0.642896	0.5964682562572375
enthesopathy_lower_isch_stroke_tia	enthesopathy_lower	isch_stroke_tia	0.256893272016714	0.194437	0.233695	0.255573	0.249933	0.202422	0.253565	0.13145324778974085
enthesopathy_lower_migraine	enthesopathy_lower	migraine	0.3466320308683721	0.358019	0.350593	0.349925	0.354741	0.326398	0.341584	0.34382420521805745
enthesopathy_lower_OA	enthesopathy_lower	OA	0.7060398716772608	0.660901	0.709901	0.707813	0.703769	0.686898	0.691074	0.6469007235997967
enthesopathy_lower_osteoporosis	enthesopathy_lower	osteoporosis	0.0700651350536396	0.140035	0.078093	0.06834	0.082567	0.059908	0.052751	0.10850517019766462
enthesopathy_lower_periph_neuro	enthesopathy_lower	periph_neuro	0.6186134172030858	0.55893	0.616315	0.625268	0.638298	0.578378	0.596325	0.5599156573906955
enthesopathy_lower_peripheral_arterial	enthesopathy_lower	peripheral_arterial	0.48446843015876273	0.39946	0.48255	0.496697	0.477166	0.411469	0.467909	0.3438206423209234
enthesopathy_lower_PMR	enthesopathy_lower	PMR	0.2803486048430821	0.269166	0.275697	0.281375	0.279072	0.275511	0.267521	0.2542062189347401
enthesopathy_lower_pri_bladder	enthesopathy_lower	pri_bladder	0.09052067911660093	0.082832	0.102558	0.087974	0.097129	0.033812	0.085914	0.04042790019029741
enthesopathy_lower_pri_breast	enthesopathy_lower	pri_breast	-0.04129342242395209	-0.024867	-0.042173	-0.040408	-0.043929	-0.044255	-0.035941	-0.024085884708479218
enthesopathy_lower_pri_colorectal	enthesopathy_lower	pri_colorectal	-0.045966581109885066	-0.056776	-0.040867	-0.041617	-0.044726	-0.034657	-0.045051	-0.03560736395186795
enthesopathy_lower_pri_prost	enthesopathy_lower	pri_prost	0.025875219589914393	0.054441	0.027363	0.029682	0.024771	0.050266	0.037258	0.08671756350085535
enthesopathy_lower_pri_skin	enthesopathy_lower	pri_skin	0.06451215405368352	0.106639	0.068809	0.064798	0.069648	0.078604	0.066753	0.11659345481701276
enthesopathy_lower_psoriasis	enthesopathy_lower	psoriasis	0.2436459164460996	0.199045	0.240541	0.244774	0.240729	0.196472	0.225635	0.15064892532329044
enthesopathy_lower_RA	enthesopathy_lower	RA	0.3010655689497167	0.261264	0.293691	0.30161	0.292123	0.238091	0.288293	0.20248788618547017
enthesopathy_lower_raynauds	enthesopathy_lower	raynauds	0.2616383844088425	0.318313	0.260926	0.258945	0.283431	0.247575	0.242144	0.27869791559689777
enthesopathy_lower_retinal_detach	enthesopathy_lower	retinal_detach	-0.06698327893684705	-0.046427	-0.067879	-0.068831	-0.060139	-0.048299	-0.072107	-0.04455358165140974
enthesopathy_lower_schizo	enthesopathy_lower	schizo	-0.11459174151661934	-0.082846	-0.108972	-0.114851	-0.115273	-0.160528	-0.088728	-0.09781358097252321
enthesopathy_lower_scoliosis	enthesopathy_lower	scoliosis	0.25077171356624156	0.282745	0.253319	0.252062	0.261509	0.248468	0.240798	0.27089156263592956
enthesopathy_lower_sinusitis	enthesopathy_lower	sinusitis	0.32958443317651903	0.327409	0.325651	0.327568	0.331544	0.292976	0.302586	0.26858306276661836
enthesopathy_lower_sleep_apnoea	enthesopathy_lower	sleep_apnoea	0.4029345659235274	0.279468	0.397871	0.407093	0.395314	0.367928	0.402417	0.2747307144996223
enthesopathy_lower_spondylolisthesis	enthesopathy_lower	spondylolisthesis	0.4626654424073134	0.428665	0.465997	0.465726	0.458411	0.426564	0.451915	0.4036981089261321
enthesopathy_lower_spondylosis	enthesopathy_lower	spondylosis	0.806581977499783	0.77923	0.805763	0.811464	0.804805	0.786052	0.795825	0.7605125856359335
enthesopathy_lower_stroke_all	enthesopathy_lower	stroke_all	0.2156022365279087	0.141927	0.191353	0.215092	0.210154	0.166014	0.22926	0.1011726843978693
enthesopathy_lower_tendon	enthesopathy_lower	tendon	0.8456283741894659	0.834477	0.847073	0.852374	0.844533	0.831478	0.836936	0.8308027770595253
enthesopathy_lower_thromboembolic	enthesopathy_lower	thromboembolic	0.31277784373267326	0.229931	0.317692	0.312267	0.301287	0.282191	0.303679	0.22038654462015497
enthesopathy_lower_TIA	enthesopathy_lower	TIA	0.3208136538604599	0.279206	0.30479	0.322955	0.314229	0.273851	0.318691	0.2360018094875855
enthesopathy_lower_tinnitus	enthesopathy_lower	tinnitus	0.24180512807433102	0.289407	0.247173	0.239486	0.261338	0.244626	0.217908	0.26533442926772377
enthesopathy_lower_ulc_colitis	enthesopathy_lower	ulc_colitis	0.026991201620082315	0.042015	0.023776	0.025179	0.027187	0.025994	0.026242	0.03317758174986878
enthesopathy_lower_ulcer_peptic	enthesopathy_lower	ulcer_peptic	0.4895011666243786	0.433467	0.481838	0.494734	0.48286	0.420739	0.469034	0.364869643200711
enthesopathy_lower_urine_incont	enthesopathy_lower	urine_incont	0.5226071198018665	0.468495	0.523511	0.522342	0.517017	0.482496	0.511075	0.43556521489531186
enthesopathy_lower_urolithiasis	enthesopathy_lower	urolithiasis	0.14710029114411205	0.112609	0.149576	0.150101	0.146214	0.144248	0.146058	0.12156526336578798
enthesopathy_lower_valve_nonrheumatic	enthesopathy_lower	valve_nonrheumatic	0.2398615537660374	0.193217	0.216655	0.239522	0.232121	0.220322	0.228038	0.15385347086083145
enthesopathy_shoulder_enthesopathy_upper	enthesopathy_shoulder	enthesopathy_upper	0.8694849535239432	0.862688	0.869623	0.86987	0.868303	0.858019	0.864552	0.8511719508075294
enthesopathy_shoulder_essential_tremor	enthesopathy_shoulder	essential_tremor	-0.016871832604892962	-0.031103	-0.017633	-0.017815	-0.006859	-0.015907	-0.040271	-0.040689581362463534
enthesopathy_shoulder_female_genital_prolapse	enthesopathy_shoulder	female_genital_prolapse	0.2056606716206247	0.197399	0.207634	0.205125	0.196801	0.191493	0.203246	0.1820510878821799
enthesopathy_shoulder_fibromatosis	enthesopathy_shoulder	fibromatosis	0.24598264999839686	0.271681	0.246569	0.245432	0.252069	0.228625	0.252695	0.2590885387478307
enthesopathy_shoulder_fibromyalgia	enthesopathy_shoulder	fibromyalgia	0.6487203280815689	0.624161	0.648048	0.649888	0.647471	0.613235	0.631857	0.5890735074250736
enthesopathy_shoulder_gastritis_duodenitis	enthesopathy_shoulder	gastritis_duodenitis	0.5285614496850054	0.496427	0.527528	0.526797	0.521628	0.482662	0.511327	0.4450101729545198
enthesopathy_shoulder_glaucoma	enthesopathy_shoulder	glaucoma	0.01795513810868188	0.029345	0.015226	0.018837	0.008176	0.028735	0.023525	0.03266666845718379
enthesopathy_shoulder_GORD	enthesopathy_shoulder	GORD	0.5169912431643037	0.48295	0.515768	0.51502	0.506658	0.476561	0.504625	0.43907963854685617
enthesopathy_shoulder_gout	enthesopathy_shoulder	gout	0.18479371107346856	0.099327	0.180033	0.181939	0.160055	0.160985	0.174384	0.07787328947653599
enthesopathy_shoulder_HF	enthesopathy_shoulder	HF	0.24389494839481246	0.140483	0.246335	0.246961	0.217642	0.1795	0.221197	0.07574993528063291
enthesopathy_shoulder_hypertension	enthesopathy_shoulder	hypertension	0.21789600200388565	0.140434	0.270443	0.222868	0.189717	0.185	0.210453	0.15208439459703527
enthesopathy_shoulder_hyperthyroid	enthesopathy_shoulder	hyperthyroid	0.13636654601942247	0.125093	0.132246	0.136536	0.113204	0.11726	0.15079	0.11021882820207299
enthesopathy_shoulder_hypothyroid	enthesopathy_shoulder	hypothyroid	0.177915293398316	0.147706	0.178029	0.17878	0.177474	0.155882	0.179987	0.1431368568399684
enthesopathy_shoulder_IBS	enthesopathy_shoulder	IBS	0.35206540398228775	0.359424	0.353998	0.354956	0.354495	0.335197	0.338614	0.33765976443027457
enthesopathy_shoulder_IDA	enthesopathy_shoulder	IDA	0.30547215167346503	0.243262	0.303441	0.30392	0.281056	0.257413	0.276169	0.17434796963170288
enthesopathy_shoulder_insomnia	enthesopathy_shoulder	insomnia	0.46370193344255906	0.45551	0.468123	0.465747	0.45792	0.406172	0.424361	0.37729462237799566
enthesopathy_shoulder_intervert_disc	enthesopathy_shoulder	intervert_disc	0.5568739067604953	0.52936	0.55584	0.556001	0.550763	0.51759	0.545431	0.4899807695876942
enthesopathy_shoulder_isch_stroke_tia	enthesopathy_shoulder	isch_stroke_tia	0.31489806116939334	0.274093	0.318071	0.317724	0.305318	0.268	0.31273	0.24987350316980939
enthesopathy_shoulder_migraine	enthesopathy_shoulder	migraine	0.3226066950809839	0.3255	0.323496	0.320639	0.335925	0.30181	0.316785	0.3102202521444105
enthesopathy_shoulder_OA	enthesopathy_shoulder	OA	0.5429390265274238	0.502513	0.543095	0.542746	0.538481	0.513321	0.521465	0.47786697348947
enthesopathy_shoulder_osteoporosis	enthesopathy_shoulder	osteoporosis	0.11507850597018786	0.165118	0.118102	0.117555	0.135366	0.107274	0.100165	0.14598389880765217
enthesopathy_shoulder_periph_neuro	enthesopathy_shoulder	periph_neuro	0.5998380100750229	0.567284	0.59888	0.598303	0.597882	0.56114	0.578626	0.523859499072456
enthesopathy_shoulder_peripheral_arterial	enthesopathy_shoulder	peripheral_arterial	0.4800262809207947	0.430474	0.508259	0.477973	0.464739	0.414048	0.464135	0.39852836479471376
enthesopathy_shoulder_PMR	enthesopathy_shoulder	PMR	0.20740949327772787	0.194043	0.205408	0.206891	0.20563	0.199093	0.19321	0.1775323310408302
enthesopathy_shoulder_pri_bladder	enthesopathy_shoulder	pri_bladder	0.03549712752859225	0.027397	0.039685	0.038975	0.045324	-0.020811	0.029834	-0.009880551601871223
enthesopathy_shoulder_pri_breast	enthesopathy_shoulder	pri_breast	-0.05652011360508711	-0.045115	-0.056789	-0.05773	-0.060952	-0.059769	-0.051854	-0.052054532635958724
enthesopathy_shoulder_pri_colorectal	enthesopathy_shoulder	pri_colorectal	-0.0872989207775619	-0.09545	-0.08549	-0.093421	-0.086008	-0.078337	-0.087293	-0.08958966181453128
enthesopathy_shoulder_pri_prost	enthesopathy_shoulder	pri_prost	0.013306667478257588	0.032388	0.013795	0.008965	0.011548	0.035402	0.023467	0.04795569759344575
enthesopathy_shoulder_pri_skin	enthesopathy_shoulder	pri_skin	0.04176976417550567	0.069456	0.043217	0.041569	0.049696	0.053782	0.043212	0.07650687105834918
enthesopathy_shoulder_psoriasis	enthesopathy_shoulder	psoriasis	0.2224980471531622	0.188741	0.221091	0.221857	0.218527	0.176923	0.204949	0.1431141649989084
enthesopathy_shoulder_RA	enthesopathy_shoulder	RA	0.3155806534536338	0.286325	0.313304	0.31576	0.30158	0.258167	0.303745	0.2277064473149796
enthesopathy_shoulder_raynauds	enthesopathy_shoulder	raynauds	0.158572946165214	0.191359	0.157826	0.164164	0.18866	0.140267	0.137171	0.17230222595185368
enthesopathy_shoulder_retinal_detach	enthesopathy_shoulder	retinal_detach	-0.03373843322870206	-0.017646	-0.033928	-0.031749	-0.022771	-0.01475	-0.037598	-0.002263908133760597
enthesopathy_shoulder_schizo	enthesopathy_shoulder	schizo	-0.12172435125212873	-0.09877	-0.119638	-0.121731	-0.123316	-0.164568	-0.097951	-0.12363363686212579
enthesopathy_shoulder_scoliosis	enthesopathy_shoulder	scoliosis	0.19455402418073173	0.21194	0.195037	0.193715	0.210853	0.189405	0.183536	0.20251861457863368
enthesopathy_shoulder_sinusitis	enthesopathy_shoulder	sinusitis	0.4062251811703528	0.403247	0.404823	0.411584	0.41142	0.376064	0.384048	0.36942705566211126
enthesopathy_shoulder_sleep_apnoea	enthesopathy_shoulder	sleep_apnoea	0.3438328925261489	0.262833	0.341894	0.341576	0.330149	0.307034	0.341264	0.2542984560408795
enthesopathy_shoulder_spondylolisthesis	enthesopathy_shoulder	spondylolisthesis	0.317164095620613	0.283273	0.317516	0.315469	0.309355	0.27335	0.302448	0.23869391314734062
enthesopathy_shoulder_spondylosis	enthesopathy_shoulder	spondylosis	0.6422371717307921	0.614489	0.641425	0.641112	0.634647	0.606412	0.624065	0.5705053254091467
enthesopathy_shoulder_stroke_all	enthesopathy_shoulder	stroke_all	0.26402025495189285	0.215735	0.263308	0.265345	0.256736	0.220594	0.27734	0.20864732039146455
enthesopathy_shoulder_tendon	enthesopathy_shoulder	tendon	0.8179971516685847	0.806416	0.817659	0.817458	0.814018	0.802514	0.809414	0.7857243250812307
enthesopathy_shoulder_thromboembolic	enthesopathy_shoulder	thromboembolic	0.23783695008092745	0.175183	0.239095	0.239287	0.215456	0.204751	0.227036	0.14801262486714095
enthesopathy_shoulder_TIA	enthesopathy_shoulder	TIA	0.36491084257868295	0.335896	0.364819	0.363749	0.355733	0.323794	0.363426	0.30628870285368026
enthesopathy_shoulder_tinnitus	enthesopathy_shoulder	tinnitus	0.23278229785542937	0.262736	0.234411	0.237458	0.262228	0.234363	0.210188	0.2603410549495169
enthesopathy_shoulder_ulc_colitis	enthesopathy_shoulder	ulc_colitis	0.004198839807513671	0.013588	0.002967	0.00643	0.004357	0.002282	0.00295	0.009267615701036808
enthesopathy_shoulder_ulcer_peptic	enthesopathy_shoulder	ulcer_peptic	0.5066254558327375	0.469944	0.505813	0.504755	0.495553	0.447391	0.488105	0.4036889225545857
enthesopathy_shoulder_urine_incont	enthesopathy_shoulder	urine_incont	0.4800347300779974	0.440358	0.479587	0.481895	0.470209	0.439151	0.467462	0.4040412406416076
enthesopathy_shoulder_urolithiasis	enthesopathy_shoulder	urolithiasis	0.14623746488862654	0.120822	0.146911	0.143586	0.145416	0.143134	0.14499	0.12397144726204637
enthesopathy_shoulder_valve_nonrheumatic	enthesopathy_shoulder	valve_nonrheumatic	0.16817490292248224	0.130703	0.163075	0.169153	0.155116	0.146122	0.155048	0.1049660729924333
enthesopathy_upper_essential_tremor	enthesopathy_upper	essential_tremor	-0.06069017863358617	-0.074584	-0.06104	-0.062815	-0.053991	-0.061903	-0.096784	-0.10347313964105932
enthesopathy_upper_female_genital_prolapse	enthesopathy_upper	female_genital_prolapse	0.17350781967612208	0.164743	0.174393	0.172805	0.16674	0.156861	0.17128	0.14936749533166538
enthesopathy_upper_fibromatosis	enthesopathy_upper	fibromatosis	0.23260592435963756	0.254811	0.232813	0.232074	0.236244	0.213507	0.244968	0.2446223848793329
enthesopathy_upper_fibromyalgia	enthesopathy_upper	fibromyalgia	0.6823547930940042	0.663502	0.683362	0.686526	0.680661	0.644651	0.662281	0.6242325276618584
enthesopathy_upper_gastritis_duodenitis	enthesopathy_upper	gastritis_duodenitis	0.5571141375983064	0.530629	0.557001	0.553952	0.552226	0.507779	0.537792	0.47222612734953817
enthesopathy_upper_glaucoma	enthesopathy_upper	glaucoma	-0.015046428313561424	-0.005662	-0.016317	-0.013469	-0.022181	-0.004504	-0.00831	0.0028555563648083497
enthesopathy_upper_GORD	enthesopathy_upper	GORD	0.5071703145707526	0.476633	0.507151	0.502775	0.500156	0.460914	0.493833	0.42662044403802474
enthesopathy_upper_gout	enthesopathy_upper	gout	0.1864436850640937	0.110916	0.187166	0.181014	0.169879	0.160597	0.173854	0.09052274517281506
enthesopathy_upper_HF	enthesopathy_upper	HF	0.1739503108959087	0.069336	0.180215	0.17987	0.154675	0.0948	0.139579	-0.015867483050588223
enthesopathy_upper_hypertension	enthesopathy_upper	hypertension	0.16419767636341573	0.08974	0.217276	0.173428	0.143993	0.124658	0.153727	0.08947907384184894
enthesopathy_upper_hyperthyroid	enthesopathy_upper	hyperthyroid	0.11472476978019341	0.103685	0.113285	0.115298	0.098367	0.092717	0.136208	0.10116215633642131
enthesopathy_upper_hypothyroid	enthesopathy_upper	hypothyroid	0.136665077760767	0.107726	0.136669	0.138581	0.135722	0.110389	0.140163	0.10207701269269177
enthesopathy_upper_IBS	enthesopathy_upper	IBS	0.3150846566722584	0.319911	0.315947	0.321159	0.315776	0.29558	0.297663	0.29386176781397005
enthesopathy_upper_IDA	enthesopathy_upper	IDA	0.21656582745285213	0.15333	0.217289	0.213533	0.198313	0.155847	0.170143	0.05971613156983404
enthesopathy_upper_insomnia	enthesopathy_upper	insomnia	0.46824585134490443	0.460023	0.470724	0.473364	0.463655	0.402486	0.399815	0.34359307352882335
enthesopathy_upper_intervert_disc	enthesopathy_upper	intervert_disc	0.48263214594380727	0.453944	0.482449	0.481543	0.47713	0.430805	0.467357	0.40115141119830056
enthesopathy_upper_isch_stroke_tia	enthesopathy_upper	isch_stroke_tia	0.3466262443971292	0.311677	0.359132	0.352928	0.339959	0.297015	0.349104	0.299110752394382
enthesopathy_upper_migraine	enthesopathy_upper	migraine	0.2862950117216112	0.287192	0.286624	0.282623	0.294795	0.262177	0.280263	0.26280056419340136
enthesopathy_upper_OA	enthesopathy_upper	OA	0.5180815496407336	0.48271	0.518035	0.518897	0.514036	0.483989	0.487181	0.44472826450545955
enthesopathy_upper_osteoporosis	enthesopathy_upper	osteoporosis	0.1547916968731843	0.201354	0.156323	0.160077	0.169503	0.148655	0.136684	0.1772562036139803
enthesopathy_upper_periph_neuro	enthesopathy_upper	periph_neuro	0.6315342715226702	0.610927	0.631825	0.628397	0.64922	0.590536	0.603419	0.5722304950559446
enthesopathy_upper_peripheral_arterial	enthesopathy_upper	peripheral_arterial	0.46876837198246285	0.426582	0.506205	0.461044	0.459674	0.387633	0.449421	0.372668050522029
enthesopathy_upper_PMR	enthesopathy_upper	PMR	0.18129133365475228	0.168072	0.180516	0.18066	0.179438	0.171641	0.161988	0.14535858991318892
enthesopathy_upper_pri_bladder	enthesopathy_upper	pri_bladder	0.17751994054827422	0.173649	0.180113	0.185374	0.185399	0.124507	0.176385	0.1445879603403799
enthesopathy_upper_pri_breast	enthesopathy_upper	pri_breast	-0.10944465975390484	-0.100387	-0.109562	-0.11224	-0.11273	-0.11607	-0.105921	-0.11145984505301144
enthesopathy_upper_pri_colorectal	enthesopathy_upper	pri_colorectal	-0.08828433155369186	-0.095423	-0.087517	-0.100009	-0.087187	-0.078709	-0.089498	-0.09677558331851292
enthesopathy_upper_pri_prost	enthesopathy_upper	pri_prost	0.04275612869987532	0.060699	0.042977	0.034557	0.041657	0.069259	0.058913	0.08290091677228927
enthesopathy_upper_pri_skin	enthesopathy_upper	pri_skin	0.04140653067426068	0.066236	0.042052	0.041123	0.046876	0.055128	0.044027	0.07393075221665892
enthesopathy_upper_psoriasis	enthesopathy_upper	psoriasis	0.18098045769123142	0.148683	0.180374	0.180052	0.177483	0.127293	0.155985	0.08811632236137462
enthesopathy_upper_RA	enthesopathy_upper	RA	0.32108610862352005	0.294638	0.320762	0.322297	0.311511	0.257096	0.307992	0.23334084692804763
enthesopathy_upper_raynauds	enthesopathy_upper	raynauds	0.09679017762108133	0.124122	0.096419	0.106935	0.116942	0.073603	0.064345	0.08501139256212836
enthesopathy_upper_retinal_detach	enthesopathy_upper	retinal_detach	-6.418645744768882e-4	0.014803	-0.000713	0.003372	0.007368	0.022311	-0.005135	0.03233659517726144
enthesopathy_upper_schizo	enthesopathy_upper	schizo	-0.17674149122004856	-0.157505	-0.175993	-0.177377	-0.177875	-0.228741	-0.146755	-0.18474201176291738
enthesopathy_upper_scoliosis	enthesopathy_upper	scoliosis	0.15303598475241229	0.167163	0.153201	0.151638	0.163844	0.146127	0.137576	0.14649485194769146
enthesopathy_upper_sinusitis	enthesopathy_upper	sinusitis	0.4297680908615084	0.426734	0.429473	0.440521	0.4326	0.398776	0.402117	0.3894953599686904
enthesopathy_upper_sleep_apnoea	enthesopathy_upper	sleep_apnoea	0.26001243641416477	0.173955	0.25938	0.25522	0.24935	0.213609	0.25685	0.15819365331461144
enthesopathy_upper_spondylolisthesis	enthesopathy_upper	spondylolisthesis	0.23642792201800075	0.202088	0.2365	0.233117	0.22983	0.18163	0.214499	0.14047653401337065
enthesopathy_upper_spondylosis	enthesopathy_upper	spondylosis	0.6484001532065514	0.628018	0.648837	0.646899	0.643623	0.607133	0.623465	0.5723135216132819
enthesopathy_upper_stroke_all	enthesopathy_upper	stroke_all	0.24512348262099928	0.200739	0.250526	0.248261	0.239467	0.1956	0.266904	0.20201038797823878
enthesopathy_upper_tendon	enthesopathy_upper	tendon	0.907977949731176	0.903417	0.908187	0.907608	0.907359	0.89933	0.899511	0.8887659572912313
enthesopathy_upper_thromboembolic	enthesopathy_upper	thromboembolic	0.18381071820219408	0.123668	0.184327	0.186915	0.167609	0.14405	0.168535	0.09416001431113379
enthesopathy_upper_TIA	enthesopathy_upper	TIA	0.33324593595733065	0.305475	0.337391	0.331538	0.326193	0.285339	0.334387	0.2744626812971252
enthesopathy_upper_tinnitus	enthesopathy_upper	tinnitus	0.2157518086704359	0.241729	0.216473	0.224797	0.236413	0.217908	0.184459	0.22753022642404944
enthesopathy_upper_ulc_colitis	enthesopathy_upper	ulc_colitis	0.037284581947162415	0.046545	0.036758	0.041846	0.037566	0.036817	0.037053	0.0468419536895598
enthesopathy_upper_ulcer_peptic	enthesopathy_upper	ulcer_peptic	0.42769472184445256	0.389957	0.42889	0.423407	0.419139	0.344123	0.39956	0.29083911758230013
enthesopathy_upper_urine_incont	enthesopathy_upper	urine_incont	0.43074580451804856	0.392406	0.430495	0.43527	0.423245	0.380765	0.4148	0.3505469177853519
enthesopathy_upper_urolithiasis	enthesopathy_upper	urolithiasis	0.152967675810202	0.130037	0.153242	0.14801	0.152099	0.150596	0.153442	0.13293761778878688
enthesopathy_upper_valve_nonrheumatic	enthesopathy_upper	valve_nonrheumatic	0.11364148295340155	0.077489	0.113149	0.115675	0.10378	0.086565	0.09412	0.04419575911141553
essential_tremor_female_genital_prolapse	essential_tremor	female_genital_prolapse	0.06234719595737112	0.059192	0.06308	0.062092	0.068108	0.063016	0.059125	0.06685068895482428
essential_tremor_fibromatosis	essential_tremor	fibromatosis	-0.014053180285066092	-0.010049	-0.013909	-0.014357	-0.015608	-0.013551	-0.01351	-0.006935453780015608
essential_tremor_fibromyalgia	essential_tremor	fibromyalgia	0.22311797865951688	0.216466	0.222467	0.223224	0.228666	0.240821	0.205601	0.21727405444935047
essential_tremor_gastritis_duodenitis	essential_tremor	gastritis_duodenitis	0.021268549650568014	0.006381	0.020368	0.020069	0.028683	0.024516	0.002748	-0.001230251264364745
essential_tremor_glaucoma	essential_tremor	glaucoma	0.09571039009767746	0.098433	0.09478	0.096007	0.100759	0.095569	0.098924	0.10779957359491975
essential_tremor_GORD	essential_tremor	GORD	0.12270656739238704	0.111672	0.121817	0.121705	0.134102	0.129559	0.109943	0.11579826892668627
essential_tremor_gout	essential_tremor	gout	-0.041691208189773364	-0.070604	-0.04699	-0.042903	-0.028547	-0.041308	-0.04967	-0.0751205032612944
essential_tremor_HF	essential_tremor	HF	0.06204928878500897	0.037757	0.059868	0.062904	0.080561	0.066466	0.047422	0.03291848511285134
essential_tremor_hypertension	essential_tremor	hypertension	0.10376748771340238	0.089205	0.131441	0.105359	0.124435	0.105903	0.098097	0.12126802631759345
essential_tremor_hyperthyroid	essential_tremor	hyperthyroid	0.030694625806927934	0.027241	0.028743	0.03069	0.04363	0.031318	0.036612	0.05026865491356927
essential_tremor_hypothyroid	essential_tremor	hypothyroid	0.04661475459699513	0.038634	0.046603	0.046814	0.047851	0.047482	0.045921	0.03974209735144545
essential_tremor_IBS	essential_tremor	IBS	-0.001776938554000274	-0.002481	-0.001191	-0.001108	-0.001098	-0.001117	-0.013753	-0.008817364929193732
essential_tremor_IDA	essential_tremor	IDA	0.007144485715841566	-0.013677	0.003675	0.006433	0.024536	0.008752	-0.014163	-0.020244895149676517
essential_tremor_insomnia	essential_tremor	insomnia	0.14364461102323214	0.139034	0.145209	0.144102	0.150278	0.156463	0.109969	0.13492002084061933
essential_tremor_intervert_disc	essential_tremor	intervert_disc	0.11663342169647953	0.10631	0.115817	0.116072	0.124494	0.123966	0.103551	0.10802141923636253
essential_tremor_isch_stroke_tia	essential_tremor	isch_stroke_tia	2.657635515920158e-4	-0.013347	-0.005559	0.000941	0.006974	0.001658	-0.00457	-0.01767333952544095
essential_tremor_migraine	essential_tremor	migraine	0.11008938604804906	0.108758	0.110352	0.109344	0.106353	0.111714	0.103991	0.1006588809780918
essential_tremor_OA	essential_tremor	OA	0.12477874142812305	0.111746	0.124657	0.124477	0.131177	0.129441	0.104614	0.09429630753396709
essential_tremor_osteoporosis	essential_tremor	osteoporosis	-0.08195755989904076	-0.073223	-0.081023	-0.081336	-0.091105	-0.081786	-0.091833	-0.08884953540663516
essential_tremor_periph_neuro	essential_tremor	periph_neuro	0.1497127036640772	0.139364	0.148889	0.148826	0.195404	0.160517	0.127771	0.17548808336148833
essential_tremor_peripheral_arterial	essential_tremor	peripheral_arterial	-0.02658456035888417	-0.056866	-0.037137	-0.029364	-0.013004	-0.026996	-0.043431	-0.08424550632949372
essential_tremor_PMR	essential_tremor	PMR	0.261521292885023	0.258199	0.260979	0.261324	0.26415	0.26233	0.254134	0.25271172886122073
essential_tremor_pri_bladder	essential_tremor	pri_bladder	0.21342488332943266	0.211811	0.216058	0.214938	0.210041	0.219036	0.211473	0.22004723582333177
essential_tremor_pri_breast	essential_tremor	pri_breast	-0.0049282997650252555	-0.001934	-0.005019	-0.005285	-0.0032	-0.004909	-0.001932	0.004748811151015301
essential_tremor_pri_colorectal	essential_tremor	pri_colorectal	0.0041718992893416545	0.00291	0.004997	0.002438	0.00314	0.003924	0.005191	4.603314363313972e-4
essential_tremor_pri_prost	essential_tremor	pri_prost	0.008221542726650672	0.012523	0.00842	0.006852	0.009119	0.007812	0.01329	0.017880369248696754
essential_tremor_pri_skin	essential_tremor	pri_skin	0.10652332265461983	0.113293	0.10717	0.106457	0.103497	0.106387	0.107403	0.11207459106431608
essential_tremor_psoriasis	essential_tremor	psoriasis	0.013098922481858141	0.003268	0.012365	0.012785	0.016205	0.014575	0.001071	-0.004241060340863006
essential_tremor_RA	essential_tremor	RA	-0.028937821677148343	-0.039438	-0.030667	-0.029032	-0.019856	-0.028475	-0.039592	-0.036140303360241544
essential_tremor_raynauds	essential_tremor	raynauds	0.08423565204968167	0.091082	0.083885	0.086082	0.073775	0.085075	0.072053	0.06868598988206266
essential_tremor_retinal_detach	essential_tremor	retinal_detach	-0.17091667451295653	-0.167677	-0.17101	-0.170412	-0.177083	-0.171767	-0.173509	-0.18009168965873334
essential_tremor_schizo	essential_tremor	schizo	-0.005094526696848569	0.001115	-0.004116	-0.005041	-0.004995	-0.004395	0.008842	0.02511008459255851
essential_tremor_scoliosis	essential_tremor	scoliosis	-0.012188631359721957	-0.009609	-0.012066	-0.012563	-0.018409	-0.011938	-0.020391	-0.025064149790227547
essential_tremor_sinusitis	essential_tremor	sinusitis	0.08523935209948275	0.081927	0.084384	0.086659	0.085122	0.087825	0.067874	0.06847012846709839
essential_tremor_sleep_apnoea	essential_tremor	sleep_apnoea	0.13228246407719937	0.121702	0.131343	0.131476	0.143486	0.136129	0.127789	0.12196095293428952
essential_tremor_spondylolisthesis	essential_tremor	spondylolisthesis	0.1399863554633283	0.131666	0.140036	0.139365	0.146519	0.144864	0.129564	0.13374147889906532
essential_tremor_spondylosis	essential_tremor	spondylosis	0.12387274612775401	0.110969	0.12295	0.123099	0.135193	0.134292	0.101959	0.10445285324509372
essential_tremor_stroke_all	essential_tremor	stroke_all	0.1331082469841492	0.123009	0.133813	0.133434	0.138801	0.13722	0.137666	0.13437302189443465
essential_tremor_tendon	essential_tremor	tendon	0.05631465853885001	0.04361	0.055608	0.055186	0.067112	0.060502	0.02658	0.02872253395765141
essential_tremor_thromboembolic	essential_tremor	thromboembolic	0.04924638194908641	0.033011	0.049673	0.0496	0.064013	0.050795	0.041106	0.044438407927191954
essential_tremor_TIA	essential_tremor	TIA	0.10826331611352305	0.099736	0.107039	0.107738	0.116018	0.112402	0.103911	0.10541942855894056
essential_tremor_tinnitus	essential_tremor	tinnitus	0.1859949934856996	0.192099	0.186653	0.187675	0.177824	0.186225	0.173603	0.17122918199320095
essential_tremor_ulc_colitis	essential_tremor	ulc_colitis	0.007707961309785669	0.009844	0.007201	0.008421	0.007675	0.00775	0.00707	0.009973880424105925
essential_tremor_ulcer_peptic	essential_tremor	ulcer_peptic	-0.029865095138440285	-0.048844	-0.032381	-0.031228	-0.019951	-0.030369	-0.049894	-0.058447094545625154
essential_tremor_urine_incont	essential_tremor	urine_incont	0.1775951842269845	0.16884	0.177253	0.177997	0.18825	0.185796	0.166202	0.17518656064453003
essential_tremor_urolithiasis	essential_tremor	urolithiasis	0.03979480780337147	0.0331	0.040024	0.038881	0.041025	0.039997	0.037726	0.0303641953306013
essential_tremor_valve_nonrheumatic	essential_tremor	valve_nonrheumatic	-0.011209445254987687	-0.021798	-0.017152	-0.010983	-0.003996	-0.010673	-0.020195	-0.0324326320959012
female_genital_prolapse_fibromatosis	female_genital_prolapse	fibromatosis	0.04278231936734699	0.047335	0.042492	0.042514	0.044674	0.035078	0.043001	0.03996215353200118
female_genital_prolapse_fibromyalgia	female_genital_prolapse	fibromyalgia	0.22165807179473132	0.213782	0.225938	0.221756	0.217614	0.207175	0.219818	0.20972532302049135
female_genital_prolapse_gastritis_duodenitis	female_genital_prolapse	gastritis_duodenitis	0.27123563210250384	0.26536	0.273877	0.270829	0.265254	0.259991	0.269655	0.25727231991111393
female_genital_prolapse_glaucoma	female_genital_prolapse	glaucoma	-0.009150218701994674	-0.006514	-0.006644	-0.008899	-0.014502	-0.00634	-0.008342	-0.006727047384887824
female_genital_prolapse_GORD	female_genital_prolapse	GORD	0.34746431183142984	0.345094	0.351145	0.347428	0.340784	0.339569	0.34629	0.33882026773086665
female_genital_prolapse_gout	female_genital_prolapse	gout	0.06402289964973412	0.043457	0.074949	0.063122	0.04932	0.055463	0.06185	0.04562795882787937
female_genital_prolapse_HF	female_genital_prolapse	HF	0.15015563461212747	0.140309	0.178004	0.151063	0.135878	0.133087	0.146953	0.15641080895355888
female_genital_prolapse_hypertension	female_genital_prolapse	hypertension	0.14653127255695778	0.133967	0.251542	0.148166	0.131737	0.136222	0.144871	0.23947619634079398
female_genital_prolapse_hyperthyroid	female_genital_prolapse	hyperthyroid	0.08716877535403908	0.083676	0.092744	0.087172	0.074615	0.080683	0.089107	0.07590856460340244
female_genital_prolapse_hypothyroid	female_genital_prolapse	hypothyroid	0.11077753747124558	0.103044	0.110902	0.110976	0.109848	0.103214	0.110544	0.10060555738568946
female_genital_prolapse_IBS	female_genital_prolapse	IBS	0.29935051668091084	0.299161	0.29845	0.300248	0.299511	0.292911	0.297638	0.29307247558053756
female_genital_prolapse_IDA	female_genital_prolapse	IDA	0.16942625567798816	0.15873	0.181095	0.168925	0.155441	0.155256	0.166175	0.15051646219042228
female_genital_prolapse_insomnia	female_genital_prolapse	insomnia	0.15918682415156463	0.154306	0.157032	0.159622	0.153591	0.139876	0.159488	0.13529989910004972
female_genital_prolapse_intervert_disc	female_genital_prolapse	intervert_disc	0.20435802626169186	0.19596	0.207151	0.203915	0.198017	0.189551	0.201787	0.1841723543573107
female_genital_prolapse_isch_stroke_tia	female_genital_prolapse	isch_stroke_tia	0.1645363284824989	0.155016	0.186386	0.165318	0.158116	0.150307	0.163293	0.1691123248464738
female_genital_prolapse_migraine	female_genital_prolapse	migraine	0.20267699513290172	0.20146	0.202328	0.202135	0.208524	0.194676	0.20105	0.19994854162035364
female_genital_prolapse_OA	female_genital_prolapse	OA	0.2514818342904009	0.250784	0.251997	0.251242	0.246593	0.240236	0.2503	0.24754537890119951
female_genital_prolapse_osteoporosis	female_genital_prolapse	osteoporosis	0.16485254535549485	0.178851	0.162861	0.165672	0.176194	0.162005	0.162704	0.17805853766932703
female_genital_prolapse_periph_neuro	female_genital_prolapse	periph_neuro	0.17158503535456907	0.161669	0.174732	0.170868	0.153207	0.154137	0.168639	0.13174991766765776
female_genital_prolapse_peripheral_arterial	female_genital_prolapse	peripheral_arterial	0.14552358511589517	0.132878	0.177359	0.144752	0.132721	0.122484	0.142186	0.1515862928090217
female_genital_prolapse_PMR	female_genital_prolapse	PMR	0.17356315093156702	0.169504	0.176346	0.173356	0.171971	0.169627	0.171293	0.16958799252555945
female_genital_prolapse_pri_bladder	female_genital_prolapse	pri_bladder	0.04744860894861937	0.045315	0.044058	0.048546	0.052646	0.032031	0.046475	0.033942066911121935
female_genital_prolapse_pri_breast	female_genital_prolapse	pri_breast	-0.07101817715507627	-0.068018	-0.070874	-0.071375	-0.073267	-0.07153	-0.070147	-0.07205193478237024
female_genital_prolapse_pri_colorectal	female_genital_prolapse	pri_colorectal	-0.05046920615717857	-0.051936	-0.052365	-0.052389	-0.049432	-0.047133	-0.050191	-0.051218813309678445
female_genital_prolapse_pri_prost	female_genital_prolapse	pri_prost	0.02704421718739568	0.031751	0.026633	0.025828	0.026121	0.033304	0.028644	0.03314222336219396
female_genital_prolapse_pri_skin	female_genital_prolapse	pri_skin	-0.009350118886924172	-0.002985	-0.010624	-0.009429	-0.005468	-0.006466	-0.009275	-0.0019527132238926328
female_genital_prolapse_psoriasis	female_genital_prolapse	psoriasis	0.035764673821901835	0.025599	0.03747	0.035478	0.032388	0.019825	0.03223	0.014387842195697156
female_genital_prolapse_RA	female_genital_prolapse	RA	0.1416684726125458	0.133435	0.145894	0.141605	0.132599	0.124384	0.139185	0.11786174593010647
female_genital_prolapse_raynauds	female_genital_prolapse	raynauds	0.1953609013975215	0.203566	0.196396	0.197557	0.212629	0.189605	0.192818	0.21572003729693146
female_genital_prolapse_retinal_detach	female_genital_prolapse	retinal_detach	-0.020761287355386845	-0.016632	-0.020632	-0.020165	-0.014832	-0.015099	-0.021265	-0.007745084504781656
female_genital_prolapse_schizo	female_genital_prolapse	schizo	0.07107989986019998	0.078361	0.069073	0.07114	0.071173	0.061451	0.076063	0.06709991980891099
female_genital_prolapse_scoliosis	female_genital_prolapse	scoliosis	0.1347050216407162	0.1379	0.134533	0.134407	0.142735	0.131567	0.132646	0.14034923634127
female_genital_prolapse_sinusitis	female_genital_prolapse	sinusitis	0.21931843308433377	0.216282	0.222064	0.221008	0.220371	0.208667	0.216924	0.21535921944579187
female_genital_prolapse_sleep_apnoea	female_genital_prolapse	sleep_apnoea	0.20281040359147262	0.20348	0.206537	0.202227	0.194374	0.191235	0.201495	0.20162102928861006
female_genital_prolapse_spondylolisthesis	female_genital_prolapse	spondylolisthesis	0.10771729907499208	0.097862	0.107737	0.107105	0.101847	0.092449	0.104693	0.08215444308296088
female_genital_prolapse_spondylosis	female_genital_prolapse	spondylosis	0.2306582225063888	0.225717	0.2342	0.230146	0.222462	0.216829	0.229363	0.21658470314490919
female_genital_prolapse_stroke_all	female_genital_prolapse	stroke_all	0.139544376194444	0.128609	0.157685	0.139852	0.134573	0.126075	0.140855	0.14362671972362126
female_genital_prolapse_tendon	female_genital_prolapse	tendon	0.20844293928409124	0.200112	0.210492	0.207856	0.199748	0.194092	0.207732	0.18728627390431574
female_genital_prolapse_thromboembolic	female_genital_prolapse	thromboembolic	0.20445974686299437	0.195912	0.203775	0.204841	0.193388	0.194791	0.202556	0.18079761936791505
female_genital_prolapse_TIA	female_genital_prolapse	TIA	0.21213518059947886	0.204898	0.226258	0.211726	0.20589	0.1998	0.210907	0.2090340606531164
female_genital_prolapse_tinnitus	female_genital_prolapse	tinnitus	0.1551834368841969	0.161524	0.154182	0.156705	0.170283	0.153536	0.152067	0.17098650251775716
female_genital_prolapse_ulc_colitis	female_genital_prolapse	ulc_colitis	0.03403232731297565	0.036392	0.035198	0.034727	0.034198	0.033554	0.03384	0.036941347340741816
female_genital_prolapse_ulcer_peptic	female_genital_prolapse	ulcer_peptic	0.16947233653766572	0.159087	0.175983	0.168772	0.160034	0.149795	0.166261	0.1451055685828949
female_genital_prolapse_urine_incont	female_genital_prolapse	urine_incont	0.5247604630630572	0.532945	0.526227	0.525251	0.52058	0.523814	0.525071	0.53171924724703
female_genital_prolapse_urolithiasis	female_genital_prolapse	urolithiasis	0.13730685108781637	0.131053	0.136937	0.13663	0.136451	0.135268	0.136699	0.13112298037606213
female_genital_prolapse_valve_nonrheumatic	female_genital_prolapse	valve_nonrheumatic	0.0890995520368665	0.079636	0.105239	0.089333	0.081476	0.081459	0.086694	0.09014230801019564
fibromatosis_fibromyalgia	fibromatosis	fibromyalgia	0.08584982580787605	0.11107	0.086886	0.085938	0.087521	0.054465	0.089353	0.08229961244633623
fibromatosis_gastritis_duodenitis	fibromatosis	gastritis_duodenitis	0.06780167786770773	0.091032	0.068348	0.066699	0.070532	0.037474	0.069858	0.060860394916267296
fibromatosis_glaucoma	fibromatosis	glaucoma	0.007943443288554966	0.004758	0.008512	0.008225	0.009449	0.011495	0.007805	0.007179253015338151
fibromatosis_GORD	fibromatosis	GORD	0.027826962165433938	0.050301	0.028463	0.026411	0.031294	-8e-05	0.028863	0.022774006521285042
fibromatosis_gout	fibromatosis	gout	-0.0039039594899672927	0.028	-0.002027	-0.005063	0.000566	-0.015266	-0.003505	0.02333309433522685
fibromatosis_HF	fibromatosis	HF	-0.0414620790490457	-0.002467	-0.041353	-0.040708	-0.037319	-0.073213	-0.041057	-0.03058939005405588
fibromatosis_hypertension	fibromatosis	hypertension	6.713584999867846e-5	0.030582	0.008825	0.001388	0.005618	-0.015398	0.000414	0.025722449505406184
fibromatosis_hyperthyroid	fibromatosis	hyperthyroid	-0.05538020532972021	-0.051018	-0.054763	-0.055398	-0.052298	-0.06463	-0.055763	-0.064057723485031
fibromatosis_hypothyroid	fibromatosis	hypothyroid	-0.0315248583630059	-0.020828	-0.031517	-0.031337	-0.031176	-0.042388	-0.031475	-0.029484254583723748
fibromatosis_IBS	fibromatosis	IBS	0.015808362449385317	0.01676	0.015537	0.016513	0.016033	0.004324	0.016546	0.005200727916234483
fibromatosis_IDA	fibromatosis	IDA	0.007067425428111994	0.035241	0.008952	0.006335	0.012819	-0.016965	0.008358	0.015179716309507431
fibromatosis_insomnia	fibromatosis	insomnia	-0.01297325597015214	-0.005892	-0.013581	-0.01257	-0.011157	-0.05293	-0.011622	-0.05000568408461838
fibromatosis_intervert_disc	fibromatosis	intervert_disc	-0.014153221290357655	0.003781	-0.013681	-0.014854	-0.011978	-0.045976	-0.01349	-0.027831654867829254
fibromatosis_isch_stroke_tia	fibromatosis	isch_stroke_tia	0.1124983842459568	0.133742	0.12137	0.113298	0.115225	0.092261	0.112872	0.11822676983874505
fibromatosis_migraine	fibromatosis	migraine	0.06580415268022109	0.068006	0.0657	0.064961	0.064589	0.05396	0.066316	0.054319589761814335
fibromatosis_OA	fibromatosis	OA	0.052894130296474204	0.094022	0.052967	0.052557	0.054919	0.03141	0.055461	0.08237081218771936
fibromatosis_osteoporosis	fibromatosis	osteoporosis	0.032175273294394915	0.019546	0.031708	0.032931	0.029728	0.027996	0.032778	0.011593868205781902
fibromatosis_periph_neuro	fibromatosis	periph_neuro	0.023729969621844406	0.060337	0.024357	0.022332	0.035979	-0.009425	0.025981	0.03347157114101654
fibromatosis_peripheral_arterial	fibromatosis	peripheral_arterial	0.03675680789162383	0.076317	0.044161	0.034586	0.042128	-0.010393	0.038056	0.027835838124291277
fibromatosis_PMR	fibromatosis	PMR	0.10930583202156408	0.11596	0.110019	0.10906	0.109992	0.104113	0.110318	0.11270789801337414
fibromatosis_pri_bladder	fibromatosis	pri_bladder	0.010499257971981616	0.013254	0.009754	0.011619	0.009134	-0.009643	0.010681	-0.008143722304109162
fibromatosis_pri_breast	fibromatosis	pri_breast	0.026370278872265902	0.022577	0.026415	0.026015	0.026947	0.026156	0.026219	0.019960856569613213
fibromatosis_pri_colorectal	fibromatosis	pri_colorectal	0.02995467697569288	0.031687	0.029596	0.028309	0.029629	0.034508	0.029903	0.036713103366811106
fibromatosis_pri_prost	fibromatosis	pri_prost	-0.006491724527935577	-0.012056	-0.006587	-0.007954	-0.006211	0.000969	-0.006768	-0.0070940107562349666
fibromatosis_pri_skin	fibromatosis	pri_skin	-0.008178147107492319	-0.016016	-0.008458	-0.008265	-0.009289	-0.004624	-0.008192	-0.014492634503156515
fibromatosis_psoriasis	fibromatosis	psoriasis	-0.009228391875912087	0.003643	-0.008879	-0.009558	-0.008252	-0.030212	-0.008634	-0.016547676625781577
fibromatosis_RA	fibromatosis	RA	0.05416607939396089	0.068127	0.055162	0.054083	0.057726	0.027455	0.05497	0.039939083577190414
fibromatosis_raynauds	fibromatosis	raynauds	0.11716387714991802	0.110154	0.11738	0.119189	0.115103	0.109379	0.118766	0.1033102072699292
fibromatosis_retinal_detach	fibromatosis	retinal_detach	0.020222151715914877	0.015234	0.020255	0.020915	0.01859	0.027503	0.020309	0.023286937834037152
fibromatosis_schizo	fibromatosis	schizo	-0.009354538650483772	-0.017539	-0.009843	-0.009301	-0.009321	-0.022365	-0.010184	-0.03877998486521842
fibromatosis_scoliosis	fibromatosis	scoliosis	-0.09163757766276612	-0.095365	-0.091703	-0.092054	-0.094008	-0.096774	-0.091462	-0.1032409802172354
fibromatosis_sinusitis	fibromatosis	sinusitis	0.08764032126182943	0.092754	0.088272	0.089102	0.08756	0.070836	0.090046	0.07775056166794708
fibromatosis_sleep_apnoea	fibromatosis	sleep_apnoea	-0.03656345024868563	0.00369	-0.036026	-0.037779	-0.033832	-0.057658	-0.036319	-0.008484755438775115
fibromatosis_spondylolisthesis	fibromatosis	spondylolisthesis	-0.06816811426429756	-0.054936	-0.068184	-0.069068	-0.066577	-0.092904	-0.067947	-0.07885276073496789
fibromatosis_spondylosis	fibromatosis	spondylosis	0.04230541223169536	0.077482	0.04302	0.041349	0.045896	0.008311	0.044947	0.047553111523243735
fibromatosis_stroke_all	fibromatosis	stroke_all	0.01842046916693223	0.0386	0.021807	0.018722	0.020094	-0.002013	0.018233	0.01846762160705068
fibromatosis_tendon	fibromatosis	tendon	0.12267043148082675	0.146229	0.123162	0.121707	0.127257	0.098857	0.12988	0.12860794596541314
fibromatosis_thromboembolic	fibromatosis	thromboembolic	0.06732183057662931	0.096088	0.067148	0.067692	0.073075	0.052553	0.067995	0.08865844678024748
fibromatosis_TIA	fibromatosis	TIA	0.14471956108317055	0.161484	0.150223	0.144206	0.147734	0.126335	0.145157	0.14381778845884147
fibromatosis_tinnitus	fibromatosis	tinnitus	0.043707088982599514	0.037447	0.04347	0.045053	0.040733	0.041213	0.04497	0.03615299806458259
fibromatosis_ulc_colitis	fibromatosis	ulc_colitis	0.011394086930792096	0.008687	0.011644	0.012132	0.01138	0.010723	0.011431	0.0073401686981661015
fibromatosis_ulcer_peptic	fibromatosis	ulcer_peptic	0.021072561517486564	0.044828	0.022332	0.019821	0.024643	-0.0243	0.022448	-0.00296446309079944
fibromatosis_urine_incont	fibromatosis	urine_incont	0.06406343310095529	0.090862	0.064286	0.064437	0.067435	0.039324	0.065338	0.06982654518128707
fibromatosis_urolithiasis	fibromatosis	urolithiasis	-0.009883259701074735	-0.000818	-0.00999	-0.010917	-0.009522	-0.013087	-0.009762	-0.001842690515351018
fibromatosis_valve_nonrheumatic	fibromatosis	valve_nonrheumatic	-0.06496756258745219	-0.052792	-0.065404	-0.064748	-0.062995	-0.076014	-0.064712	-0.06549651360053345
fibromyalgia_gastritis_duodenitis	fibromyalgia	gastritis_duodenitis	0.7540408667016644	0.73375	0.753312	0.756414	0.752908	0.721906	0.745188	0.7051117009178081
fibromyalgia_glaucoma	fibromyalgia	glaucoma	-0.039698081022061606	-0.028395	-0.045552	-0.03977	-0.044312	-0.029132	-0.035194	-0.021693052962546668
fibromyalgia_GORD	fibromyalgia	GORD	0.6194191582711588	0.586673	0.617302	0.62212	0.617645	0.579143	0.610271	0.5554155954195028
fibromyalgia_gout	fibromyalgia	gout	0.16380120163799874	0.056032	0.148693	0.164429	0.153999	0.13323	0.152343	0.032383108958043014
fibromyalgia_HF	fibromyalgia	HF	0.2567023205666083	0.128124	0.243319	0.25678	0.248696	0.173322	0.2331	0.023175533831310678
fibromyalgia_hypertension	fibromyalgia	hypertension	0.27055297067464124	0.182271	0.302608	0.271002	0.262965	0.23395	0.264354	0.1615447993563627
fibromyalgia_hyperthyroid	fibromyalgia	hyperthyroid	0.15159679800734405	0.139614	0.142618	0.1516	0.142463	0.129411	0.16765	0.13630960656612556
fibromyalgia_hypothyroid	fibromyalgia	hypothyroid	0.2083988081060982	0.174585	0.209068	0.208367	0.207803	0.184041	0.211682	0.16561053380186425
fibromyalgia_IBS	fibromyalgia	IBS	0.6257915522096609	0.648668	0.631299	0.626114	0.62653	0.629461	0.620509	0.6500372216671946
fibromyalgia_IDA	fibromyalgia	IDA	0.4682043190873297	0.410183	0.462149	0.468801	0.467143	0.422992	0.444351	0.3621865488364
fibromyalgia_insomnia	fibromyalgia	insomnia	0.4082894058463503	0.398568	0.416629	0.408305	0.40506	0.3206	0.357082	0.2866358227524354
fibromyalgia_intervert_disc	fibromyalgia	intervert_disc	0.7536609715394822	0.735839	0.752674	0.75441	0.75248	0.72605	0.748879	0.7133318804725481
fibromyalgia_isch_stroke_tia	fibromyalgia	isch_stroke_tia	0.3012286917606056	0.251586	0.290136	0.3013	0.296865	0.239904	0.299038	0.19247329194337315
fibromyalgia_migraine	fibromyalgia	migraine	0.5093065724434175	0.522962	0.512368	0.510282	0.51542	0.500769	0.508709	0.5171093725162618
fibromyalgia_OA	fibromyalgia	OA	0.49738654689083966	0.433643	0.498515	0.497578	0.494707	0.457977	0.472097	0.3945464057695395
fibromyalgia_osteoporosis	fibromyalgia	osteoporosis	0.19493959374685027	0.260242	0.201476	0.194933	0.204847	0.192065	0.181465	0.23557059314006115
fibromyalgia_periph_neuro	fibromyalgia	periph_neuro	0.8491985199402369	0.839756	0.848452	0.852599	0.903433	0.829661	0.840763	0.893654683574853
fibromyalgia_peripheral_arterial	fibromyalgia	peripheral_arterial	0.4940782245575528	0.429603	0.505612	0.499948	0.491974	0.397984	0.478003	0.3535665269063654
fibromyalgia_PMR	fibromyalgia	PMR	0.1442235397570544	0.126553	0.139831	0.144309	0.142753	0.131956	0.127417	0.10230085700736995
fibromyalgia_pri_bladder	fibromyalgia	pri_bladder	0.0498532516476532	0.040979	0.058331	0.049687	0.054208	-0.023293	0.044223	-0.02040939885656382
fibromyalgia_pri_breast	fibromyalgia	pri_breast	0.10875587340683117	0.129336	0.108717	0.108868	0.107351	0.115008	0.117934	0.13974667340666688
fibromyalgia_pri_colorectal	fibromyalgia	pri_colorectal	-0.020337030322432333	-0.027873	-0.01643	-0.020011	-0.01938	-0.005112	-0.018765	-0.006774060398691863
fibromyalgia_pri_prost	fibromyalgia	pri_prost	-0.049339344525975465	-0.029172	-0.048563	-0.04916	-0.050296	-0.024321	-0.040111	-0.0015643549762338806
fibromyalgia_pri_skin	fibromyalgia	pri_skin	0.05481314754586047	0.088949	0.057845	0.054835	0.058283	0.072369	0.056756	0.09974305741434154
fibromyalgia_psoriasis	fibromyalgia	psoriasis	0.344342327966851	0.311818	0.342263	0.344484	0.342488	0.297225	0.329725	0.26413353907835874
fibromyalgia_RA	fibromyalgia	RA	0.4192037375903514	0.391352	0.414662	0.419235	0.414985	0.355836	0.41008	0.3345499180453352
fibromyalgia_raynauds	fibromyalgia	raynauds	0.1220498978897523	0.160565	0.120653	0.122154	0.135634	0.097447	0.09811	0.1035786384565164
fibromyalgia_retinal_detach	fibromyalgia	retinal_detach	-0.1403800080708135	-0.126052	-0.141217	-0.140647	-0.136032	-0.123387	-0.147293	-0.12536246200106552
fibromyalgia_schizo	fibromyalgia	schizo	0.20152002645187095	0.244195	0.207402	0.20151	0.201852	0.16827	0.237839	0.24660000965567133
fibromyalgia_scoliosis	fibromyalgia	scoliosis	0.32656911187024706	0.354498	0.328385	0.32674	0.334507	0.332197	0.3188	0.34794963923258276
fibromyalgia_sinusitis	fibromyalgia	sinusitis	0.5247342614173951	0.529064	0.522598	0.525734	0.526192	0.499583	0.506153	0.4893405679396504
fibromyalgia_sleep_apnoea	fibromyalgia	sleep_apnoea	0.4437053666719388	0.36024	0.440049	0.444906	0.439757	0.407402	0.44416	0.35732044746571334
fibromyalgia_spondylolisthesis	fibromyalgia	spondylolisthesis	0.3636660735118751	0.326825	0.365132	0.364257	0.360216	0.312644	0.349783	0.2829346124013723
fibromyalgia_spondylosis	fibromyalgia	spondylosis	0.7727573243288725	0.750351	0.77143	0.774358	0.772847	0.740724	0.760301	0.71722131255774
fibromyalgia_stroke_all	fibromyalgia	stroke_all	0.19420044210680656	0.130651	0.177685	0.194159	0.190307	0.132558	0.207054	0.08302681629738992
fibromyalgia_tendon	fibromyalgia	tendon	0.6270521260836106	0.598526	0.626194	0.629197	0.625448	0.58651	0.603129	0.5525201198064836
fibromyalgia_thromboembolic	fibromyalgia	thromboembolic	0.19217697654322613	0.111286	0.194912	0.192133	0.18321	0.147382	0.179645	0.08895052698336241
fibromyalgia_TIA	fibromyalgia	TIA	0.3302421801028268	0.294507	0.320472	0.330607	0.325964	0.275268	0.328298	0.2450999650130815
fibromyalgia_tinnitus	fibromyalgia	tinnitus	0.3406300530283948	0.383063	0.344682	0.341174	0.35629	0.354078	0.32053	0.37241875461366997
fibromyalgia_ulc_colitis	fibromyalgia	ulc_colitis	0.1740834897004621	0.192716	0.172296	0.174059	0.174513	0.183428	0.177084	0.1974509811361575
fibromyalgia_ulcer_peptic	fibromyalgia	ulcer_peptic	0.6463027018277022	0.613877	0.642996	0.648428	0.645057	0.584686	0.632599	0.5541671021681019
fibromyalgia_urine_incont	fibromyalgia	urine_incont	0.5950148209376337	0.556855	0.59531	0.595054	0.592718	0.555584	0.585973	0.5267455323341413
fibromyalgia_urolithiasis	fibromyalgia	urolithiasis	0.22529679968031688	0.199544	0.227212	0.225919	0.224729	0.229097	0.22623	0.21411792710809846
fibromyalgia_valve_nonrheumatic	fibromyalgia	valve_nonrheumatic	0.13826417163794996	0.092043	0.118786	0.138221	0.132314	0.109192	0.123587	0.04470418136096686
gastritis_duodenitis_glaucoma	gastritis_duodenitis	glaucoma	-2.486002500629042e-4	0.012197	-0.003747	0.000924	-0.00734	0.011981	0.004022	0.01893049190242386
gastritis_duodenitis_GORD	gastritis_duodenitis	GORD	0.8661000933305114	0.855134	0.865708	0.865313	0.864684	0.853614	0.863614	0.8438852835968056
gastritis_duodenitis_gout	gastritis_duodenitis	gout	0.21204442998002587	0.115969	0.205604	0.208242	0.195966	0.186443	0.203416	0.09702015807571944
gastritis_duodenitis_HF	gastritis_duodenitis	HF	0.3168521449295674	0.209868	0.32094	0.321429	0.30227	0.246302	0.299624	0.14955273435372854
gastritis_duodenitis_hypertension	gastritis_duodenitis	hypertension	0.31502085249899364	0.236746	0.399573	0.322327	0.300103	0.28354	0.309909	0.29230579213374536
gastritis_duodenitis_hyperthyroid	gastritis_duodenitis	hyperthyroid	0.19710453213356793	0.187262	0.192255	0.197604	0.182363	0.178912	0.209663	0.1787427796643603
gastritis_duodenitis_hypothyroid	gastritis_duodenitis	hypothyroid	0.21336551864594352	0.181033	0.21361	0.21478	0.212857	0.190403	0.215069	0.17387154388578335
gastritis_duodenitis_IBS	gastritis_duodenitis	IBS	0.613600983176589	0.633937	0.616598	0.61865	0.615991	0.613369	0.607357	0.633497348052675
gastritis_duodenitis_IDA	gastritis_duodenitis	IDA	0.438128114798738	0.37987	0.437005	0.436599	0.427725	0.392705	0.418606	0.33086894814911977
gastritis_duodenitis_insomnia	gastritis_duodenitis	insomnia	0.5970393713333793	0.595412	0.602952	0.600548	0.593587	0.542752	0.58548	0.5554413620366727
gastritis_duodenitis_intervert_disc	gastritis_duodenitis	intervert_disc	0.5244121675945279	0.490643	0.522921	0.523352	0.519306	0.473123	0.513283	0.4407467204190447
gastritis_duodenitis_isch_stroke_tia	gastritis_duodenitis	isch_stroke_tia	0.39478438954430883	0.353635	0.398942	0.399092	0.388551	0.346068	0.393364	0.3267673233247461
gastritis_duodenitis_migraine	gastritis_duodenitis	migraine	0.4586895225296562	0.468903	0.460098	0.456618	0.468568	0.44523	0.455347	0.45605690503863283
gastritis_duodenitis_OA	gastritis_duodenitis	OA	0.4285110873177676	0.358424	0.428693	0.428271	0.42363	0.384935	0.4067	0.3214275734165242
gastritis_duodenitis_osteoporosis	gastritis_duodenitis	osteoporosis	0.2413362655188644	0.306181	0.245542	0.245241	0.257315	0.240516	0.231091	0.2941139039871844
gastritis_duodenitis_periph_neuro	gastritis_duodenitis	periph_neuro	0.6207817468700322	0.580354	0.619475	0.618446	0.636968	0.574878	0.605639	0.5571699688081553
gastritis_duodenitis_peripheral_arterial	gastritis_duodenitis	peripheral_arterial	0.40592709959962014	0.332068	0.422143	0.400561	0.394978	0.303148	0.390209	0.23479240033662635
gastritis_duodenitis_PMR	gastritis_duodenitis	PMR	0.207321726462382	0.192871	0.20477	0.206752	0.205613	0.1992	0.195071	0.1774346328385155
gastritis_duodenitis_pri_bladder	gastritis_duodenitis	pri_bladder	0.10589953426111276	0.099546	0.111543	0.111011	0.113324	0.043191	0.102216	0.05675766766545656
gastritis_duodenitis_pri_breast	gastritis_duodenitis	pri_breast	0.024582492974445518	0.04069	0.024345	0.02312	0.022047	0.024823	0.029891	0.03844754819046924
gastritis_duodenitis_pri_colorectal	gastritis_duodenitis	pri_colorectal	0.007702018483475304	0.001626	0.010212	0.000156	0.00935	0.023439	0.009438	0.013609654294742982
gastritis_duodenitis_pri_prost	gastritis_duodenitis	pri_prost	0.006748831896464681	0.028457	0.007356	0.000733	0.005437	0.033389	0.015011	0.0464943153856266
gastritis_duodenitis_pri_skin	gastritis_duodenitis	pri_skin	-0.021903683077718117	0.007226	-0.020204	-0.022324	-0.016808	-0.01064	-0.021816	0.011247830343358306
gastritis_duodenitis_psoriasis	gastritis_duodenitis	psoriasis	0.2701396863724095	0.234569	0.268496	0.269547	0.2672	0.21975	0.256195	0.18637698699419022
gastritis_duodenitis_RA	gastritis_duodenitis	RA	0.41817363819569064	0.391048	0.415642	0.418933	0.409945	0.359256	0.409685	0.33689789982598817
gastritis_duodenitis_raynauds	gastritis_duodenitis	raynauds	0.1090330372669074	0.145098	0.108049	0.116278	0.12963	0.085084	0.089888	0.11336185182618591
gastritis_duodenitis_retinal_detach	gastritis_duodenitis	retinal_detach	-0.04503425732163449	-0.027165	-0.045299	-0.042353	-0.037322	-0.022917	-0.048298	-0.011323474887893805
gastritis_duodenitis_schizo	gastritis_duodenitis	schizo	0.05551429469525801	0.089423	0.058682	0.055899	0.055651	0.014283	0.079619	0.0680436047444369
gastritis_duodenitis_scoliosis	gastritis_duodenitis	scoliosis	0.29954610657161607	0.324632	0.300359	0.298831	0.311869	0.301483	0.291818	0.31862944471088783
gastritis_duodenitis_sinusitis	gastritis_duodenitis	sinusitis	0.5675016202335929	0.572546	0.566181	0.575634	0.571153	0.545854	0.553994	0.5523676131812248
gastritis_duodenitis_sleep_apnoea	gastritis_duodenitis	sleep_apnoea	0.3216041267838834	0.215184	0.318909	0.318382	0.311769	0.277006	0.318109	0.19728395644952
gastritis_duodenitis_spondylolisthesis	gastritis_duodenitis	spondylolisthesis	0.29453320220531143	0.254835	0.295035	0.292224	0.288399	0.240729	0.281209	0.20409891575886205
gastritis_duodenitis_spondylosis	gastritis_duodenitis	spondylosis	0.6768300787826351	0.64439	0.675709	0.675495	0.672422	0.635205	0.664504	0.6001694872172725
gastritis_duodenitis_stroke_all	gastritis_duodenitis	stroke_all	0.27047820983055615	0.215432	0.266906	0.2725	0.264981	0.219566	0.280807	0.19140350647081
gastritis_duodenitis_tendon	gastritis_duodenitis	tendon	0.5593477765712138	0.526882	0.558342	0.556868	0.552989	0.514069	0.540201	0.4731234000054251
gastritis_duodenitis_thromboembolic	gastritis_duodenitis	thromboembolic	0.2610477078170658	0.190549	0.262719	0.263268	0.246614	0.224185	0.251922	0.1712925925986321
gastritis_duodenitis_TIA	gastritis_duodenitis	TIA	0.48939291790888195	0.464039	0.490339	0.488399	0.483941	0.451753	0.48914	0.4374118262301247
gastritis_duodenitis_tinnitus	gastritis_duodenitis	tinnitus	0.4074368843648549	0.450365	0.409853	0.41473	0.431808	0.422029	0.392863	0.46208396248488687
gastritis_duodenitis_ulc_colitis	gastritis_duodenitis	ulc_colitis	0.07751266627043343	0.091219	0.076101	0.080845	0.078023	0.079531	0.07759	0.09158339614136017
gastritis_duodenitis_ulcer_peptic	gastritis_duodenitis	ulcer_peptic	0.7896438082273469	0.771503	0.790446	0.788482	0.787083	0.760397	0.783021	0.7437304854487441
gastritis_duodenitis_urine_incont	gastritis_duodenitis	urine_incont	0.41752196165809347	0.365066	0.416956	0.420217	0.409752	0.362692	0.404806	0.32006815229989366
gastritis_duodenitis_urolithiasis	gastritis_duodenitis	urolithiasis	0.21931000205161458	0.194094	0.220306	0.216003	0.218818	0.221323	0.218962	0.2009861233431202
gastritis_duodenitis_valve_nonrheumatic	gastritis_duodenitis	valve_nonrheumatic	0.22889569812023003	0.189681	0.223451	0.230531	0.22023	0.207453	0.218739	0.16738618533644423
glaucoma_GORD	glaucoma	GORD	-0.012403995031153343	1.8e-05	-0.01692	-0.011074	-0.022193	-0.002614	-0.009231	4.0184686806998517e-4
glaucoma_gout	glaucoma	gout	-0.02998679999085311	-0.013154	-0.046393	-0.029015	-0.044496	-0.026201	-0.028351	-0.03051534989216268
glaucoma_HF	glaucoma	HF	-0.028426951206265823	-0.005188	-0.057535	-0.029187	-0.045529	-0.019183	-0.025208	-0.030311992457649553
glaucoma_hypertension	glaucoma	hypertension	0.059279060128159825	0.082982	0.01745	0.05826	0.044419	0.065488	0.060858	0.04912136041843387
glaucoma_hyperthyroid	glaucoma	hyperthyroid	-0.0202180764360729	-0.01746	-0.02864	-0.020213	-0.032691	-0.017214	-0.021535	-0.03700934084278401
glaucoma_hypothyroid	glaucoma	hypothyroid	-0.05797970872696752	-0.051914	-0.058177	-0.058167	-0.059214	-0.054619	-0.057781	-0.04781254559343384
glaucoma_IBS	glaucoma	IBS	0.04570431689955801	0.046307	0.048026	0.045121	0.045141	0.050167	0.048691	0.05297763694654144
glaucoma_IDA	glaucoma	IDA	-0.051092230904287	-0.037854	-0.065842	-0.050475	-0.069567	-0.044045	-0.047267	-0.05512617902499438
glaucoma_insomnia	glaucoma	insomnia	-0.026951941612419053	-0.02273	-0.022565	-0.027332	-0.032768	-0.015204	-0.01865	-0.009363590590886574
glaucoma_intervert_disc	glaucoma	intervert_disc	0.04229467299499926	0.054919	0.038573	0.042954	0.035777	0.055307	0.046056	0.06115169251762457
glaucoma_isch_stroke_tia	glaucoma	isch_stroke_tia	0.05026370126548152	0.062555	0.031231	0.049681	0.044055	0.060226	0.051419	0.05146461988731966
glaucoma_migraine	glaucoma	migraine	-0.008156171869159273	-0.006944	-0.007292	-0.007311	-0.004079	-0.00374	-0.006605	0.003111759407968227
glaucoma_OA	glaucoma	OA	-0.018428924536490667	0.00093	-0.019013	-0.018113	-0.024088	-0.010751	-0.013489	0.015104044366113187
glaucoma_osteoporosis	glaucoma	osteoporosis	-0.033001245152440024	-0.041662	-0.028976	-0.033687	-0.025151	-0.03151	-0.031076	-0.031139678658458687
glaucoma_periph_neuro	glaucoma	periph_neuro	0.04362476978934858	0.069015	0.039355	0.04513	0.017746	0.058465	0.051284	0.062002090714123874
glaucoma_peripheral_arterial	glaucoma	peripheral_arterial	0.0040533780337667046	0.026069	-0.025288	0.006418	-0.009753	0.022966	0.007793	0.010588867719608203
glaucoma_PMR	glaucoma	PMR	0.10734431172961302	0.111473	0.103797	0.10762	0.105757	0.109695	0.110102	0.1121783780925369
glaucoma_pri_bladder	glaucoma	pri_bladder	0.00592788098895541	0.007597	0.012157	0.004948	0.010166	0.013264	0.006674	0.02368794632985604
glaucoma_pri_breast	glaucoma	pri_breast	0.0307495882414915	0.028444	0.03048	0.03109	0.029125	0.030891	0.030089	0.024709583648920664
glaucoma_pri_colorectal	glaucoma	pri_colorectal	0.006285347588111182	0.007297	0.009375	0.007955	0.00732	0.00475	0.006063	0.01113863981486991
glaucoma_pri_prost	glaucoma	pri_prost	0.012043069653855081	0.008716	0.012806	0.013387	0.011213	0.009432	0.01093	0.004549806436830826
glaucoma_pri_skin	glaucoma	pri_skin	0.04233955764602709	0.037883	0.044601	0.042423	0.045822	0.041122	0.042294	0.04052655236311621
glaucoma_psoriasis	glaucoma	psoriasis	-0.03715907016548537	-0.029833	-0.040075	-0.036874	-0.040276	-0.030654	-0.03466	-0.025808988688012877
glaucoma_RA	glaucoma	RA	-0.01600799606593413	-0.00837	-0.022115	-0.015927	-0.025413	-0.006354	-0.013754	-0.013091604313990245
glaucoma_raynauds	glaucoma	raynauds	0.033156845030040454	0.028489	0.0318	0.031888	0.045396	0.036424	0.036417	0.04318309138819012
glaucoma_retinal_detach	glaucoma	retinal_detach	0.1605288270747975	0.157974	0.160629	0.160058	0.16651	0.158521	0.16095	0.16237629365135142
glaucoma_schizo	glaucoma	schizo	0.01591152735994827	0.011083	0.019669	0.015863	0.015838	0.020605	0.012893	0.011847604473926424
glaucoma_scoliosis	glaucoma	scoliosis	0.10951199604791417	0.107672	0.11022	0.109896	0.116208	0.111315	0.111676	0.11781213137211974
glaucoma_sinusitis	glaucoma	sinusitis	0.021161705776153807	0.024094	0.017464	0.020102	0.021521	0.028184	0.025827	0.030655530018961215
glaucoma_sleep_apnoea	glaucoma	sleep_apnoea	0.003977995636069177	0.033744	-0.001064	0.005012	-0.005368	0.011184	0.005208	0.03794056592300193
glaucoma_spondylolisthesis	glaucoma	spondylolisthesis	0.06005078219781479	0.070394	0.060283	0.06086	0.054801	0.06962	0.063176	0.07776735840884515
glaucoma_spondylosis	glaucoma	spondylosis	0.009464222138727461	0.029409	0.004787	0.010419	1.7e-05	0.023187	0.015661	0.03886131387428772
glaucoma_stroke_all	glaucoma	stroke_all	0.037241050342583445	0.050481	0.019047	0.036983	0.03251	0.045468	0.036439	0.03980456400377597
glaucoma_tendon	glaucoma	tendon	-0.05128147236862089	-0.041441	-0.054323	-0.050226	-0.06179	-0.043029	-0.046239	-0.040467478791842315
glaucoma_thromboembolic	glaucoma	thromboembolic	0.026988691544623005	0.043656	0.028572	0.026684	0.014198	0.032988	0.029015	0.04310321706114916
glaucoma_TIA	glaucoma	TIA	0.018648232944295746	0.027414	0.004398	0.01923	0.01199	0.027229	0.019824	0.017773294414335287
glaucoma_tinnitus	glaucoma	tinnitus	0.01841171612582248	0.014506	0.020486	0.017346	0.02943	0.019393	0.022062	0.030177496870278948
glaucoma_ulc_colitis	glaucoma	ulc_colitis	0.003515983645313375	0.001847	0.001609	0.002863	0.003574	0.003775	0.003671	-5.435658829008891e-4
glaucoma_ulcer_peptic	glaucoma	ulcer_peptic	0.06556300872506933	0.082605	0.057776	0.066942	0.056352	0.089632	0.070995	0.09307907226206678
glaucoma_urine_incont	glaucoma	urine_incont	0.03725144648911574	0.05344	0.035767	0.036947	0.029045	0.04836	0.040701	0.059444460109884995
glaucoma_urolithiasis	glaucoma	urolithiasis	0.0865907700725649	0.09296	0.087606	0.087665	0.085691	0.0878	0.087157	0.09738655105426246
glaucoma_valve_nonrheumatic	glaucoma	valve_nonrheumatic	-0.006736193490186896	0.001353	-0.027349	-0.006951	-0.013935	-0.003114	-0.00476	-0.016745681803531816
GORD_gout	GORD	gout	0.2180496851221159	0.118529	0.208518	0.213656	0.195377	0.195389	0.21103	0.09543662271328879
GORD_HF	GORD	HF	0.3231384412180901	0.211544	0.322071	0.328665	0.301175	0.263929	0.309906	0.16076907991833062
GORD_hypertension	GORD	hypertension	0.34112851751595363	0.262582	0.422479	0.349906	0.319313	0.314238	0.336761	0.3234850107862664
GORD_hyperthyroid	GORD	hyperthyroid	0.15163017584964775	0.139682	0.144661	0.152156	0.12979	0.132845	0.16035	0.119557928293628
GORD_hypothyroid	GORD	hypothyroid	0.2168004093315119	0.183594	0.217226	0.218593	0.216708	0.1962	0.217571	0.17890855142480708
GORD_IBS	GORD	IBS	0.6099193581047121	0.631865	0.613941	0.616095	0.614768	0.605603	0.604263	0.6321001377737688
GORD_IDA	GORD	IDA	0.4224423634216997	0.359546	0.418321	0.42075	0.404031	0.381673	0.407746	0.31187164175035
GORD_insomnia	GORD	insomnia	0.4920383983457664	0.486226	0.498999	0.496043	0.486745	0.435938	0.483451	0.45083970082886166
GORD_intervert_disc	GORD	intervert_disc	0.48625559470288887	0.448449	0.484208	0.48506	0.479171	0.439353	0.476698	0.404215793518488
GORD_isch_stroke_tia	GORD	isch_stroke_tia	0.39852232306107394	0.356165	0.398379	0.403767	0.390498	0.356484	0.396496	0.33373473550721333
GORD_migraine	GORD	migraine	0.4219226372072371	0.431695	0.423846	0.419436	0.435828	0.405861	0.417924	0.4202898212432632
GORD_OA	GORD	OA	0.43980122924489273	0.367522	0.440268	0.439788	0.433952	0.40238	0.424613	0.34410564246730785
GORD_osteoporosis	GORD	osteoporosis	0.25655258702392525	0.325114	0.261968	0.26131	0.27855	0.254755	0.248408	0.32135933087069324
GORD_periph_neuro	GORD	periph_neuro	0.5236294226959015	0.465386	0.521429	0.520131	0.515495	0.475736	0.510826	0.4212145343439347
GORD_peripheral_arterial	GORD	peripheral_arterial	0.49179398623000997	0.427491	0.510382	0.486202	0.477659	0.425028	0.481438	0.3815942733514787
GORD_PMR	GORD	PMR	0.22174747988500784	0.207668	0.218552	0.221246	0.220108	0.214048	0.212161	0.1949773643871079
GORD_pri_bladder	GORD	pri_bladder	0.07673248117546745	0.069043	0.083655	0.082595	0.086675	0.021557	0.073345	0.039048399731178116
GORD_pri_breast	GORD	pri_breast	-0.005876662509804152	0.00959	-0.006238	-0.007704	-0.009581	-0.00714	-0.002145	0.003159954270718727
GORD_pri_colorectal	GORD	pri_colorectal	-0.02816196160958315	-0.035982	-0.025082	-0.037356	-0.026273	-0.0165	-0.027175	-0.029563569617877376
GORD_pri_prost	GORD	pri_prost	0.004009488994668	0.026474	0.004781	-0.003078	0.002217	0.026294	0.010323	0.03623377438396753
GORD_pri_skin	GORD	pri_skin	0.008892938514494068	0.040633	0.011141	0.008503	0.016122	0.019865	0.0093	0.046141330819480665
GORD_psoriasis	GORD	psoriasis	0.23267266697078495	0.193735	0.230522	0.231972	0.228887	0.18664	0.221026	0.15269208504220275
GORD_RA	GORD	RA	0.38241469327922456	0.352509	0.378682	0.383405	0.370254	0.329205	0.374705	0.302186893087146
GORD_raynauds	GORD	raynauds	0.2144966715228628	0.257241	0.213557	0.223805	0.244875	0.198433	0.201424	0.2504531199187412
GORD_retinal_detach	GORD	retinal_detach	-0.030099814605267408	-0.010917	-0.030425	-0.026902	-0.019496	-0.010471	-0.032354	0.006601210016751088
GORD_schizo	GORD	schizo	0.06751097135517697	0.103431	0.0716	0.068039	0.067969	0.033022	0.086227	0.08387855719426592
GORD_scoliosis	GORD	scoliosis	0.15499112433700385	0.175312	0.155838	0.153728	0.17005	0.148195	0.146707	0.16561343500187065
GORD_sinusitis	GORD	sinusitis	0.5023399403920124	0.505548	0.500421	0.511563	0.508157	0.477426	0.490824	0.48940345825833925
GORD_sleep_apnoea	GORD	sleep_apnoea	0.4393605396527387	0.355644	0.436442	0.436326	0.428108	0.407797	0.43712	0.3463582920707564
GORD_spondylolisthesis	GORD	spondylolisthesis	0.26480913673924833	0.22186	0.265526	0.262061	0.256493	0.216348	0.253727	0.1774900094500306
GORD_spondylosis	GORD	spondylosis	0.6654178320491859	0.628875	0.663788	0.663959	0.658579	0.630792	0.658168	0.5959466533815958
GORD_stroke_all	GORD	stroke_all	0.2976845126376201	0.242629	0.291201	0.300311	0.291035	0.255404	0.305205	0.22335631843402678
GORD_tendon	GORD	tendon	0.5468767305487006	0.512286	0.545683	0.54391	0.537347	0.507121	0.535637	0.4694458273019034
GORD_thromboembolic	GORD	thromboembolic	0.24731249052151008	0.172443	0.249519	0.250004	0.226157	0.214036	0.239607	0.1530019560201367
GORD_TIA	GORD	TIA	0.46016393440316083	0.432448	0.457462	0.459086	0.452729	0.424678	0.45848	0.4037456600322214
GORD_tinnitus	GORD	tinnitus	0.2594378067123086	0.297823	0.262256	0.267138	0.288388	0.262438	0.245214	0.30718579899762344
GORD_ulc_colitis	GORD	ulc_colitis	0.12440754797497679	0.140781	0.122765	0.128571	0.12579	0.127508	0.124687	0.14303530067664696
GORD_ulcer_peptic	GORD	ulcer_peptic	0.6016151441217852	0.565291	0.599235	0.599073	0.593031	0.554689	0.592529	0.51713538169069
GORD_urine_incont	GORD	urine_incont	0.5141169034022942	0.468537	0.51382	0.517885	0.505252	0.474939	0.505676	0.4401050063434172
GORD_urolithiasis	GORD	urolithiasis	0.22887768813957018	0.203406	0.230274	0.225103	0.228888	0.229366	0.228121	0.20823820123633838
GORD_valve_nonrheumatic	GORD	valve_nonrheumatic	0.21704876378186663	0.175763	0.206706	0.219049	0.205238	0.196891	0.208646	0.15234757681520877
gout_HF	gout	HF	0.3677178051035598	0.191149	0.311701	0.371886	0.336521	0.352318	0.362248	0.12359514935199163
gout_hypertension	gout	hypertension	0.3894141672214989	0.275342	0.331513	0.396273	0.358297	0.378983	0.386856	0.19426937798597207
gout_hyperthyroid	gout	hyperthyroid	-0.013478480121878543	-0.043098	-0.043541	-0.013541	-0.051059	-0.023602	-0.009805	-0.07986123338877026
gout_hypothyroid	gout	hypothyroid	0.15359380209713783	0.101737	0.157565	0.154659	0.153473	0.14344	0.153351	0.10971182027604783
gout_IBS	gout	IBS	0.04484538710670197	0.043514	0.054014	0.047548	0.043738	0.032141	0.037411	0.04644092271994369
gout_IDA	gout	IDA	0.2172534909997551	0.084948	0.179149	0.215154	0.177202	0.197379	0.208005	0.028912028597781667
gout_insomnia	gout	insomnia	0.055122770897149016	0.016626	0.072999	0.056779	0.039135	0.01519	0.028935	0.0027296837902201555
gout_intervert_disc	gout	intervert_disc	0.15547356022055436	0.062653	0.146047	0.153364	0.138616	0.128488	0.147604	0.042099273617759184
gout_isch_stroke_tia	gout	isch_stroke_tia	0.3804986029402836	0.320371	0.333407	0.3842	0.370212	0.366533	0.378665	0.2835080720984744
gout_migraine	gout	migraine	0.045337156877229674	0.037356	0.049766	0.041962	0.058969	0.031518	0.040986	0.03574189571178018
gout_OA	gout	OA	0.18946116363487678	0.015169	0.19273	0.18858	0.17707	0.169364	0.178882	0.015947348274916087
gout_osteoporosis	gout	osteoporosis	-0.05924962924567004	0.015271	-0.046021	-0.056731	-0.035906	-0.064667	-0.065566	0.02419929050444464
gout_periph_neuro	gout	periph_neuro	0.2937172506930527	0.146374	0.286434	0.289858	0.236278	0.273472	0.285856	0.11540598506236573
gout_peripheral_arterial	gout	peripheral_arterial	0.3851913390816305	0.252349	0.327469	0.38055	0.359003	0.378056	0.37985	0.18333298586113184
gout_PMR	gout	PMR	0.11066504493975045	0.084796	0.099613	0.109888	0.107295	0.104817	0.104849	0.07074170720299637
gout_pri_bladder	gout	pri_bladder	0.07004741752263224	0.06005	0.094573	0.074424	0.084564	0.048698	0.0681	0.08666179097804116
gout_pri_breast	gout	pri_breast	-0.017829839757971134	0.004365	-0.019531	-0.019232	-0.023431	-0.018338	-0.015901	-0.0019660958562177813
gout_pri_colorectal	gout	pri_colorectal	-0.03196239423620939	-0.045075	-0.021831	-0.038941	-0.02951	-0.027212	-0.031393	-0.0411634978915885
gout_pri_prost	gout	pri_prost	-0.05226261718144324	-0.023481	-0.051055	-0.057917	-0.055991	-0.044187	-0.04917	-0.029451228672785146
gout_pri_skin	gout	pri_skin	-0.03741064075284024	0.006437	-0.030731	-0.03781	-0.028023	-0.033573	-0.037334	0.01108646517830687
gout_psoriasis	gout	psoriasis	0.18301120136495524	0.123568	0.17814	0.182216	0.17785	0.164499	0.176658	0.11442109340494389
gout_RA	gout	RA	0.16608356916694267	0.105223	0.149756	0.166099	0.142907	0.140848	0.160488	0.07979936011241458
gout_raynauds	gout	raynauds	0.012363998378089587	0.062865	0.00754	0.018218	0.048559	0.002434	0.003779	0.06550452130600602
gout_retinal_detach	gout	retinal_detach	-0.001801626299143162	0.029228	-0.00274	0.000707	0.013928	0.006306	-0.00284	0.03505623414599396
gout_schizo	gout	schizo	-0.0936793283990307	-0.053513	-0.083102	-0.093674	-0.095977	-0.109752	-0.085535	-0.04943021011351641
gout_scoliosis	gout	scoliosis	-0.03224952310013584	-0.014579	-0.03145	-0.033746	-0.01464	-0.037717	-0.037718	-0.017258866257990012
gout_sinusitis	gout	sinusitis	0.10533159595774219	0.086724	0.094813	0.110412	0.108494	0.086462	0.094686	0.07550968422193355
gout_sleep_apnoea	gout	sleep_apnoea	0.23216234159714808	0.012541	0.221046	0.228917	0.210551	0.215407	0.229482	0.005723467116336905
gout_spondylolisthesis	gout	spondylolisthesis	0.09986429139305794	0.020713	0.102985	0.097146	0.085169	0.077256	0.092813	0.011969692736277458
gout_spondylosis	gout	spondylosis	0.14531208204703847	-0.018586	0.132704	0.142013	0.120547	0.113804	0.132736	-0.05225853728743336
gout_stroke_all	gout	stroke_all	0.29105897876022435	0.210452	0.240753	0.292828	0.282891	0.275469	0.29438	0.17160912454964153
gout_tendon	gout	tendon	0.21085619790368418	0.121765	0.2065	0.206932	0.187412	0.187523	0.199475	0.09870191230216754
gout_thromboembolic	gout	thromboembolic	0.19673668981667455	0.075723	0.207671	0.198488	0.163799	0.182332	0.192234	0.0831571056031125
gout_TIA	gout	TIA	0.23721927131845472	0.179765	0.196724	0.235538	0.222603	0.218876	0.234737	0.13705343848007748
gout_tinnitus	gout	tinnitus	0.028515769019986974	0.0715	0.036607	0.033236	0.062399	0.025602	0.018829	0.08514323640688481
gout_ulc_colitis	gout	ulc_colitis	-0.05466349015360927	-0.043042	-0.063089	-0.05212	-0.055654	-0.055846	-0.055248	-0.049587794400488466
gout_ulcer_peptic	gout	ulcer_peptic	0.2050454458391613	0.096057	0.181944	0.201164	0.180753	0.174403	0.196162	0.055721607424311176
gout_urine_incont	gout	urine_incont	0.1302181986459731	0.006444	0.128174	0.131829	0.107696	0.104649	0.122526	-0.0017314925458074405
gout_urolithiasis	gout	urolithiasis	-0.008644826463851537	-0.065737	-0.005924	-0.012463	-0.012219	-0.012294	-0.01018	-0.06532295575389835
gout_valve_nonrheumatic	gout	valve_nonrheumatic	0.1738098590377235	0.111001	0.113927	0.175076	0.156557	0.164052	0.16902	0.05321634995755723
HF_hypertension	HF	hypertension	0.6502098837226877	0.568035	0.588956	0.649287	0.629052	0.64035	0.649504	0.4448690293190087
HF_hyperthyroid	HF	hyperthyroid	0.17792507558375567	0.171219	0.1426	0.178135	0.142455	0.160163	0.187666	0.13003020922041278
HF_hypothyroid	HF	hypothyroid	0.1866294232125902	0.125401	0.201099	0.186328	0.18808	0.164316	0.187288	0.13146543257199542
HF_IBS	HF	IBS	0.10995956546064126	0.122957	0.13246	0.108362	0.110722	0.080593	0.095758	0.1105139065728866
HF_IDA	HF	IDA	0.4467655459565291	0.322676	0.408454	0.449558	0.413372	0.407184	0.431464	0.23715678719008232
HF_insomnia	HF	insomnia	0.23649103739171864	0.219105	0.283991	0.235738	0.223792	0.148402	0.197012	0.16725435340865888
HF_intervert_disc	HF	intervert_disc	0.33618638701490133	0.248774	0.339556	0.338587	0.323061	0.274456	0.322965	0.19878689444848793
HF_isch_stroke_tia	HF	isch_stroke_tia	0.6212098181571899	0.604252	0.571321	0.620536	0.618514	0.594898	0.621833	0.5360740103800853
HF_migraine	HF	migraine	0.10819384832694352	0.111104	0.122332	0.110939	0.126304	0.075783	0.100208	0.10003171894440206
HF_OA	HF	OA	0.3589976787917834	0.161526	0.38433	0.360374	0.3506	0.315277	0.339454	0.1493424986840667
HF_osteoporosis	HF	osteoporosis	0.10913365130871876	0.250657	0.143945	0.107456	0.142492	0.100916	0.098455	0.2678299952305791
HF_periph_neuro	HF	periph_neuro	0.3158884992943959	0.111509	0.314197	0.321223	0.247687	0.245226	0.292392	0.023620810850168632
HF_peripheral_arterial	HF	peripheral_arterial	0.6747222219020684	0.5787	0.615218	0.689293	0.658835	0.638549	0.667593	0.4743343779654897
HF_PMR	HF	PMR	0.2493177634484388	0.244623	0.245049	0.250328	0.249859	0.242888	0.239541	0.23348785851238293
HF_pri_bladder	HF	pri_bladder	0.051265657246169	0.036841	0.094048	0.04856	0.068003	-0.006502	0.04741	0.03275586267691734
HF_pri_breast	HF	pri_breast	0.017304641623129526	0.055527	0.016601	0.018277	0.011677	0.017025	0.02155	0.05615343044515137
HF_pri_colorectal	HF	pri_colorectal	-0.035036564666756795	-0.056484	-0.018816	-0.030546	-0.032378	-0.023498	-0.03407	-0.02371765985230889
HF_pri_prost	HF	pri_prost	-0.049002427653731785	-0.009159	-0.04835	-0.045467	-0.053503	-0.028794	-0.042847	0.012620114682072081
HF_pri_skin	HF	pri_skin	-0.06593446905388656	-0.009594	-0.057904	-0.065781	-0.055916	-0.058075	-0.066273	5.43492816314377e-4
HF_psoriasis	HF	psoriasis	0.2826637242587069	0.225742	0.288136	0.283861	0.280305	0.239209	0.271085	0.19531230873588942
HF_RA	HF	RA	0.3244862397859115	0.277067	0.31459	0.325069	0.303784	0.265276	0.315494	0.21650390599059877
HF_raynauds	HF	raynauds	0.09797377200923583	0.189334	0.096913	0.094417	0.144278	0.076219	0.081897	0.1573921537874403
HF_retinal_detach	HF	retinal_detach	-0.0871079989759174	-0.058576	-0.095604	-0.089021	-0.071355	-0.069793	-0.090144	-0.06017379703609077
HF_schizo	HF	schizo	-0.01327942663293367	0.056493	0.008602	-0.013438	-0.014055	-0.05255	0.005249	0.05900814851415328
HF_scoliosis	HF	scoliosis	0.11406780046588913	0.166392	0.126101	0.115207	0.139443	0.105434	0.104727	0.1675694317142359
HF_sinusitis	HF	sinusitis	0.10985063828367728	0.089213	0.095362	0.107024	0.114134	0.060402	0.08699	0.01377372946925292
HF_sleep_apnoea	HF	sleep_apnoea	0.44663456919342437	0.211655	0.452329	0.450988	0.43016	0.415158	0.444582	0.21486527934281946
HF_spondylolisthesis	HF	spondylolisthesis	0.17882735693037755	0.085069	0.193759	0.181332	0.164483	0.123567	0.165579	0.053077156689419466
HF_spondylosis	HF	spondylosis	0.388378748244704	0.224435	0.391178	0.392163	0.369172	0.321486	0.368655	0.15645471551138831
HF_stroke_all	HF	stroke_all	0.5106249322273163	0.456101	0.452403	0.51046	0.509036	0.481835	0.52122	0.3874105215901345
HF_tendon	HF	tendon	0.17742665399048535	0.048255	0.173897	0.181615	0.149065	0.103985	0.143577	-0.045525382411277855
HF_thromboembolic	HF	thromboembolic	0.27658006343629055	0.126962	0.308191	0.27602	0.241979	0.244512	0.26884	0.13942247319139886
HF_TIA	HF	TIA	0.4889043039497899	0.46995	0.449513	0.491365	0.481087	0.454962	0.487712	0.40964859888718363
HF_tinnitus	HF	tinnitus	-0.0454785883672231	0.004148	-0.036554	-0.048846	-0.008731	-0.055642	-0.066999	-0.01702950770401829
HF_ulc_colitis	HF	ulc_colitis	0.06061631915166067	0.096852	0.05359	0.058839	0.062541	0.06108	0.060334	0.08686079499822918
HF_ulcer_peptic	HF	ulcer_peptic	0.36145773936297143	0.248591	0.340964	0.366267	0.339705	0.275269	0.345083	0.14042721661732954
HF_urine_incont	HF	urine_incont	0.21618736124742186	0.061748	0.223752	0.215544	0.193298	0.151817	0.20161	0.009639532098365931
HF_urolithiasis	HF	urolithiasis	0.15126115925734343	0.099769	0.16847	0.154318	0.15165	0.148499	0.149777	0.12476477259234675
HF_valve_nonrheumatic	HF	valve_nonrheumatic	0.601579077872171	0.60903	0.553998	0.601649	0.596668	0.600121	0.597997	0.5632154973673154
hypertension_hyperthyroid	hypertension	hyperthyroid	0.2211944654076967	0.213669	0.191386	0.221857	0.186529	0.211062	0.225052	0.18351577470137073
hypertension_hypothyroid	hypertension	hypothyroid	0.15098887501740885	0.101126	0.216599	0.15059	0.15159	0.137247	0.15073	0.16074066152553404
hypertension_IBS	hypertension	IBS	0.17248601190441892	0.181855	0.28365	0.170152	0.175336	0.157567	0.167229	0.2869100769202903
hypertension_IDA	hypertension	IDA	0.3789727477048391	0.279741	0.343466	0.383549	0.340051	0.356918	0.375191	0.20151279935152136
hypertension_insomnia	hypertension	insomnia	0.21141979459832155	0.188879	0.376946	0.210324	0.197602	0.169064	0.205263	0.334596384036275
hypertension_intervert_disc	hypertension	intervert_disc	0.28671982616537933	0.214187	0.352689	0.290693	0.271609	0.255534	0.281707	0.2487700590241439
hypertension_isch_stroke_tia	hypertension	isch_stroke_tia	0.6257024928075474	0.596265	0.605083	0.624985	0.623638	0.613917	0.62477	0.5692509997251548
hypertension_migraine	hypertension	migraine	0.2050536321310659	0.210911	0.309694	0.209998	0.227145	0.1894	0.201988	0.3163852153172983
hypertension_OA	hypertension	OA	0.2667047461141916	0.118032	0.376022	0.269036	0.255157	0.241018	0.260408	0.20530753080040703
hypertension_osteoporosis	hypertension	osteoporosis	0.033768968181378575	0.113963	0.114675	0.030796	0.065574	0.027401	0.028906	0.19697759911537155
hypertension_periph_neuro	hypertension	periph_neuro	0.3478354536586087	0.219543	0.432104	0.35643	0.280446	0.318697	0.344389	0.2847732560131819
hypertension_peripheral_arterial	hypertension	peripheral_arterial	0.559455071243057	0.470332	0.414955	0.577988	0.537093	0.557685	0.557794	0.24196257563252893
hypertension_PMR	hypertension	PMR	0.16340534112625107	0.143142	0.173158	0.165068	0.161543	0.156421	0.158842	0.1469392198395903
hypertension_pri_bladder	hypertension	pri_bladder	0.09325332683600233	0.085477	0.233032	0.089	0.112061	0.064537	0.09164	0.2085748675413984
hypertension_pri_breast	hypertension	pri_breast	0.0015543072483736825	0.024281	-0.003078	0.003122	-0.004761	0.001035	0.003234	0.02182705296207069
hypertension_pri_colorectal	hypertension	pri_colorectal	-0.061830361598005645	-0.076619	-0.040685	-0.054588	-0.059942	-0.055816	-0.061393	-0.04756801027533547
hypertension_pri_prost	hypertension	pri_prost	0.0035256775582468646	0.035858	0.016737	0.009713	0.000431	0.015277	0.006311	0.07007801281044913
hypertension_pri_skin	hypertension	pri_skin	-0.016453797648920153	0.027049	0.010251	-0.016134	-0.004531	-0.011056	-0.016339	0.06389711281037096
hypertension_psoriasis	hypertension	psoriasis	0.18007894336617655	0.122925	0.215588	0.182019	0.17465	0.15384	0.174796	0.12937087954359977
hypertension_RA	hypertension	RA	0.28034437441359433	0.233857	0.310927	0.281533	0.25731	0.250092	0.276399	0.2333119010283995
hypertension_raynauds	hypertension	raynauds	0.014528668052789944	0.0624	-0.001767	0.007986	0.058767	0.001015	0.007292	0.02555174564109783
hypertension_retinal_detach	hypertension	retinal_detach	-0.024554076971756912	0.002789	-0.039317	-0.02753	-0.006166	-0.013809	-0.025476	-0.0020141843289886814
hypertension_schizo	hypertension	schizo	-0.02599824528734688	0.018546	0.020974	-0.026309	-0.027212	-0.046597	-0.018505	0.05738114969471005
hypertension_scoliosis	hypertension	scoliosis	0.025294987588008275	0.047083	0.043902	0.027004	0.048626	0.018484	0.020928	0.059120917794787294
hypertension_sinusitis	hypertension	sinusitis	0.10021884278483616	0.081725	0.084966	0.09547	0.104486	0.073942	0.091337	0.026126877369674065
hypertension_sleep_apnoea	hypertension	sleep_apnoea	0.40323906706017554	0.247643	0.50312	0.410077	0.384692	0.384929	0.401463	0.35068348548110334
hypertension_spondylolisthesis	hypertension	spondylolisthesis	0.14567905750556848	0.07544	0.211707	0.14974	0.12982	0.115907	0.140144	0.10973098511180802
hypertension_spondylosis	hypertension	spondylosis	0.36464615944978074	0.249515	0.452474	0.370751	0.344012	0.335989	0.361399	0.3062882110530127
hypertension_stroke_all	hypertension	stroke_all	0.5817838982809398	0.540615	0.56101	0.582241	0.583043	0.568998	0.585218	0.5187278649520316
hypertension_tendon	hypertension	tendon	0.22137751188394797	0.13787	0.273946	0.228378	0.193911	0.187398	0.213601	0.1452123835813983
hypertension_thromboembolic	hypertension	thromboembolic	0.20377581969951236	0.090116	0.317958	0.202907	0.164238	0.183981	0.200031	0.1922271911821218
hypertension_TIA	hypertension	TIA	0.5153209810024241	0.489136	0.52814	0.519796	0.508609	0.499422	0.513992	0.49857201383821986
hypertension_tinnitus	hypertension	tinnitus	0.025250734150974036	0.065458	0.068497	0.020111	0.066477	0.021315	0.017047	0.10416579222858596
hypertension_ulc_colitis	hypertension	ulc_colitis	0.038271715762285	0.057448	0.02489	0.035302	0.039644	0.037598	0.037963	0.043529467356773516
hypertension_ulcer_peptic	hypertension	ulcer_peptic	0.34527241769359457	0.260989	0.367942	0.352837	0.322255	0.313078	0.340681	0.23474528354533486
hypertension_urine_incont	hypertension	urine_incont	0.24052826111442463	0.138706	0.322034	0.239755	0.217903	0.209718	0.235248	0.18706394906762025
hypertension_urolithiasis	hypertension	urolithiasis	0.1279510494757194	0.086788	0.197543	0.132876	0.127795	0.124642	0.12693	0.16280750644397782
hypertension_valve_nonrheumatic	hypertension	valve_nonrheumatic	0.44025042326596475	0.407768	0.343494	0.440525	0.429756	0.431775	0.437607	0.29974570524628413
hyperthyroid_hypothyroid	hyperthyroid	hypothyroid	0.386204434441006	0.381746	0.389082	0.386234	0.389537	0.380562	0.387228	0.39214814783519136
hyperthyroid_IBS	hyperthyroid	IBS	0.13922822233478607	0.138724	0.144584	0.139356	0.139683	0.130424	0.14611	0.14365955196624353
hyperthyroid_IDA	hyperthyroid	IDA	0.36700057723481166	0.369282	0.351815	0.367305	0.339335	0.357774	0.385207	0.3534361570837085
hyperthyroid_insomnia	hyperthyroid	insomnia	0.09264157062409487	0.086985	0.102181	0.092679	0.079275	0.065498	0.125206	0.09766237051192155
hyperthyroid_intervert_disc	hyperthyroid	intervert_disc	0.1960412996606107	0.186509	0.190506	0.196172	0.181889	0.178729	0.205424	0.17451444455262233
hyperthyroid_isch_stroke_tia	hyperthyroid	isch_stroke_tia	0.22675364790321229	0.218353	0.199175	0.226951	0.21389	0.212951	0.229658	0.18842675605872689
hyperthyroid_migraine	hyperthyroid	migraine	0.11504834672929051	0.113567	0.11764	0.115189	0.128155	0.105218	0.11885	0.1230665258609805
hyperthyroid_OA	hyperthyroid	OA	0.12647468161194758	0.109985	0.12643	0.12649	0.114041	0.109913	0.14141	0.13059201204885554
hyperthyroid_osteoporosis	hyperthyroid	osteoporosis	0.15895519355729404	0.173528	0.168456	0.159111	0.184636	0.155867	0.164187	0.19475821156845344
hyperthyroid_periph_neuro	hyperthyroid	periph_neuro	0.13429304865205047	0.118772	0.12714	0.13473	0.068567	0.112149	0.152339	0.06732504935717276
hyperthyroid_peripheral_arterial	hyperthyroid	peripheral_arterial	0.1743452612494919	0.163309	0.136175	0.176123	0.143594	0.151533	0.184585	0.10772882670669237
hyperthyroid_PMR	hyperthyroid	PMR	0.25042878576001637	0.246533	0.245265	0.250452	0.249541	0.246609	0.256762	0.25062631726086526
hyperthyroid_pri_bladder	hyperthyroid	pri_bladder	0.012754958452555164	0.010404	0.024715	0.012812	0.024296	-0.004938	0.014386	0.017234049391614978
hyperthyroid_pri_breast	hyperthyroid	pri_breast	0.05070752654140476	0.054305	0.050463	0.050708	0.046966	0.050599	0.04932	0.044267299442181204
hyperthyroid_pri_colorectal	hyperthyroid	pri_colorectal	-0.023823955563499744	-0.025322	-0.018183	-0.024002	-0.021472	-0.020078	-0.024344	-0.015223470966630376
hyperthyroid_pri_prost	hyperthyroid	pri_prost	0.025397156362880757	0.030372	0.027001	0.025441	0.023505	0.032194	0.023013	0.027156812470126225
hyperthyroid_pri_skin	hyperthyroid	pri_skin	-0.07117700039273211	-0.064914	-0.067675	-0.07118	-0.063461	-0.068323	-0.071403	-0.060179391347124016
hyperthyroid_psoriasis	hyperthyroid	psoriasis	0.135519060945354	0.126528	0.131359	0.135533	0.129798	0.120661	0.142519	0.12209869302694966
hyperthyroid_RA	hyperthyroid	RA	0.3568336633011491	0.351844	0.349669	0.356836	0.341239	0.347521	0.364022	0.33578563222397195
hyperthyroid_raynauds	hyperthyroid	raynauds	0.11478277930874294	0.122766	0.112968	0.115274	0.149697	0.10789	0.122313	0.14977163535047108
hyperthyroid_retinal_detach	hyperthyroid	retinal_detach	-0.017971239902465325	-0.013586	-0.018583	-0.017965	-0.004496	-0.011798	-0.017227	0.0013991285634321609
hyperthyroid_schizo	hyperthyroid	schizo	0.06414044361844172	0.071775	0.071796	0.064142	0.06488	0.053556	0.057928	0.04990454079113139
hyperthyroid_scoliosis	hyperthyroid	scoliosis	0.14582909790153975	0.149254	0.147866	0.145852	0.164905	0.142501	0.150395	0.16660745852506686
hyperthyroid_sinusitis	hyperthyroid	sinusitis	0.100369758854997	0.096662	0.094116	0.100653	0.102825	0.085956	0.111463	0.09803749457192537
hyperthyroid_sleep_apnoea	hyperthyroid	sleep_apnoea	0.13213597917325054	0.116577	0.12391	0.132378	0.110357	0.117543	0.135138	0.11499928103244171
hyperthyroid_spondylolisthesis	hyperthyroid	spondylolisthesis	0.09450007342096824	0.083645	0.095434	0.094578	0.08134	0.077302	0.101143	0.07490529979125003
hyperthyroid_spondylosis	hyperthyroid	spondylosis	0.1468214824162267	0.132764	0.139345	0.147047	0.125019	0.12456	0.164134	0.12555095871673547
hyperthyroid_stroke_all	hyperthyroid	stroke_all	0.26992199770315545	0.262955	0.246261	0.269969	0.261813	0.258411	0.268647	0.23953885391945404
hyperthyroid_tendon	hyperthyroid	tendon	0.14423129642173313	0.132705	0.140002	0.144611	0.121698	0.124822	0.166769	0.12751794037691758
hyperthyroid_thromboembolic	hyperthyroid	thromboembolic	0.14819980102181704	0.135185	0.152291	0.148239	0.117623	0.136584	0.153064	0.12528610842106402
hyperthyroid_TIA	hyperthyroid	TIA	0.18778701574592216	0.179439	0.165835	0.187889	0.173546	0.173228	0.19075	0.14752785874544797
hyperthyroid_tinnitus	hyperthyroid	tinnitus	0.038456169009758394	0.044439	0.042639	0.038586	0.068409	0.036213	0.046393	0.07794464199663122
hyperthyroid_ulc_colitis	hyperthyroid	ulc_colitis	0.19345481449554053	0.196393	0.191394	0.193641	0.196707	0.193564	0.194061	0.19623532039101974
hyperthyroid_ulcer_peptic	hyperthyroid	ulcer_peptic	0.13345683064251146	0.120208	0.119456	0.133791	0.110026	0.106422	0.145235	0.08586053104793391
hyperthyroid_urine_incont	hyperthyroid	urine_incont	0.10055486411525463	0.085351	0.098366	0.100585	0.079938	0.080483	0.108311	0.07294798185853388
hyperthyroid_urolithiasis	hyperthyroid	urolithiasis	0.010609396720842093	0.002672	0.012261	0.010598	0.00781	0.007877	0.011754	0.00862008117014514
hyperthyroid_valve_nonrheumatic	hyperthyroid	valve_nonrheumatic	0.254623198475413	0.247684	0.2299	0.254653	0.241005	0.247836	0.260174	0.2278792816199865
hypothyroid_IBS	hypothyroid	IBS	0.1728966676897331	0.173014	0.17303	0.172604	0.172766	0.162671	0.172969	0.16710855934174595
hypothyroid_IDA	hypothyroid	IDA	0.2247072674589722	0.184745	0.229223	0.225388	0.227573	0.206824	0.227341	0.1919430309851286
hypothyroid_insomnia	hypothyroid	insomnia	0.1050193391082245	0.091573	0.105342	0.104796	0.10403	0.072092	0.111046	0.08158924353047456
hypothyroid_intervert_disc	hypothyroid	intervert_disc	0.17618675472978126	0.14491	0.17643	0.176767	0.175459	0.152628	0.176624	0.1348705220209509
hypothyroid_isch_stroke_tia	hypothyroid	isch_stroke_tia	0.14416112908513845	0.112729	0.151576	0.143844	0.143272	0.123632	0.143911	0.11018427629266228
hypothyroid_migraine	hypothyroid	migraine	0.13628861394557956	0.133698	0.136316	0.137096	0.137561	0.124684	0.136	0.12625072720159153
hypothyroid_OA	hypothyroid	OA	0.13756216162287402	0.080284	0.137558	0.137824	0.1367	0.117454	0.138923	0.07192026474861454
hypothyroid_osteoporosis	hypothyroid	osteoporosis	0.0787562615561862	0.109039	0.078984	0.078371	0.081334	0.074638	0.078285	0.10194126288488693
hypothyroid_periph_neuro	hypothyroid	periph_neuro	0.21102581201405796	0.163747	0.211439	0.212733	0.224075	0.18791	0.215561	0.18002800951547165
hypothyroid_peripheral_arterial	hypothyroid	peripheral_arterial	0.16624682983564462	0.11228	0.182019	0.169646	0.166416	0.133402	0.166799	0.12038463689260208
hypothyroid_PMR	hypothyroid	PMR	0.33179953072063106	0.324147	0.332341	0.332035	0.331518	0.32795	0.332412	0.3260248172477632
hypothyroid_pri_bladder	hypothyroid	pri_bladder	0.11394665771561104	0.109607	0.114555	0.113482	0.11521	0.095314	0.113731	0.09355913659697188
hypothyroid_pri_breast	hypothyroid	pri_breast	-0.045072668308120796	-0.03741	-0.045079	-0.044854	-0.045507	-0.04569	-0.044841	-0.03722099116342818
hypothyroid_pri_colorectal	hypothyroid	pri_colorectal	-0.05696526030479577	-0.061132	-0.056976	-0.056127	-0.056731	-0.052697	-0.056888	-0.05716304187054731
hypothyroid_pri_prost	hypothyroid	pri_prost	-0.07413761986891046	-0.063521	-0.07413	-0.073481	-0.074362	-0.066796	-0.073805	-0.057270776710028615
hypothyroid_pri_skin	hypothyroid	pri_skin	-0.15790733802298393	-0.144227	-0.157956	-0.157865	-0.157312	-0.155073	-0.157893	-0.1443432045697685
hypothyroid_psoriasis	hypothyroid	psoriasis	0.2588265755919671	0.238448	0.259016	0.259094	0.25839	0.243852	0.25947	0.23230680510590188
hypothyroid_RA	hypothyroid	RA	0.39612533774517933	0.379679	0.397679	0.396213	0.397654	0.38412	0.397099	0.38215071583641613
hypothyroid_raynauds	hypothyroid	raynauds	0.0754746025579197	0.093837	0.075469	0.074792	0.079452	0.066833	0.074946	0.08430171122746657
hypothyroid_retinal_detach	hypothyroid	retinal_detach	-0.07677704012501438	-0.067091	-0.076782	-0.077265	-0.075761	-0.069842	-0.076919	-0.06534559693529525
hypothyroid_schizo	hypothyroid	schizo	0.03999078810527728	0.057861	0.040116	0.039958	0.03997	0.026884	0.041488	0.04667152034166568
hypothyroid_scoliosis	hypothyroid	scoliosis	0.04595884283452394	0.053717	0.045968	0.046213	0.04761	0.041401	0.045419	0.04921189651458023
hypothyroid_sinusitis	hypothyroid	sinusitis	0.15225653543018525	0.144418	0.152446	0.151861	0.152354	0.135877	0.15306	0.13650086791467536
hypothyroid_sleep_apnoea	hypothyroid	sleep_apnoea	0.1698452597402505	0.104815	0.170265	0.170927	0.169239	0.152867	0.169617	0.09941882911305469
hypothyroid_spondylolisthesis	hypothyroid	spondylolisthesis	0.06937076872472844	0.040257	0.069373	0.069965	0.068261	0.047517	0.068805	0.029467822824192132
hypothyroid_spondylosis	hypothyroid	spondylosis	0.17835917464715242	0.130271	0.178741	0.179336	0.177859	0.15206	0.181389	0.12154054720194876
hypothyroid_stroke_all	hypothyroid	stroke_all	0.09309209209155386	0.056286	0.096966	0.092924	0.092159	0.07346	0.093457	0.0497688339067158
hypothyroid_tendon	hypothyroid	tendon	0.1802609778629288	0.148207	0.180387	0.181641	0.179819	0.157583	0.185594	0.14753710669220654
hypothyroid_thromboembolic	hypothyroid	thromboembolic	0.10116279976161931	0.055717	0.101215	0.10097	0.099913	0.086094	0.100775	0.05170152640402204
hypothyroid_TIA	hypothyroid	TIA	0.1245120205238706	0.099038	0.127372	0.124996	0.123513	0.104195	0.124233	0.09412535326283748
hypothyroid_tinnitus	hypothyroid	tinnitus	0.2289052355266157	0.246405	0.229048	0.228703	0.234459	0.227374	0.229944	0.24585005069308644
hypothyroid_ulc_colitis	hypothyroid	ulc_colitis	0.034206612282725465	0.040445	0.034189	0.033779	0.034223	0.033626	0.034152	0.03938696779677683
hypothyroid_ulcer_peptic	hypothyroid	ulcer_peptic	0.09476738846312383	0.052422	0.095412	0.095868	0.093391	0.055013	0.094679	0.032805180742361356
hypothyroid_urine_incont	hypothyroid	urine_incont	0.10692510800021464	0.064163	0.10693	0.106731	0.105723	0.082413	0.10666	0.05129601916669723
hypothyroid_urolithiasis	hypothyroid	urolithiasis	0.02787839961247238	0.009019	0.027894	0.028569	0.027617	0.024708	0.027695	0.009139042232666919
hypothyroid_valve_nonrheumatic	hypothyroid	valve_nonrheumatic	0.17127173503847973	0.14775	0.17892	0.171149	0.170525	0.162157	0.171121	0.15580325191279376
IBS_IDA	IBS	IDA	0.2693624014902941	0.283507	0.282112	0.271465	0.275175	0.250605	0.254297	0.2713848698525031
IBS_insomnia	IBS	insomnia	0.5130076283636793	0.514312	0.512205	0.512628	0.514013	0.508778	0.515901	0.5136668860453627
IBS_intervert_disc	IBS	intervert_disc	0.4005489599622648	0.410103	0.403456	0.402703	0.401624	0.385919	0.391559	0.3937852756614307
IBS_isch_stroke_tia	IBS	isch_stroke_tia	0.16540111480568728	0.167192	0.185566	0.164104	0.165224	0.143059	0.161621	0.1646824607276167
IBS_migraine	IBS	migraine	0.44274755363389917	0.442605	0.442586	0.44586	0.444208	0.43445	0.439236	0.4371023347308989
IBS_OA	IBS	OA	0.28201111271889445	0.30724	0.282456	0.283082	0.282165	0.264286	0.266088	0.283196744534316
IBS_osteoporosis	IBS	osteoporosis	0.24288620781637543	0.249205	0.241388	0.241662	0.245901	0.239646	0.235904	0.23383508739448602
IBS_periph_neuro	IBS	periph_neuro	0.3572054245568054	0.388728	0.360507	0.362085	0.387207	0.340045	0.342635	0.39085060534240657
IBS_peripheral_arterial	IBS	peripheral_arterial	0.16285262384330082	0.175038	0.194052	0.170452	0.164253	0.123805	0.14893	0.17824908350812785
IBS_PMR	IBS	PMR	0.12215330795376951	0.121544	0.124472	0.12288	0.121929	0.116238	0.113138	0.11296859000959614
IBS_pri_bladder	IBS	pri_bladder	0.1527434695683834	0.152393	0.150351	0.150704	0.153677	0.13299	0.150373	0.12867621104779245
IBS_pri_breast	IBS	pri_breast	0.020023997146000862	0.020728	0.020207	0.02086	0.019779	0.019755	0.023256	0.022674546081806784
IBS_pri_colorectal	IBS	pri_colorectal	-0.04847385946819895	-0.048774	-0.050119	-0.044722	-0.048331	-0.043709	-0.047753	-0.04008309519513188
IBS_pri_prost	IBS	pri_prost	0.05683680000475718	0.05796	0.056497	0.060293	0.056717	0.066216	0.062382	0.07309955486995558
IBS_pri_skin	IBS	pri_skin	0.011489632510108986	0.012897	0.010407	0.01169	0.011999	0.015806	0.011827	0.013832588127836531
IBS_psoriasis	IBS	psoriasis	0.22018988926487998	0.221484	0.221942	0.22113	0.219975	0.202072	0.210451	0.20120840341334806
IBS_RA	IBS	RA	0.2446916658951956	0.246345	0.248912	0.245089	0.245632	0.222367	0.236705	0.22478750391584723
IBS_raynauds	IBS	raynauds	0.2929829713903096	0.296183	0.293949	0.290881	0.299119	0.285768	0.283359	0.2825727740763943
IBS_retinal_detach	IBS	retinal_detach	0.06398629833265458	0.065027	0.064148	0.062574	0.064941	0.072966	0.062765	0.0698605777074811
IBS_schizo	IBS	schizo	0.20718859686507382	0.20989	0.205748	0.207225	0.207183	0.195197	0.224556	0.21092215434769568
IBS_scoliosis	IBS	scoliosis	0.28612413815622434	0.287042	0.286053	0.287264	0.288174	0.282996	0.280382	0.280962635793165
IBS_sinusitis	IBS	sinusitis	0.6166542258497651	0.617183	0.619946	0.615891	0.616738	0.609726	0.61047	0.6083683168862024
IBS_sleep_apnoea	IBS	sleep_apnoea	0.3113436196222946	0.363935	0.315023	0.31477	0.312998	0.296124	0.308076	0.36287391506741873
IBS_spondylolisthesis	IBS	spondylolisthesis	0.2439394197744628	0.246436	0.244024	0.246215	0.243967	0.225251	0.234549	0.2255439144009338
IBS_spondylosis	IBS	spondylosis	0.5387445974258415	0.581328	0.542846	0.542418	0.542792	0.535158	0.530915	0.5763346236527701
IBS_stroke_all	IBS	stroke_all	0.12357874191089781	0.1246	0.13941	0.123029	0.123186	0.102542	0.128204	0.12992902897466027
IBS_tendon	IBS	tendon	0.3873477731406614	0.397229	0.389407	0.391765	0.390048	0.372036	0.373669	0.37809707525273434
IBS_thromboembolic	IBS	thromboembolic	0.15073444564009453	0.155007	0.150085	0.150105	0.151722	0.134937	0.143338	0.13859035670750194
IBS_TIA	IBS	TIA	0.1751685806455258	0.175936	0.187161	0.176821	0.175064	0.154059	0.171205	0.16921790900533662
IBS_tinnitus	IBS	tinnitus	0.44396938148427734	0.446942	0.443397	0.442648	0.451232	0.443966	0.435437	0.44169039501745594
IBS_ulc_colitis	IBS	ulc_colitis	0.15163792238718599	0.152232	0.152764	0.15026	0.151653	0.151823	0.151867	0.151058047148067
IBS_ulcer_peptic	IBS	ulcer_peptic	0.4110398263225115	0.426778	0.419	0.415443	0.414185	0.402809	0.400296	0.42236197233418765
IBS_urine_incont	IBS	urine_incont	0.41126337787233186	0.428073	0.412415	0.410879	0.413365	0.397235	0.402943	0.4092877779356429
IBS_urolithiasis	IBS	urolithiasis	0.23963710189481038	0.239978	0.239371	0.242494	0.239517	0.237694	0.238789	0.2437084809747816
IBS_valve_nonrheumatic	IBS	valve_nonrheumatic	0.10173805097187469	0.101157	0.116881	0.101299	0.101258	0.090798	0.093602	0.10106468706477136
IDA_insomnia	IDA	insomnia	0.34033793760097736	0.328296	0.362518	0.341713	0.330982	0.280906	0.291149	0.260388439168571
IDA_intervert_disc	IDA	intervert_disc	0.2566057792151648	0.186588	0.250254	0.255381	0.240431	0.200689	0.236715	0.12485443062099397
IDA_isch_stroke_tia	IDA	isch_stroke_tia	0.3630432867149165	0.30713	0.321955	0.365316	0.351566	0.32562	0.36162	0.25041112884492706
IDA_migraine	IDA	migraine	0.2691212900107863	0.277587	0.277601	0.267476	0.293228	0.248176	0.26213	0.2742023253895715
IDA_OA	IDA	OA	0.34996562558042316	0.231688	0.355653	0.349495	0.341286	0.313182	0.321389	0.20633043319555147
IDA_osteoporosis	IDA	osteoporosis	0.20664423513675467	0.29435	0.224523	0.208738	0.24499	0.202211	0.194667	0.3009495827040309
IDA_periph_neuro	IDA	periph_neuro	0.4004040769134689	0.294505	0.395754	0.398626	0.340118	0.351589	0.370457	0.19657376257405829
IDA_peripheral_arterial	IDA	peripheral_arterial	0.4572029084614212	0.358664	0.418966	0.456313	0.429508	0.403658	0.441314	0.24904238964759293
IDA_PMR	IDA	PMR	0.20513715136516575	0.188803	0.197344	0.204683	0.204567	0.197017	0.19156	0.16816091728613675
IDA_pri_bladder	IDA	pri_bladder	0.03544527118284445	0.023679	0.055823	0.038179	0.052295	-0.012658	0.030091	0.01702161354038917
IDA_pri_breast	IDA	pri_breast	8.268576391694862e-4	0.021368	-0.000213	-4.8e-05	-0.005493	7e-06	0.006419	0.014824462718296029
IDA_pri_colorectal	IDA	pri_colorectal	0.034829814744225016	0.028643	0.045258	0.030706	0.039704	0.046579	0.037346	0.04766459455190108
IDA_pri_prost	IDA	pri_prost	0.028748609129406497	0.059884	0.031673	0.025417	0.026441	0.048035	0.038577	0.07220061408212691
IDA_pri_skin	IDA	pri_skin	0.01669042743717314	0.058757	0.023808	0.0165	0.029642	0.025988	0.017497	0.0688812006534736
IDA_psoriasis	IDA	psoriasis	0.34566455628356163	0.307353	0.344468	0.345247	0.345502	0.312701	0.332225	0.2795817689039377
IDA_RA	IDA	RA	0.4421440057101882	0.412599	0.434469	0.442322	0.425703	0.402737	0.433806	0.36840752262778964
IDA_raynauds	IDA	raynauds	0.0965338902059806	0.14613	0.094078	0.100716	0.144434	0.078172	0.074645	0.13301113510935603
IDA_retinal_detach	IDA	retinal_detach	-0.08931349528097877	-0.06908	-0.091976	-0.087841	-0.073166	-0.074735	-0.093985	-0.05919143248235892
IDA_schizo	IDA	schizo	-0.008401490984344338	0.033491	0.00304	-0.008276	-0.009068	-0.040217	0.017169	0.03194819290432727
IDA_scoliosis	IDA	scoliosis	0.24508803204372825	0.280347	0.251742	0.244449	0.276019	0.241313	0.235678	0.28444735872123844
IDA_sinusitis	IDA	sinusitis	0.14360064529532118	0.129323	0.134988	0.147039	0.149182	0.104473	0.113331	0.07702550462001342
IDA_sleep_apnoea	IDA	sleep_apnoea	0.3203099752299399	0.16025	0.312118	0.318541	0.298408	0.287061	0.316997	0.1520647777973966
IDA_spondylolisthesis	IDA	spondylolisthesis	0.2584426836904186	0.204456	0.26422	0.256994	0.246491	0.217418	0.242836	0.1693410677889692
IDA_spondylosis	IDA	spondylosis	0.41065780882019615	0.314272	0.405553	0.409251	0.391957	0.360371	0.382524	0.24785401237178392
IDA_stroke_all	IDA	stroke_all	0.3153623933184895	0.247157	0.273786	0.316398	0.307639	0.280508	0.328559	0.2103956525610318
IDA_tendon	IDA	tendon	0.3059315990057863	0.238401	0.303624	0.30388	0.282066	0.255776	0.265789	0.15512159932250652
IDA_thromboembolic	IDA	thromboembolic	0.1296430987916149	0.016551	0.137188	0.130615	0.086429	0.096111	0.11679	-0.010083971291604628
IDA_TIA	IDA	TIA	0.3783736178931758	0.33976	0.349581	0.377445	0.366708	0.343631	0.376819	0.28918297839528345
IDA_tinnitus	IDA	tinnitus	0.06886619583438981	0.108405	0.076726	0.07205	0.111886	0.06424	0.042636	0.10835206865366986
IDA_ulc_colitis	IDA	ulc_colitis	0.15811014723679856	0.183739	0.155488	0.160128	0.163163	0.160959	0.159954	0.1850386621818813
IDA_ulcer_peptic	IDA	ulcer_peptic	0.24517039858236692	0.155749	0.225768	0.242923	0.217959	0.163045	0.218274	0.04190701426410126
IDA_urine_incont	IDA	urine_incont	0.3203542038469944	0.237418	0.322254	0.321543	0.300906	0.274896	0.303723	0.199556753891814
IDA_urolithiasis	IDA	urolithiasis	0.06503318220203345	0.022001	0.068997	0.062763	0.062922	0.059269	0.062068	0.02563641164773393
IDA_valve_nonrheumatic	IDA	valve_nonrheumatic	0.32532613849713377	0.283427	0.283884	0.326209	0.310625	0.311295	0.31646	0.2318129859283942
insomnia_intervert_disc	insomnia	intervert_disc	0.4690212557590591	0.461149	0.475013	0.470419	0.464537	0.405627	0.457072	0.41040703899960884
insomnia_isch_stroke_tia	insomnia	isch_stroke_tia	0.2622701211361869	0.247173	0.299934	0.261626	0.256216	0.195417	0.267561	0.2430226514040519
insomnia_migraine	insomnia	migraine	0.3837095065256286	0.382998	0.383725	0.385632	0.390953	0.365477	0.392351	0.3872230784711826
insomnia_OA	insomnia	OA	0.48337582855912253	0.491735	0.485099	0.484077	0.479773	0.441983	0.443251	0.44765832613499107
insomnia_osteoporosis	insomnia	osteoporosis	0.13648401571667837	0.15747	0.132726	0.135678	0.148235	0.129542	0.112337	0.11118925182635914
insomnia_periph_neuro	insomnia	periph_neuro	0.4238344322690404	0.424046	0.430483	0.427435	0.42846	0.345852	0.364689	0.3132842424853449
insomnia_peripheral_arterial	insomnia	peripheral_arterial	0.46881941742127914	0.475809	0.547019	0.477331	0.463007	0.363759	0.451595	0.48734238715246536
insomnia_PMR	insomnia	PMR	0.13497711595176418	0.127929	0.139701	0.135396	0.13316	0.121926	0.106916	0.10169999825350215
insomnia_pri_bladder	insomnia	pri_bladder	0.09686180608862409	0.093696	0.091047	0.095623	0.102687	0.026123	0.092522	0.02082674407821612
insomnia_pri_breast	insomnia	pri_breast	-0.012604405993845434	-0.007368	-0.012283	-0.012127	-0.014793	-0.014885	-0.001281	-0.005622891405182707
insomnia_pri_colorectal	insomnia	pri_colorectal	-0.07267147103940343	-0.075287	-0.076132	-0.070679	-0.071657	-0.060941	-0.075493	-0.06340341511607861
insomnia_pri_prost	insomnia	pri_prost	0.055457526703101175	0.063425	0.054822	0.057567	0.054581	0.089158	0.081568	0.11520185659339842
insomnia_pri_skin	insomnia	pri_skin	-0.011064435669871975	-0.000594	-0.013343	-0.010954	-0.00693	0.002225	-0.011043	0.001769850224857391
insomnia_psoriasis	insomnia	psoriasis	0.19255189912736548	0.178815	0.196111	0.193071	0.189666	0.12985	0.161806	0.10772121083839407
insomnia_RA	insomnia	RA	0.2738615201272341	0.261889	0.281933	0.274061	0.265837	0.191659	0.258509	0.18353180418365028
insomnia_raynauds	insomnia	raynauds	-0.02215267798778357	-0.011445	-0.020708	-0.0243	-0.007916	-0.058477	-0.079574	-0.10579926689351156
insomnia_retinal_detach	insomnia	retinal_detach	-0.023090380286257827	-0.016321	-0.022887	-0.024008	-0.016777	0.003094	-0.031838	-0.002506553141319814
insomnia_schizo	insomnia	schizo	0.19272057377891463	0.205905	0.189613	0.1927	0.193267	0.158111	0.270882	0.23443160407499763
insomnia_scoliosis	insomnia	scoliosis	0.20126465169323468	0.207082	0.201253	0.201871	0.210333	0.198331	0.187568	0.19575129741782704
insomnia_sinusitis	insomnia	sinusitis	0.39829861219122714	0.394676	0.403849	0.397753	0.400107	0.361486	0.363634	0.33762974520471534
insomnia_sleep_apnoea	insomnia	sleep_apnoea	0.24856676768682934	0.233785	0.255185	0.250655	0.240084	0.193206	0.250149	0.24176457836162127
insomnia_spondylolisthesis	insomnia	spondylolisthesis	0.5461296657177909	0.539922	0.547309	0.547947	0.542942	0.512485	0.551824	0.530288076227517
insomnia_spondylosis	insomnia	spondylosis	0.4973904763964555	0.501647	0.504788	0.499765	0.492185	0.42447	0.45199	0.4121273866972173
insomnia_stroke_all	insomnia	stroke_all	0.3228412949673753	0.309351	0.359101	0.322582	0.318683	0.272119	0.369201	0.3701167946270059
insomnia_tendon	insomnia	tendon	0.44292169599668224	0.4342	0.447406	0.4461	0.436885	0.379442	0.371884	0.31824670417200923
insomnia_thromboembolic	insomnia	thromboembolic	0.22315628659146208	0.203189	0.222154	0.222801	0.211549	0.180049	0.209689	0.16575615030007296
insomnia_TIA	insomnia	TIA	0.3467763090994779	0.33591	0.371697	0.347924	0.341252	0.292267	0.359164	0.3366237964663089
insomnia_tinnitus	insomnia	tinnitus	0.2927020083556008	0.304258	0.291412	0.291868	0.310964	0.303673	0.260287	0.2876119757960344
insomnia_ulc_colitis	insomnia	ulc_colitis	0.07820139454802755	0.082381	0.080423	0.077327	0.078542	0.081107	0.082838	0.08687775431100807
insomnia_ulcer_peptic	insomnia	ulcer_peptic	0.42052015438284274	0.411819	0.433868	0.423548	0.414079	0.313358	0.387785	0.3033543396898682
insomnia_urine_incont	insomnia	urine_incont	0.4133631404981736	0.404537	0.416103	0.413093	0.407423	0.35269	0.399	0.35221517467321006
insomnia_urolithiasis	insomnia	urolithiasis	0.03654004342362684	0.024513	0.035769	0.037957	0.035285	0.026902	0.030473	0.02382498319648768
insomnia_valve_nonrheumatic	insomnia	valve_nonrheumatic	0.24339335138722534	0.23041	0.276556	0.243169	0.236664	0.222059	0.230746	0.24421503774141343
intervert_disc_isch_stroke_tia	intervert_disc	isch_stroke_tia	0.23464492656649058	0.187394	0.228032	0.236556	0.227035	0.177619	0.23093	0.13951332815583709
intervert_disc_migraine	intervert_disc	migraine	0.3176326331728748	0.320821	0.319013	0.316224	0.326101	0.295652	0.312413	0.3008349148763586
intervert_disc_OA	intervert_disc	OA	0.5546985874910134	0.512946	0.555199	0.554445	0.551049	0.52405	0.543009	0.494925633587891
intervert_disc_osteoporosis	intervert_disc	osteoporosis	0.049480208017686926	0.098221	0.05342	0.051172	0.062483	0.038207	0.038519	0.0755039727777401
intervert_disc_periph_neuro	intervert_disc	periph_neuro	0.5198531812404883	0.473346	0.51794	0.518799	0.527187	0.468058	0.506437	0.4418803500135256
intervert_disc_peripheral_arterial	intervert_disc	peripheral_arterial	0.3960473815330568	0.33089	0.408743	0.394841	0.385467	0.305131	0.383474	0.2544325571917422
intervert_disc_PMR	intervert_disc	PMR	0.18021201468519105	0.165597	0.177274	0.179758	0.178378	0.170552	0.169897	0.1508615658771856
intervert_disc_pri_bladder	intervert_disc	pri_bladder	0.02123952247738435	0.012417	0.026952	0.023743	0.027777	-0.04117	0.017253	-0.03328844828032796
intervert_disc_pri_breast	intervert_disc	pri_breast	0.012773857530416115	0.02684	0.012493	0.011973	0.010261	0.012301	0.016757	0.02369743172437967
intervert_disc_pri_colorectal	intervert_disc	pri_colorectal	-0.06218084835646344	-0.069924	-0.05959	-0.066588	-0.060963	-0.051503	-0.061502	-0.05953753976031768
intervert_disc_pri_prost	intervert_disc	pri_prost	0.007033403476208221	0.026613	0.00771	0.003854	0.00577	0.030895	0.013495	0.043901536800941846
intervert_disc_pri_skin	intervert_disc	pri_skin	0.028055563870095255	0.056282	0.030056	0.027887	0.03329	0.040672	0.028652	0.0625397378855221
intervert_disc_psoriasis	intervert_disc	psoriasis	0.22818344059820042	0.193574	0.226265	0.227669	0.22505	0.179244	0.216264	0.14870279347640555
intervert_disc_RA	intervert_disc	RA	0.3041004427140118	0.273384	0.30049	0.304133	0.294567	0.240382	0.295181	0.2136073965350589
intervert_disc_raynauds	intervert_disc	raynauds	0.11159075761908213	0.143936	0.110518	0.115567	0.13153	0.089729	0.096528	0.11551050115120103
intervert_disc_retinal_detach	intervert_disc	retinal_detach	-0.0583967084501785	-0.04259	-0.058722	-0.056981	-0.051069	-0.039019	-0.060967	-0.029273172464432014
intervert_disc_schizo	intervert_disc	schizo	-0.013104364322040936	0.014729	-0.009814	-0.012991	-0.013338	-0.054166	0.004514	-0.012989937249243966
intervert_disc_scoliosis	intervert_disc	scoliosis	0.35967666643107943	0.383329	0.360738	0.359188	0.372089	0.36281	0.353768	0.38109753979331795
intervert_disc_sinusitis	intervert_disc	sinusitis	0.4373074141332665	0.435685	0.435391	0.441467	0.440043	0.407349	0.423879	0.4052209324569168
intervert_disc_sleep_apnoea	intervert_disc	sleep_apnoea	0.3412521813258889	0.25465	0.3383	0.339697	0.332119	0.301594	0.337984	0.24043308409822758
intervert_disc_spondylolisthesis	intervert_disc	spondylolisthesis	0.5432690703951074	0.520229	0.544313	0.542453	0.539489	0.512706	0.536387	0.4938957326929842
intervert_disc_spondylosis	intervert_disc	spondylosis	0.840442077829084	0.834815	0.839831	0.840239	0.838815	0.823294	0.839618	0.8224487821655111
intervert_disc_stroke_all	intervert_disc	stroke_all	0.22986346895375176	0.177426	0.222676	0.230733	0.224221	0.180542	0.236889	0.1468911063353766
intervert_disc_tendon	intervert_disc	tendon	0.5776253907354204	0.549486	0.576595	0.576761	0.571896	0.538248	0.567501	0.5117803074129635
intervert_disc_thromboembolic	intervert_disc	thromboembolic	0.22084716111956962	0.154135	0.222661	0.221832	0.206071	0.184327	0.212694	0.13356561202558553
intervert_disc_TIA	intervert_disc	TIA	0.28366740560527914	0.249675	0.277948	0.282666	0.27629	0.233254	0.280157	0.20452370714202955
intervert_disc_tinnitus	intervert_disc	tinnitus	0.15915357735520583	0.187787	0.161335	0.162411	0.178291	0.158241	0.142701	0.17955892818673824
intervert_disc_ulc_colitis	intervert_disc	ulc_colitis	0.08220836525159163	0.094478	0.08066	0.08396	0.082709	0.083838	0.082115	0.09287870223967866
intervert_disc_ulcer_peptic	intervert_disc	ulcer_peptic	0.537677457638398	0.50185	0.535446	0.536665	0.531228	0.475082	0.526718	0.4403102364090219
intervert_disc_urine_incont	intervert_disc	urine_incont	0.4387122203470275	0.393764	0.438187	0.439917	0.43155	0.390756	0.428787	0.3546734124627943
intervert_disc_urolithiasis	intervert_disc	urolithiasis	0.1614665500421856	0.135842	0.162503	0.159597	0.160645	0.159364	0.160083	0.13985987495785993
intervert_disc_valve_nonrheumatic	intervert_disc	valve_nonrheumatic	0.1941315863966443	0.156641	0.185253	0.194823	0.185406	0.171994	0.185304	0.13157926932816882
isch_stroke_tia_migraine	isch_stroke_tia	migraine	0.3260214244349568	0.328941	0.348121	0.32889	0.334172	0.307333	0.324137	0.33386786453774475
isch_stroke_tia_OA	isch_stroke_tia	OA	0.22711674421150344	0.141961	0.236626	0.228142	0.220893	0.183795	0.222935	0.13681514880176715
isch_stroke_tia_osteoporosis	isch_stroke_tia	osteoporosis	0.1591278227862293	0.210882	0.189161	0.157758	0.172956	0.153273	0.156077	0.21864899095630158
isch_stroke_tia_periph_neuro	isch_stroke_tia	periph_neuro	0.3908520803906041	0.330174	0.390255	0.395904	0.386648	0.341778	0.392409	0.3385549730619927
isch_stroke_tia_peripheral_arterial	isch_stroke_tia	peripheral_arterial	0.7442029940828079	0.733404	0.710273	0.758479	0.743373	0.737719	0.746679	0.7269032547837773
isch_stroke_tia_PMR	isch_stroke_tia	PMR	0.254115980155616	0.242326	0.24816	0.254967	0.252703	0.247516	0.251304	0.23418339627489887
isch_stroke_tia_pri_bladder	isch_stroke_tia	pri_bladder	0.08468891100363399	0.078104	0.121042	0.082449	0.091393	0.039518	0.083448	0.07118437614001287
isch_stroke_tia_pri_breast	isch_stroke_tia	pri_breast	0.0068789152154597666	0.020166	0.005546	0.007708	0.004433	0.006241	0.008144	0.016181860850108608
isch_stroke_tia_pri_colorectal	isch_stroke_tia	pri_colorectal	-0.0804543882494313	-0.088338	-0.069324	-0.07687	-0.079362	-0.07225	-0.080126	-0.06547670472134981
isch_stroke_tia_pri_prost	isch_stroke_tia	pri_prost	0.0667523153104278	0.087432	0.074093	0.070271	0.065827	0.087043	0.068969	0.11212677995081878
isch_stroke_tia_pri_skin	isch_stroke_tia	pri_skin	-0.020781584157966954	0.004534	-0.011023	-0.020605	-0.016052	-0.012679	-0.020695	0.013694558735012482
isch_stroke_tia_psoriasis	isch_stroke_tia	psoriasis	0.1362861236699047	0.098785	0.129565	0.137153	0.132711	0.093002	0.132235	0.06063065433328806
isch_stroke_tia_RA	isch_stroke_tia	RA	0.33709161889121325	0.30897	0.326313	0.337566	0.328456	0.290547	0.334683	0.26382117270050726
isch_stroke_tia_raynauds	isch_stroke_tia	raynauds	0.16211623591379867	0.194803	0.163624	0.159382	0.182312	0.146056	0.157987	0.16826451086130972
isch_stroke_tia_retinal_detach	isch_stroke_tia	retinal_detach	-0.015918260231114235	0.000645	-0.01803	-0.017461	-0.008548	0.000838	-0.016591	0.006430198524734487
isch_stroke_tia_schizo	isch_stroke_tia	schizo	0.03233010686044817	0.060638	0.052881	0.032231	0.032325	0.002345	0.038442	0.048554414703055195
isch_stroke_tia_scoliosis	isch_stroke_tia	scoliosis	0.013567884535283608	0.025331	0.016679	0.01444	0.022436	0.002873	0.010262	0.01186681474541141
isch_stroke_tia_sinusitis	isch_stroke_tia	sinusitis	0.10014116225784245	0.087526	0.08656	0.09769	0.101073	0.059348	0.09385	0.03396754106248664
isch_stroke_tia_sleep_apnoea	isch_stroke_tia	sleep_apnoea	0.3536590295949344	0.275766	0.348182	0.357227	0.345131	0.322362	0.352209	0.27497162857802354
isch_stroke_tia_spondylolisthesis	isch_stroke_tia	spondylolisthesis	0.16980940794000715	0.128684	0.179495	0.171962	0.163067	0.124311	0.166021	0.10849730943474495
isch_stroke_tia_spondylosis	isch_stroke_tia	spondylosis	0.369888352343416	0.309658	0.366911	0.373156	0.36148	0.31627	0.370159	0.27627305031608607
isch_stroke_tia_stroke_all	isch_stroke_tia	stroke_all	0.8972141187016454	0.890768	0.887151	0.897376	0.896747	0.892423	0.900178	0.8814635440274805
isch_stroke_tia_tendon	isch_stroke_tia	tendon	0.2657047103820836	0.218826	0.2657	0.269698	0.255496	0.213117	0.2643	0.18849983463339542
isch_stroke_tia_thromboembolic	isch_stroke_tia	thromboembolic	0.2975108963781108	0.240503	0.321346	0.297021	0.285327	0.271304	0.295189	0.2657472570520699
isch_stroke_tia_TIA	isch_stroke_tia	TIA	0.9102292005637556	0.907315	0.908454	0.912937	0.909347	0.905314	0.910042	0.9051655218139797
isch_stroke_tia_tinnitus	isch_stroke_tia	tinnitus	0.11080103999998367	0.136465	0.12711	0.108387	0.128382	0.10742	0.105661	0.1376224062966199
isch_stroke_tia_ulc_colitis	isch_stroke_tia	ulc_colitis	0.05384975046355702	0.064664	0.047063	0.052302	0.05418	0.053634	0.053622	0.053621657315570066
isch_stroke_tia_ulcer_peptic	isch_stroke_tia	ulcer_peptic	0.2763165816432278	0.221886	0.250676	0.280262	0.266056	0.19957	0.272975	0.1331417711661573
isch_stroke_tia_urine_incont	isch_stroke_tia	urine_incont	0.27510357165860216	0.219083	0.282046	0.274584	0.266159	0.227085	0.271887	0.1973425175009729
isch_stroke_tia_urolithiasis	isch_stroke_tia	urolithiasis	0.17903458310996448	0.154983	0.192881	0.181761	0.178301	0.176638	0.178297	0.1761087361365712
isch_stroke_tia_valve_nonrheumatic	isch_stroke_tia	valve_nonrheumatic	0.5767876708366546	0.558622	0.533411	0.57676	0.572407	0.57143	0.575632	0.5156417342581776
migraine_OA	migraine	OA	0.24365869756511238	0.257417	0.2438	0.24297	0.250014	0.222544	0.235791	0.23637219301922818
migraine_osteoporosis	migraine	osteoporosis	0.24547288203867507	0.254663	0.245136	0.248266	0.240297	0.242108	0.241416	0.24203166994393913
migraine_periph_neuro	migraine	periph_neuro	0.27361620973112333	0.2894	0.275187	0.270421	0.32811	0.247689	0.266511	0.30681395502662434
migraine_peripheral_arterial	migraine	peripheral_arterial	0.15746234708839638	0.161752	0.178976	0.151468	0.173781	0.112481	0.149807	0.13309308363763353
migraine_PMR	migraine	PMR	0.11369695790649452	0.111847	0.114729	0.113028	0.11566	0.107235	0.108426	0.10342375777531576
migraine_pri_bladder	migraine	pri_bladder	0.07031236872322519	0.069354	0.069363	0.07393	0.066741	0.046237	0.068524	0.045489899357713026
migraine_pri_breast	migraine	pri_breast	0.058571667469146466	0.060163	0.058647	0.057547	0.060254	0.058605	0.060524	0.06231138878420487
migraine_pri_colorectal	migraine	pri_colorectal	-0.02153771683046075	-0.022177	-0.022192	-0.027249	-0.022511	-0.016134	-0.020989	-0.02222689972727846
migraine_pri_prost	migraine	pri_prost	0.030217360804099574	0.03242	0.030071	0.025932	0.031059	0.040159	0.033307	0.04084721404538046
migraine_pri_skin	migraine	pri_skin	0.027023591240350562	0.030144	0.026601	0.0268	0.024066	0.031865	0.027235	0.030078639043606657
migraine_psoriasis	migraine	psoriasis	0.07558625175736876	0.071864	0.076235	0.074703	0.078535	0.051297	0.068944	0.0468344817432268
migraine_RA	migraine	RA	0.22709446594684685	0.225844	0.229292	0.227147	0.238061	0.201149	0.222425	0.20901488970699816
migraine_raynauds	migraine	raynauds	0.1342389696160256	0.138168	0.134577	0.139731	0.125867	0.124563	0.127583	0.11620513808461182
migraine_retinal_detach	migraine	retinal_detach	0.11008058776523628	0.11233	0.110142	0.112398	0.105916	0.120376	0.109377	0.11739655700177198
migraine_schizo	migraine	schizo	0.0010254985526233131	0.004115	0.00027	0.001198	0.001127	-0.015444	0.009404	-0.004960992871684656
migraine_scoliosis	migraine	scoliosis	0.15450126153122604	0.156017	0.154423	0.153591	0.149929	0.15005	0.15042	0.14133815777294212
migraine_sinusitis	migraine	sinusitis	0.2890608597389047	0.287989	0.290339	0.29399	0.289321	0.272495	0.282733	0.27207963322148165
migraine_sleep_apnoea	migraine	sleep_apnoea	0.2576597648614398	0.289988	0.259484	0.255083	0.269222	0.239208	0.255278	0.27946164497050713
migraine_spondylolisthesis	migraine	spondylolisthesis	0.21445054969724042	0.213321	0.214449	0.212485	0.220697	0.192721	0.209005	0.19341547114689084
migraine_spondylosis	migraine	spondylosis	0.41137001178364296	0.43624	0.413437	0.409497	0.425023	0.395031	0.40855	0.4230292034253273
migraine_stroke_all	migraine	stroke_all	0.2606733408298979	0.26259	0.276564	0.262003	0.266341	0.24174	0.263582	0.2639786258829561
migraine_tendon	migraine	tendon	0.3588150393025956	0.363875	0.359783	0.356262	0.372307	0.339414	0.356103	0.35154224057551536
migraine_thromboembolic	migraine	thromboembolic	0.24670581677620004	0.251351	0.246483	0.248181	0.264236	0.231449	0.242871	0.2548665600245538
migraine_TIA	migraine	TIA	0.42310788360052015	0.425594	0.436723	0.422064	0.432263	0.408355	0.421412	0.425314460923787
migraine_tinnitus	migraine	tinnitus	0.23841323128836753	0.241968	0.238133	0.243137	0.232102	0.236944	0.232139	0.2305614036956132
migraine_ulc_colitis	migraine	ulc_colitis	0.08703297470051156	0.088173	0.08747	0.08947	0.08715	0.086809	0.086808	0.0894103796541753
migraine_ulcer_peptic	migraine	ulcer_peptic	0.25333014536654774	0.256891	0.257189	0.250367	0.265867	0.222087	0.246335	0.2292043500767766
migraine_urine_incont	migraine	urine_incont	0.30813042242072364	0.314951	0.308569	0.30972	0.319064	0.287072	0.303015	0.30141570513281335
migraine_urolithiasis	migraine	urolithiasis	0.19498386233147594	0.19312	0.194848	0.192469	0.196385	0.192631	0.194054	0.19104434740325488
migraine_valve_nonrheumatic	migraine	valve_nonrheumatic	0.09398566808012825	0.090504	0.102529	0.094856	0.10121	0.081989	0.089193	0.0865208533191813
OA_osteoporosis	OA	osteoporosis	0.0545064783249517	0.149846	0.055143	0.055398	0.065162	0.045822	0.037343	0.11988092628873348
OA_periph_neuro	OA	periph_neuro	0.6593716174603824	0.582108	0.660354	0.660151	0.688248	0.635882	0.640402	0.6133559322196396
OA_peripheral_arterial	OA	peripheral_arterial	0.3520853536579532	0.199517	0.382802	0.35294	0.343652	0.286392	0.331133	0.1860518792186063
OA_PMR	OA	PMR	0.21911620666221773	0.204285	0.219024	0.21887	0.217645	0.211527	0.204795	0.1913901915196021
OA_pri_bladder	OA	pri_bladder	0.02484507752364321	0.009492	0.025736	0.026164	0.030171	-0.021575	0.018703	-0.029571628790959627
OA_pri_breast	OA	pri_breast	-0.023862280165971344	-0.000546	-0.023906	-0.024293	-0.026051	-0.025304	-0.018241	0.004779485820686134
OA_pri_colorectal	OA	pri_colorectal	-0.03506606276304136	-0.049931	-0.034719	-0.037344	-0.033933	-0.025829	-0.033878	-0.0455990631462057
OA_pri_prost	OA	pri_prost	-0.05543351279128794	-0.024907	-0.055346	-0.057291	-0.056685	-0.039552	-0.046555	-0.00781804233516951
OA_pri_skin	OA	pri_skin	0.06380884471132604	0.123072	0.064116	0.063724	0.068215	0.073948	0.065891	0.1260020883738218
OA_psoriasis	OA	psoriasis	0.17354016708063014	0.108929	0.173351	0.173229	0.170615	0.133613	0.153872	0.0721866973725318
OA_RA	OA	RA	0.33796489271227526	0.294992	0.33863	0.337933	0.330942	0.293348	0.326509	0.27350742654307725
OA_raynauds	OA	raynauds	0.10635811110869073	0.172432	0.106206	0.108582	0.122697	0.089035	0.082446	0.13462608497659467
OA_retinal_detach	OA	retinal_detach	-0.02533330165046747	0.005726	-0.025365	-0.02458	-0.019151	-0.009448	-0.029192	0.006707470013298363
OA_schizo	OA	schizo	-0.10884890747571364	-0.067668	-0.108559	-0.108808	-0.109356	-0.142736	-0.08368	-0.06769769979250151
OA_scoliosis	OA	scoliosis	0.38563553753498936	0.451426	0.385718	0.385366	0.395907	0.385639	0.379487	0.44257191580424804
OA_sinusitis	OA	sinusitis	0.339214591317963	0.346289	0.339311	0.341541	0.340761	0.310568	0.313487	0.31138108550912236
OA_sleep_apnoea	OA	sleep_apnoea	0.3747395395624272	0.180897	0.375226	0.374289	0.368107	0.345489	0.373174	0.1730004538913592
OA_spondylolisthesis	OA	spondylolisthesis	0.5456306552391482	0.519838	0.545663	0.54539	0.542499	0.521633	0.537508	0.5048436366275694
OA_spondylosis	OA	spondylosis	0.7382033095426269	0.684447	0.73954	0.738444	0.736418	0.72215	0.724257	0.6714426541558262
OA_stroke_all	OA	stroke_all	0.22698470505820167	0.131247	0.234735	0.227405	0.222314	0.189306	0.240231	0.14288799785031217
OA_tendon	OA	tendon	0.613742362193551	0.577844	0.613991	0.614105	0.610293	0.588155	0.58976	0.5534953630180673
OA_thromboembolic	OA	thromboembolic	0.2656518131482988	0.146733	0.265923	0.266158	0.255312	0.238975	0.255345	0.13347971205108958
OA_TIA	OA	TIA	0.21019405272355549	0.145768	0.213585	0.209647	0.203616	0.168033	0.205062	0.13420738031220633
OA_tinnitus	OA	tinnitus	0.1651653692390629	0.227901	0.165505	0.167024	0.181075	0.163271	0.139369	0.19653303424463725
OA_ulc_colitis	OA	ulc_colitis	0.026641908323277584	0.047918	0.026413	0.027507	0.026795	0.025656	0.025887	0.047123235151540495
OA_ulcer_peptic	OA	ulcer_peptic	0.39386822181854636	0.307174	0.39608	0.393535	0.387216	0.336999	0.370109	0.2683040702814532
OA_urine_incont	OA	urine_incont	0.3981370740564854	0.308825	0.398067	0.398702	0.392167	0.359944	0.382641	0.2790585048455752
OA_urolithiasis	OA	urolithiasis	0.05948016262560831	0.00548	0.059591	0.058421	0.058327	0.05375	0.056198	0.0010368262254042738
OA_valve_nonrheumatic	OA	valve_nonrheumatic	0.2705892799191193	0.216021	0.28066	0.270941	0.264242	0.255112	0.259865	0.2230202923591646
osteoporosis_periph_neuro	osteoporosis	periph_neuro	0.08734264897723727	0.18372	0.092032	0.091215	0.151194	0.077312	0.068879	0.1943731559716978
osteoporosis_peripheral_arterial	osteoporosis	peripheral_arterial	0.15930434311565983	0.268951	0.203973	0.167153	0.189076	0.157004	0.148908	0.3221278442253045
osteoporosis_PMR	osteoporosis	PMR	0.1645815542732864	0.182944	0.169054	0.165388	0.169249	0.162423	0.158039	0.1768755486682623
osteoporosis_pri_bladder	osteoporosis	pri_bladder	0.08740025523591782	0.095746	0.081986	0.085072	0.080583	0.08032	0.085181	0.07033636292096777
osteoporosis_pri_breast	osteoporosis	pri_breast	0.04015675450115196	0.031069	0.040563	0.041055	0.043554	0.040044	0.042678	0.036921324043781664
osteoporosis_pri_colorectal	osteoporosis	pri_colorectal	0.06869962067505539	0.073991	0.065948	0.073363	0.067366	0.070757	0.069723	0.08183078063568139
osteoporosis_pri_prost	osteoporosis	pri_prost	0.010121216093470331	-0.003586	0.009431	0.01354	0.011752	0.013465	0.014081	0.011125881802423151
osteoporosis_pri_skin	osteoporosis	pri_skin	0.01166470300143981	-0.007614	0.00962	0.011875	0.005722	0.013267	0.011909	-0.008776423757705605
osteoporosis_psoriasis	osteoporosis	psoriasis	0.13385106358989146	0.171045	0.136947	0.134755	0.140401	0.127726	0.125665	0.1538601395767871
osteoporosis_RA	osteoporosis	RA	0.18503248814150866	0.223656	0.191978	0.185407	0.204851	0.180157	0.178459	0.21613109805316266
osteoporosis_raynauds	osteoporosis	raynauds	0.3410815472662516	0.328626	0.343235	0.339062	0.327604	0.338863	0.33449	0.30787397024597196
osteoporosis_retinal_detach	osteoporosis	retinal_detach	-0.003709430501982147	-0.016585	-0.003478	-0.005297	-0.013076	-0.000586	-0.004956	-0.01976972557114731
osteoporosis_schizo	osteoporosis	schizo	0.07515927368622029	0.056501	0.071858	0.075093	0.075912	0.070188	0.086993	0.05946289112598091
osteoporosis_scoliosis	osteoporosis	scoliosis	0.12239367058047627	0.116035	0.12219	0.12342	0.112897	0.120623	0.116852	0.10167825800450969
osteoporosis_sinusitis	osteoporosis	sinusitis	0.16921081775802568	0.184184	0.17348	0.16688	0.169895	0.164091	0.157483	0.15836333929827323
osteoporosis_sleep_apnoea	osteoporosis	sleep_apnoea	0.02907246637410947	0.154787	0.034106	0.031817	0.046595	0.020817	0.024973	0.14994484003508818
osteoporosis_spondylolisthesis	osteoporosis	spondylolisthesis	0.2090773518099561	0.254194	0.209398	0.211392	0.221486	0.204651	0.201675	0.2418407552026097
osteoporosis_spondylosis	osteoporosis	spondylosis	0.1221534145375617	0.213914	0.127275	0.124901	0.141629	0.114147	0.105656	0.19014729239064737
osteoporosis_stroke_all	osteoporosis	stroke_all	0.08285962474911328	0.136193	0.106054	0.082247	0.0926	0.075541	0.086095	0.14460628503674317
osteoporosis_tendon	osteoporosis	tendon	0.17672401895291373	0.233681	0.180032	0.180525	0.197769	0.171524	0.159811	0.2152445556402916
osteoporosis_thromboembolic	osteoporosis	thromboembolic	0.048699198051374515	0.114592	0.047344	0.047937	0.074278	0.042344	0.042326	0.1099113684733502
osteoporosis_TIA	osteoporosis	TIA	0.22222153018941318	0.26461	0.242474	0.224025	0.237319	0.218157	0.219275	0.27148300444206275
osteoporosis_tinnitus	osteoporosis	tinnitus	0.19765986764980376	0.185262	0.196194	0.195426	0.182183	0.196724	0.18837	0.16040424194364827
osteoporosis_ulc_colitis	osteoporosis	ulc_colitis	0.14808736054233038	0.143736	0.150298	0.146636	0.149088	0.147913	0.148082	0.1434975364484332
osteoporosis_ulcer_peptic	osteoporosis	ulcer_peptic	0.15230245082124824	0.219275	0.162057	0.155936	0.173451	0.148045	0.140158	0.20749435237929736
osteoporosis_urine_incont	osteoporosis	urine_incont	0.15566693043600882	0.225043	0.157545	0.155008	0.17367	0.149543	0.146658	0.20808378148540052
osteoporosis_urolithiasis	osteoporosis	urolithiasis	0.12451257261378489	0.150637	0.123978	0.127208	0.127454	0.123309	0.12318	0.15133671856963712
osteoporosis_valve_nonrheumatic	osteoporosis	valve_nonrheumatic	0.18152843958839032	0.221513	0.209963	0.181146	0.196849	0.178121	0.175854	0.23347195661501996
periph_neuro_peripheral_arterial	periph_neuro	peripheral_arterial	0.46555202923018957	0.343536	0.481477	0.45981	0.428174	0.374355	0.447217	0.26166769048022087
periph_neuro_PMR	periph_neuro	PMR	0.30212419715562655	0.296115	0.299259	0.301913	0.318871	0.299756	0.289405	0.3060468030327028
periph_neuro_pri_bladder	periph_neuro	pri_bladder	0.0715289518317113	0.061484	0.078423	0.077213	0.106806	0.006033	0.066062	0.04245801407511727
periph_neuro_pri_breast	periph_neuro	pri_breast	0.13081733873953036	0.169931	0.130773	0.129555	0.132069	0.137306	0.142279	0.1766875694561736
periph_neuro_pri_colorectal	periph_neuro	pri_colorectal	-0.13685670591388308	-0.161852	-0.134143	-0.146789	-0.143244	-0.129765	-0.138925	-0.1715211548688217
periph_neuro_pri_prost	periph_neuro	pri_prost	-0.04677080867705805	-0.016069	-0.046119	-0.054034	-0.057035	-0.023434	-0.036442	-0.014562798014021728
periph_neuro_pri_skin	periph_neuro	pri_skin	-0.010074985922458089	0.039038	-0.007879	-0.010524	0.011278	0.001894	-0.009783	0.05304508387613201
periph_neuro_psoriasis	periph_neuro	psoriasis	0.34497499957198985	0.302841	0.343185	0.344692	0.358566	0.300676	0.329466	0.2809945007680834
periph_neuro_RA	periph_neuro	RA	0.4172648801126641	0.384422	0.413754	0.418321	0.400064	0.358244	0.408159	0.32755053048014454
periph_neuro_raynauds	periph_neuro	raynauds	-0.011964581656867423	0.038657	-0.013482	-0.004581	0.064832	-0.043534	-0.044033	0.04727875538936757
periph_neuro_retinal_detach	periph_neuro	retinal_detach	-0.060365068565245976	-0.033926	-0.060761	-0.057375	-0.031902	-0.039188	-0.066071	-4.4924424782744586e-4
periph_neuro_schizo	periph_neuro	schizo	-0.03806153737238337	0.010074	-0.034379	-0.037931	-0.042467	-0.085628	-0.006384	-0.021100394280709485
periph_neuro_scoliosis	periph_neuro	scoliosis	0.310208119023616	0.364929	0.311418	0.309555	0.381757	0.312787	0.30192	0.4133796032744706
periph_neuro_sinusitis	periph_neuro	sinusitis	0.378748180819863	0.388867	0.376337	0.386979	0.417382	0.342479	0.351551	0.3845058754182735
periph_neuro_sleep_apnoea	periph_neuro	sleep_apnoea	0.36571286128127545	0.175686	0.362402	0.362319	0.34198	0.32465	0.365122	0.17864806258457203
periph_neuro_spondylolisthesis	periph_neuro	spondylolisthesis	0.6186233576380691	0.601618	0.620159	0.617574	0.643187	0.592622	0.613865	0.6098382631736687
periph_neuro_spondylosis	periph_neuro	spondylosis	0.7311645485039054	0.677219	0.729855	0.73006	0.745732	0.696573	0.71447	0.6667020567236629
periph_neuro_stroke_all	periph_neuro	stroke_all	0.3075723987215125	0.225844	0.30154	0.310144	0.30523	0.259691	0.326489	0.24979154560650502
periph_neuro_tendon	periph_neuro	tendon	0.6410744036612611	0.60891	0.640189	0.638782	0.6445	0.604387	0.61394	0.5641709144152885
periph_neuro_thromboembolic	periph_neuro	thromboembolic	0.28892294418830317	0.177096	0.29124	0.291683	0.233378	0.254072	0.278836	0.12299588238155715
periph_neuro_TIA	periph_neuro	TIA	0.268328486655731	0.212555	0.260373	0.266434	0.2502	0.211591	0.265199	0.17007743797291472
periph_neuro_tinnitus	periph_neuro	tinnitus	0.16924678722337466	0.230082	0.171817	0.176203	0.259893	0.169744	0.140042	0.2808314307945633
periph_neuro_ulc_colitis	periph_neuro	ulc_colitis	0.019237816537078928	0.039017	0.017306	0.022823	0.021431	0.017829	0.018239	0.03832535655982565
periph_neuro_ulcer_peptic	periph_neuro	ulcer_peptic	0.4463150734030704	0.369835	0.442279	0.442833	0.427237	0.357235	0.422121	0.26867199783236806
periph_neuro_urine_incont	periph_neuro	urine_incont	0.41036655393807187	0.325082	0.409801	0.413605	0.396058	0.354826	0.394143	0.2801078872489031
periph_neuro_urolithiasis	periph_neuro	urolithiasis	0.17371850167421662	0.134132	0.174985	0.169737	0.183089	0.173029	0.173892	0.15203443791711022
periph_neuro_valve_nonrheumatic	periph_neuro	valve_nonrheumatic	0.16176361120281157	0.094734	0.148689	0.163492	0.130506	0.135988	0.14648	0.06256237764331232
peripheral_arterial_PMR	peripheral_arterial	PMR	0.2271423420812337	0.213282	0.222391	0.227289	0.226282	0.225648	0.216626	0.2092590964226006
peripheral_arterial_pri_bladder	peripheral_arterial	pri_bladder	0.1261626093593582	0.122174	0.181839	0.136885	0.142085	0.038271	0.12304	0.12246631315274452
peripheral_arterial_pri_breast	peripheral_arterial	pri_breast	0.01809221621552381	0.046313	0.017543	0.015251	0.013226	0.018604	0.022558	0.04048711829389618
peripheral_arterial_pri_colorectal	peripheral_arterial	pri_colorectal	-0.047510638583502435	-0.06389	-0.031034	-0.063321	-0.045378	-0.030713	-0.046659	-0.048247401222597276
peripheral_arterial_pri_prost	peripheral_arterial	pri_prost	0.09939487645590976	0.147947	0.114209	0.088805	0.098865	0.15185	0.107681	0.2098234990728579
peripheral_arterial_pri_skin	peripheral_arterial	pri_skin	-0.06594030186086923	-0.021649	-0.057609	-0.067354	-0.057137	-0.055574	-0.066329	-0.0123156930557747
peripheral_arterial_psoriasis	peripheral_arterial	psoriasis	0.36923643762025476	0.329756	0.386404	0.370503	0.368205	0.316789	0.358713	0.30865682153936275
peripheral_arterial_RA	peripheral_arterial	RA	0.2972352135121083	0.24889	0.286241	0.299634	0.277959	0.196018	0.287473	0.1336011381447001
peripheral_arterial_raynauds	peripheral_arterial	raynauds	0.2920081201595937	0.380647	0.31075	0.309164	0.33865	0.28448	0.278884	0.4251449568952733
peripheral_arterial_retinal_detach	peripheral_arterial	retinal_detach	0.03477470436708412	0.07292	0.036474	0.040783	0.051492	0.076714	0.032957	0.12603259600043298
peripheral_arterial_schizo	peripheral_arterial	schizo	0.08694208015098952	0.151633	0.121122	0.088328	0.088449	0.031347	0.10835	0.15075412092171045
peripheral_arterial_scoliosis	peripheral_arterial	scoliosis	0.1026460645031116	0.136998	0.115931	0.100591	0.123778	0.091894	0.092739	0.1325058858322726
peripheral_arterial_sinusitis	peripheral_arterial	sinusitis	0.2972826620250907	0.299809	0.300838	0.311441	0.304553	0.242806	0.278424	0.2648821173516397
peripheral_arterial_sleep_apnoea	peripheral_arterial	sleep_apnoea	0.377738507818556	0.183495	0.381001	0.373108	0.360539	0.329088	0.374916	0.16935021143850174
peripheral_arterial_spondylolisthesis	peripheral_arterial	spondylolisthesis	0.31029143249448293	0.252813	0.341365	0.307139	0.30072	0.240263	0.298788	0.2212648741240435
peripheral_arterial_spondylosis	peripheral_arterial	spondylosis	0.6282510632731423	0.551036	0.658923	0.627404	0.618558	0.561994	0.617066	0.5297686059564101
peripheral_arterial_stroke_all	peripheral_arterial	stroke_all	0.6076890202678026	0.569141	0.55956	0.616699	0.607084	0.590868	0.620208	0.5373972946619315
peripheral_arterial_tendon	peripheral_arterial	tendon	0.525906397245472	0.476884	0.558038	0.521897	0.512446	0.463	0.509835	0.4493261429362844
peripheral_arterial_thromboembolic	peripheral_arterial	thromboembolic	0.32321749316136916	0.21372	0.365415	0.3296	0.295292	0.285623	0.315891	0.2644792016003435
peripheral_arterial_TIA	peripheral_arterial	TIA	0.49210008532981203	0.464615	0.451898	0.49242	0.484149	0.449678	0.491118	0.3829979742229324
peripheral_arterial_tinnitus	peripheral_arterial	tinnitus	-0.0047676292256108345	0.038628	0.008746	0.005417	0.028199	-0.019681	-0.026438	0.034837742830667144
peripheral_arterial_ulc_colitis	peripheral_arterial	ulc_colitis	0.03425482002914451	0.05654	0.0244	0.040692	0.035137	0.034835	0.033688	0.05220539575350143
peripheral_arterial_ulcer_peptic	peripheral_arterial	ulcer_peptic	0.6787149619021984	0.638698	0.692836	0.676913	0.669765	0.598718	0.670224	0.5708281258984953
peripheral_arterial_urine_incont	peripheral_arterial	urine_incont	0.3741468817446526	0.280372	0.400008	0.381114	0.358695	0.293918	0.362026	0.25280692985620135
peripheral_arterial_urolithiasis	peripheral_arterial	urolithiasis	0.06803243517342784	0.014764	0.08037	0.060419	0.066071	0.060284	0.065582	0.020171487383273873
peripheral_arterial_valve_nonrheumatic	peripheral_arterial	valve_nonrheumatic	0.48859203502727455	0.462414	0.421446	0.495788	0.479737	0.499866	0.483375	0.4135235096817734
PMR_pri_bladder	PMR	pri_bladder	0.23870817092305685	0.236594	0.245915	0.240184	0.241019	0.231909	0.237014	0.24186798236854762
PMR_pri_breast	PMR	pri_breast	-0.04601568394517547	-0.0418	-0.046411	-0.046358	-0.046756	-0.046303	-0.043627	-0.04147931313813221
PMR_pri_colorectal	PMR	pri_colorectal	-0.13786969882094374	-0.140247	-0.135442	-0.140233	-0.137516	-0.135634	-0.137614	-0.13846961713136938
PMR_pri_prost	PMR	pri_prost	0.03526793086277693	0.041782	0.036014	0.034103	0.034928	0.039915	0.039773	0.046826485583543735
PMR_pri_skin	PMR	pri_skin	-0.11311990869313818	-0.105313	-0.111407	-0.113212	-0.111919	-0.111245	-0.113384	-0.10523722376031766
PMR_psoriasis	PMR	psoriasis	0.21121434701813765	0.200486	0.20921	0.210985	0.210263	0.20374	0.20298	0.18894370933629095
PMR_RA	PMR	RA	0.48082007678277655	0.475341	0.478173	0.480804	0.481694	0.484551	0.476195	0.4782312199011976
PMR_raynauds	PMR	raynauds	0.17995199164103587	0.190812	0.179	0.182061	0.18756	0.175707	0.170635	0.18042955900289004
PMR_retinal_detach	PMR	retinal_detach	0.05115060447107382	0.057245	0.051017	0.051798	0.053457	0.055628	0.050017	0.05769029878964046
PMR_schizo	PMR	schizo	0.052922294397217275	0.062651	0.056514	0.052979	0.052897	0.045764	0.065655	0.07215806488643205
PMR_scoliosis	PMR	scoliosis	0.19994699631333804	0.2047	0.200751	0.199678	0.203319	0.197775	0.194403	0.19767091844897505
PMR_sinusitis	PMR	sinusitis	0.412612619160097	0.409537	0.410568	0.414781	0.412907	0.409408	0.404359	0.4024550914984629
PMR_sleep_apnoea	PMR	sleep_apnoea	0.25164698712246314	0.247727	0.248188	0.251188	0.250299	0.245162	0.248377	0.2449830566321963
PMR_spondylolisthesis	PMR	spondylolisthesis	0.30363665882645724	0.294093	0.304288	0.303272	0.302486	0.298409	0.296427	0.28810562895554703
PMR_spondylosis	PMR	spondylosis	0.21983930302190213	0.204609	0.216456	0.219322	0.218176	0.212837	0.204611	0.18626023876041417
PMR_stroke_all	PMR	stroke_all	0.2844084038879615	0.273311	0.279397	0.284749	0.283241	0.278632	0.288993	0.2740079827237261
PMR_tendon	PMR	tendon	0.2628739653158419	0.251023	0.260951	0.262472	0.261703	0.257074	0.24771	0.234851695516268
PMR_thromboembolic	PMR	thromboembolic	0.1119669710091644	0.090527	0.113602	0.112313	0.108661	0.104064	0.105416	0.08977669143439265
PMR_TIA	PMR	TIA	0.2728447074789545	0.26298	0.266554	0.272491	0.271525	0.266779	0.269934	0.25361104201483137
PMR_tinnitus	PMR	tinnitus	0.28009625993855447	0.28965	0.282612	0.28192	0.288226	0.279068	0.270915	0.2852440616175993
PMR_ulc_colitis	PMR	ulc_colitis	0.11025251429278082	0.113831	0.108734	0.11101	0.110316	0.110016	0.110142	0.11209179332834905
PMR_ulcer_peptic	PMR	ulcer_peptic	0.19188613261380214	0.17591	0.186017	0.191271	0.189929	0.184655	0.17911	0.15847760271845437
PMR_urine_incont	PMR	urine_incont	0.2861977030036315	0.2751	0.285352	0.286603	0.285079	0.280995	0.277837	0.2692289208299144
PMR_urolithiasis	PMR	urolithiasis	0.10554810406175816	0.096315	0.106508	0.104829	0.105144	0.103907	0.104039	0.0965164211355807
PMR_valve_nonrheumatic	PMR	valve_nonrheumatic	0.20510886168366635	0.194003	0.19636	0.205363	0.203382	0.20039	0.199043	0.17941417982473282
pri_bladder_pri_breast	pri_bladder	pri_breast	0.08545178211976848	0.087649	0.086314	0.086935	0.08724	0.086517	0.086379	0.09312580302512728
pri_bladder_pri_colorectal	pri_bladder	pri_colorectal	0.028390667020673648	0.027568	0.02414	0.035031	0.027496	0.038003	0.028686	0.041330518963243926
pri_bladder_pri_prost	pri_bladder	pri_prost	0.018496620448474877	0.021418	0.017523	0.023718	0.019337	0.034375	0.01994	0.043785871842028125
pri_bladder_pri_skin	pri_bladder	pri_skin	-0.010030941616482927	-0.006084	-0.013165	-0.009746	-0.01318	-0.002847	-0.009962	-0.005931380978062331
pri_bladder_psoriasis	pri_bladder	psoriasis	0.15664076652910044	0.152528	0.161501	0.158137	0.159905	0.12069	0.154268	0.12715197114145016
pri_bladder_RA	pri_bladder	RA	-0.043905319004350164	-0.051322	-0.035661	-0.043665	-0.035788	-0.106897	-0.047049	-0.0957956572574061
pri_bladder_raynauds	pri_bladder	raynauds	0.15353028957638223	0.158726	0.15631	0.148911	0.145233	0.13919	0.151006	0.13076734513188623
pri_bladder_retinal_detach	pri_bladder	retinal_detach	0.04976406171718991	0.05255	0.05034	0.047498	0.045197	0.06558	0.049347	0.060117564774491164
pri_bladder_schizo	pri_bladder	schizo	0.008814471981217925	0.013058	0.003557	0.008634	0.008934	-0.017415	0.012847	-0.018865058486449694
pri_bladder_scoliosis	pri_bladder	scoliosis	0.08060834368576426	0.082501	0.080294	0.08214	0.075472	0.072944	0.078587	0.0704484827591656
pri_bladder_sinusitis	pri_bladder	sinusitis	0.03485777517442033	0.032529	0.040496	0.030625	0.034635	-0.002415	0.03	-0.0058956998637488866
pri_bladder_sleep_apnoea	pri_bladder	sleep_apnoea	0.017129315957371972	-0.00404	0.024525	0.021234	0.02611	-0.023617	0.015626	-0.019653482260097516
pri_bladder_spondylolisthesis	pri_bladder	spondylolisthesis	-0.08421525114467154	-0.093667	-0.084736	-0.081569	-0.079445	-0.134715	-0.088204	-0.1343937118421427
pri_bladder_spondylosis	pri_bladder	spondylosis	-0.033821611756626714	-0.053013	-0.027278	-0.030258	-0.025291	-0.112983	-0.042238	-0.11351127962099125
pri_bladder_stroke_all	pri_bladder	stroke_all	0.01329564798179193	0.003719	0.04262	0.012269	0.017951	-0.029151	0.014356	-0.005734301024884138
pri_bladder_tendon	pri_bladder	tendon	0.06669261849248564	0.059161	0.071191	0.071778	0.076739	0.009758	0.060496	0.023777412067411706
pri_bladder_thromboembolic	pri_bladder	thromboembolic	-0.05890494801891235	-0.075071	-0.061361	-0.060265	-0.047673	-0.093711	-0.061541	-0.09995930578416681
pri_bladder_TIA	pri_bladder	TIA	0.10118070849144109	0.095944	0.125354	0.103677	0.108249	0.058925	0.0999	0.08797269535852402
pri_bladder_tinnitus	pri_bladder	tinnitus	0.05918749696150164	0.062853	0.056569	0.055067	0.050018	0.054833	0.055476	0.03904561841010573
pri_bladder_ulc_colitis	pri_bladder	ulc_colitis	-0.025619614036108705	-0.024238	-0.022993	-0.028276	-0.025717	-0.027648	-0.025825	-0.027855707763275665
pri_bladder_ulcer_peptic	pri_bladder	ulcer_peptic	0.14658570450393296	0.141975	0.160624	0.151954	0.157964	0.067719	0.143526	0.09489982984613902
pri_bladder_urine_incont	pri_bladder	urine_incont	0.0065055920777781565	-0.005231	0.008798	0.005273	0.014605	-0.049546	0.002639	-0.051502601291937566
pri_bladder_urolithiasis	pri_bladder	urolithiasis	0.006251643055212527	0.001571	0.005099	0.009888	0.007299	-8.9e-05	0.005604	0.0013076982899260874
pri_bladder_valve_nonrheumatic	pri_bladder	valve_nonrheumatic	-0.004406349325000277	-0.011432	0.024493	-0.005254	0.002239	-0.025841	-0.00693	0.0013789510072016874
pri_breast_pri_colorectal	pri_breast	pri_colorectal	0.09449382304918817	0.095873	0.094838	0.092874	0.094921	0.094738	0.094277	0.09622642908960655
pri_breast_pri_prost	pri_breast	pri_prost	0.12213863474114912	0.118575	0.122205	0.120871	0.121864	0.122747	0.121018	0.1158791094688271
pri_breast_pri_skin	pri_breast	pri_skin	0.16750598385427	0.162953	0.167765	0.167443	0.169027	0.167741	0.167505	0.16448749130982898
pri_breast_psoriasis	pri_breast	psoriasis	0.015766949462997056	0.025702	0.015563	0.015386	0.014655	0.015384	0.019035	0.025468894309809618
pri_breast_RA	pri_breast	RA	-0.00846412619271269	0.000986	-0.008968	-0.008575	-0.012031	-0.00984	-0.00582	-0.006431481433358084
pri_breast_raynauds	pri_breast	raynauds	0.06216858987083025	0.056688	0.062072	0.064259	0.067531	0.062106	0.066118	0.06865192197110988
pri_breast_retinal_detach	pri_breast	retinal_detach	0.018476023396365986	0.014778	0.018457	0.019292	0.020482	0.018771	0.018895	0.019990052645012104
pri_breast_schizo	pri_breast	schizo	0.10790956686289312	0.102737	0.10837	0.107999	0.107903	0.108361	0.105222	0.09764470040411838
pri_breast_scoliosis	pri_breast	scoliosis	0.06007565458498848	0.05772	0.060115	0.059652	0.062608	0.05998	0.062369	0.06222169126578738
pri_breast_sinusitis	pri_breast	sinusitis	0.08202564115066316	0.085796	0.081868	0.083704	0.082171	0.082818	0.088328	0.0927628530057341
pri_breast_sleep_apnoea	pri_breast	sleep_apnoea	-0.0078071106075732755	0.025834	-0.008225	-0.009167	-0.011437	-0.008666	-0.006411	0.024316011610957495
pri_breast_spondylolisthesis	pri_breast	spondylolisthesis	0.026373130029608467	0.037933	0.026382	0.025442	0.024358	0.026259	0.029694	0.035824477333104635
pri_breast_spondylosis	pri_breast	spondylosis	0.011687651399082646	0.035918	0.01135	0.010484	0.008194	0.011182	0.018848	0.0360589785397189
pri_breast_stroke_all	pri_breast	stroke_all	-4.51943520406572e-4	0.013955	-0.002029	-0.000102	-0.002311	-0.001189	-0.001414	0.008905835120351955
pri_breast_tendon	pri_breast	tendon	-0.0917561132335103	-0.080888	-0.09207	-0.093626	-0.096488	-0.096814	-0.087424	-0.0899254629583678
pri_breast_thromboembolic	pri_breast	thromboembolic	0.043749278006502565	0.064634	0.04388	0.044177	0.039565	0.043753	0.046131	0.061855145196342845
pri_breast_TIA	pri_breast	TIA	-0.003552144353054269	0.00659	-0.004791	-0.004298	-0.00614	-0.00444	-0.002233	-5.499603500807875e-4
pri_breast_tinnitus	pri_breast	tinnitus	-0.0378606003585134	-0.042922	-0.037721	-0.036505	-0.034293	-0.03797	-0.034272	-0.032794851102169204
pri_breast_ulc_colitis	pri_breast	ulc_colitis	0.10441405633803857	0.102606	0.10431	0.105385	0.104467	0.104392	0.104634	0.10316901309102376
pri_breast_ulcer_peptic	pri_breast	ulcer_peptic	-0.06934702497324083	-0.055959	-0.070584	-0.071109	-0.073967	-0.078569	-0.065455	-0.07204488368539794
pri_breast_urine_incont	pri_breast	urine_incont	-0.04181882917079418	-0.026685	-0.041954	-0.041422	-0.045423	-0.044331	-0.038574	-0.0296518921526953
pri_breast_urolithiasis	pri_breast	urolithiasis	0.08442078187853053	0.092005	0.084493	0.083379	0.084041	0.084354	0.085073	0.09237801889017482
pri_breast_valve_nonrheumatic	pri_breast	valve_nonrheumatic	0.02602050317891289	0.036467	0.025653	0.026307	0.023474	0.025801	0.028423	0.03480372183695257
pri_colorectal_pri_prost	pri_colorectal	pri_prost	0.0907801395320059	0.092794	0.090361	0.083124	0.090992	0.087815	0.090454	0.08253559837547551
pri_colorectal_pri_skin	pri_colorectal	pri_skin	0.1449398590658155	0.148232	0.143646	0.145206	0.144381	0.143588	0.144924	0.1468631362618613
pri_colorectal_psoriasis	pri_colorectal	psoriasis	0.011991483307845953	0.008112	0.01401	0.010139	0.012683	0.021398	0.013107	0.018061564652968633
pri_colorectal_RA	pri_colorectal	RA	-0.04537694634743478	-0.050155	-0.04134	-0.046155	-0.043722	-0.034439	-0.044704	-0.03352978199179384
pri_colorectal_raynauds	pri_colorectal	raynauds	-0.08501272850087847	-0.083044	-0.084103	-0.076702	-0.088937	-0.081539	-0.084525	-0.07065432456983844
pri_colorectal_retinal_detach	pri_colorectal	retinal_detach	-0.05219578301457684	-0.050747	-0.052077	-0.048556	-0.05352	-0.055521	-0.052069	-0.051018676525327426
pri_colorectal_schizo	pri_colorectal	schizo	-0.011668606063423083	-0.009213	-0.014333	-0.011405	-0.011645	-0.006099	-0.012961	-0.0028360003590415365
pri_colorectal_scoliosis	pri_colorectal	scoliosis	0.04896507743741451	0.050089	0.048686	0.047002	0.047806	0.051085	0.049795	0.05124808032068368
pri_colorectal_sinusitis	pri_colorectal	sinusitis	-0.10376193169584388	-0.105474	-0.101357	-0.097338	-0.103846	-0.097412	-0.103757	-0.08969766814243203
pri_colorectal_sleep_apnoea	pri_colorectal	sleep_apnoea	-0.03596707824032649	-0.057837	-0.032509	-0.042883	-0.034196	-0.027845	-0.035551	-0.05853491334852875
pri_colorectal_spondylolisthesis	pri_colorectal	spondylolisthesis	-0.040042532311998794	-0.04551	-0.04016	-0.045079	-0.03892	-0.031123	-0.039262	-0.04073786371729981
pri_colorectal_spondylosis	pri_colorectal	spondylosis	0.01024642260373272	0.001386	0.013647	0.00424	0.012516	0.027266	0.012785	0.016312204306697616
pri_colorectal_stroke_all	pri_colorectal	stroke_all	-0.15176481540717396	-0.16326	-0.144583	-0.150852	-0.151076	-0.146003	-0.152176	-0.15098091281723594
pri_colorectal_tendon	pri_colorectal	tendon	-0.04370261947531353	-0.051152	-0.04174	-0.051909	-0.041947	-0.03252	-0.042872	-0.04510755309524925
pri_colorectal_thromboembolic	pri_colorectal	thromboembolic	-0.00202092768910011	-0.009873	-0.003104	1e-06	0.000968	0.004986	-0.001296	-0.002700872062898457
pri_colorectal_TIA	pri_colorectal	TIA	-0.14783187167148615	-0.154822	-0.141177	-0.152391	-0.147066	-0.141742	-0.147568	-0.1457512377514277
pri_colorectal_tinnitus	pri_colorectal	tinnitus	-0.010595133097712045	-0.008594	-0.012055	-0.003457	-0.013162	-0.009408	-0.009393	-9.195610304275936e-4
pri_colorectal_ulc_colitis	pri_colorectal	ulc_colitis	0.026694072918769726	0.027578	0.028099	0.031117	0.026686	0.027041	0.026754	0.03422963716579606
pri_colorectal_ulcer_peptic	pri_colorectal	ulcer_peptic	-0.07940093436768865	-0.090301	-0.074113	-0.087743	-0.078018	-0.067086	-0.07902	-0.07829169443394492
pri_colorectal_urine_incont	pri_colorectal	urine_incont	-0.1169008347116187	-0.130151	-0.115941	-0.115488	-0.115923	-0.109275	-0.116685	-0.11914992272427138
pri_colorectal_urolithiasis	pri_colorectal	urolithiasis	0.13763437343750107	0.1359	0.13721	0.132638	0.137919	0.139224	0.137869	0.13077098165999257
pri_colorectal_valve_nonrheumatic	pri_colorectal	valve_nonrheumatic	-0.05595252621208274	-0.061124	-0.044183	-0.054872	-0.054658	-0.051739	-0.055387	-0.0456497474077901
pri_prost_pri_skin	pri_prost	pri_skin	0.1538264110244176	0.146999	0.153551	0.153945	0.154663	0.151641	0.153881	0.1475080502104123
pri_prost_psoriasis	pri_prost	psoriasis	-0.11864354045515059	-0.107203	-0.11828	-0.120589	-0.119342	-0.105842	-0.114289	-0.0969375435278244
pri_prost_RA	pri_prost	RA	0.012586100808039452	0.026424	0.013665	0.0122	0.01095	0.035303	0.017105	0.042654379332438666
pri_prost_raynauds	pri_prost	raynauds	-0.08939780359022098	-0.098639	-0.08918	-0.082808	-0.088524	-0.083326	-0.084451	-0.07656576687422706
pri_prost_retinal_detach	pri_prost	retinal_detach	0.01733874313906484	0.012088	0.017382	0.020558	0.018371	0.01204	0.018038	0.01532560455247822
pri_prost_schizo	pri_prost	schizo	0.0035505118610278134	-0.00492	0.002925	0.003821	0.00353	0.013337	-0.002435	-0.0019603898475136715
pri_prost_scoliosis	pri_prost	scoliosis	0.038971627791615886	0.035573	0.038895	0.037333	0.040275	0.042592	0.042602	0.0435764571203902
pri_prost_sinusitis	pri_prost	sinusitis	0.0188226900835343	0.023849	0.0195	0.024687	0.018884	0.033422	0.027391	0.049622527326715384
pri_prost_sleep_apnoea	pri_prost	sleep_apnoea	-0.008241208907644041	0.039982	-0.007402	-0.01358	-0.01011	0.006823	-0.005927	0.042905739516887385
pri_prost_spondylolisthesis	pri_prost	spondylolisthesis	0.038716717858834716	0.055187	0.038702	0.035082	0.037789	0.05695	0.044209	0.06660399128634466
pri_prost_spondylosis	pri_prost	spondylosis	-0.010328955495677635	0.021562	-0.00955	-0.015221	-0.012255	0.016972	0.000644	0.04421448841981349
pri_prost_stroke_all	pri_prost	stroke_all	0.07774639059933475	0.101174	0.084674	0.079402	0.077025	0.095498	0.076284	0.1192288310894714
pri_prost_tendon	pri_prost	tendon	-0.007797514665489513	0.011924	-0.007313	-0.014094	-0.009755	0.014396	0.005846	0.028956425036989916
pri_prost_thromboembolic	pri_prost	thromboembolic	-0.018596293569746833	0.006289	-0.018862	-0.017044	-0.021512	-0.006811	-0.014987	0.012078939362381443
pri_prost_TIA	pri_prost	TIA	0.043205110620743455	0.058578	0.046806	0.040446	0.042136	0.061768	0.045493	0.0703554179164744
pri_prost_tinnitus	pri_prost	tinnitus	0.04429035484634985	0.037721	0.043968	0.050296	0.046902	0.046496	0.051381	0.05925704400132419
pri_prost_ulc_colitis	pri_prost	ulc_colitis	-0.008557869969699873	-0.011471	-0.008235	-0.005204	-0.008549	-0.008032	-0.008274	-0.007085892030299295
pri_prost_ulcer_peptic	pri_prost	ulcer_peptic	-0.07881743958219495	-0.059002	-0.078029	-0.085432	-0.081633	-0.051513	-0.071837	-0.043577744508078664
pri_prost_urine_incont	pri_prost	urine_incont	0.09102270081382785	0.120445	0.091324	0.092982	0.090137	0.115449	0.097844	0.1428117449102066
pri_prost_urolithiasis	pri_prost	urolithiasis	0.026294284303283292	0.036205	0.026158	0.021686	0.026089	0.028764	0.027321	0.03323176674662612
pri_prost_valve_nonrheumatic	pri_prost	valve_nonrheumatic	-0.0599975181343369	-0.047073	-0.059335	-0.059104	-0.061702	-0.052648	-0.056449	-0.04250973482939809
pri_skin_psoriasis	pri_skin	psoriasis	-0.0446834698567724	-0.02642	-0.043352	-0.044782	-0.042567	-0.038154	-0.044695	-0.02498168669510577
pri_skin_RA	pri_skin	RA	-0.12793547669208366	-0.111587	-0.125546	-0.127964	-0.122475	-0.122817	-0.128291	-0.11043696069638345
pri_skin_raynauds	pri_skin	raynauds	0.043747657144815516	0.032414	0.044497	0.044349	0.035827	0.047147	0.044376	0.032969472992702364
pri_skin_retinal_detach	pri_skin	retinal_detach	-0.020945401679300545	-0.028627	-0.020834	-0.020774	-0.024841	-0.023597	-0.020912	-0.030316375561885656
pri_skin_schizo	pri_skin	schizo	-0.04666568259758526	-0.059173	-0.048607	-0.046651	-0.046642	-0.042414	-0.047369	-0.05740906360354739
pri_skin_scoliosis	pri_skin	scoliosis	0.026171540879258517	0.021355	0.025952	0.026072	0.021862	0.027878	0.026426	0.0203106734279196
pri_skin_sinusitis	pri_skin	sinusitis	-0.016273013481055438	-0.009469	-0.014426	-0.015971	-0.016524	-0.00976	-0.0161	-0.0074907466329843485
pri_skin_sleep_apnoea	pri_skin	sleep_apnoea	-0.007040982557323524	0.061602	-0.004543	-0.00737	-0.000169	0.000122	-0.006929	0.06264546078117447
pri_skin_spondylolisthesis	pri_skin	spondylolisthesis	-0.003305259280515423	0.018469	-0.003358	-0.003535	0.000817	0.004818	-0.003056	0.020684737807391513
pri_skin_spondylosis	pri_skin	spondylosis	0.05874656026399332	0.110492	0.061283	0.058562	0.066489	0.076144	0.061045	0.12177971493453729
pri_skin_stroke_all	pri_skin	stroke_all	0.0068819630165738764	0.035895	0.017143	0.006965	0.010545	0.014622	0.006803	0.04563004865513026
pri_skin_tendon	pri_skin	tendon	0.006143212004474531	0.034506	0.007588	0.00579	0.013499	0.017227	0.007144	0.039890387425371585
pri_skin_thromboembolic	pri_skin	thromboembolic	-0.020927316572484853	0.014291	-0.0217	-0.020835	-0.011464	-0.015421	-0.020802	0.016528154621488957
pri_skin_TIA	pri_skin	TIA	-0.0024081606734485854	0.017872	0.004883	-0.002584	0.002604	0.005823	-0.002297	0.02536233083962118
pri_skin_tinnitus	pri_skin	tinnitus	0.019039710731427757	0.009561	0.018049	0.019428	0.011358	0.020048	0.019574	0.007213750505191123
pri_skin_ulc_colitis	pri_skin	ulc_colitis	0.005100338899730686	0.001083	0.00606	0.005306	0.005069	0.005368	0.005116	0.002260254810647161
pri_skin_ulcer_peptic	pri_skin	ulcer_peptic	-0.10189129756778946	-0.073897	-0.098569	-0.102541	-0.095694	-0.095753	-0.103086	-0.07464034031992962
pri_skin_urine_incont	pri_skin	urine_incont	-0.02814202036060104	0.004748	-0.02738	-0.028051	-0.022048	-0.019258	-0.028064	0.007989430497531896
pri_skin_urolithiasis	pri_skin	urolithiasis	0.05149269005412779	0.065724	0.051115	0.051298	0.052382	0.052694	0.051556	0.06465680132605932
pri_skin_valve_nonrheumatic	pri_skin	valve_nonrheumatic	0.008289984669969174	0.028326	0.018788	0.008356	0.013634	0.0121	0.008516	0.0359416227802578
psoriasis_RA	psoriasis	RA	0.32957728896732763	0.308064	0.327351	0.329542	0.326874	0.289723	0.322373	0.274370053056518
psoriasis_raynauds	psoriasis	raynauds	-0.015385133756600056	0.004171	-0.016336	-0.013803	-0.007878	-0.034207	-0.029509	-0.029760102428471692
psoriasis_retinal_detach	psoriasis	retinal_detach	-0.07803315677865717	-0.06687	-0.078265	-0.077389	-0.074919	-0.065022	-0.080187	-0.06135643796975145
psoriasis_schizo	psoriasis	schizo	0.012558881332189338	0.0329	0.014994	0.01262	0.012499	-0.013975	0.02738	0.020122227284763473
psoriasis_scoliosis	psoriasis	scoliosis	0.06726432521376761	0.076802	0.067632	0.066888	0.071595	0.059202	0.059422	0.061020688042348774
psoriasis_sinusitis	psoriasis	sinusitis	0.3230480715107848	0.317275	0.321421	0.325206	0.32358	0.296544	0.310133	0.2873977552448629
psoriasis_sleep_apnoea	psoriasis	sleep_apnoea	0.18596237004272786	0.108185	0.183394	0.18518	0.181718	0.15168	0.181705	0.09323162881575585
psoriasis_spondylolisthesis	psoriasis	spondylolisthesis	0.14302662477253594	0.111615	0.143224	0.142341	0.139947	0.102516	0.132176	0.0767171869812464
psoriasis_spondylosis	psoriasis	spondylosis	0.26567889703372183	0.216471	0.263539	0.265088	0.262272	0.212151	0.247716	0.1621031301195438
psoriasis_stroke_all	psoriasis	stroke_all	0.10626402321702863	0.063556	0.098195	0.106612	0.103388	0.067204	0.110872	0.03607230957055823
psoriasis_tendon	psoriasis	tendon	0.15689612823363433	0.117611	0.155317	0.155959	0.152189	0.105	0.130879	0.0584719397498011
psoriasis_thromboembolic	psoriasis	thromboembolic	0.14319572710858341	0.0924	0.144351	0.143616	0.137264	0.114789	0.135592	0.07911792134017508
psoriasis_TIA	psoriasis	TIA	0.11845060224516091	0.088357	0.111926	0.117881	0.114658	0.076342	0.114003	0.05045326080093565
psoriasis_tinnitus	psoriasis	tinnitus	0.12509772926747462	0.143846	0.126588	0.126732	0.133954	0.12213	0.111116	0.12851416383175177
psoriasis_ulc_colitis	psoriasis	ulc_colitis	0.25344072043114985	0.264484	0.252534	0.254471	0.253726	0.257358	0.254341	0.2658544106580635
psoriasis_ulcer_peptic	psoriasis	ulcer_peptic	0.11455375152329296	0.065756	0.110102	0.113501	0.109246	0.029974	0.096879	-0.01810580674322945
psoriasis_urine_incont	psoriasis	urine_incont	0.2141283624572643	0.170676	0.213361	0.21458	0.210379	0.169531	0.202743	0.13421330629050296
psoriasis_urolithiasis	psoriasis	urolithiasis	0.09326438625613434	0.072805	0.093891	0.09236	0.092634	0.088733	0.091465	0.07285268211565635
psoriasis_valve_nonrheumatic	psoriasis	valve_nonrheumatic	0.14566866901003478	0.117204	0.139418	0.145957	0.141888	0.127934	0.137808	0.097770075933359
RA_raynauds	RA	raynauds	0.2085805489592911	0.232945	0.207501	0.209856	0.23755	0.192226	0.199307	0.22157182662001032
RA_retinal_detach	RA	retinal_detach	-0.08218106312109184	-0.07116	-0.082869	-0.082042	-0.072669	-0.064856	-0.083969	-0.056341274718075415
RA_schizo	RA	schizo	0.12741538030386165	0.150166	0.133302	0.127434	0.128387	0.095914	0.141503	0.12544384216758117
RA_scoliosis	RA	scoliosis	0.15549670998505574	0.16646	0.156803	0.155422	0.169875	0.148722	0.149462	0.1615849997869823
RA_sinusitis	RA	sinusitis	0.3575109545458467	0.352365	0.354333	0.358762	0.361507	0.323789	0.347739	0.32021097254063596
RA_sleep_apnoea	RA	sleep_apnoea	0.1952117899366467	0.120128	0.189556	0.195284	0.179753	0.148125	0.191535	0.10229795890185693
RA_spondylolisthesis	RA	spondylolisthesis	0.29761060379356785	0.272092	0.298997	0.297693	0.290004	0.25132	0.290095	0.23370565967611473
RA_spondylosis	RA	spondylosis	0.429744810519895	0.398402	0.426075	0.43019	0.418597	0.368632	0.420987	0.3435782132694763
RA_stroke_all	RA	stroke_all	0.27908859106443995	0.245615	0.265111	0.27922	0.272411	0.235527	0.283821	0.21049116668559975
RA_tendon	RA	tendon	0.35235458603894243	0.323167	0.350151	0.352983	0.339332	0.295411	0.34081	0.26678331823090246
RA_thromboembolic	RA	thromboembolic	0.2701767047533073	0.229057	0.273492	0.270336	0.250707	0.238118	0.264654	0.21004071219372766
RA_TIA	RA	TIA	0.27049445505753916	0.245764	0.257842	0.270484	0.26053	0.221788	0.267508	0.19317385635122084
RA_tinnitus	RA	tinnitus	0.15886878008126643	0.178161	0.162431	0.159627	0.184367	0.157605	0.147575	0.18203928253790835
RA_ulc_colitis	RA	ulc_colitis	0.16928260969027634	0.178838	0.167392	0.169646	0.170974	0.174298	0.169456	0.17874424135479544
RA_ulcer_peptic	RA	ulcer_peptic	0.4224692695828431	0.393811	0.415947	0.423264	0.410579	0.347444	0.413986	0.31606324340801045
RA_urine_incont	RA	urine_incont	0.2875458098318447	0.249356	0.286635	0.287711	0.275036	0.229919	0.278911	0.20103283376983264
RA_urolithiasis	RA	urolithiasis	0.0315608431362291	0.009755	0.032841	0.031312	0.029597	0.023625	0.029663	0.012205522006677894
RA_valve_nonrheumatic	RA	valve_nonrheumatic	0.2539546339826786	0.229262	0.238649	0.254051	0.243172	0.23554	0.248097	0.20154143014863268
raynauds_retinal_detach	raynauds	retinal_detach	0.004161591647389268	-0.00357	0.00408	0.00079	-0.009086	0.010524	0.00239	-0.01428423361521266
raynauds_schizo	raynauds	schizo	0.07401729342802182	0.062573	0.075384	0.074027	0.07541	0.063474	0.09119	0.07451133747653754
raynauds_scoliosis	raynauds	scoliosis	0.22291575291919222	0.219356	0.223131	0.225751	0.211605	0.21995	0.215993	0.2002858357698999
raynauds_sinusitis	raynauds	sinusitis	0.17990375965179414	0.188551	0.178986	0.17485	0.181794	0.167091	0.162189	0.14364421807491548
raynauds_sleep_apnoea	raynauds	sleep_apnoea	0.10028312610248531	0.193057	0.098919	0.106585	0.127088	0.084793	0.094972	0.1887138996344414
raynauds_spondylolisthesis	raynauds	spondylolisthesis	0.17462099745109944	0.201926	0.174697	0.179589	0.192329	0.159646	0.163215	0.18958226392739022
raynauds_spondylosis	raynauds	spondylosis	0.28801377086921215	0.363295	0.287254	0.294849	0.320034	0.27555	0.268675	0.3443702731047959
raynauds_stroke_all	raynauds	stroke_all	0.10524129924306506	0.139345	0.103375	0.104176	0.119823	0.089358	0.110329	0.1192176537943395
raynauds_tendon	raynauds	tendon	0.20533845951241905	0.242684	0.204625	0.213464	0.23612	0.188671	0.178916	0.22125253664808645
raynauds_thromboembolic	raynauds	thromboembolic	0.11319188091436921	0.158115	0.113755	0.111912	0.151788	0.100896	0.104613	0.16906900263664967
raynauds_TIA	raynauds	TIA	0.12580985854260138	0.149878	0.124064	0.129537	0.145935	0.10925	0.121079	0.13236188537748267
raynauds_tinnitus	raynauds	tinnitus	0.15769639176329764	0.149308	0.158484	0.152508	0.134293	0.155949	0.142964	0.1037028957644034
raynauds_ulc_colitis	raynauds	ulc_colitis	0.03803071684281633	0.034102	0.037418	0.03456	0.03847	0.037534	0.03754	0.028131972582061314
raynauds_ulcer_peptic	raynauds	ulcer_peptic	0.16307058598681679	0.206516	0.16164	0.170764	0.19351	0.139089	0.144815	0.17811269770455687
raynauds_urine_incont	raynauds	urine_incont	0.24882677989544014	0.298682	0.248433	0.248083	0.27686	0.234708	0.236915	0.28422182590255213
raynauds_urolithiasis	raynauds	urolithiasis	-0.047676413412782635	-0.03436	-0.047418	-0.042836	-0.045532	-0.050686	-0.050684	-0.034313339377839515
raynauds_valve_nonrheumatic	raynauds	valve_nonrheumatic	0.1098337863353024	0.132916	0.108227	0.109086	0.130603	0.101642	0.100902	0.11440146383530392
retinal_detach_schizo	retinal_detach	schizo	-0.040352701103349604	-0.048534	-0.040205	-0.040504	-0.040346	-0.031543	-0.038798	-0.03333703913535346
retinal_detach_scoliosis	retinal_detach	scoliosis	-0.09223663417060687	-0.095837	-0.092213	-0.091493	-0.099741	-0.089279	-0.093602	-0.10026848753964497
retinal_detach_sinusitis	retinal_detach	sinusitis	0.017157462988864853	0.021778	0.01697	0.014517	0.016852	0.030993	0.014827	0.023170816728875936
retinal_detach_sleep_apnoea	retinal_detach	sleep_apnoea	-0.02328762235779399	0.018016	-0.023647	-0.020873	-0.012857	-0.009343	-0.024055	0.02348517832931891
retinal_detach_spondylolisthesis	retinal_detach	spondylolisthesis	-0.020879198521741107	-0.007036	-0.020873	-0.019134	-0.014625	-0.005207	-0.022654	0.0051215459782555485
retinal_detach_spondylosis	retinal_detach	spondylosis	-0.13802832459591158	-0.120434	-0.138656	-0.136104	-0.128909	-0.121041	-0.145624	-0.114255540736481
retinal_detach_stroke_all	retinal_detach	stroke_all	0.08832177728292263	0.110499	0.09117	0.087752	0.09443	0.105502	0.088885	0.12255002626795473
retinal_detach_tendon	retinal_detach	tendon	0.03859948696839508	0.058434	0.038472	0.041666	0.050368	0.061802	0.035909	0.07836394887725981
retinal_detach_thromboembolic	retinal_detach	thromboembolic	0.0573159535820427	0.08465	0.057419	0.056611	0.073899	0.069655	0.05634	0.09822016807282787
retinal_detach_TIA	retinal_detach	TIA	0.17398812410484385	0.190864	0.177484	0.175601	0.18315	0.195403	0.17351	0.21183327343755973
retinal_detach_tinnitus	retinal_detach	tinnitus	-0.009374654243264292	-0.01577	-0.009263	-0.012097	-0.021789	-0.007444	-0.011549	-0.029121847442024115
retinal_detach_ulc_colitis	retinal_detach	ulc_colitis	0.04707599009156342	0.044571	0.046987	0.045563	0.047157	0.04772	0.046989	0.04419441439871438
retinal_detach_ulcer_peptic	retinal_detach	ulcer_peptic	0.09833477922968845	0.125216	0.098666	0.101553	0.111264	0.143636	0.097291	0.16688162580381363
retinal_detach_urine_incont	retinal_detach	urine_incont	0.095360456881916425	0.123031	0.095298	0.094683	0.106235	0.118874	0.094275	0.13915479971855887
retinal_detach_urolithiasis	retinal_detach	urolithiasis	-0.045056297756451556	-0.036663	-0.045013	-0.042944	-0.043931	-0.042933	-0.045384	-0.03597450418046721
retinal_detach_valve_nonrheumatic	retinal_detach	valve_nonrheumatic	0.03482715846597023	0.048514	0.035289	0.034341	0.043287	0.04255	0.033745	0.050688434853142735
schizo_scoliosis	schizo	scoliosis	0.04304802287704987	0.038154	0.042715	0.043127	0.043366	0.037502	0.053253	0.04514243705974761
schizo_sinusitis	schizo	sinusitis	0.07981304455539304	0.087704	0.083313	0.079788	0.079822	0.057514	0.104808	0.09016220490872387
schizo_sleep_apnoea	schizo	sleep_apnoea	0.05314284551730262	0.13697	0.057728	0.053458	0.053432	0.028502	0.060177	0.12826756650050278
schizo_spondylolisthesis	schizo	spondylolisthesis	0.05986655192026411	0.084278	0.059873	0.060078	0.059938	0.032514	0.075301	0.06703170821963396
schizo_spondylosis	schizo	spondylosis	0.03453993759400832	0.085973	0.038735	0.034787	0.034656	-0.010914	0.067385	0.07446823783646815
schizo_stroke_all	schizo	stroke_all	0.016831377438735508	0.047492	0.034744	0.016781	0.016757	-0.009814	0.012533	0.027939320853888727
schizo_tendon	schizo	tendon	-0.18930990403105522	-0.167627	-0.18732	-0.189619	-0.191573	-0.237949	-0.160266	-0.19082710648269957
schizo_thromboembolic	schizo	thromboembolic	0.0013572167067740205	0.039535	5.8e-05	0.001295	0.001059	-0.019329	0.011679	0.023041981073992395
schizo_TIA	schizo	TIA	-4.962214295241647e-5	0.021156	0.012609	6.3e-05	-0.000215	-0.029749	0.006079	7.109244914724265e-4
schizo_tinnitus	schizo	tinnitus	0.1255966937585244	0.116812	0.124117	0.125684	0.127455	0.123151	0.14636	0.14235508229535734
schizo_ulc_colitis	schizo	ulc_colitis	0.08272560201035098	0.079076	0.084536	0.082666	0.082727	0.082472	0.084241	0.08053610900609451
schizo_ulcer_peptic	schizo	ulcer_peptic	0.09573966022017988	0.135833	0.103956	0.096243	0.096571	0.045057	0.121349	0.1058764933582199
schizo_urine_incont	schizo	urine_incont	0.07777495802159193	0.118176	0.079272	0.077728	0.078201	0.04572	0.095764	0.09926425251774726
schizo_urolithiasis	schizo	urolithiasis	-0.020002300203922765	-0.006183	-0.020741	-0.019853	-0.020032	-0.024266	-0.017401	-0.005247551561649508
schizo_valve_nonrheumatic	schizo	valve_nonrheumatic	0.011277009827633069	0.032236	0.029222	0.011236	0.011167	-0.002026	0.022076	0.044217673208145285
scoliosis_sinusitis	scoliosis	sinusitis	0.030891472917652773	0.034011	0.031355	0.032497	0.0306	0.022793	0.018134	0.011088500352157893
scoliosis_sleep_apnoea	scoliosis	sleep_apnoea	0.09822551231255716	0.148063	0.09907	0.097053	0.112103	0.091011	0.094856	0.14129703349383127
scoliosis_spondylolisthesis	scoliosis	spondylolisthesis	0.4575373443151352	0.477018	0.457538	0.457131	0.468417	0.459245	0.453289	0.47651571876726045
scoliosis_spondylosis	scoliosis	spondylosis	0.3872556368601063	0.44229	0.38878	0.386741	0.405482	0.396481	0.38143	0.4443834386298098
scoliosis_stroke_all	scoliosis	stroke_all	0.10747807817390542	0.123924	0.11451	0.107885	0.114749	0.100276	0.110415	0.12287606672598908
scoliosis_tendon	scoliosis	tendon	0.22599659732397231	0.246173	0.226534	0.225052	0.242451	0.222379	0.214104	0.23577550872972583
scoliosis_thromboembolic	scoliosis	thromboembolic	-0.011030931648053676	0.004254	-0.011199	-0.010608	0.006553	-0.018555	-0.017053	0.0069113273303872845
scoliosis_TIA	scoliosis	TIA	0.19534414973208816	0.207919	0.201828	0.194739	0.206188	0.190074	0.192569	0.2055092161081735
scoliosis_tinnitus	scoliosis	tinnitus	0.19212168094483273	0.1889	0.191998	0.194159	0.18102	0.191138	0.183941	0.17095642256589336
scoliosis_ulc_colitis	scoliosis	ulc_colitis	0.12052390653933394	0.118976	0.120787	0.121552	0.120939	0.120319	0.12039	0.11958048639450507
scoliosis_ulcer_peptic	scoliosis	ulcer_peptic	0.17408897119478428	0.197186	0.176459	0.172994	0.190215	0.171209	0.163917	0.18808350818449152
scoliosis_urine_incont	scoliosis	urine_incont	0.1322340209440948	0.154107	0.132447	0.132724	0.145306	0.124629	0.124052	0.14502933756679812
scoliosis_urolithiasis	scoliosis	urolithiasis	-0.024679763364419537	-0.019008	-0.024772	-0.025981	-0.023306	-0.026172	-0.026358	-0.022566198936854253
scoliosis_valve_nonrheumatic	scoliosis	valve_nonrheumatic	0.19348072374767272	0.205643	0.204715	0.193835	0.204879	0.189943	0.188514	0.20711867142680473
sinusitis_sleep_apnoea	sinusitis	sleep_apnoea	0.22564540236304517	0.22787	0.222253	0.231205	0.228495	0.196116	0.220534	0.22183097610435557
sinusitis_spondylolisthesis	sinusitis	spondylolisthesis	0.2903725233253843	0.283764	0.290943	0.29466	0.291769	0.260169	0.276825	0.25745940261111633
sinusitis_spondylosis	sinusitis	spondylosis	0.5027558829615457	0.520724	0.500749	0.509014	0.508499	0.475728	0.482282	0.488089977012668
sinusitis_stroke_all	sinusitis	stroke_all	-0.004697862822672085	-0.02225	-0.022414	-0.005895	-0.004371	-0.044483	0.001326	-0.06382982958915503
sinusitis_tendon	sinusitis	tendon	0.453981281081178	0.453358	0.452644	0.461768	0.459521	0.425797	0.427983	0.4190142668947251
sinusitis_thromboembolic	sinusitis	thromboembolic	0.15726832019578862	0.144427	0.158901	0.1563	0.16129	0.131873	0.146109	0.13309437037760533
sinusitis_TIA	sinusitis	TIA	0.20414373388217638	0.19593	0.196648	0.207287	0.205659	0.169844	0.199175	0.16283582634931018
sinusitis_tinnitus	sinusitis	tinnitus	0.34664872793478035	0.354634	0.349164	0.343433	0.350318	0.347729	0.330347	0.33311073647088
sinusitis_ulc_colitis	sinusitis	ulc_colitis	0.14496712632423198	0.147824	0.143589	0.142545	0.144965	0.146149	0.14612	0.14411607528522147
sinusitis_ulcer_peptic	sinusitis	ulcer_peptic	0.2780417188544438	0.271682	0.273384	0.284753	0.28187	0.223374	0.255012	0.2106793572887477
sinusitis_urine_incont	sinusitis	urine_incont	0.4022708631050089	0.402656	0.401672	0.40194	0.406152	0.372663	0.389067	0.3735837245352723
sinusitis_urolithiasis	sinusitis	urolithiasis	0.047180564416184165	0.039475	0.047983	0.051435	0.047264	0.042077	0.044129	0.04327105370774477
sinusitis_valve_nonrheumatic	sinusitis	valve_nonrheumatic	-0.012459952599813695	-0.024703	-0.030841	-0.013433	-0.012036	-0.032372	-0.027322	-0.06857431400536879
sleep_apnoea_spondylolisthesis	sleep_apnoea	spondylolisthesis	0.275100464343805	0.201905	0.276038	0.272972	0.267086	0.241837	0.271535	0.18921036930858537
sleep_apnoea_spondylosis	sleep_apnoea	spondylosis	0.43977847025468286	0.290182	0.436678	0.43765	0.428614	0.403459	0.44094	0.28096475394982545
sleep_apnoea_stroke_all	sleep_apnoea	stroke_all	0.33702339324119973	0.241394	0.32986	0.338863	0.330976	0.308855	0.339372	0.2367344265697182
sleep_apnoea_tendon	sleep_apnoea	tendon	0.3927888971213446	0.313445	0.39095	0.389827	0.380342	0.357746	0.395624	0.3126025146714636
sleep_apnoea_thromboembolic	sleep_apnoea	thromboembolic	0.2838364964737845	0.135082	0.286537	0.285758	0.26435	0.260861	0.281096	0.13561991814998423
sleep_apnoea_TIA	sleep_apnoea	TIA	0.3710992393347021	0.327105	0.364157	0.369801	0.362468	0.341999	0.369607	0.32031994163770033
sleep_apnoea_tinnitus	sleep_apnoea	tinnitus	0.060379685170530356	0.131556	0.062967	0.065182	0.084128	0.056088	0.053916	0.13091448632338776
sleep_apnoea_ulc_colitis	sleep_apnoea	ulc_colitis	0.019166340805518944	0.047685	0.016981	0.021893	0.019458	0.018078	0.018873	0.0480468173604648
sleep_apnoea_ulcer_peptic	sleep_apnoea	ulcer_peptic	0.3937164004305152	0.288377	0.38821	0.390809	0.38098	0.348447	0.391487	0.2776739197028721
sleep_apnoea_urine_incont	sleep_apnoea	urine_incont	0.3832336880758014	0.27036	0.382632	0.385397	0.372214	0.349814	0.380412	0.26271536156033504
sleep_apnoea_urolithiasis	sleep_apnoea	urolithiasis	0.19951761463580772	0.157654	0.201091	0.196533	0.199181	0.197268	0.19874	0.1559491035509432
sleep_apnoea_valve_nonrheumatic	sleep_apnoea	valve_nonrheumatic	0.27641374208478275	0.214636	0.266344	0.277881	0.265792	0.262478	0.273562	0.2157978500042913
spondylolisthesis_spondylosis	spondylolisthesis	spondylosis	0.7093630037950245	0.700379	0.711309	0.708623	0.707139	0.6916	0.70733	0.6886210957550792
spondylolisthesis_stroke_all	spondylolisthesis	stroke_all	0.3084690196290305	0.271169	0.322886	0.309629	0.304268	0.275504	0.314437	0.27501296562871325
spondylolisthesis_tendon	spondylolisthesis	tendon	0.31731395267390916	0.281206	0.317689	0.315038	0.309602	0.271645	0.299667	0.23223967726293918
spondylolisthesis_thromboembolic	spondylolisthesis	thromboembolic	0.05966990436483395	-0.005341	0.05965	0.060662	0.044446	0.025559	0.051317	-0.031390871171906275
spondylolisthesis_TIA	spondylolisthesis	TIA	0.24523266456509957	0.215972	0.251703	0.243993	0.238907	0.205833	0.241745	0.19300545615018505
spondylolisthesis_tinnitus	spondylolisthesis	tinnitus	0.11664378553958596	0.137976	0.116651	0.120312	0.131867	0.113443	0.102604	0.13022949286119262
spondylolisthesis_ulc_colitis	spondylolisthesis	ulc_colitis	-0.01957890790316818	-0.012271	-0.019542	-0.017697	-0.019584	-0.021738	-0.020412	-0.014514096028058459
spondylolisthesis_ulcer_peptic	spondylolisthesis	ulcer_peptic	0.27843221543235963	0.233894	0.280944	0.276038	0.270009	0.207675	0.264522	0.16919755918201088
spondylolisthesis_urine_incont	spondylolisthesis	urine_incont	0.21071866102299208	0.160165	0.210817	0.211914	0.202509	0.161525	0.19935	0.11941098699402393
spondylolisthesis_urolithiasis	spondylolisthesis	urolithiasis	0.14241260034497488	0.120705	0.142404	0.140119	0.141552	0.138934	0.140939	0.1202513254464677
spondylolisthesis_valve_nonrheumatic	spondylolisthesis	valve_nonrheumatic	0.2860220404385438	0.259037	0.299844	0.286979	0.279767	0.271246	0.279561	0.2634764061083397
spondylosis_stroke_all	spondylosis	stroke_all	0.3358048592084301	0.26292	0.330021	0.337433	0.329676	0.288002	0.354137	0.2503187535569169
spondylosis_tendon	spondylosis	tendon	0.7748190960291125	0.759139	0.774412	0.77392	0.770123	0.751596	0.759533	0.7274859294514152
spondylosis_thromboembolic	spondylosis	thromboembolic	0.2920131509388607	0.188877	0.294508	0.293743	0.272367	0.255955	0.282147	0.16774163943286957
spondylosis_TIA	spondylosis	TIA	0.3451248218120768	0.300647	0.338483	0.343836	0.335972	0.292407	0.344088	0.25783204601267706
spondylosis_tinnitus	spondylosis	tinnitus	0.2407414768963794	0.302158	0.243698	0.245891	0.269058	0.246761	0.215678	0.2929099036228953
spondylosis_ulc_colitis	spondylosis	ulc_colitis	0.06155397265554384	0.08339	0.05964	0.064155	0.062282	0.062957	0.061811	0.08286684047922703
spondylosis_ulcer_peptic	spondylosis	ulcer_peptic	0.5447539334305391	0.486749	0.541408	0.542812	0.535017	0.46628	0.525955	0.4030249296391759
spondylosis_urine_incont	spondylosis	urine_incont	0.5471305583362728	0.487082	0.546976	0.54937	0.538928	0.503043	0.536425	0.4505887099549407
spondylosis_urolithiasis	spondylosis	urolithiasis	0.19517827818240482	0.159763	0.196599	0.192432	0.194827	0.196584	0.195712	0.166985238838856
spondylosis_valve_nonrheumatic	spondylosis	valve_nonrheumatic	0.2475854596093487	0.194276	0.237581	0.24883	0.236336	0.226876	0.235663	0.1681123732919197
stroke_all_tendon	stroke_all	tendon	0.21148642221701966	0.155905	0.207913	0.213416	0.203588	0.16272	0.231379	0.14934337804624767
stroke_all_thromboembolic	stroke_all	thromboembolic	0.3619321220683732	0.304377	0.385418	0.361721	0.35545	0.340899	0.366013	0.340790031096456
stroke_all_TIA	stroke_all	TIA	0.8421431113359662	0.836553	0.833829	0.843405	0.841302	0.834684	0.8452	0.8301336445650727
stroke_all_tinnitus	stroke_all	tinnitus	-0.00522002665386216	0.018805	0.003924	-0.006417	0.006411	-0.011083	-0.000399	0.019460852086782145
stroke_all_ulc_colitis	stroke_all	ulc_colitis	0.029535350012671695	0.040755	0.022011	0.028867	0.029669	0.028647	0.02977	0.03081219582895538
stroke_all_ulcer_peptic	stroke_all	ulcer_peptic	0.25570793291803445	0.193488	0.230244	0.25772	0.248267	0.18907	0.266097	0.13034808230907372
stroke_all_urine_incont	stroke_all	urine_incont	0.2841533677987076	0.222646	0.289787	0.283914	0.277869	0.243312	0.29108	0.21638102956679886
stroke_all_urolithiasis	stroke_all	urolithiasis	0.12454115939871478	0.096066	0.133987	0.125743	0.123684	0.120684	0.125377	0.10994144567673703
stroke_all_valve_nonrheumatic	stroke_all	valve_nonrheumatic	0.4457878840848646	0.419671	0.393742	0.445665	0.441715	0.436116	0.450377	0.37252147255243084
tendon_thromboembolic	tendon	thromboembolic	0.25152822629765065	0.18515	0.252852	0.253811	0.229992	0.217954	0.239581	0.1596593619749055
tendon_TIA	tendon	TIA	0.3205345676415683	0.287432	0.318982	0.318944	0.310777	0.274558	0.320921	0.2539722762151304
tendon_tinnitus	tendon	tinnitus	0.19667183399353066	0.227888	0.198309	0.20307	0.224761	0.197177	0.164606	0.2145816683476908
tendon_ulc_colitis	tendon	ulc_colitis	0.032737689375057055	0.04381	0.031502	0.036012	0.033198	0.031988	0.032288	0.042066543807342344
tendon_ulcer_peptic	tendon	ulcer_peptic	0.514786014834526	0.475532	0.513891	0.512022	0.50409	0.452423	0.492167	0.4013488406336952
tendon_urine_incont	tendon	urine_incont	0.45608361395373825	0.410803	0.455601	0.459018	0.445953	0.411357	0.441493	0.37192513435879604
tendon_urolithiasis	tendon	urolithiasis	0.1963882595277295	0.171477	0.197142	0.19288	0.196097	0.195638	0.198725	0.17911366428419828
tendon_valve_nonrheumatic	tendon	valve_nonrheumatic	0.1138765206724481	0.071046	0.105742	0.115239	0.10014	0.088362	0.094538	0.032616359191216124
thromboembolic_TIA	thromboembolic	TIA	0.2321485184033399	0.184849	0.243199	0.233048	0.217749	0.204436	0.229385	0.19085423376963365
thromboembolic_tinnitus	thromboembolic	tinnitus	0.07098129481998172	0.106118	0.070321	0.069786	0.105194	0.067529	0.060625	0.11347613807714409
thromboembolic_ulc_colitis	thromboembolic	ulc_colitis	0.095212523831923	0.113585	0.095953	0.094496	0.097236	0.095259	0.095012	0.11398950829178933
thromboembolic_ulcer_peptic	thromboembolic	ulcer_peptic	0.16653084812102809	0.077668	0.17094	0.168504	0.141735	0.110223	0.155468	0.04379744322056747
thromboembolic_urine_incont	thromboembolic	urine_incont	0.2664476687411191	0.185855	0.26715	0.266159	0.248389	0.235763	0.259266	0.16165186846793797
thromboembolic_urolithiasis	thromboembolic	urolithiasis	0.10324613680774208	0.066844	0.102992	0.10458	0.102005	0.099552	0.101896	0.0694337484665917
thromboembolic_valve_nonrheumatic	thromboembolic	valve_nonrheumatic	0.2021378031491801	0.153955	0.218762	0.201931	0.186063	0.189148	0.196925	0.1733322564954705
TIA_tinnitus	TIA	tinnitus	0.04415373239589313	0.062281	0.052213	0.046797	0.061138	0.039035	0.03793	0.06339071323398843
TIA_ulc_colitis	TIA	ulc_colitis	0.0416079793015274	0.04957	0.036105	0.043149	0.041897	0.041015	0.041356	0.04244091512916133
TIA_ulcer_peptic	TIA	ulcer_peptic	0.38628446105508146	0.352564	0.370198	0.384937	0.377402	0.329422	0.384412	0.2863033197529292
TIA_urine_incont	TIA	urine_incont	0.2881792895923195	0.246978	0.290062	0.289134	0.279059	0.243424	0.284799	0.22251500438947788
TIA_urolithiasis	TIA	urolithiasis	0.1727984470974369	0.153284	0.179938	0.17113	0.172036	0.170127	0.17202	0.16359604614978168
TIA_valve_nonrheumatic	TIA	valve_nonrheumatic	0.5398070769129432	0.523603	0.509639	0.54068	0.534857	0.532949	0.538348	0.49211087195760556
tinnitus_ulc_colitis	tinnitus	ulc_colitis	0.08238196782177641	0.07936	0.083357	0.079755	0.08331	0.082215	0.082313	0.0779219474644987
tinnitus_ulcer_peptic	tinnitus	ulcer_peptic	0.0966891303412799	0.129947	0.10152	0.102439	0.123085	0.094148	0.073718	0.12238867269380367
tinnitus_urine_incont	tinnitus	urine_incont	0.260380351283326	0.303755	0.26132	0.259672	0.286326	0.262643	0.246873	0.29999572495532445
tinnitus_urolithiasis	tinnitus	urolithiasis	0.12222928644075602	0.13511	0.121911	0.126788	0.126439	0.121471	0.120446	0.13786841672724637
tinnitus_valve_nonrheumatic	tinnitus	valve_nonrheumatic	0.11137131902984099	0.130471	0.126154	0.110714	0.130454	0.109167	0.10118	0.13201088157471355
ulc_colitis_ulcer_peptic	ulc_colitis	ulcer_peptic	0.08941152089825903	0.105575	0.086425	0.09283	0.09053	0.095661	0.089706	0.10747297442520282
ulc_colitis_urine_incont	ulc_colitis	urine_incont	0.032522962268845074	0.04638	0.031846	0.031732	0.032884	0.031724	0.031978	0.042078254235353024
ulc_colitis_urolithiasis	ulc_colitis	urolithiasis	0.09022471144178608	0.095787	0.090636	0.092844	0.090249	0.090041	0.090112	0.09888167795476531
ulc_colitis_valve_nonrheumatic	ulc_colitis	valve_nonrheumatic	0.047715360961748755	0.055577	0.040946	0.047206	0.048065	0.047214	0.047357	0.0464361176016984
ulcer_peptic_urine_incont	ulcer_peptic	urine_incont	0.40591099817643966	0.346094	0.406299	0.408617	0.394573	0.33483	0.392706	0.2888969912988538
ulcer_peptic_urolithiasis	ulcer_peptic	urolithiasis	0.1914961189188969	0.16273	0.194716	0.188028	0.191196	0.197325	0.190761	0.17891703017067137
ulcer_peptic_valve_nonrheumatic	ulcer_peptic	valve_nonrheumatic	0.2604143208807188	0.219529	0.234948	0.262168	0.248823	0.240459	0.250712	0.17621868917544564
urine_incont_urolithiasis	urine_incont	urolithiasis	0.1320961312391766	0.099184	0.132445	0.133497	0.131082	0.128379	0.130464	0.10301348159124353
urine_incont_valve_nonrheumatic	urine_incont	valve_nonrheumatic	0.11216467601329057	0.060125	0.110018	0.111929	0.100094	0.088299	0.102889	0.044838944254987266
urolithiasis_valve_nonrheumatic	urolithiasis	valve_nonrheumatic	0.06032665078675451	0.038418	0.067014	0.061209	0.058921	0.057393	0.058785	0.047464377786380865
