pair_id	disease1	disease2	baseline_rg	joint_rg	absolute_attenuation	proportional_attenuation	signed_delta_rg	prop_atten_flag	baseline_FDR	joint_FDR
AAA_AF	AAA	AF	0.14633514128370315	0.11136513207090257	0.03497000921280058	0.23897205350697992	0.03497000921280058	OK	0.0008220236397256647	0.07727344856926896
AAA_alc_problems	AAA	alc_problems	0.11655333265926685	-0.03920282858898534	0.0773505040702815	nan	0.1557561612482522	PROPORTIONAL_ATTENUATION_UNSTABLE	0.09217034170492623	0.7277450041567294
AAA_allergic_rhinitis	AAA	allergic_rhinitis	0.059204903577827955	0.06418872748513232	-0.004983823907304369	nan	-0.004983823907304369	PROPORTIONAL_ATTENUATION_UNSTABLE	0.4080904307553584	0.45632685105448567
AAA_anxiety	AAA	anxiety	0.19191974459296876	0.16053028710070505	0.03138945749226371	0.16355512330862965	0.03138945749226371	OK	2.9446764382327734e-05	0.0045211177012067505
AAA_asthma	AAA	asthma	0.1134310473381138	0.014297496661474448	0.09913355067663934	0.8739542920832191	0.09913355067663934	OK	0.035487715348938936	0.8431272931283504
AAA_b12_def	AAA	b12_def	0.1321707521622043	0.014863296154320913	0.11730745600788339	nan	0.11730745600788339	PROPORTIONAL_ATTENUATION_UNSTABLE	0.21110964872713522	0.9278035001321672
AAA_BPH	AAA	BPH	-0.033464077631544145	-0.01354016090936754	0.019923916722176603	nan	-0.019923916722176603	PROPORTIONAL_ATTENUATION_UNSTABLE	0.6663939944864398	0.883299220676012
AAA_bursitis	AAA	bursitis	0.019100015498997695	-0.10758262374831826	-0.08848260824932055	nan	0.12668263924731596	PROPORTIONAL_ATTENUATION_UNSTABLE	0.8597596392678332	0.42751310160824835
AAA_carpal_tunnel	AAA	carpal_tunnel	0.051948375076273944	-0.0775122087689466	-0.025563833692672656	nan	0.12946058384522055	PROPORTIONAL_ATTENUATION_UNSTABLE	0.2543073690555654	0.15796841277636442
AAA_cataract	AAA	cataract	0.09888283497418751	0.05656862349118208	0.04231421148300543	nan	0.04231421148300543	PROPORTIONAL_ATTENUATION_UNSTABLE	0.10067671760788927	0.43698991299576717
AAA_cholelithiasis	AAA	cholelithiasis	0.13591932787897565	0.03194267669756427	0.10397665118141138	nan	0.10397665118141138	PROPORTIONAL_ATTENUATION_UNSTABLE	0.07321270496662295	0.7982837460095309
AAA_CKD	AAA	CKD	0.10661306916704026	0.04263566533494153	0.06397740383209874	nan	0.06397740383209874	PROPORTIONAL_ATTENUATION_UNSTABLE	0.11773213978210119	0.7035082329937997
AAA_COPD	AAA	COPD	0.31037648791781813	0.13408473509438987	0.17629175282342827	0.5679932587873957	0.17629175282342827	OK	1.6536642967937408e-06	0.15842177390420148
AAA_coronary_heart	AAA	coronary_heart	0.27118101580180703	0.16985761249247305	0.10132340330933398	0.37363752403444905	0.10132340330933398	OK	1.6686572657923328e-09	0.011226150800734578
AAA_deaf	AAA	deaf	0.06629806041887361	0.014854787930419588	0.05144327248845402	nan	0.05144327248845402	PROPORTIONAL_ATTENUATION_UNSTABLE	0.19899101111914552	0.8362781673750119
AAA_depression	AAA	depression	0.15758184338936007	0.07674095747183665	0.08084088591752342	0.5130088859144657	0.08084088591752342	OK	0.002233479589485248	0.23131218575748866
AAA_diabetes_type_2	AAA	diabetes_type_2	0.16305776879434247	0.036714609519529096	0.12634315927481338	0.7748367968542755	0.12634315927481338	OK	0.0008234734538158316	0.7113915710708311
AAA_diverticuli	AAA	diverticuli	0.13372130833207252	0.0768697359430741	0.05685157238899842	0.4251496870477657	0.05685157238899842	OK	0.0015037410896771865	0.15876284432430046
AAA_ED	AAA	ED	0.14671531355252454	0.018529602789170405	0.12818571076335414	nan	0.12818571076335414	PROPORTIONAL_ATTENUATION_UNSTABLE	0.07401998561046652	0.8974101158868105
AAA_enthesopathy_lower	AAA	enthesopathy_lower	0.26857170016723975	0.18005873746411313	0.08851296270312661	0.32956920869923956	0.08851296270312661	OK	0.0007510368588422832	0.07977413214139648
AAA_enthesopathy_shoulder	AAA	enthesopathy_shoulder	0.15005411964118495	0.0381275137872192	0.11192660585396574	0.7459082504472976	0.11192660585396574	OK	0.03634199645889914	0.686754648991567
AAA_enthesopathy_upper	AAA	enthesopathy_upper	0.1162273642200094	-0.018476125419148726	0.09775123880086067	nan	0.13470348963915812	PROPORTIONAL_ATTENUATION_UNSTABLE	0.11572443613165101	0.8751002320555507
AAA_essential_tremor	AAA	essential_tremor	0.09788107757366435	0.0936139771893222	0.004267100384342151	nan	0.004267100384342151	PROPORTIONAL_ATTENUATION_UNSTABLE	0.3058464076307247	0.4249889513705644
AAA_female_genital_prolapse	AAA	female_genital_prolapse	0.08891196749669909	0.06335454806674197	0.025557419429957123	0.28744633764747085	0.025557419429957123	OK	0.07013610252792611	0.3052989243815547
AAA_fibromatosis	AAA	fibromatosis	0.045240880983091494	0.03414716588564106	0.011093715097450434	nan	0.011093715097450434	PROPORTIONAL_ATTENUATION_UNSTABLE	0.4978525274328504	0.6851584036574185
AAA_fibromyalgia	AAA	fibromyalgia	0.19270311901877926	0.06957144235095851	0.12313167666782075	0.638970854726131	0.12313167666782075	OK	0.03249197763801292	0.5975981683756575
AAA_gastritis_duodenitis	AAA	gastritis_duodenitis	0.1197921476005593	-0.02837229100907861	0.09141985659148069	0.7631539998457617	0.1481644386096379	OK	0.0474856727269361	0.7615014355965459
AAA_glaucoma	AAA	glaucoma	0.007908021552155371	0.031736024953295146	-0.023828003401139775	nan	-0.023828003401139775	PROPORTIONAL_ATTENUATION_UNSTABLE	0.8949195453785903	0.6285898677191673
AAA_GORD	AAA	GORD	0.19605163708317108	0.07077248162871351	0.12527915545445756	0.6390110142324918	0.12527915545445756	OK	3.4047766243797885e-07	0.18594084460810464
AAA_gout	AAA	gout	0.17554071657615813	0.071980027641026	0.10356068893513214	0.5899525247192576	0.10356068893513214	OK	0.0004444720465896359	0.39751617616704354
AAA_HF	AAA	HF	0.29342127366891246	0.19155869088595165	0.10186258278296081	0.3471547291349414	0.10186258278296081	OK	6.812348247764974e-08	0.03117599742841951
AAA_hypertension	AAA	hypertension	0.30710779409146016	0.3691986027100228	-0.06209080861856264	-0.20217920161307035	-0.06209080861856264	ENHANCED	1.799030123556293e-07	2.0675740246381353e-13
AAA_hyperthyroid	AAA	hyperthyroid	0.2750396929090442	0.2735557058234283	0.0014839870856158677	0.005395537894621771	0.0014839870856158677	OK	0.00015337521361126485	0.0008509711827306643
AAA_hypothyroid	AAA	hypothyroid	0.0571179327626086	0.005726887173630099	0.0513910455889785	nan	0.0513910455889785	PROPORTIONAL_ATTENUATION_UNSTABLE	0.5113059844088623	0.9632740241645126
AAA_IBS	AAA	IBS	0.056394050549958295	0.0404799723887356	0.015914078161222693	nan	0.015914078161222693	PROPORTIONAL_ATTENUATION_UNSTABLE	0.25694522086935256	0.5017980469849049
AAA_IDA	AAA	IDA	0.1313619721814539	0.0027655504609600218	0.12859642172049388	nan	0.12859642172049388	PROPORTIONAL_ATTENUATION_UNSTABLE	0.2804793498921229	0.989812261336464
AAA_insomnia	AAA	insomnia	0.2915691347569911	0.2555049731383382	0.03606416161865289	0.12368991542506935	0.03606416161865289	OK	0.004466314688140902	0.07734467762308381
AAA_intervert_disc	AAA	intervert_disc	0.17011943360769388	0.05376907890450486	0.11635035470318902	0.683933353384542	0.11635035470318902	OK	0.0005808317266676043	0.40633601838483624
AAA_isch_stroke_tia	AAA	isch_stroke_tia	0.2840297219800206	0.22800355529878033	0.05602616668124025	0.19725459114163157	0.05602616668124025	OK	0.0009035782214755676	0.04197299141248092
AAA_migraine	AAA	migraine	0.2536168303063142	0.22816308990119377	0.02545374040512044	0.10036297817608486	0.02545374040512044	OK	9.851710767717498e-08	3.1492198185390126e-05
AAA_OA	AAA	OA	0.2619573036539439	0.1553165317991617	0.10664077185478218	0.407092187800417	0.10664077185478218	OK	1.0918618391686389e-07	0.009610552627115817
AAA_osteoporosis	AAA	osteoporosis	0.031851323392206775	0.07187188843429484	-0.04002056504208807	nan	-0.04002056504208807	PROPORTIONAL_ATTENUATION_UNSTABLE	0.6698803964432755	0.3453533345906729
AAA_periph_neuro	AAA	periph_neuro	0.26923413042095584	0.1415318328500511	0.12770229757090473	0.4743168979773785	0.12770229757090473	OK	0.0004895231754107637	0.24781172576655655
AAA_peripheral_arterial	AAA	peripheral_arterial	0.4629748488149627	0.37057731317250353	0.09239753564245917	0.1995735532480032	0.09239753564245917	OK	1.3397767985194573e-06	0.009625460004867222
AAA_PMR	AAA	PMR	0.12365779739407692	0.10081584988221307	0.022841947511863858	nan	0.022841947511863858	PROPORTIONAL_ATTENUATION_UNSTABLE	0.2514656300067666	0.43402757601094605
AAA_pri_bladder	AAA	pri_bladder	0.017928288092982116	-0.027658794833848484	-0.009730506740866368	nan	0.0455870829268306	PROPORTIONAL_ATTENUATION_UNSTABLE	0.9120272315032569	0.883299220676012
AAA_pri_breast	AAA	pri_breast	-0.03983238851932375	-0.037994387664941266	0.0018380008543824808	nan	-0.0018380008543824808	PROPORTIONAL_ATTENUATION_UNSTABLE	0.3882860712694405	0.48608238296396156
AAA_pri_colorectal	AAA	pri_colorectal	-0.06712204206165526	-0.09114354745802354	-0.024021505396368284	nan	0.024021505396368284	PROPORTIONAL_ATTENUATION_UNSTABLE	0.432324614025921	0.3575499276773048
AAA_pri_prost	AAA	pri_prost	0.0039973178953299285	0.021319965561909734	-0.017322647666579805	nan	-0.017322647666579805	PROPORTIONAL_ATTENUATION_UNSTABLE	0.9579030060535716	0.8088349757722458
AAA_pri_skin	AAA	pri_skin	-0.08843116255338204	-0.06716981223974165	0.02126135031364039	nan	-0.02126135031364039	PROPORTIONAL_ATTENUATION_UNSTABLE	0.07516132760374276	0.28704758483279874
AAA_psoriasis	AAA	psoriasis	0.13109426069704322	0.051765191860092874	0.07932906883695034	0.6051299913142543	0.07932906883695034	OK	0.052108450126918456	0.5628221834809777
AAA_RA	AAA	RA	0.2704702050840726	0.19786037670613113	0.07260982837794147	0.2684577709968886	0.07260982837794147	OK	0.00013412211465399046	0.01514844365638541
AAA_raynauds	AAA	raynauds	-0.03444173645282694	-0.021228994141062038	0.013212742311764905	nan	-0.013212742311764905	PROPORTIONAL_ATTENUATION_UNSTABLE	0.7700627480672407	0.8901087114234516
AAA_retinal_detach	AAA	retinal_detach	0.08046461998008324	0.12986532717614155	-0.04940070719605831	nan	-0.04940070719605831	PROPORTIONAL_ATTENUATION_UNSTABLE	0.2988256264482341	0.1436800348887084
AAA_schizo	AAA	schizo	0.03253033595851277	0.025339377340437372	0.007190958618075397	nan	0.007190958618075397	PROPORTIONAL_ATTENUATION_UNSTABLE	0.44355436681554206	0.6485070851837084
AAA_scoliosis	AAA	scoliosis	0.11504661943645285	0.11848370959380775	-0.0034370901573548968	nan	-0.0034370901573548968	PROPORTIONAL_ATTENUATION_UNSTABLE	0.1479204153824364	0.22530376550417877
AAA_sinusitis	AAA	sinusitis	0.17993514299112137	0.15783141345427254	0.022103729536848832	0.12284275972670611	0.022103729536848832	OK	0.05697931725170403	0.16960770116692248
AAA_sleep_apnoea	AAA	sleep_apnoea	0.3048542086570067	0.18466614107077955	0.12018806758622713	0.3942476901194809	0.12018806758622713	OK	2.1730450326898457e-07	0.0038219205450783396
AAA_spondylolisthesis	AAA	spondylolisthesis	0.3229922636455038	0.25640642937300523	0.06658583427249859	0.20615303141000008	0.06658583427249859	OK	0.0010570129019516696	0.02925432735195646
AAA_spondylosis	AAA	spondylosis	0.26785049438755476	0.12794738185626686	0.1399031125312879	0.5223179178786995	0.1399031125312879	OK	0.00047883712642528704	0.20741198444833503
AAA_stroke_all	AAA	stroke_all	0.3515922212051168	0.3030050662959576	0.048587154909159214	0.13819178007585597	0.048587154909159214	OK	5.822699765316792e-05	0.00134060485673968
AAA_tendon	AAA	tendon	0.1729018959463464	0.055182351099406626	0.11771954484693976	0.6808458877944843	0.11771954484693976	OK	0.01775421651806356	0.5847031448998509
AAA_thromboembolic	AAA	thromboembolic	0.2898008786847804	0.23486293572236264	0.054937942962417746	0.1895713470978615	0.054937942962417746	OK	4.4536959854871334e-05	0.00411269179716038
AAA_TIA	AAA	TIA	0.4685103377380105	0.43151532163945056	0.03699501609855993	0.07896307321023821	0.03699501609855993	OK	1.3350748629417762e-09	2.3146624106685524e-07
AAA_tinnitus	AAA	tinnitus	-0.018101630711903884	0.006875846085377745	0.011225784626526139	nan	-0.024977476797281628	PROPORTIONAL_ATTENUATION_UNSTABLE	0.9076426715281048	0.9697560931499867
AAA_ulc_colitis	AAA	ulc_colitis	-0.06446423182092617	-0.055368486546196444	0.009095745274729727	nan	-0.009095745274729727	PROPORTIONAL_ATTENUATION_UNSTABLE	0.19503262767959204	0.3556666404651789
AAA_ulcer_peptic	AAA	ulcer_peptic	0.3121522502064216	0.17632450617537962	0.135827744031042	0.43513299661053584	0.135827744031042	OK	6.84117499171879e-05	0.09786129026133113
AAA_urine_incont	AAA	urine_incont	0.17596512513618598	0.07253426325411741	0.10343086188206857	0.58779182410162	0.10343086188206857	OK	0.018530939973520063	0.4699599048269456
AAA_urolithiasis	AAA	urolithiasis	0.10582417865351819	0.06913192808716155	0.03669225056635664	nan	0.03669225056635664	PROPORTIONAL_ATTENUATION_UNSTABLE	0.08843435202697728	0.38255654839383446
AAA_valve_nonrheumatic	AAA	valve_nonrheumatic	0.22861515967109697	0.19931042817724468	0.029304731493852293	0.12818367572829503	0.029304731493852293	OK	0.0008753192506307497	0.005029430877518979
AF_alc_problems	AF	alc_problems	0.12519319320280295	0.05492365457565225	0.0702695386271507	0.5612888115515966	0.0702695386271507	OK	0.0023574843439719724	0.3428224538526982
AF_allergic_rhinitis	AF	allergic_rhinitis	0.06565303756215957	0.06483809911542487	0.0008149384467346921	nan	0.0008149384467346921	PROPORTIONAL_ATTENUATION_UNSTABLE	0.10005793878429102	0.174001988231298
AF_anxiety	AF	anxiety	0.11609775176011958	0.10686929919838963	0.009228452561729952	0.07948864144068635	0.009228452561729952	OK	0.0001526424272095428	0.0018229368596875603
AF_asthma	AF	asthma	0.11994320734420566	0.04722264346873033	0.07272056387547533	0.6062916398990925	0.07272056387547533	OK	7.592961417103942e-07	0.1565466771689509
AF_b12_def	AF	b12_def	0.05546042837571849	-0.0384334460330443	0.01702698234267419	nan	0.09389387440876279	PROPORTIONAL_ATTENUATION_UNSTABLE	0.348985083303307	0.6117998710147854
AF_BPH	AF	BPH	0.11215784845262455	0.1226207444270718	-0.010462895974447245	-0.09328723864444277	-0.010462895974447245	ENHANCED	0.00029721146430468885	0.0004017038715926063
AF_bursitis	AF	bursitis	0.1391780603098336	0.09121124154399457	0.047966818765839025	0.3446435354757559	0.047966818765839025	OK	0.018105806276332258	0.2454901749058478
AF_carpal_tunnel	AF	carpal_tunnel	0.08864208597265662	-0.0007271756521695661	0.08791491032048705	0.9917964966168116	0.08936926162482618	OK	0.0009606499279129809	0.989812261336464
AF_cataract	AF	cataract	0.11843858825335332	0.08010809473049017	0.03833049352286315	0.3236318001432942	0.03833049352286315	OK	5.528450972285953e-05	0.02559281748151247
AF_cholelithiasis	AF	cholelithiasis	0.1565441185632619	0.07602494035653173	0.08051917820673016	0.5143545407245123	0.08051917820673016	OK	9.308035215680185e-10	0.030823767870422816
AF_CKD	AF	CKD	0.12431476865787419	0.028927657437333845	0.09538711122054035	0.7673031309984942	0.09538711122054035	OK	5.660685573466947e-05	0.5348653558145873
AF_COPD	AF	COPD	0.11961374889433432	0.003601614540471424	0.1160121343538629	0.9698896274570153	0.1160121343538629	OK	3.7514530904551534e-06	0.9471667592695883
AF_coronary_heart	AF	coronary_heart	0.263373627302607	0.16812786838585897	0.09524575891674802	0.3616374194038571	0.09524575891674802	OK	3.284251366932243e-41	3.210336407821823e-11
AF_deaf	AF	deaf	-0.001961214587012465	-0.011359832419459497	-0.009398617832447033	nan	0.009398617832447033	PROPORTIONAL_ATTENUATION_UNSTABLE	0.9526732837980558	0.7636243813195115
AF_depression	AF	depression	0.10803595403091011	0.07769225414735641	0.030343699883553704	0.2808666814278521	0.030343699883553704	OK	1.2549037977284035e-05	0.009029578765549221
AF_diabetes_type_2	AF	diabetes_type_2	0.16705407974195208	0.050075481309730156	0.11697859843222191	0.7002438887629587	0.11697859843222191	OK	3.497358151031863e-15	0.346775125189042
AF_diverticuli	AF	diverticuli	0.11175602046168566	0.08518003012722995	0.026575990334455707	0.23780365679329996	0.026575990334455707	OK	4.596501828217271e-08	0.00023396199177690518
AF_ED	AF	ED	0.2213430742113148	0.14167460322633357	0.07966847098498123	0.35993207046958353	0.07966847098498123	OK	3.813132955359897e-06	0.04100924407894521
AF_enthesopathy_lower	AF	enthesopathy_lower	0.11495428487895042	0.002576125459555845	0.11237815941939457	0.977590000561801	0.11237815941939457	OK	0.014153713355084228	0.9764583530117446
AF_enthesopathy_shoulder	AF	enthesopathy_shoulder	0.053479670334567596	-0.016091668350443556	0.037388001984124036	0.6991068147994473	0.06957133868501116	OK	0.06803419762234626	0.6950404058382664
AF_enthesopathy_upper	AF	enthesopathy_upper	0.07532887891199781	0.017635944250332887	0.057692934661664926	0.7658807019956331	0.057692934661664926	OK	0.01994626486184814	0.7204276158199922
AF_essential_tremor	AF	essential_tremor	0.035167404852268734	0.019012853628129538	0.016154551224139196	nan	0.016154551224139196	PROPORTIONAL_ATTENUATION_UNSTABLE	0.5717858056259717	0.8049836087823199
AF_female_genital_prolapse	AF	female_genital_prolapse	0.09095279282639487	0.08983368813815781	0.0011191046882370603	0.01230423666454239	0.0011191046882370603	OK	0.000515847159965972	0.002688130490757623
AF_fibromatosis	AF	fibromatosis	-0.02454039024087222	-0.01658127771658287	0.007959112524289349	nan	-0.007959112524289349	PROPORTIONAL_ATTENUATION_UNSTABLE	0.48654798800709254	0.6839457300306941
AF_fibromyalgia	AF	fibromyalgia	0.10095399716606257	0.001969980920845642	0.09898401624521692	0.9804863504551964	0.09898401624521692	OK	0.04579425227933256	0.981871767830218
AF_gastritis_duodenitis	AF	gastritis_duodenitis	0.0692010300854412	-0.011829086688305422	0.057371943397135784	nan	0.08103011677374664	PROPORTIONAL_ATTENUATION_UNSTABLE	0.09183706277931179	0.8507775504862962
AF_glaucoma	AF	glaucoma	-0.0002442525868640571	0.0007536448404673679	-0.0005093922536033109	nan	-0.000997897427331425	PROPORTIONAL_ATTENUATION_UNSTABLE	0.9947280761453433	0.989812261336464
AF_GORD	AF	GORD	0.16080177935260734	0.09559355507080132	0.06520822428180602	0.40551929552232713	0.06520822428180602	OK	1.4321603949177546e-10	0.0012253051088130748
AF_gout	AF	gout	0.20563968306939828	0.10461324552184063	0.10102643754755765	0.49127890122969964	0.10102643754755765	OK	5.457710501285429e-19	0.0003782045854602584
AF_HF	AF	HF	0.5946769746803872	0.5614091762229195	0.033267798457467634	0.055942637556040564	0.033267798457467634	OK	1.4355011319732242e-106	1.4890566510675792e-45
AF_hypertension	AF	hypertension	0.3824167994340854	0.2794981754972799	0.10291862393680551	0.26912683775688806	0.10291862393680551	OK	2.941325063623618e-59	5.817897360698194e-21
AF_hyperthyroid	AF	hyperthyroid	0.1733857719056214	0.15137358649202826	0.02201218541359315	0.12695496967060815	0.02201218541359315	OK	6.70659670423534e-05	0.0037635812951474935
AF_hypothyroid	AF	hypothyroid	0.09914887377339256	0.06531111602902596	0.03383775774436659	0.34128232078262133	0.03383775774436659	OK	4.032143742298051e-06	0.014296692002198049
AF_IBS	AF	IBS	0.042207773641358796	0.034143924818913624	0.008063848822445173	nan	0.008063848822445173	PROPORTIONAL_ATTENUATION_UNSTABLE	0.19691197018480985	0.3393245602464396
AF_IDA	AF	IDA	0.1442873972202999	0.0357539035455389	0.108533493674761	0.7522035587699363	0.108533493674761	OK	0.00016974772034113525	0.5614320303695353
AF_insomnia	AF	insomnia	0.09844026674633273	0.07208587490756047	0.026354391838772265	0.26771963049108727	0.026354391838772265	OK	0.04662540424847666	0.3036640086235303
AF_intervert_disc	AF	intervert_disc	0.13787580466390345	0.07007674078585008	0.06779906387805337	0.491740113817109	0.06779906387805337	OK	1.5120780055368023e-06	0.05039083711848169
AF_isch_stroke_tia	AF	isch_stroke_tia	0.4515748903844633	0.3823971473224888	0.0691777430619745	0.15319218259252132	0.0691777430619745	OK	2.538258590623178e-16	4.685568951421863e-09
AF_migraine	AF	migraine	0.0808314140202473	0.07401003020400926	0.006821383816238036	0.08439025716572723	0.006821383816238036	OK	0.004443201894103242	0.018585335706872614
AF_OA	AF	OA	0.18344437695896332	0.09825469385066189	0.08518968310830143	0.46438972139962864	0.08518968310830143	OK	2.880322308276681e-14	0.0014032601956496399
AF_osteoporosis	AF	osteoporosis	0.05808711622783132	0.09839039990726728	-0.04030328367943596	-0.6938420478881584	-0.04030328367943596	ENHANCED	0.062047582123882256	0.00561514221521772
AF_periph_neuro	AF	periph_neuro	0.1778750860297378	0.10421626733521024	0.07365881869452758	0.41410419153480005	0.07365881869452758	OK	0.00033849280518601706	0.15687523935611547
AF_peripheral_arterial	AF	peripheral_arterial	0.25928996012713407	0.12235077221643376	0.1369391879107003	0.5281314704339374	0.1369391879107003	OK	1.4970259666177148e-07	0.15861918697572086
AF_PMR	AF	PMR	0.1343671919397391	0.10985042052305863	0.02451677141668046	0.1824609941069225	0.02451677141668046	OK	0.021070987873457504	0.11587920930855863
AF_pri_bladder	AF	pri_bladder	0.10788869034271836	0.10216836971292025	0.005720320629798117	nan	0.005720320629798117	PROPORTIONAL_ATTENUATION_UNSTABLE	0.08050103548172986	0.17565785172502132
AF_pri_breast	AF	pri_breast	0.04182808102150366	0.05761854292938706	-0.0157904619078834	nan	-0.0157904619078834	PROPORTIONAL_ATTENUATION_UNSTABLE	0.10788319455693622	0.04197299141248092
AF_pri_colorectal	AF	pri_colorectal	-0.020508488156693688	-0.004435767411629217	0.01607272074506447	nan	-0.01607272074506447	PROPORTIONAL_ATTENUATION_UNSTABLE	0.6849669684880576	0.9493327334846011
AF_pri_prost	AF	pri_prost	-0.018201779503782167	0.013918727608549874	0.004283051895232292	nan	-0.03212050711233204	PROPORTIONAL_ATTENUATION_UNSTABLE	0.6154188190467338	0.7615697292350596
AF_pri_skin	AF	pri_skin	0.023168805800236957	0.053991511015649564	-0.030822705215412607	nan	-0.030822705215412607	PROPORTIONAL_ATTENUATION_UNSTABLE	0.4268335144914972	0.08583916284484082
AF_psoriasis	AF	psoriasis	0.11179980517875898	0.060580797435273406	0.051219007743485576	0.4581314579358208	0.051219007743485576	OK	0.004115075226343237	0.2317652777721423
AF_RA	AF	RA	0.1620764860371242	0.10515261174963866	0.05692387428748555	0.35121611826188615	0.05692387428748555	OK	1.450937977333604e-07	0.005573443151078259
AF_raynauds	AF	raynauds	-0.0197810818494662	-0.029431809667297523	-0.009650727817831321	nan	0.009650727817831321	PROPORTIONAL_ATTENUATION_UNSTABLE	0.7544841324711391	0.6881819711453763
AF_retinal_detach	AF	retinal_detach	0.035218111471600776	0.049168376676448224	-0.013950265204847448	nan	-0.013950265204847448	PROPORTIONAL_ATTENUATION_UNSTABLE	0.4615870668043718	0.355722549943077
AF_schizo	AF	schizo	-0.03141331650181335	-0.007116867981994783	0.02429644851981857	nan	-0.02429644851981857	PROPORTIONAL_ATTENUATION_UNSTABLE	0.14051723746555417	0.8244931064031702
AF_scoliosis	AF	scoliosis	0.08400318856089405	0.09294629021560834	-0.008943101654714292	-0.1064614547128937	-0.008943101654714292	ENHANCED	0.055967172964849266	0.07745900093113989
AF_sinusitis	AF	sinusitis	0.02628853312478425	-0.022783328196016944	0.0035052049287673075	nan	0.0490718613208012	PROPORTIONAL_ATTENUATION_UNSTABLE	0.68073906563672	0.7615697292350596
AF_sleep_apnoea	AF	sleep_apnoea	0.24292074930416976	0.14951262423951378	0.09340812506465598	0.3845209819754686	0.09340812506465598	OK	7.295318757764571e-20	1.2902745061948223e-05
AF_spondylolisthesis	AF	spondylolisthesis	0.02223476215999158	-0.03009048811553412	-0.007855725955542538	nan	0.0523252502755257	PROPORTIONAL_ATTENUATION_UNSTABLE	0.738833479139498	0.7065075320445128
AF_spondylosis	AF	spondylosis	0.16079562645840814	0.06267232494073488	0.09812330151767326	0.6102361343954471	0.09812330151767326	OK	3.310415974639682e-05	0.24462894063842688
AF_stroke_all	AF	stroke_all	0.4259888026099685	0.355705045086716	0.0702837575232525	0.16498968304479977	0.0702837575232525	OK	2.8950901159842816e-22	1.3463901551485059e-11
AF_tendon	AF	tendon	0.05265493680679535	-0.022302521343780926	0.030352415463014426	nan	0.07495745815057628	PROPORTIONAL_ATTENUATION_UNSTABLE	0.15688714473479387	0.6695761974914068
AF_thromboembolic	AF	thromboembolic	0.1551418221867716	0.10179015194563214	0.05335167024113947	0.34388967132866755	0.05335167024113947	OK	3.296030687592884e-06	0.014237469852906436
AF_TIA	AF	TIA	0.3388745539707951	0.2814891730580436	0.05738538091275147	0.16934107397658738	0.05738538091275147	OK	2.005231805610823e-15	1.0933396490049655e-07
AF_tinnitus	AF	tinnitus	0.03971860041878103	0.04866813772755938	-0.00894953730877835	nan	-0.00894953730877835	PROPORTIONAL_ATTENUATION_UNSTABLE	0.4515859050596039	0.48608238296396156
AF_ulc_colitis	AF	ulc_colitis	0.03345826961282067	0.032627788062739624	0.0008304815500810442	nan	0.0008304815500810442	PROPORTIONAL_ATTENUATION_UNSTABLE	0.29543534490054935	0.37686688631314086
AF_ulcer_peptic	AF	ulcer_peptic	0.12857115483408485	0.029356879949609765	0.09921427488447508	0.7716682253691082	0.09921427488447508	OK	0.0016432281024225555	0.6623169770252483
AF_urine_incont	AF	urine_incont	0.09761487717005576	0.016917732787914707	0.08069714438214105	0.8266889916949629	0.08069714438214105	OK	0.0018156196670234008	0.7090912933127377
AF_urolithiasis	AF	urolithiasis	0.13435055274913937	0.12270246172053896	0.011648091028600413	0.08669924157550613	0.011648091028600413	OK	5.1311435072804624e-05	0.0017070172296411717
AF_valve_nonrheumatic	AF	valve_nonrheumatic	0.569712767815304	0.5306738009156499	0.03903896689965414	0.06852394593394517	0.03903896689965414	OK	1.4661659065025968e-61	3.0411612540825342e-43
alc_problems_allergic_rhinitis	alc_problems	allergic_rhinitis	0.09666509962560298	0.13082446520852484	-0.03415936558292186	nan	-0.03415936558292186	PROPORTIONAL_ATTENUATION_UNSTABLE	0.11102067703982618	0.10212626289453466
alc_problems_anxiety	alc_problems	anxiety	0.37373293592180784	0.28458228557487963	0.0891506503469282	0.23854105907749124	0.0891506503469282	OK	8.121944686178584e-19	3.079845544498126e-07
alc_problems_asthma	alc_problems	asthma	0.19409481157513336	0.0841297283949009	0.10996508318023246	0.5665534399803644	0.10996508318023246	OK	1.0816470607081462e-06	0.14129163773167613
alc_problems_b12_def	alc_problems	b12_def	0.1560000626362702	0.027324736108683145	0.12867532652758706	nan	0.12867532652758706	PROPORTIONAL_ATTENUATION_UNSTABLE	0.1491410011109147	0.8814085205477606
alc_problems_BPH	alc_problems	BPH	-0.010056607785256891	0.007339545989811864	0.0027170617954450273	nan	-0.017396153775068757	PROPORTIONAL_ATTENUATION_UNSTABLE	0.868510200482952	0.9302283756878279
alc_problems_bursitis	alc_problems	bursitis	0.27594584649108295	0.13285078128418049	0.14309506520690246	0.5185621274119323	0.14309506520690246	OK	0.005239674491788369	0.39751617616704354
alc_problems_carpal_tunnel	alc_problems	carpal_tunnel	0.1202823778910987	0.004211991044715763	0.11607038684638295	0.9649824760819975	0.11607038684638295	OK	0.006966423075310284	0.9622140453224646
alc_problems_cataract	alc_problems	cataract	0.19712722367327346	0.1458252867432298	0.051301936930043646	0.26024785402077966	0.051301936930043646	OK	8.470000714716291e-06	0.011146940511931325
alc_problems_cholelithiasis	alc_problems	cholelithiasis	0.14542254844514008	0.08392039238762727	0.0615021560575128	0.42292035667848427	0.0615021560575128	OK	0.0008582845195050503	0.160442024372547
alc_problems_CKD	alc_problems	CKD	0.05542857389918893	-0.0073730685366901316	0.0480555053624988	nan	0.06280164243587906	PROPORTIONAL_ATTENUATION_UNSTABLE	0.29162507473203614	0.9329520409487978
alc_problems_COPD	alc_problems	COPD	0.4863636459998471	0.2475087683721397	0.2388548776277074	0.49110347698105394	0.2388548776277074	OK	1.2697888961599891e-31	0.0004840653373493996
alc_problems_coronary_heart	alc_problems	coronary_heart	0.19094609711564944	0.04018948051502392	0.15075661660062553	0.7895244724971648	0.15075661660062553	OK	9.812351346733794e-08	0.4819505861421031
alc_problems_deaf	alc_problems	deaf	0.08225123749087286	0.02127187212142479	0.06097936536944807	nan	0.06097936536944807	PROPORTIONAL_ATTENUATION_UNSTABLE	0.08195624775735122	0.7764879506108608
alc_problems_depression	alc_problems	depression	0.3311811615067254	0.21153172471822337	0.11964943678850201	0.36128092625845887	0.11964943678850201	OK	5.5416457699620734e-17	6.051012444548431e-05
alc_problems_diabetes_type_2	alc_problems	diabetes_type_2	0.13620365595260947	0.07480849004157708	0.06139516591103239	0.4507600437127337	0.06139516591103239	OK	0.0002864985297656997	0.46787560046167
alc_problems_diverticuli	alc_problems	diverticuli	0.21152292686062926	0.16790162898460784	0.043621297876021425	0.2062249162463753	0.043621297876021425	OK	9.885825034618248e-08	0.000933503001195429
alc_problems_ED	alc_problems	ED	0.2602046687173806	0.12304215963294268	0.13716250908443794	0.5271331592955235	0.13716250908443794	OK	0.009943848882721134	0.43411654781322906
alc_problems_enthesopathy_lower	alc_problems	enthesopathy_lower	0.19302246497127853	0.024529122695910892	0.16849334227536764	0.8729208918787728	0.16849334227536764	OK	0.016040426968170523	0.862552373385946
alc_problems_enthesopathy_shoulder	alc_problems	enthesopathy_shoulder	0.22963752440010576	0.09443560224777152	0.13520192215233423	0.5887623222969738	0.13520192215233423	OK	2.125772332641558e-06	0.20304536845045218
alc_problems_enthesopathy_upper	alc_problems	enthesopathy_upper	0.259103250382013	0.10707270306265215	0.15203054731936083	0.5867566195916577	0.15203054731936083	OK	1.0316005562279462e-05	0.24636847241675255
alc_problems_essential_tremor	alc_problems	essential_tremor	0.007973049050735474	-0.001675503537509066	0.006297545513226408	nan	0.009648552588244541	PROPORTIONAL_ATTENUATION_UNSTABLE	0.9451339753608764	0.9928534340302902
alc_problems_female_genital_prolapse	alc_problems	female_genital_prolapse	0.14087554442918873	0.1243885238084895	0.016487020620699233	0.11703252461243518	0.016487020620699233	OK	0.006078765966963074	0.07218516103271765
alc_problems_fibromatosis	alc_problems	fibromatosis	0.1779343493654527	0.15203263417757718	0.025901715187875513	0.14556894315373003	0.025901715187875513	OK	0.0004539624833538013	0.025652078042976447
alc_problems_fibromyalgia	alc_problems	fibromyalgia	0.34299630818596083	0.18479924099234818	0.15819706719361265	0.4612209036018068	0.15819706719361265	OK	0.00019702041421776649	0.1666508066240195
alc_problems_gastritis_duodenitis	alc_problems	gastritis_duodenitis	0.3753841508929464	0.2503395566610932	0.1250445942318532	0.33311101157148737	0.1250445942318532	OK	5.404325988372177e-09	0.0048917395038723535
alc_problems_glaucoma	alc_problems	glaucoma	-0.024140162274960793	-0.014120409894321506	0.010019752380639287	nan	-0.010019752380639287	PROPORTIONAL_ATTENUATION_UNSTABLE	0.6717272439997258	0.8687894224791343
alc_problems_GORD	alc_problems	GORD	0.3283113531695357	0.2202285653011927	0.108082787868343	0.3292081946752857	0.108082787868343	OK	3.9498512900577447e-16	5.5514517442731895e-05
alc_problems_gout	alc_problems	gout	0.139922160307776	0.07508458879695423	0.06483757151082176	0.4633831508047299	0.06483757151082176	OK	0.0008757626695973974	0.2356399552960002
alc_problems_HF	alc_problems	HF	0.293394487040488	0.15968038899660117	0.13371409804388681	0.45574850227309993	0.13371409804388681	OK	3.354600315114346e-08	0.08037546688038232
alc_problems_hypertension	alc_problems	hypertension	0.21232747941588453	0.09225393310235415	0.12007354631353039	0.5655110993822098	0.12007354631353039	OK	2.5417236615405235e-10	0.1158544031708986
alc_problems_hyperthyroid	alc_problems	hyperthyroid	0.06592358795008936	0.017995859916729074	0.04792772803336029	nan	0.04792772803336029	PROPORTIONAL_ATTENUATION_UNSTABLE	0.38874681321662186	0.8782965264911381
alc_problems_hypothyroid	alc_problems	hypothyroid	0.08297368087855947	0.038107299131942704	0.044866381746616765	0.5407302806330039	0.044866381746616765	OK	0.028572807654341503	0.49200779811268625
alc_problems_IBS	alc_problems	IBS	0.13541639251665086	0.08663249134877246	0.048783901167878396	0.36025107641144627	0.048783901167878396	OK	0.0093304795817836	0.22655891352546628
alc_problems_IDA	alc_problems	IDA	0.10763313470686042	-0.05943499482840569	0.048198139878454734	nan	0.16706812953526612	PROPORTIONAL_ATTENUATION_UNSTABLE	0.1494002990244249	0.6285898677191673
alc_problems_insomnia	alc_problems	insomnia	0.4574218245184386	0.3485140518612455	0.10890777265719309	0.23809046009522672	0.10890777265719309	OK	1.4464567434331323e-06	0.00981149252050825
alc_problems_intervert_disc	alc_problems	intervert_disc	0.2743122878064108	0.139762326439441	0.1345499613669698	0.4904992132978204	0.1345499613669698	OK	2.495053084680806e-09	0.021092746231269086
alc_problems_isch_stroke_tia	alc_problems	isch_stroke_tia	0.3538118504014545	0.2562077671746137	0.09760408322684083	0.2758643700489224	0.09760408322684083	OK	0.00020798710483144653	0.061667734191997364
alc_problems_migraine	alc_problems	migraine	0.03957363290793411	-0.035017420014209634	0.004556212893724473	nan	0.07459105292214374	PROPORTIONAL_ATTENUATION_UNSTABLE	0.42300390040789654	0.5970739316421965
alc_problems_OA	alc_problems	OA	0.17583364060538204	0.0677965786123399	0.10803706199304214	0.6144277148620629	0.10803706199304214	OK	3.24755034200067e-06	0.270070553329673
alc_problems_osteoporosis	alc_problems	osteoporosis	0.2102081536930732	0.2233781880347495	-0.013170034341676295	-0.06265234773388473	-0.013170034341676295	ENHANCED	0.000132101458309372	0.0022232506157735693
alc_problems_periph_neuro	alc_problems	periph_neuro	0.3764429201890211	0.2894535299360239	0.08698939025299718	0.2310825508667229	0.08698939025299718	OK	3.3779626941393755e-05	0.06284095127040376
alc_problems_peripheral_arterial	alc_problems	peripheral_arterial	0.5145630978017438	0.37759170105558576	0.13697139674615805	0.2661897002161857	0.13697139674615805	OK	8.276477774874999e-08	0.027558585486323662
alc_problems_PMR	alc_problems	PMR	-0.04289895827595898	-0.10332384672464881	-0.06042488844868983	nan	0.06042488844868983	PROPORTIONAL_ATTENUATION_UNSTABLE	0.6664036472226598	0.398575459809178
alc_problems_pri_bladder	alc_problems	pri_bladder	0.22384705273048333	0.1605200966223222	0.06332695610816114	0.2829027915967611	0.06332695610816114	OK	0.04015327760015821	0.2700450669124083
alc_problems_pri_breast	alc_problems	pri_breast	0.07592963138886444	0.08907357038274313	-0.013143938993878695	nan	-0.013143938993878695	PROPORTIONAL_ATTENUATION_UNSTABLE	0.0708999717638127	0.10502524613100726
alc_problems_pri_colorectal	alc_problems	pri_colorectal	0.07088557151864343	0.11706324989853206	-0.046177678379888634	nan	-0.046177678379888634	PROPORTIONAL_ATTENUATION_UNSTABLE	0.3001464238883601	0.1653084139214037
alc_problems_pri_prost	alc_problems	pri_prost	-0.01543708274632809	0.030952741349428364	-0.015515658603100274	nan	-0.046389824095756454	PROPORTIONAL_ATTENUATION_UNSTABLE	0.8193928982846711	0.714415939213859
alc_problems_pri_skin	alc_problems	pri_skin	-0.008098105781441106	0.014031404326786975	-0.005933298545345869	nan	-0.02212951010822808	PROPORTIONAL_ATTENUATION_UNSTABLE	0.8823816834511674	0.8492919556772286
alc_problems_psoriasis	alc_problems	psoriasis	0.19496415438313164	0.0982882100823713	0.09667594430076033	0.495865225105835	0.09667594430076033	OK	0.002133716918439723	0.26173127913036004
alc_problems_RA	alc_problems	RA	0.2349043951843723	0.09781934837161678	0.13708504681275552	0.5835780412076151	0.13708504681275552	OK	2.5649940576193945e-05	0.22437270422936814
alc_problems_raynauds	alc_problems	raynauds	0.12358225240323828	0.07542706766928747	0.04815518473395081	nan	0.04815518473395081	PROPORTIONAL_ATTENUATION_UNSTABLE	0.26699214687252254	0.6160891279888615
alc_problems_retinal_detach	alc_problems	retinal_detach	0.000974008724768682	0.03907518082010639	-0.038101172095337706	nan	-0.038101172095337706	PROPORTIONAL_ATTENUATION_UNSTABLE	0.992809591375618	0.7407365605374756
alc_problems_schizo	alc_problems	schizo	0.22156419988700418	0.2109229252082521	0.010641274678752088	0.048027951646425926	0.010641274678752088	OK	1.710262315813892e-08	1.8471619421626286e-05
alc_problems_scoliosis	alc_problems	scoliosis	0.16083913231519245	0.15375189010808882	0.007087242207103633	nan	0.007087242207103633	PROPORTIONAL_ATTENUATION_UNSTABLE	0.08349264245570256	0.19192822673877746
alc_problems_sinusitis	alc_problems	sinusitis	0.23896253927638744	0.15239090010637157	0.08657163917001587	0.3622812154246733	0.08657163917001587	OK	0.02605289666429929	0.31028849317950113
alc_problems_sleep_apnoea	alc_problems	sleep_apnoea	0.11133134292170792	0.010611895433330616	0.1007194474883773	0.9046818698594764	0.1007194474883773	OK	0.012173145232788453	0.8984046144902241
alc_problems_spondylolisthesis	alc_problems	spondylolisthesis	0.23873334710763858	0.14986018869547102	0.08887315841216756	0.37226956137006273	0.08887315841216756	OK	0.030043464946500623	0.3239170283098961
alc_problems_spondylosis	alc_problems	spondylosis	0.39581162239727524	0.27321274490381864	0.1225988774934566	0.30974046883950357	0.1225988774934566	OK	1.24872446555588e-08	0.008825009209418526
alc_problems_stroke_all	alc_problems	stroke_all	0.25840079747909894	0.1622738059619081	0.09612699151719084	0.37200733300742306	0.09612699151719084	OK	0.0004200228391807209	0.1234847631686467
alc_problems_tendon	alc_problems	tendon	0.19135318146930433	0.029522809872240346	0.16183037159706398	0.845715604801814	0.16183037159706398	OK	0.0007222925297548263	0.7624447373775953
alc_problems_thromboembolic	alc_problems	thromboembolic	0.09084608709038916	0.020920523960225954	0.06992556313016321	nan	0.06992556313016321	PROPORTIONAL_ATTENUATION_UNSTABLE	0.07210618169368191	0.8041456820724651
alc_problems_TIA	alc_problems	TIA	0.2938683030283945	0.1917525473315815	0.102115755696813	0.34748815930293186	0.102115755696813	OK	9.661892853034033e-05	0.0718202964354687
alc_problems_tinnitus	alc_problems	tinnitus	0.19183738018211882	0.20140693929369372	-0.009569559111574893	-0.04988370411694598	-0.009569559111574893	ENHANCED	0.015094206453045348	0.059233040432763756
alc_problems_ulc_colitis	alc_problems	ulc_colitis	0.08973858358258434	0.09631581240942719	-0.006577228826842849	nan	-0.006577228826842849	PROPORTIONAL_ATTENUATION_UNSTABLE	0.09116900478553987	0.15048656559281037
alc_problems_ulcer_peptic	alc_problems	ulcer_peptic	0.3846561279882634	0.1948268263630159	0.18982930162524747	0.4935039059901304	0.18982930162524747	OK	1.6632497744199751e-09	0.05517036895943938
alc_problems_urine_incont	alc_problems	urine_incont	0.24775397160850993	0.1368046940475877	0.11094927756092224	0.44782037938927366	0.11094927756092224	OK	8.458497372850115e-05	0.14266785605031182
alc_problems_urolithiasis	alc_problems	urolithiasis	0.0437538359875546	0.034702138104683894	0.009051697882870705	nan	0.009051697882870705	PROPORTIONAL_ATTENUATION_UNSTABLE	0.46136811942765665	0.6629931644367735
alc_problems_valve_nonrheumatic	alc_problems	valve_nonrheumatic	0.24634428408267192	0.1932304425466047	0.05311384153606721	0.21560817509466734	0.05311384153606721	OK	7.133305747351967e-05	0.020329021834005385
allergic_rhinitis_anxiety	allergic_rhinitis	anxiety	0.2664073729288386	0.29929032064400013	-0.03288294771516154	-0.12343107232225536	-0.03288294771516154	ENHANCED	7.09946059450843e-11	3.7441036656203704e-10
allergic_rhinitis_asthma	allergic_rhinitis	asthma	0.6994700532591706	0.739583128003492	-0.040113074744321464	-0.05734780861227029	-0.040113074744321464	ENHANCED	1.3377042935581866e-93	3.55861454611225e-98
allergic_rhinitis_b12_def	allergic_rhinitis	b12_def	0.1716538086487815	0.1729999243414281	-0.0013461156926466156	-0.007842038013854191	-0.0013461156926466156	ENHANCED	0.03793744427335251	0.07813397863081531
allergic_rhinitis_BPH	allergic_rhinitis	BPH	0.16316779105945164	0.15942212319892263	0.0037456678605290172	0.02295592675618341	0.0037456678605290172	OK	0.0004176461522558983	0.001800884661641278
allergic_rhinitis_bursitis	allergic_rhinitis	bursitis	0.36463235744249006	0.39353960525993026	-0.028907247817440196	-0.07927779097882026	-0.028907247817440196	ENHANCED	1.013198924000573e-05	0.0001211298368685593
allergic_rhinitis_carpal_tunnel	allergic_rhinitis	carpal_tunnel	0.1601904062763332	0.16065753116563367	-0.00046712488930045204	-0.002916060331944248	-0.00046712488930045204	ENHANCED	5.964488978137883e-05	0.0009032153417305631
allergic_rhinitis_cataract	allergic_rhinitis	cataract	0.13931040090752253	0.14492846339855453	-0.005618062491032	-0.04032766006295119	-0.005618062491032	ENHANCED	0.00032599263740731724	0.000400364267983005
allergic_rhinitis_cholelithiasis	allergic_rhinitis	cholelithiasis	0.041099032056089904	0.03902869965514123	0.002070332400948671	nan	0.002070332400948671	PROPORTIONAL_ATTENUATION_UNSTABLE	0.37244016591599993	0.5308361315418499
allergic_rhinitis_CKD	allergic_rhinitis	CKD	0.0021758498570676544	-0.004903006756202043	-0.002727156899134389	nan	0.007078856613269698	PROPORTIONAL_ATTENUATION_UNSTABLE	0.9715925103121567	0.953132635835246
allergic_rhinitis_COPD	allergic_rhinitis	COPD	0.2517248393989677	0.3603339264521251	-0.10860908705315736	-0.43145955445826667	-0.10860908705315736	ENHANCED	6.819367957165239e-10	1.0016530301107708e-10
allergic_rhinitis_coronary_heart	allergic_rhinitis	coronary_heart	0.025105587307997886	0.025078315091019952	2.7272216977933944e-05	nan	2.7272216977933944e-05	PROPORTIONAL_ATTENUATION_UNSTABLE	0.48780208202025316	0.5881891343581224
allergic_rhinitis_deaf	allergic_rhinitis	deaf	0.09305645075118611	0.09570834803444436	-0.0026518972832582505	-0.02849772650741733	-0.0026518972832582505	ENHANCED	0.020126853795689716	0.028520933932024504
allergic_rhinitis_depression	allergic_rhinitis	depression	0.2590631642534751	0.2862781887604839	-0.0272150245070088	-0.10505169496185429	-0.0272150245070088	ENHANCED	4.829084483661736e-17	1.1231225723323758e-14
allergic_rhinitis_diabetes_type_2	allergic_rhinitis	diabetes_type_2	0.06162613187168971	0.11420235924215853	-0.052576227370468825	nan	-0.052576227370468825	PROPORTIONAL_ATTENUATION_UNSTABLE	0.07800897667510413	0.14020866223431838
allergic_rhinitis_diverticuli	allergic_rhinitis	diverticuli	0.11741039857642421	0.12263942204797869	-0.005229023471554475	-0.04453628924656816	-0.005229023471554475	ENHANCED	9.234907266070995e-05	0.00028970449421877306
allergic_rhinitis_ED	allergic_rhinitis	ED	0.0746778857039017	0.09516352920847904	-0.020485643504577336	nan	-0.020485643504577336	PROPORTIONAL_ATTENUATION_UNSTABLE	0.37244016591599993	0.3575499276773048
allergic_rhinitis_enthesopathy_lower	allergic_rhinitis	enthesopathy_lower	0.39695536964080946	0.4309443291359549	-0.03398895949514541	-0.08562413332738328	-0.03398895949514541	ENHANCED	3.648677825582708e-08	6.190710485814886e-07
allergic_rhinitis_enthesopathy_shoulder	allergic_rhinitis	enthesopathy_shoulder	0.2756380745527164	0.2927992734456806	-0.01716119889296419	-0.0622598997646171	-0.01716119889296419	ENHANCED	1.2893104761811448e-09	3.4230646273370795e-08
allergic_rhinitis_enthesopathy_upper	allergic_rhinitis	enthesopathy_upper	0.3079234965266869	0.32820764758933474	-0.02028415106264786	-0.06587399562374707	-0.02028415106264786	ENHANCED	5.781575391442992e-09	1.8992681898242016e-07
allergic_rhinitis_essential_tremor	allergic_rhinitis	essential_tremor	0.026122550085727187	0.007994094886744492	0.018128455198982693	nan	0.018128455198982693	PROPORTIONAL_ATTENUATION_UNSTABLE	0.805410071137091	0.9507282927803705
allergic_rhinitis_female_genital_prolapse	allergic_rhinitis	female_genital_prolapse	0.14821519717325643	0.15392537692775188	-0.005710179754495448	-0.038526277084937055	-0.005710179754495448	ENHANCED	0.00024420177115369514	0.0004017038715926063
allergic_rhinitis_fibromatosis	allergic_rhinitis	fibromatosis	0.004626528674349075	0.014348077378737329	-0.009721548704388253	nan	-0.009721548704388253	PROPORTIONAL_ATTENUATION_UNSTABLE	0.9372356740784249	0.8291078973878311
allergic_rhinitis_fibromyalgia	allergic_rhinitis	fibromyalgia	0.3233186901078718	0.3530159682840541	-0.02969727817618234	-0.09185141188798629	-0.02969727817618234	ENHANCED	1.0495820637042978e-05	7.369162172651846e-05
allergic_rhinitis_gastritis_duodenitis	allergic_rhinitis	gastritis_duodenitis	0.320359239999271	0.34791992158089824	-0.027560681581627222	-0.08603054989670333	-0.027560681581627222	ENHANCED	2.9106357485129754e-12	5.928590689578128e-11
allergic_rhinitis_glaucoma	allergic_rhinitis	glaucoma	0.10531152272003359	0.11476045409493887	-0.009448931374905281	-0.08972362312170601	-0.009448931374905281	ENHANCED	0.008524849844396064	0.00988631707731879
allergic_rhinitis_GORD	allergic_rhinitis	GORD	0.30143839917485316	0.3253134169525672	-0.023875017777714058	-0.07920363776834227	-0.023875017777714058	ENHANCED	1.2083478907524302e-16	2.884930629954895e-16
allergic_rhinitis_gout	allergic_rhinitis	gout	0.019962538241767285	0.009266694159655642	0.010695844082111643	nan	0.010695844082111643	PROPORTIONAL_ATTENUATION_UNSTABLE	0.6642863458602	0.882943626829974
allergic_rhinitis_HF	allergic_rhinitis	HF	0.018726324395547025	0.00877494780132174	0.009951376594225285	nan	0.009951376594225285	PROPORTIONAL_ATTENUATION_UNSTABLE	0.7301070083915306	0.9199899292591719
allergic_rhinitis_hypertension	allergic_rhinitis	hypertension	0.038911002007642255	0.061884320135321656	-0.0229733181276794	nan	-0.0229733181276794	PROPORTIONAL_ATTENUATION_UNSTABLE	0.28266885285056126	0.20054678684290853
allergic_rhinitis_hyperthyroid	allergic_rhinitis	hyperthyroid	-0.022645458569000958	-0.004346171807419137	0.01829928676158182	nan	-0.01829928676158182	PROPORTIONAL_ATTENUATION_UNSTABLE	0.7965477013479798	0.9701846785404443
allergic_rhinitis_hypothyroid	allergic_rhinitis	hypothyroid	0.06774600407003799	0.06648971169637033	0.0012562923736676584	nan	0.0012562923736676584	PROPORTIONAL_ATTENUATION_UNSTABLE	0.15999942167738426	0.23818272125545462
allergic_rhinitis_IBS	allergic_rhinitis	IBS	0.44691513738514393	0.4542354530794538	-0.0073203156943098535	-0.016379654842618052	-0.0073203156943098535	ENHANCED	5.006099460994127e-27	1.5860440979354577e-25
allergic_rhinitis_IDA	allergic_rhinitis	IDA	0.0928169720710423	0.09586101898002775	-0.003044046908985451	nan	-0.003044046908985451	PROPORTIONAL_ATTENUATION_UNSTABLE	0.1924642295646975	0.2921758942090615
allergic_rhinitis_insomnia	allergic_rhinitis	insomnia	0.2687712157307073	0.3021019161750699	-0.03333070044436259	-0.12401142121468078	-0.03333070044436259	ENHANCED	0.0020909474701404484	0.008044973339432252
allergic_rhinitis_intervert_disc	allergic_rhinitis	intervert_disc	0.23941375131024534	0.25631011183565955	-0.01689636052541421	-0.07057389324107355	-0.01689636052541421	ENHANCED	1.0832423539408283e-10	9.782533619580503e-10
allergic_rhinitis_isch_stroke_tia	allergic_rhinitis	isch_stroke_tia	0.11504879209230948	0.13187662492167865	-0.01682783282936917	nan	-0.01682783282936917	PROPORTIONAL_ATTENUATION_UNSTABLE	0.14837289077744956	0.17565785172502132
allergic_rhinitis_migraine	allergic_rhinitis	migraine	0.18973757105952732	0.18903720746811112	0.0007003635914162032	0.0036912225001366483	0.0007003635914162032	OK	1.28811008172005e-05	6.471556249591861e-05
allergic_rhinitis_OA	allergic_rhinitis	OA	0.27050627471739597	0.2807276283102596	-0.010221353592863636	-0.03778601292536421	-0.010221353592863636	ENHANCED	2.1277265529540965e-13	7.946771408048035e-11
allergic_rhinitis_osteoporosis	allergic_rhinitis	osteoporosis	0.09347616266217042	0.09578787210786933	-0.0023117094456989173	nan	-0.0023117094456989173	PROPORTIONAL_ATTENUATION_UNSTABLE	0.07457735570219576	0.09085552610184072
allergic_rhinitis_periph_neuro	allergic_rhinitis	periph_neuro	0.11345793612668423	0.1421002705077897	-0.028642334381105472	nan	-0.028642334381105472	PROPORTIONAL_ATTENUATION_UNSTABLE	0.1372818057565681	0.19009153006290144
allergic_rhinitis_peripheral_arterial	allergic_rhinitis	peripheral_arterial	0.05029745595971917	0.0728664802061976	-0.022569024246478428	nan	-0.022569024246478428	PROPORTIONAL_ATTENUATION_UNSTABLE	0.5472508288598923	0.5797325489890374
allergic_rhinitis_PMR	allergic_rhinitis	PMR	0.09200038630790162	0.08554750168571719	0.006452884622184435	nan	0.006452884622184435	PROPORTIONAL_ATTENUATION_UNSTABLE	0.343311967728818	0.4301971334150055
allergic_rhinitis_pri_bladder	allergic_rhinitis	pri_bladder	0.0004136673334794169	0.004147591997313045	-0.003733924663833628	nan	-0.003733924663833628	PROPORTIONAL_ATTENUATION_UNSTABLE	0.997234761670938	0.9771116980173927
allergic_rhinitis_pri_breast	allergic_rhinitis	pri_breast	0.02559277521719833	0.03355383789647094	-0.007961062679272612	nan	-0.007961062679272612	PROPORTIONAL_ATTENUATION_UNSTABLE	0.5408300069716484	0.46935644666882465
allergic_rhinitis_pri_colorectal	allergic_rhinitis	pri_colorectal	-0.06117215507217971	-0.06814403459665136	-0.006971879524471647	nan	0.006971879524471647	PROPORTIONAL_ATTENUATION_UNSTABLE	0.3114509022427651	0.3159463745424885
allergic_rhinitis_pri_prost	allergic_rhinitis	pri_prost	0.03883273727282765	0.043658227604149884	-0.004825490331322235	nan	-0.004825490331322235	PROPORTIONAL_ATTENUATION_UNSTABLE	0.5172394997966302	0.513984371921094
allergic_rhinitis_pri_skin	allergic_rhinitis	pri_skin	0.022104234505656642	0.02368882597653589	-0.0015845914708792486	nan	-0.0015845914708792486	PROPORTIONAL_ATTENUATION_UNSTABLE	0.6669115365166918	0.6764600100950542
allergic_rhinitis_psoriasis	allergic_rhinitis	psoriasis	0.10507104508891801	0.10366933989775645	0.001401705191161562	nan	0.001401705191161562	PROPORTIONAL_ATTENUATION_UNSTABLE	0.1392545123421794	0.1958649010692202
allergic_rhinitis_RA	allergic_rhinitis	RA	0.19443546059770186	0.21535752395653926	-0.020922063358837395	-0.10760415458436534	-0.020922063358837395	ENHANCED	0.0001298446410376842	0.00021111245010917314
allergic_rhinitis_raynauds	allergic_rhinitis	raynauds	-0.035906824726033286	-0.04683425238908911	-0.010927427663055822	nan	0.010927427663055822	PROPORTIONAL_ATTENUATION_UNSTABLE	0.7392031471014753	0.6976590216602161
allergic_rhinitis_retinal_detach	allergic_rhinitis	retinal_detach	-0.037365359078594965	-0.04393294531967737	-0.006567586241082404	nan	0.006567586241082404	PROPORTIONAL_ATTENUATION_UNSTABLE	0.6241745568087992	0.6124530454430434
allergic_rhinitis_schizo	allergic_rhinitis	schizo	0.05544013457534301	0.08501587546836796	-0.02957574089302495	nan	-0.02957574089302495	PROPORTIONAL_ATTENUATION_UNSTABLE	0.11484135391570995	0.033490273617992894
allergic_rhinitis_scoliosis	allergic_rhinitis	scoliosis	0.07713091245473985	0.07112009499965302	0.006010817455086831	nan	0.006010817455086831	PROPORTIONAL_ATTENUATION_UNSTABLE	0.3443973273524717	0.4291882455723931
allergic_rhinitis_sinusitis	allergic_rhinitis	sinusitis	0.5613956341878851	0.5787293395315187	-0.017333705343633654	-0.0308760957300791	-0.017333705343633654	ENHANCED	1.0083603933758985e-13	5.764787391844179e-13
allergic_rhinitis_sleep_apnoea	allergic_rhinitis	sleep_apnoea	0.19140659583764325	0.20960446756748458	-0.01819787172984133	-0.09507442337711969	-0.01819787172984133	ENHANCED	3.0407833645003436e-06	1.4140529544001919e-05
allergic_rhinitis_spondylolisthesis	allergic_rhinitis	spondylolisthesis	0.2855462594924287	0.2961854438754448	-0.010639184383016143	-0.0372590570856286	-0.010639184383016143	ENHANCED	0.0016698496173423452	0.003908965526645537
allergic_rhinitis_spondylosis	allergic_rhinitis	spondylosis	0.3626266311122904	0.4077897059807562	-0.045163074868465825	-0.12454428603309253	-0.045163074868465825	ENHANCED	1.8531322315671863e-12	1.8939200289952424e-10
allergic_rhinitis_stroke_all	allergic_rhinitis	stroke_all	0.14750777868073323	0.16860476826549217	-0.021096989584758946	-0.14302289529029788	-0.021096989584758946	ENHANCED	0.01540503249592658	0.019719926515788973
allergic_rhinitis_tendon	allergic_rhinitis	tendon	0.37922645891353945	0.4083602120065817	-0.029133753093042225	-0.07682415719754543	-0.029133753093042225	ENHANCED	1.7641964289376982e-12	1.3582419684085664e-10
allergic_rhinitis_thromboembolic	allergic_rhinitis	thromboembolic	0.1861121646276913	0.1968510328509613	-0.010738868223269998	-0.05770105487060784	-0.010738868223269998	ENHANCED	0.00021742771062789287	0.0006503150316964539
allergic_rhinitis_TIA	allergic_rhinitis	TIA	0.12260488513577336	0.13638466427781004	-0.01377977914203668	-0.11239176258578021	-0.01377977914203668	ENHANCED	0.06367220639046951	0.07128961740039998
allergic_rhinitis_tinnitus	allergic_rhinitis	tinnitus	0.18945473727607964	0.18111568919334928	0.008339048082730366	0.04401604416245575	0.008339048082730366	OK	0.005760535687199576	0.015420008942928458
allergic_rhinitis_ulc_colitis	allergic_rhinitis	ulc_colitis	0.14056860021239606	0.1449299340073242	-0.004361333794928146	-0.031026372805436297	-0.004361333794928146	ENHANCED	0.011636405676018103	0.01476203159989871
allergic_rhinitis_ulcer_peptic	allergic_rhinitis	ulcer_peptic	0.15997165108918737	0.18965763426347046	-0.029685983174283087	-0.18557027430899353	-0.029685983174283087	ENHANCED	0.02054755556365222	0.030824751240222704
allergic_rhinitis_urine_incont	allergic_rhinitis	urine_incont	0.16422838296367778	0.17304351350034622	-0.008815130536668436	-0.05367604781579116	-0.008815130536668436	ENHANCED	0.0006371073441962104	0.0016252677295960764
allergic_rhinitis_urolithiasis	allergic_rhinitis	urolithiasis	0.08731173740480845	0.08107412471043446	0.006237612694373992	nan	0.006237612694373992	PROPORTIONAL_ATTENUATION_UNSTABLE	0.11900237675975518	0.188473841430229
allergic_rhinitis_valve_nonrheumatic	allergic_rhinitis	valve_nonrheumatic	0.095674162073884	0.09812090352318027	-0.002446741449296269	nan	-0.002446741449296269	PROPORTIONAL_ATTENUATION_UNSTABLE	0.11399318140474773	0.15876284432430046
anxiety_asthma	anxiety	asthma	0.29997868339315903	0.2774464398864597	0.022532243506699356	0.075112815523522	0.022532243506699356	OK	5.0304074056872195e-21	1.3162865073652501e-14
anxiety_b12_def	anxiety	b12_def	0.22799685070439396	0.20623413084557085	0.02176271985882311	0.09545184414428276	0.02176271985882311	OK	0.0004998974099023339	0.012268248652558733
anxiety_BPH	anxiety	BPH	0.17981886564113947	0.19436776088342334	-0.014548895242283866	-0.08090861429033125	-0.014548895242283866	ENHANCED	2.2810474275093963e-08	1.3273005639921335e-08
anxiety_bursitis	anxiety	bursitis	0.22826294360459273	0.16440887846457813	0.0638540651400146	0.2797390769244852	0.0638540651400146	OK	0.00047416442484699944	0.048323140729470034
anxiety_carpal_tunnel	anxiety	carpal_tunnel	0.13099600882723123	0.10657470342425064	0.024421305402980584	0.18642785854025135	0.024421305402980584	OK	1.849923803849846e-05	0.007017976954446249
anxiety_cataract	anxiety	cataract	0.16466970478880397	0.1397015979409475	0.02496810684785647	0.15162538172931783	0.02496810684785647	OK	1.3389718499236546e-07	0.00011659700143779656
anxiety_cholelithiasis	anxiety	cholelithiasis	0.14528184419284518	0.14958798879815802	-0.004306144605312839	-0.029639936285479118	-0.004306144605312839	ENHANCED	8.771753930177803e-07	0.00020520149792831229
anxiety_CKD	anxiety	CKD	0.020858272685559016	0.021125218396799084	-0.0002669457112400679	nan	-0.0002669457112400679	PROPORTIONAL_ATTENUATION_UNSTABLE	0.6336093344125311	0.6937130495239872
anxiety_COPD	anxiety	COPD	0.36569376911285617	0.28571303057325	0.07998073853960619	0.21870960157082542	0.07998073853960619	OK	1.0055605407677839e-37	3.001493997090548e-12
anxiety_coronary_heart	anxiety	coronary_heart	0.18739630413049999	0.1648410802255822	0.022555223904917793	0.12036109254967309	0.022555223904917793	OK	3.893814286577754e-13	1.7040480868253263e-07
anxiety_deaf	anxiety	deaf	0.17522286756347508	0.1542895063757988	0.020933361187676275	0.11946706202655366	0.020933361187676275	OK	1.101921316529234e-09	8.060773758208296e-07
anxiety_depression	anxiety	depression	0.8368980003026921	0.8299749837395225	0.006923016563169626	0.008272234562235359	0.006923016563169626	OK	0.0	3.9371141949322315e-239
anxiety_diabetes_type_2	anxiety	diabetes_type_2	0.10370306405220213	0.11302654375418748	-0.009323479701985354	-0.08990553738404583	-0.009323479701985354	ENHANCED	0.0001298446410376842	0.03986865376492711
anxiety_diverticuli	anxiety	diverticuli	0.2918373164880058	0.2767645432788608	0.015072773209145018	0.051647861180098564	0.015072773209145018	OK	2.648495331331782e-28	1.1937865362593669e-21
anxiety_ED	anxiety	ED	0.3080479348038573	0.2755045625684172	0.03254337223544007	0.10564385785011465	0.03254337223544007	OK	3.751730940120119e-06	0.0007864167504180543
anxiety_enthesopathy_lower	anxiety	enthesopathy_lower	0.3612744430506761	0.34741524997341516	0.013859193077260912	0.038361952648050646	0.013859193077260912	OK	9.160583719615015e-11	7.490131634547333e-07
anxiety_enthesopathy_shoulder	anxiety	enthesopathy_shoulder	0.33980004893381	0.3054116169125135	0.03438843202129649	0.1012019631227159	0.03438843202129649	OK	3.5293973276252074e-27	9.820719292730148e-16
anxiety_enthesopathy_upper	anxiety	enthesopathy_upper	0.3080663454168581	0.26477666333821887	0.04328968207863926	0.1405206466810326	0.04328968207863926	OK	4.823621602054032e-15	7.005518034847173e-08
anxiety_essential_tremor	anxiety	essential_tremor	0.0937379799949275	0.10902289140372184	-0.015284911408794344	nan	-0.015284911408794344	PROPORTIONAL_ATTENUATION_UNSTABLE	0.19281876140587415	0.19224702377580524
anxiety_female_genital_prolapse	anxiety	female_genital_prolapse	0.16909499858193233	0.15522085188452225	0.013874146697410078	0.08204942082120525	0.013874146697410078	OK	5.22355961845748e-07	3.130519868214554e-05
anxiety_fibromatosis	anxiety	fibromatosis	0.07624812408556866	0.04371059404450004	0.03253753004106862	0.42673220398909384	0.03253753004106862	OK	0.03678957898841071	0.3283289410341719
anxiety_fibromyalgia	anxiety	fibromyalgia	0.6155967776397435	0.6230237115654789	-0.007426933925735346	-0.01206460819078825	-0.007426933925735346	ENHANCED	4.077190461844743e-27	1.163715403532146e-19
anxiety_gastritis_duodenitis	anxiety	gastritis_duodenitis	0.5593781680771792	0.5549144981684214	0.004463669908757795	0.007979699894440473	0.004463669908757795	OK	1.0769545283310073e-66	2.880590972277665e-49
anxiety_glaucoma	anxiety	glaucoma	0.09740369024687179	0.10203078359458807	-0.004627093347716285	-0.0475042920446731	-0.004627093347716285	ENHANCED	0.0013073468012560349	0.002601370226142746
anxiety_GORD	anxiety	GORD	0.493499360062928	0.4887269911660602	0.0047723688968677735	0.009670466231727737	0.0047723688968677735	OK	8.936205902461518e-89	1.2217293269446578e-64
anxiety_gout	anxiety	gout	0.024168171009960982	0.022377984800446882	0.0017901862095140997	nan	0.0017901862095140997	PROPORTIONAL_ATTENUATION_UNSTABLE	0.41801562745915616	0.5910109384880363
anxiety_HF	anxiety	HF	0.1446705085049804	0.1313011820136162	0.013369326491364186	0.09241224510456414	0.013369326491364186	OK	0.00025991106709783595	0.02463144738527312
anxiety_hypertension	anxiety	hypertension	0.21839418187754814	0.31067182307113717	-0.09227764119358903	-0.4225279281722274	-0.09227764119358903	ENHANCED	3.8519097523798774e-21	8.993659931560063e-21
anxiety_hyperthyroid	anxiety	hyperthyroid	0.10952721535605436	0.08418286965060143	0.025344345705452936	0.23139769985991865	0.025344345705452936	OK	0.028959006661016518	0.17789740876310098
anxiety_hypothyroid	anxiety	hypothyroid	0.15918115605640754	0.15412414461527546	0.0050570114411320755	0.03176890761705531	0.0050570114411320755	OK	1.5403356585358185e-09	3.9559750002149945e-07
anxiety_IBS	anxiety	IBS	0.6222635440106725	0.6206906937971736	0.0015728502134989553	0.002527627126219678	0.0015728502134989553	OK	2.946125264792676e-72	3.5099415711077923e-62
anxiety_IDA	anxiety	IDA	0.23701005296981334	0.21557790894193316	0.021432144027880184	0.09042715175718674	0.021432144027880184	OK	6.175344711468366e-07	0.00048610401462577824
anxiety_insomnia	anxiety	insomnia	0.6379765481112624	0.6429663131429841	-0.004989765031721771	-0.007821235822059736	-0.004989765031721771	ENHANCED	1.6232534672448548e-19	6.734925649273242e-12
anxiety_intervert_disc	anxiety	intervert_disc	0.37552511718565124	0.34366236645398834	0.03186275073166289	0.0848485208405132	0.03186275073166289	OK	6.280366967842416e-36	1.552737038366164e-23
anxiety_isch_stroke_tia	anxiety	isch_stroke_tia	0.26058363529538886	0.23613396447792467	0.024449670817464186	0.09382657813392181	0.024449670817464186	OK	3.585461229969478e-06	0.0008270284140716031
anxiety_migraine	anxiety	migraine	0.41478488755383913	0.40878222738558123	0.006002660168257901	0.01447174269934981	0.006002660168257901	OK	1.4294937016958263e-49	2.0900890856023523e-39
anxiety_OA	anxiety	OA	0.22891442750428456	0.24065691792932856	-0.011742490425043994	-0.051296419160055784	-0.011742490425043994	ENHANCED	1.0832164302409525e-20	2.8234922030230536e-14
anxiety_osteoporosis	anxiety	osteoporosis	0.2325177534336187	0.21994723937362873	0.012570514059989962	0.054062598981624466	0.012570514059989962	OK	3.081984087606888e-12	5.399528458086598e-09
anxiety_periph_neuro	anxiety	periph_neuro	0.24604550667753383	0.21340407696607738	0.03264142971145645	0.1326641975796622	0.03264142971145645	OK	1.470820484326963e-05	0.011962688816788594
anxiety_peripheral_arterial	anxiety	peripheral_arterial	0.2652695046143661	0.23524659030188322	0.030022914312482885	0.11317891348320841	0.030022914312482885	OK	7.3700009621364795e-06	0.017341051996645235
anxiety_PMR	anxiety	PMR	0.1862563884228672	0.18208628710980904	0.004170101313058172	0.02238903775794565	0.004170101313058172	OK	0.004585363303385836	0.014622699435965586
anxiety_pri_bladder	anxiety	pri_bladder	0.11324655257266564	0.0679057642860265	0.045340788286639136	nan	0.045340788286639136	PROPORTIONAL_ATTENUATION_UNSTABLE	0.1168866211578209	0.43411654781322906
anxiety_pri_breast	anxiety	pri_breast	0.056269336908230494	0.0511578059126396	0.0051115309955908905	0.09084043417691723	0.0051115309955908905	OK	0.06809123889208375	0.15293085790942187
anxiety_pri_colorectal	anxiety	pri_colorectal	-0.0006152274715467777	0.021269659848805186	-0.02065443237725841	nan	-0.021884887320351962	PROPORTIONAL_ATTENUATION_UNSTABLE	0.992809591375618	0.7714486057488408
anxiety_pri_prost	anxiety	pri_prost	0.039873472954698175	0.05948236059057471	-0.019608887635876537	nan	-0.019608887635876537	PROPORTIONAL_ATTENUATION_UNSTABLE	0.3160224113101564	0.19009153006290144
anxiety_pri_skin	anxiety	pri_skin	0.024506828582281575	0.02836862894675567	-0.0038618003644740953	nan	-0.0038618003644740953	PROPORTIONAL_ATTENUATION_UNSTABLE	0.5195567987483825	0.5220902381566048
anxiety_psoriasis	anxiety	psoriasis	0.17271681468058275	0.13696807065089187	0.03574874402969089	0.20697894467196798	0.03574874402969089	OK	1.7391709508774508e-06	0.0016126825918656692
anxiety_RA	anxiety	RA	0.27435715380461606	0.21944467219152058	0.054912481613095476	0.20014962559424088	0.054912481613095476	OK	9.535336007680183e-14	4.771620680220444e-07
anxiety_raynauds	anxiety	raynauds	0.18837917768931686	0.16802792047962584	0.020351257209691026	0.1080334751394616	0.020351257209691026	OK	0.003881749925121843	0.026184721741961327
anxiety_retinal_detach	anxiety	retinal_detach	-0.010524266642356122	0.006114364713849056	0.004409901928507066	nan	-0.016638631356205177	PROPORTIONAL_ATTENUATION_UNSTABLE	0.8705409755439321	0.9411478114899071
anxiety_schizo	anxiety	schizo	0.4401079086052972	0.4280872042530983	0.012020704352198874	0.02731308417131728	0.012020704352198874	OK	4.109507677276248e-79	2.3044990909572645e-59
anxiety_scoliosis	anxiety	scoliosis	0.17332763736837375	0.16776648439623434	0.00556115297213941	0.03208462918305566	0.00556115297213941	OK	0.0025728927069100013	0.012151911718501487
anxiety_sinusitis	anxiety	sinusitis	0.46042243325312476	0.43908511314344034	0.02133732010968442	0.04634292025895681	0.02133732010968442	OK	6.407556889545549e-11	1.104693323086556e-07
anxiety_sleep_apnoea	anxiety	sleep_apnoea	0.24952332803243824	0.30879823738267603	-0.0592749093502378	-0.23755257601618718	-0.0592749093502378	ENHANCED	1.829489675939035e-16	6.052387154893438e-14
anxiety_spondylolisthesis	anxiety	spondylolisthesis	0.20827300461514295	0.17299759200538226	0.03527541260976069	0.1693710266241385	0.03527541260976069	OK	0.0008311891931758344	0.026054295025406248
anxiety_spondylosis	anxiety	spondylosis	0.46684447811544194	0.4798266272972451	-0.012982149181803182	-0.027808295461069887	-0.012982149181803182	ENHANCED	2.356469496566764e-32	3.4961591844200474e-22
anxiety_stroke_all	anxiety	stroke_all	0.24007619394361132	0.23073706066177696	0.00933913328183436	0.03890070534868573	0.00933913328183436	OK	1.1401515594701711e-08	1.7805122162849213e-05
anxiety_tendon	anxiety	tendon	0.3040885258808485	0.26746358001455456	0.036624945866293945	0.12044172255497976	0.036624945866293945	OK	7.338167702690609e-16	8.232918259018538e-09
anxiety_thromboembolic	anxiety	thromboembolic	0.16400343083420985	0.15620690616466704	0.007796524669542809	0.04753879007216788	0.007796524669542809	OK	5.8968891883386056e-05	0.0016016880124018877
anxiety_TIA	anxiety	TIA	0.3132532100286048	0.2869619263377316	0.02629128369087319	0.08392981412216782	0.02629128369087319	OK	2.270902645139832e-09	6.316747379910788e-06
anxiety_tinnitus	anxiety	tinnitus	0.4604896346273949	0.481732693867887	-0.02124305924049208	-0.04613146017430103	-0.02124305924049208	ENHANCED	1.066837750005605e-14	4.9941279396240595e-14
anxiety_ulc_colitis	anxiety	ulc_colitis	0.14171385822153054	0.1399029991394871	0.0018108590820434534	0.012778278036948754	0.0018108590820434534	OK	2.981521587600819e-05	0.00016393874937476615
anxiety_ulcer_peptic	anxiety	ulcer_peptic	0.4132998156980726	0.37161714549271824	0.04168267020535438	0.10085334815586944	0.04168267020535438	OK	1.3460577827609096e-19	4.907919950043845e-10
anxiety_urine_incont	anxiety	urine_incont	0.28382241218814735	0.2577789642322669	0.026043447955880428	0.09175965969387956	0.026043447955880428	OK	8.327414919142866e-11	9.809857223326727e-07
anxiety_urolithiasis	anxiety	urolithiasis	0.23241594395926174	0.2518826380515428	-0.01946669409228108	-0.08375799766858183	-0.01946669409228108	ENHANCED	4.431891606180675e-12	3.3093013932374715e-11
anxiety_valve_nonrheumatic	anxiety	valve_nonrheumatic	0.1649115119373993	0.15508801245380252	0.009823499483596787	0.059568306470477395	0.009823499483596787	OK	0.00037195494238756514	0.005895690988137614
asthma_b12_def	asthma	b12_def	0.2162945811894714	0.11151911395329511	0.10477546723617628	0.4844109670246166	0.10477546723617628	OK	7.969202415545518e-05	0.1058903785442303
asthma_BPH	asthma	BPH	0.11750821266986838	0.12887146660951584	-0.01136325393964746	-0.09670178518987238	-0.01136325393964746	ENHANCED	0.000512583912445759	0.00021508743130014082
asthma_bursitis	asthma	bursitis	0.31968208913891616	0.2428497432714885	0.07683234586742765	0.2403398516143973	0.07683234586742765	OK	2.547024158569066e-09	0.0002108962713647243
asthma_carpal_tunnel	asthma	carpal_tunnel	0.24798271375153338	0.1464696950982923	0.10151301865324108	0.40935522124720436	0.10151301865324108	OK	6.715542756905887e-21	2.307638814639143e-06
asthma_cataract	asthma	cataract	0.1761028459433854	0.13358421551080327	0.04251863043258214	0.24144204033051964	0.04251863043258214	OK	1.3259248097008469e-12	4.237752136058202e-07
asthma_cholelithiasis	asthma	cholelithiasis	0.17301436165812184	0.07330582856885473	0.09970853308926711	0.576302060324288	0.09970853308926711	OK	6.824744061236169e-07	0.09408561070460306
asthma_CKD	asthma	CKD	0.07943639771391463	-0.0027906733337028514	0.07664572438021178	0.9648690850288392	0.08222707104761748	OK	0.03290358827203131	0.9623397138204121
asthma_COPD	asthma	COPD	0.5905860684287597	0.5662838342851937	0.024302234143566026	0.041149352215878565	0.024302234143566026	OK	1.9820608323454306e-196	4.976112456390427e-81
asthma_coronary_heart	asthma	coronary_heart	0.17301494080710722	0.061802318532134616	0.11121262227497261	0.642792014124159	0.11121262227497261	OK	1.4533301866412822e-15	0.037414808853280405
asthma_deaf	asthma	deaf	0.16477241939053272	0.13874281000120067	0.026029609389332048	0.1579730969880243	0.026029609389332048	OK	4.311188392246516e-11	1.8913937117820163e-07
asthma_depression	asthma	depression	0.30730873190960256	0.25200767864578066	0.0553010532638219	0.1799527560449834	0.0553010532638219	OK	6.700165877148935e-30	7.10451209158484e-18
asthma_diabetes_type_2	asthma	diabetes_type_2	0.21371808547294766	0.08424167603106747	0.12947640944188019	0.6058280428413685	0.12947640944188019	OK	5.858827536685455e-22	0.07698245842350859
asthma_diverticuli	asthma	diverticuli	0.21794293304444154	0.17068166572149293	0.04726126732294861	0.21685157055912152	0.04726126732294861	OK	8.87173008894928e-20	4.8104213161871946e-11
asthma_ED	asthma	ED	0.21363064490485065	0.08594424327833713	0.1276864016265135	0.5976970283611885	0.1276864016265135	OK	8.71360490061682e-05	0.2352628720921739
asthma_enthesopathy_lower	asthma	enthesopathy_lower	0.3936576277937747	0.3030196826022028	0.09063794519157192	0.23024562155583173	0.09063794519157192	OK	8.199942483740777e-14	5.800367115833033e-07
asthma_enthesopathy_shoulder	asthma	enthesopathy_shoulder	0.317471074153851	0.23477247988980599	0.08269859426404502	0.2604917455376363	0.08269859426404502	OK	8.6574892410157e-22	2.672522068791383e-10
asthma_enthesopathy_upper	asthma	enthesopathy_upper	0.30145183474829396	0.21799495290669754	0.08345688184159641	0.27684980557932637	0.08345688184159641	OK	3.072655622324465e-18	6.28203694018441e-08
asthma_essential_tremor	asthma	essential_tremor	0.13155724512549027	0.12400556405319957	0.007551681072290706	0.05740224390596871	0.007551681072290706	OK	0.013709341119400649	0.04051976655699097
asthma_female_genital_prolapse	asthma	female_genital_prolapse	0.15071499989113324	0.1312790371395817	0.019435962751551544	0.1289583834760364	0.019435962751551544	OK	9.263011918978493e-08	3.130519868214554e-05
asthma_fibromatosis	asthma	fibromatosis	0.043401894207357315	0.043582944455583965	-0.0001810502482266496	nan	-0.0001810502482266496	PROPORTIONAL_ATTENUATION_UNSTABLE	0.2633995223880331	0.32847929122729314
asthma_fibromyalgia	asthma	fibromyalgia	0.4394170113232348	0.3588266720683646	0.08059033925487019	0.1834028660205601	0.08059033925487019	OK	1.4685333931568124e-14	6.8613630593346e-08
asthma_gastritis_duodenitis	asthma	gastritis_duodenitis	0.3985134286188936	0.3164636334712352	0.08204979514765842	0.20588966206738368	0.08204979514765842	OK	2.3956675491014677e-34	3.3443252357049375e-18
asthma_glaucoma	asthma	glaucoma	0.020241465230208058	0.03296123106525854	-0.012719765835050485	nan	-0.012719765835050485	PROPORTIONAL_ATTENUATION_UNSTABLE	0.5623022872531208	0.3951827836124112
asthma_GORD	asthma	GORD	0.4204435645156989	0.34556247378539634	0.07488109073030258	0.17810021855503178	0.07488109073030258	OK	1.7682687071555364e-72	2.3347013541540575e-42
asthma_gout	asthma	gout	0.1300729558572326	0.013141400193383715	0.1169315556638489	0.8989690046883563	0.1169315556638489	OK	8.625084171997168e-08	0.7352913647834884
asthma_HF	asthma	HF	0.2595615037968792	0.09856290272336568	0.16099860107351352	0.6202714914130856	0.16099860107351352	OK	1.8339613903709515e-19	0.02936672072020299
asthma_hypertension	asthma	hypertension	0.23848455102457947	0.14959238739953915	0.08889216362504032	0.372737618613621	0.08889216362504032	OK	5.849735843243106e-24	9.131191796377052e-06
asthma_hyperthyroid	asthma	hyperthyroid	0.10138374077092213	0.07120968038015307	0.03017406039076906	0.29762228303399985	0.03017406039076906	OK	0.0651645495682885	0.2662195247571561
asthma_hypothyroid	asthma	hypothyroid	0.16144707698715502	0.12084202013652065	0.04060505685063437	0.2515069186038281	0.04060505685063437	OK	7.340552322008142e-07	0.00029025997838624064
asthma_IBS	asthma	IBS	0.35247459953543764	0.34680134406940455	0.005673255466033089	0.01609550155815609	0.005673255466033089	OK	1.5285562584438904e-30	9.10442152022795e-28
asthma_IDA	asthma	IDA	0.2789751540857677	0.16844398172340697	0.11053117236236071	0.39620435993514747	0.11053117236236071	OK	2.6366628822450684e-12	0.00024936848024316124
asthma_insomnia	asthma	insomnia	0.30851632117496963	0.25256785038470836	0.05594847079026127	0.1813468751902143	0.05594847079026127	OK	9.966037409087327e-07	0.0017037899000730999
asthma_intervert_disc	asthma	intervert_disc	0.30070054822184045	0.21260881016298291	0.08809173805885753	0.2929550297788891	0.08809173805885753	OK	2.739659709002521e-24	3.768292046572887e-11
asthma_isch_stroke_tia	asthma	isch_stroke_tia	0.24980634121739811	0.16349576753573927	0.08631057368165884	0.3455099388631837	0.08631057368165884	OK	1.3417798305666259e-05	0.025062253120137497
asthma_migraine	asthma	migraine	0.2510051632471093	0.23679684842660756	0.01420831482050175	0.0566056675356672	0.01420831482050175	OK	4.758975867418216e-17	2.7092066026463865e-13
asthma_OA	asthma	OA	0.35606252783477876	0.26370659640918465	0.09235593142559412	0.2593812159544332	0.09235593142559412	OK	3.1906618963461856e-48	5.98058122100715e-22
asthma_osteoporosis	asthma	osteoporosis	0.15638828110296704	0.1996769357672398	-0.04328865466427276	-0.2768024199701462	-0.04328865466427276	ENHANCED	1.3483845159167473e-06	9.80951364600998e-09
asthma_periph_neuro	asthma	periph_neuro	0.3381694851570916	0.22851669318936746	0.10965279196772415	0.3242539518809232	0.10965279196772415	OK	3.121953936843478e-11	0.001571057893097069
asthma_peripheral_arterial	asthma	peripheral_arterial	0.25402681401133925	0.0785388780317242	0.17548793597961504	0.6908244574991269	0.17548793597961504	OK	4.063286850467703e-07	0.32317892319784075
asthma_PMR	asthma	PMR	0.13165561741888376	0.10218595330275355	0.02946966411613021	0.22383901799167205	0.02946966411613021	OK	0.03927195032720273	0.17287514776165266
asthma_pri_bladder	asthma	pri_bladder	0.04408901262208556	0.006854009486193887	0.037235003135891676	nan	0.037235003135891676	PROPORTIONAL_ATTENUATION_UNSTABLE	0.5482731650460883	0.9424006971377035
asthma_pri_breast	asthma	pri_breast	-0.0011150648715983283	0.00982079657603703	-0.008705731704438701	nan	-0.01093586144763536	PROPORTIONAL_ATTENUATION_UNSTABLE	0.9715925103121567	0.7843302014324578
asthma_pri_colorectal	asthma	pri_colorectal	-0.0879720413458762	-0.08588461062561838	0.002087430720257827	0.023728342417913884	-0.002087430720257827	OK	0.04308582455993086	0.0829855905854848
asthma_pri_prost	asthma	pri_prost	-0.061370888494780756	-0.032408216449496645	0.02896267204528411	nan	-0.02896267204528411	PROPORTIONAL_ATTENUATION_UNSTABLE	0.11816888865404304	0.488633085919706
asthma_pri_skin	asthma	pri_skin	-0.062041555168597357	-0.034213739935862054	0.027827815232735302	0.44853510130610796	-0.027827815232735302	OK	0.05695310598213425	0.39912381373060224
asthma_psoriasis	asthma	psoriasis	0.1779459436394894	0.10726564089577106	0.07068030274371834	0.397200977432301	0.07068030274371834	OK	0.00045691738174893497	0.0712537414809051
asthma_RA	asthma	RA	0.2931646770494271	0.21893192840048964	0.07423274864893747	0.2532117763847176	0.07423274864893747	OK	1.5487123063279438e-16	6.608159099723057e-08
asthma_raynauds	asthma	raynauds	0.05188437739459005	0.05756360501704823	-0.005679227622458177	nan	-0.005679227622458177	PROPORTIONAL_ATTENUATION_UNSTABLE	0.38799463584581867	0.4325243209978127
asthma_retinal_detach	asthma	retinal_detach	0.0169670825200485	0.046181758452549425	-0.029214675932500926	nan	-0.029214675932500926	PROPORTIONAL_ATTENUATION_UNSTABLE	0.7052118723734953	0.3314603046211139
asthma_schizo	asthma	schizo	0.07586975251639756	0.0922618218786965	-0.016392069362298936	-0.21605539518210715	-0.016392069362298936	ENHANCED	0.0002672435123626424	6.296251464455326e-05
asthma_scoliosis	asthma	scoliosis	0.05051327910139319	0.05244670107575965	-0.0019334219743664602	nan	-0.0019334219743664602	PROPORTIONAL_ATTENUATION_UNSTABLE	0.4441518350268286	0.49200779811268625
asthma_sinusitis	asthma	sinusitis	0.4723685843928716	0.45196445325500306	0.020404131137868542	0.04319536017428782	0.020404131137868542	OK	6.503723514181668e-15	1.9028298829552224e-11
asthma_sleep_apnoea	asthma	sleep_apnoea	0.2899889233534785	0.17773122222072765	0.11225770113275083	0.3871103069544338	0.11225770113275083	OK	9.227438062018726e-22	1.241900267139078e-06
asthma_spondylolisthesis	asthma	spondylolisthesis	0.20721991221920508	0.13383793120095744	0.07338198101824764	0.3541261080191048	0.07338198101824764	OK	0.000283533174965375	0.04592376000840497
asthma_spondylosis	asthma	spondylosis	0.38393170728671583	0.27771180997622164	0.1062198973104942	0.27666351930441213	0.1062198973104942	OK	2.6412796669575737e-24	9.782533619580503e-10
asthma_stroke_all	asthma	stroke_all	0.2376859386347535	0.1567271072012608	0.08095883143349272	0.34061262478762067	0.08095883143349272	OK	3.194268253972185e-08	0.001374294674894829
asthma_tendon	asthma	tendon	0.3659336435265946	0.2865754404110951	0.07935820311549946	0.2168650095976541	0.07935820311549946	OK	4.544420758771594e-26	8.43409748523472e-14
asthma_thromboembolic	asthma	thromboembolic	0.21212769606441784	0.13018201184134398	0.08194568422307386	0.3863035602771503	0.08194568422307386	OK	3.7087547052796306e-11	0.0003120140874119812
asthma_TIA	asthma	TIA	0.27304025781248203	0.2021580074333976	0.07088225037908444	0.2596036604527556	0.07088225037908444	OK	5.8675591733578285e-08	0.0002954845711832082
asthma_tinnitus	asthma	tinnitus	0.1608607820029969	0.18460629176786336	-0.023745509764866474	-0.14761528241497723	-0.023745509764866474	ENHANCED	0.021170381536970043	0.004120664655080459
asthma_ulc_colitis	asthma	ulc_colitis	0.07449023316006258	0.08272761518788452	-0.00823738202782194	-0.11058338359770836	-0.00823738202782194	ENHANCED	0.05284202513892309	0.059467421041480215
asthma_ulcer_peptic	asthma	ulcer_peptic	0.3407420521244777	0.22923390660833476	0.11150814551614296	0.32725090672227186	0.11150814551614296	OK	2.4866100127390334e-12	0.00010889496090010664
asthma_urine_incont	asthma	urine_incont	0.3032374572293261	0.21223571791122245	0.09100173931810365	0.30010058832963615	0.09100173931810365	OK	4.894590946181043e-17	2.6476909978132566e-07
asthma_urolithiasis	asthma	urolithiasis	0.07714119903213613	0.0498549607156093	0.027286238316526837	0.35371809952240574	0.027286238316526837	OK	0.023965470134837834	0.21246550081319368
asthma_valve_nonrheumatic	asthma	valve_nonrheumatic	0.11554775547259125	0.043286058017931436	0.07226169745465981	0.6253838264456881	0.07226169745465981	OK	0.007755339526311585	0.41754219849885826
b12_def_BPH	b12_def	BPH	-0.010105308253805855	-0.013017879575076144	-0.002912571321270289	nan	0.002912571321270289	PROPORTIONAL_ATTENUATION_UNSTABLE	0.9099379454294745	0.9054418314075805
b12_def_bursitis	b12_def	bursitis	-0.10926924869887332	-0.31290468524098436	-0.20363543654211103	nan	0.20363543654211103	PROPORTIONAL_ATTENUATION_UNSTABLE	0.42226716576039214	0.06496832501049025
b12_def_carpal_tunnel	b12_def	carpal_tunnel	0.23787385708751552	0.08737202286543916	0.15050183422207636	0.6326959846062682	0.15050183422207636	OK	1.1523841347159168e-05	0.24376382718783343
b12_def_cataract	b12_def	cataract	0.07844232806146917	0.02060433799176307	0.057837990069706094	nan	0.057837990069706094	PROPORTIONAL_ATTENUATION_UNSTABLE	0.2327436757393233	0.8244931064031702
b12_def_cholelithiasis	b12_def	cholelithiasis	0.30188348669752163	0.20348219479461283	0.0984012919029088	0.32595784876933	0.0984012919029088	OK	2.134365390021323e-06	0.009023896594001758
b12_def_CKD	b12_def	CKD	0.14367474041418776	0.04699532918149399	0.09667941123269377	0.6729047218319997	0.09667941123269377	OK	0.06785861373490976	0.6625570814918607
b12_def_COPD	b12_def	COPD	0.33552308371224365	0.18776038428638478	0.14776269942585887	0.4403950327083467	0.14776269942585887	OK	1.775677579443755e-08	0.03336826455684358
b12_def_coronary_heart	b12_def	coronary_heart	0.22754904162480943	0.09596324016881981	0.13158580145598964	0.5782744700500771	0.13158580145598964	OK	1.1956969781171968e-05	0.1961063089605308
b12_def_deaf	b12_def	deaf	0.08079824308320231	0.05138895868949546	0.029409284393706853	nan	0.029409284393706853	PROPORTIONAL_ATTENUATION_UNSTABLE	0.22048922701330323	0.5393087538395155
b12_def_depression	b12_def	depression	0.19770542255851303	0.12373588565354314	0.0739695369049699	0.3741401522918666	0.0739695369049699	OK	0.0005366299242338584	0.10435045808728531
b12_def_diabetes_type_2	b12_def	diabetes_type_2	0.2916247706175281	0.13253057775249213	0.15909419286503598	0.5455441680353391	0.15909419286503598	OK	2.471511686444504e-09	0.24910447258914842
b12_def_diverticuli	b12_def	diverticuli	0.17097436077071346	0.1102512705036466	0.06072309026706686	0.35515904252158637	0.06072309026706686	OK	0.001467923062430975	0.0985192240305738
b12_def_ED	b12_def	ED	0.24646339482582055	0.08957879966514062	0.15688459516067993	nan	0.15688459516067993	PROPORTIONAL_ATTENUATION_UNSTABLE	0.07567368709829386	0.6769352544491779
b12_def_enthesopathy_lower	b12_def	enthesopathy_lower	0.2875910585042964	0.14246317764163047	0.14512788086266593	0.5046327991469799	0.14512788086266593	OK	0.011450081497698206	0.3707252052386547
b12_def_enthesopathy_shoulder	b12_def	enthesopathy_shoulder	0.34741719047950664	0.23860785162575296	0.10880933885375368	0.3131950341995875	0.10880933885375368	OK	3.362548336280161e-08	0.0022547405881265217
b12_def_enthesopathy_upper	b12_def	enthesopathy_upper	0.1899868465389035	0.04031190072769296	0.14967494581121055	0.787817412299444	0.14967494581121055	OK	0.016772163268709384	0.7398017469705573
b12_def_essential_tremor	b12_def	essential_tremor	-0.08916816525581227	-0.13006562923817286	-0.04089746398236059	nan	0.04089746398236059	PROPORTIONAL_ATTENUATION_UNSTABLE	0.5318002192846482	0.4439468506643482
b12_def_female_genital_prolapse	b12_def	female_genital_prolapse	0.10539625727448639	0.07858933369584334	0.026806923578643047	nan	0.026806923578643047	PROPORTIONAL_ATTENUATION_UNSTABLE	0.0871194413042667	0.30978320203350923
b12_def_fibromatosis	b12_def	fibromatosis	0.09793870386262774	0.1127678396386248	-0.014829135775997065	nan	-0.014829135775997065	PROPORTIONAL_ATTENUATION_UNSTABLE	0.16094392898852508	0.1731071411440513
b12_def_fibromyalgia	b12_def	fibromyalgia	0.2210969716022503	0.06774135803426427	0.15335561356798605	nan	0.15335561356798605	PROPORTIONAL_ATTENUATION_UNSTABLE	0.07198113582308774	0.7135576400137721
b12_def_gastritis_duodenitis	b12_def	gastritis_duodenitis	0.4150039799321183	0.3116025741250535	0.1034014058070648	0.24915762452200596	0.1034014058070648	OK	2.633192799894571e-08	0.0008250057722433263
b12_def_glaucoma	b12_def	glaucoma	-0.09987175791773364	-0.09621566992527601	0.0036560879924576323	nan	-0.0036560879924576323	PROPORTIONAL_ATTENUATION_UNSTABLE	0.12674753847846476	0.21706176535007435
b12_def_GORD	b12_def	GORD	0.35893853326409364	0.2500715361681511	0.10886699709594255	0.30330261871283193	0.10886699709594255	OK	5.896267853923478e-10	0.00023185051336118047
b12_def_gout	b12_def	gout	0.13922213933816235	-0.02037275558713451	0.11884938375102784	0.8536672709959564	0.15959489492529685	OK	0.023673363629144697	0.8389279287586353
b12_def_HF	b12_def	HF	0.2812463201198327	0.06965087936676596	0.21159544075306674	0.7523491886503998	0.21159544075306674	OK	0.00011887473374318654	0.56863592263971
b12_def_hypertension	b12_def	hypertension	0.23275199713891245	0.0814929032514493	0.15125909388746317	0.6498723780968796	0.15125909388746317	OK	4.772070739883575e-06	0.33325287213200605
b12_def_hyperthyroid	b12_def	hyperthyroid	0.2558313337067412	0.24386172805634268	0.011969605650398535	0.04678709787800761	0.011969605650398535	OK	0.0024351346499734234	0.018160341629509278
b12_def_hypothyroid	b12_def	hypothyroid	0.3671956785649723	0.34707726504397607	0.020118413520996248	0.05478935264058793	0.020118413520996248	OK	2.837851123723497e-09	8.060773758208296e-07
b12_def_IBS	b12_def	IBS	0.2210067907605834	0.2060237579552966	0.014983032805286817	0.06779444538207846	0.014983032805286817	OK	0.0019749922209387405	0.014713971032668121
b12_def_IDA	b12_def	IDA	0.5157095748866222	0.4123340708741662	0.10337550401245599	0.20045294686487625	0.10337550401245599	OK	1.2931828107717642e-06	0.0026512137012522316
b12_def_insomnia	b12_def	insomnia	0.283833912917651	0.1806702287456885	0.10316368417196248	0.36346496833834463	0.10316368417196248	OK	0.03629056919914986	0.3643723321293299
b12_def_intervert_disc	b12_def	intervert_disc	0.36535463294225623	0.26796177319060493	0.0973928597516513	0.266570753372776	0.0973928597516513	OK	1.0076703251580303e-07	0.0010548789447336064
b12_def_isch_stroke_tia	b12_def	isch_stroke_tia	0.3825380927456387	0.31063277138003964	0.07190532136559907	0.1879690486495187	0.07190532136559907	OK	0.0008582845195050503	0.03806104210324642
b12_def_migraine	b12_def	migraine	0.1896526983333017	0.1715455088923364	0.018107189440965288	0.09547551709041935	0.018107189440965288	OK	0.00162639920586833	0.015441084966269262
b12_def_OA	b12_def	OA	0.2880547763095011	0.13647500189290632	0.1515797744165948	0.5262185767533657	0.1515797744165948	OK	1.092560905119447e-08	0.05160665814249582
b12_def_osteoporosis	b12_def	osteoporosis	0.09468657942928325	0.14596992561951003	-0.05128334619022677	nan	-0.05128334619022677	PROPORTIONAL_ATTENUATION_UNSTABLE	0.2471069153069567	0.1399982730619245
b12_def_periph_neuro	b12_def	periph_neuro	0.34412414656287055	0.16839697791942188	0.17572716864344867	0.5106505033099844	0.17572716864344867	OK	0.0037692278536643527	0.39751617616704354
b12_def_peripheral_arterial	b12_def	peripheral_arterial	0.49827203537633913	0.3942941043337835	0.10397793104255565	0.20867703515414493	0.10397793104255565	OK	4.181917260608132e-05	0.049686212687202996
b12_def_PMR	b12_def	PMR	0.14049001905753059	0.09917939208095325	0.041310626976577336	nan	0.041310626976577336	PROPORTIONAL_ATTENUATION_UNSTABLE	0.32606116215630315	0.5738446117525674
b12_def_pri_bladder	b12_def	pri_bladder	0.007365980857387332	-0.025691385867145172	-0.01832540500975784	nan	0.03305736672453251	PROPORTIONAL_ATTENUATION_UNSTABLE	0.9651571663213704	0.9056313621851318
b12_def_pri_breast	b12_def	pri_breast	-0.07447619603557845	-0.06596401232070155	0.0085121837148769	nan	-0.0085121837148769	PROPORTIONAL_ATTENUATION_UNSTABLE	0.2573749657744126	0.39983259304181856
b12_def_pri_colorectal	b12_def	pri_colorectal	-0.031855516199359384	-0.03308094931989691	-0.0012254331205375293	nan	0.0012254331205375293	PROPORTIONAL_ATTENUATION_UNSTABLE	0.7607733539412032	0.7961178070586055
b12_def_pri_prost	b12_def	pri_prost	-0.0010784762817667634	0.03505308725453641	-0.033974610972769645	nan	-0.036131563536303174	PROPORTIONAL_ATTENUATION_UNSTABLE	0.9896980902068373	0.6993614396538849
b12_def_pri_skin	b12_def	pri_skin	-0.0896272405544244	-0.05896558043600289	0.030661660118421516	nan	-0.030661660118421516	PROPORTIONAL_ATTENUATION_UNSTABLE	0.2290896404200972	0.5343433640178932
b12_def_psoriasis	b12_def	psoriasis	0.25184323183538077	0.17465804362270607	0.0771851882126747	0.3064810900422664	0.0771851882126747	OK	0.013570225248845033	0.1573922482355906
b12_def_RA	b12_def	RA	0.3731360948154574	0.30005099297419086	0.07308510184126654	0.1958671456788772	0.07308510184126654	OK	3.1687447300375194e-06	0.002553703226684595
b12_def_raynauds	b12_def	raynauds	0.24849852462843397	0.28699129897858083	-0.03849277435014686	nan	-0.03849277435014686	PROPORTIONAL_ATTENUATION_UNSTABLE	0.09174815450103173	0.10945932989350476
b12_def_retinal_detach	b12_def	retinal_detach	0.02559930523491278	0.06154189711500435	-0.03594259188009157	nan	-0.03594259188009157	PROPORTIONAL_ATTENUATION_UNSTABLE	0.8299617272733868	0.6441556345178806
b12_def_schizo	b12_def	schizo	-0.010952823192453708	0.024750034393266025	-0.013797211200812317	nan	-0.035702857585719734	PROPORTIONAL_ATTENUATION_UNSTABLE	0.8637263230954567	0.7473856545474377
b12_def_scoliosis	b12_def	scoliosis	0.07744427733469243	0.08095060303470503	-0.003506325700012594	nan	-0.003506325700012594	PROPORTIONAL_ATTENUATION_UNSTABLE	0.4955471080250367	0.5614492222334192
b12_def_sinusitis	b12_def	sinusitis	0.24316607329900058	0.19317561766337107	0.04999045563562951	0.20558153922303346	0.04999045563562951	OK	0.06445046816175158	0.23940634952339165
b12_def_sleep_apnoea	b12_def	sleep_apnoea	0.23856718346379546	0.07132047719457864	0.16724670626921684	0.7010465724620414	0.16724670626921684	OK	1.0507857707969459e-05	0.39751617616704354
b12_def_spondylolisthesis	b12_def	spondylolisthesis	0.11260188883946774	0.008223492195986346	0.10437839664348139	nan	0.10437839664348139	PROPORTIONAL_ATTENUATION_UNSTABLE	0.4022098613047139	0.9692927848594438
b12_def_spondylosis	b12_def	spondylosis	0.30854401147543803	0.13743875298747837	0.17110525848795965	0.5545570554740151	0.17110525848795965	OK	0.00024172443543152674	0.2589710743567179
b12_def_stroke_all	b12_def	stroke_all	0.21018991277038704	0.11893014204704498	0.09125977072334206	0.43417768969262993	0.09125977072334206	OK	0.031032980289328892	0.3693011366339385
b12_def_tendon	b12_def	tendon	0.29253381643007065	0.1543534280328933	0.13818038839717736	0.4723569742584238	0.13818038839717736	OK	8.458497372850115e-05	0.11663598474321289
b12_def_thromboembolic	b12_def	thromboembolic	0.1794845974130597	0.06838722239643799	0.1110973750166217	0.6189799939264204	0.1110973750166217	OK	0.017994398744534568	0.5099720987195141
b12_def_TIA	b12_def	TIA	0.22162606255602949	0.13120359696036332	0.09042246559566616	0.4079956326111528	0.09042246559566616	OK	0.02364980896919833	0.31646929765595266
b12_def_tinnitus	b12_def	tinnitus	0.0396190741007446	0.05370096654412876	-0.014081892443384161	nan	-0.014081892443384161	PROPORTIONAL_ATTENUATION_UNSTABLE	0.7612122694089101	0.7343132477846536
b12_def_ulc_colitis	b12_def	ulc_colitis	0.10627888561207312	0.1235501532030688	-0.017271267590995676	nan	-0.017271267590995676	PROPORTIONAL_ATTENUATION_UNSTABLE	0.13626020313598058	0.1412292556196741
b12_def_ulcer_peptic	b12_def	ulcer_peptic	0.3654121640180126	0.22925104983366437	0.1361611141843482	0.3726233759903962	0.1361611141843482	OK	0.00022319355036911945	0.08152128665918812
b12_def_urine_incont	b12_def	urine_incont	0.2930366179873851	0.1794493450860388	0.11358727290134632	0.3876214299819558	0.11358727290134632	OK	0.00030831362077730884	0.08583916284484082
b12_def_urolithiasis	b12_def	urolithiasis	0.1353181458458213	0.10395689229407938	0.03136125355174192	nan	0.03136125355174192	PROPORTIONAL_ATTENUATION_UNSTABLE	0.09564348805443976	0.30102404393816795
b12_def_valve_nonrheumatic	b12_def	valve_nonrheumatic	0.17867910189775246	0.09279971775074036	0.0858793841470121	0.48063474259097083	0.0858793841470121	OK	0.022840776856021486	0.3825512086120555
BPH_bursitis	BPH	bursitis	0.1163458557738602	0.11854084796825556	-0.0021949921943953676	nan	-0.0021949921943953676	PROPORTIONAL_ATTENUATION_UNSTABLE	0.09894233676285966	0.1658840056221539
BPH_carpal_tunnel	BPH	carpal_tunnel	0.060975916475395485	0.0607074892681055	0.0002684272072899854	0.004402184055705027	0.0002684272072899854	OK	0.06297564515172162	0.1286404260932714
BPH_cataract	BPH	cataract	0.0507502352269083	0.055049643041034796	-0.0042994078141264935	nan	-0.0042994078141264935	PROPORTIONAL_ATTENUATION_UNSTABLE	0.1747153566726109	0.16072582469470514
BPH_cholelithiasis	BPH	cholelithiasis	0.07119701381107417	0.08212838657988937	-0.0109313727688152	nan	-0.0109313727688152	PROPORTIONAL_ATTENUATION_UNSTABLE	0.07797970980936912	0.09887250116243684
BPH_CKD	BPH	CKD	0.04723012322486764	0.058403497680426825	-0.011173374455559187	nan	-0.011173374455559187	PROPORTIONAL_ATTENUATION_UNSTABLE	0.302311525295863	0.29498850179839425
BPH_COPD	BPH	COPD	0.04055671100564215	0.08154598974832504	-0.04098927874268289	nan	-0.04098927874268289	PROPORTIONAL_ATTENUATION_UNSTABLE	0.38799463584581867	0.14346225424131903
BPH_coronary_heart	BPH	coronary_heart	0.00213113439106939	0.024208839887319242	-0.022077705496249853	nan	-0.022077705496249853	PROPORTIONAL_ATTENUATION_UNSTABLE	0.9481022970109457	0.51647766667585
BPH_deaf	BPH	deaf	0.11726776974431412	0.12369953913640233	-0.006431769392088213	-0.05484686377264425	-0.006431769392088213	ENHANCED	0.001174979407964462	0.0014769157936948723
BPH_depression	BPH	depression	0.16220582338061523	0.17648277433102003	-0.014276950950404793	-0.08801749932802339	-0.014276950950404793	ENHANCED	2.3780598206797934e-07	5.883559610611538e-07
BPH_diabetes_type_2	BPH	diabetes_type_2	0.04374582886597888	0.06802127745076333	-0.024275448584784455	nan	-0.024275448584784455	PROPORTIONAL_ATTENUATION_UNSTABLE	0.18619816607194925	0.2503828617504774
BPH_diverticuli	BPH	diverticuli	0.16434412918476946	0.16931356758280136	-0.004969438398031906	-0.030238003771006827	-0.004969438398031906	ENHANCED	6.654022302717385e-08	3.5839146857691345e-07
BPH_ED	BPH	ED	0.24847589370075027	0.28724185457966456	-0.03876596087891429	-0.1560149771534849	-0.03876596087891429	ENHANCED	0.0002719481450092236	0.0003636583649122653
BPH_enthesopathy_lower	BPH	enthesopathy_lower	0.13237670315361275	0.1458543451719134	-0.01347764201830065	-0.10181279407344745	-0.01347764201830065	ENHANCED	0.056558861168577064	0.06740573350793175
BPH_enthesopathy_shoulder	BPH	enthesopathy_shoulder	0.10226939811259877	0.10900104482595774	-0.006731646713358963	-0.06582268828792182	-0.006731646713358963	ENHANCED	0.023457103590488623	0.025652078042976447
BPH_enthesopathy_upper	BPH	enthesopathy_upper	0.10338770644524159	0.11107795893854003	-0.007690252493298438	-0.074382658806456	-0.007690252493298438	ENHANCED	0.03098473830792802	0.05170326879080071
BPH_essential_tremor	BPH	essential_tremor	0.049431710532380636	0.0457152820251495	0.003716428507231133	nan	0.003716428507231133	PROPORTIONAL_ATTENUATION_UNSTABLE	0.5163601186621782	0.5943626925533864
BPH_female_genital_prolapse	BPH	female_genital_prolapse	0.164114291831014	0.16488373012011573	-0.000769438289101726	-0.004688429511635839	-0.000769438289101726	ENHANCED	9.968524054849807e-06	4.477217030347559e-05
BPH_fibromatosis	BPH	fibromatosis	0.03262197926722828	0.03886609196127449	-0.0062441126940462124	nan	-0.0062441126940462124	PROPORTIONAL_ATTENUATION_UNSTABLE	0.5210654612550731	0.4826658949804029
BPH_fibromyalgia	BPH	fibromyalgia	0.13538576833456215	0.15415991674927465	-0.018774148414712505	-0.13867150621266378	-0.018774148414712505	ENHANCED	0.044051738737822116	0.0556009945034606
BPH_gastritis_duodenitis	BPH	gastritis_duodenitis	0.1169336499323735	0.1347545350496163	-0.017820885117242793	-0.1524016835833757	-0.017820885117242793	ENHANCED	0.008211055444117881	0.008363484024709336
BPH_glaucoma	BPH	glaucoma	0.0464648793652938	0.04698911074395025	-0.0005242313786564465	nan	-0.0005242313786564465	PROPORTIONAL_ATTENUATION_UNSTABLE	0.22228685034094306	0.26662848968944025
BPH_GORD	BPH	GORD	0.17552556214276085	0.19781690062460666	-0.022291338481845807	-0.12699767606336176	-0.022291338481845807	ENHANCED	1.004523363488307e-08	1.1612939214226406e-09
BPH_gout	BPH	gout	0.013945433076582385	0.02318750292868083	-0.009242069852098444	nan	-0.009242069852098444	PROPORTIONAL_ATTENUATION_UNSTABLE	0.6658867101562885	0.5847031448998509
BPH_HF	BPH	HF	0.07372576217808344	0.1099469910457822	-0.03622122886769877	nan	-0.03622122886769877	PROPORTIONAL_ATTENUATION_UNSTABLE	0.10979170305087638	0.07525629439881638
BPH_hypertension	BPH	hypertension	0.07634125000078501	0.15514143080993725	-0.07880018080915224	-1.0322097268297536	-0.07880018080915224	ENHANCED	0.043172228659330576	0.0001211298368685593
BPH_hyperthyroid	BPH	hyperthyroid	0.03936856694728448	0.048303195612305595	-0.008934628665021115	nan	-0.008934628665021115	PROPORTIONAL_ATTENUATION_UNSTABLE	0.5100106566791499	0.4293936069795047
BPH_hypothyroid	BPH	hypothyroid	0.03573654854900322	0.03975737757058972	-0.0040208290215865	nan	-0.0040208290215865	PROPORTIONAL_ATTENUATION_UNSTABLE	0.3747813541942941	0.3718320541800152
BPH_IBS	BPH	IBS	0.2900557324315743	0.2893805187455605	0.0006752136860138092	0.002327875682212488	0.0006752136860138092	OK	3.8399760690718645e-17	5.720185605784942e-16
BPH_IDA	BPH	IDA	0.035826356350173436	0.04087848962203507	-0.005052133271861638	nan	-0.005052133271861638	PROPORTIONAL_ATTENUATION_UNSTABLE	0.6582675293155124	0.6492056704361349
BPH_insomnia	BPH	insomnia	0.14955247787829842	0.1552603018230304	-0.005707823944731988	-0.03816602724146678	-0.005707823944731988	ENHANCED	0.0375603901841248	0.10367359671801596
BPH_intervert_disc	BPH	intervert_disc	0.1833747409101297	0.20357724494983748	-0.020202504039707775	-0.11017059350398117	-0.020202504039707775	ENHANCED	1.3978279910309046e-07	4.2487106675151714e-08
BPH_isch_stroke_tia	BPH	isch_stroke_tia	0.11995985009327297	0.14893369306905407	-0.02897384297578111	nan	-0.02897384297578111	PROPORTIONAL_ATTENUATION_UNSTABLE	0.08391272659709884	0.06418656513633206
BPH_migraine	BPH	migraine	0.12941137659679997	0.1364574493749812	-0.007046072778181228	-0.054447089301385754	-0.007046072778181228	ENHANCED	0.00021096185714035328	0.0002157907041324579
BPH_OA	BPH	OA	0.13060194542279294	0.14411743053370696	-0.013515485110914022	-0.10348609331324155	-0.013515485110914022	ENHANCED	0.0001892175321288018	0.0005449354654545568
BPH_osteoporosis	BPH	osteoporosis	0.08296223359424437	0.08028198390347817	0.002680249690766204	0.0323068651197953	0.002680249690766204	OK	0.050242570415251715	0.07962667172198334
BPH_periph_neuro	BPH	periph_neuro	0.13055498101949994	0.15718409597930963	-0.026629114959809685	-0.20396858665876794	-0.026629114959809685	ENHANCED	0.04320012036189885	0.09643998791494214
BPH_peripheral_arterial	BPH	peripheral_arterial	-0.02531333537953925	0.0014850564513856726	0.023828278928153576	nan	-0.026798391830924924	PROPORTIONAL_ATTENUATION_UNSTABLE	0.7693088259311127	0.9927925549769002
BPH_PMR	BPH	PMR	0.1416174815278297	0.1420411461379141	-0.0004236646100844177	-0.002991612373795638	-0.0004236646100844177	ENHANCED	0.05341814025012339	0.06967652860352778
BPH_pri_bladder	BPH	pri_bladder	0.10572316049008268	0.11148682725354736	-0.005763666763464681	nan	-0.005763666763464681	PROPORTIONAL_ATTENUATION_UNSTABLE	0.23604995831577444	0.25774644331298735
BPH_pri_breast	BPH	pri_breast	0.07800033990346295	0.08119229289908522	-0.003191952995622277	-0.04092229597425856	-0.003191952995622277	ENHANCED	0.017235498462500186	0.018924876233264033
BPH_pri_colorectal	BPH	pri_colorectal	0.05819180100952253	0.061269643812963716	-0.003077842803441186	nan	-0.003077842803441186	PROPORTIONAL_ATTENUATION_UNSTABLE	0.2572605978202703	0.27020725997147704
BPH_pri_prost	BPH	pri_prost	0.19447673097964277	0.20040066069994802	-0.005923929720305254	-0.030460866400131792	-0.005923929720305254	ENHANCED	1.1583923113033818e-05	1.4064080806161578e-05
BPH_pri_skin	BPH	pri_skin	0.07878218197829805	0.07843882349993883	0.0003433584783592153	0.0043583265877784605	0.0003433584783592153	OK	0.02630513522920234	0.04233156463162905
BPH_psoriasis	BPH	psoriasis	0.06031561612384226	0.06535598404464048	-0.005040367920798219	nan	-0.005040367920798219	PROPORTIONAL_ATTENUATION_UNSTABLE	0.22929898472954655	0.24608963569225592
BPH_RA	BPH	RA	-0.022433042575038826	-0.017734118824906143	0.004698923750132682	nan	-0.004698923750132682	PROPORTIONAL_ATTENUATION_UNSTABLE	0.6669115365166918	0.7585497177795719
BPH_raynauds	BPH	raynauds	0.0703874821545033	0.06948503417310375	0.0009024479813995456	nan	0.0009024479813995456	PROPORTIONAL_ATTENUATION_UNSTABLE	0.3090725303855624	0.3927732258519712
BPH_retinal_detach	BPH	retinal_detach	0.11440433644455521	0.11183234401844547	0.00257199242610974	0.02248159909005043	0.00257199242610974	OK	0.03311620533993228	0.058781303170037165
BPH_schizo	BPH	schizo	0.034688609230305534	0.048559020397618675	-0.013870411167313142	nan	-0.013870411167313142	PROPORTIONAL_ATTENUATION_UNSTABLE	0.18156517467669392	0.09176472295768993
BPH_scoliosis	BPH	scoliosis	0.05151795114122871	0.05197682045655616	-0.0004588693153274523	nan	-0.0004588693153274523	PROPORTIONAL_ATTENUATION_UNSTABLE	0.4926606575622474	0.5382412937398372
BPH_sinusitis	BPH	sinusitis	0.20221111033124856	0.20515015286811172	-0.002939042536863168	-0.014534525486995298	-0.002939042536863168	ENHANCED	0.001512008116938421	0.004455314766516838
BPH_sleep_apnoea	BPH	sleep_apnoea	0.16485526077197932	0.20893034712189154	-0.044075086349912224	-0.2673562623571655	-0.044075086349912224	ENHANCED	0.00012218334231291504	5.071153842034367e-06
BPH_spondylolisthesis	BPH	spondylolisthesis	0.05499037004832614	0.05985501418562662	-0.004864644137300485	nan	-0.004864644137300485	PROPORTIONAL_ATTENUATION_UNSTABLE	0.541287211331267	0.5585780389504243
BPH_spondylosis	BPH	spondylosis	0.14039486113399144	0.16552012242675737	-0.025125261292765932	-0.17896140278800265	-0.025125261292765932	ENHANCED	0.01168049083210477	0.012811607212029839
BPH_stroke_all	BPH	stroke_all	0.041561560522378145	0.06700832919200413	-0.02544676866962598	nan	-0.02544676866962598	PROPORTIONAL_ATTENUATION_UNSTABLE	0.5711620993799656	0.38198480555973696
BPH_tendon	BPH	tendon	0.10783228123116365	0.11389045826432023	-0.0060581770331565865	-0.0561814789039794	-0.0060581770331565865	ENHANCED	0.02279809816093656	0.035949359902603825
BPH_thromboembolic	BPH	thromboembolic	0.11494729739974845	0.11876023013700297	-0.0038129327372545263	-0.03317113863055354	-0.0038129327372545263	ENHANCED	0.013206168659388883	0.021643176774205998
BPH_TIA	BPH	TIA	0.042555350924952	0.059897872115691635	-0.017342521190739632	nan	-0.017342521190739632	PROPORTIONAL_ATTENUATION_UNSTABLE	0.568025678184318	0.4451181632340382
BPH_tinnitus	BPH	tinnitus	0.22917972914623375	0.22770309462068272	0.0014766345255510238	0.006443128853725222	0.0014766345255510238	OK	0.0006160582944224432	0.0007695674042754521
BPH_ulc_colitis	BPH	ulc_colitis	0.090992305380505	0.09057381558458717	0.00041848979591782576	0.004599177855400094	0.00041848979591782576	OK	0.004595583030431138	0.007222145222933013
BPH_ulcer_peptic	BPH	ulcer_peptic	0.037005773168125346	0.05625910419848447	-0.019253331030359123	nan	-0.019253331030359123	PROPORTIONAL_ATTENUATION_UNSTABLE	0.5792263977247482	0.4551841088429589
BPH_urine_incont	BPH	urine_incont	0.2088340292954023	0.2266556930977299	-0.01782166380232761	-0.08533888783574772	-0.01782166380232761	ENHANCED	7.77199452164307e-05	9.395404022752e-05
BPH_urolithiasis	BPH	urolithiasis	0.17423727551363205	0.17873415930255346	-0.0044968837889214075	-0.025808965249629168	-0.0044968837889214075	ENHANCED	2.7480880344244895e-05	4.528802832792914e-05
BPH_valve_nonrheumatic	BPH	valve_nonrheumatic	0.02563216070765117	0.034011945800272926	-0.008379785092621755	nan	-0.008379785092621755	PROPORTIONAL_ATTENUATION_UNSTABLE	0.6767399950376054	0.5935019885193168
bursitis_carpal_tunnel	bursitis	carpal_tunnel	0.3858307460567065	0.2839928606860864	0.10183788537062005	0.26394445339421624	0.10183788537062005	OK	1.2820492763870877e-09	0.00039272255867438846
bursitis_cataract	bursitis	cataract	0.13269037712135795	0.08407676415688108	0.048613612964476874	0.36636879040606773	0.048613612964476874	OK	0.031427561796708456	0.2883343773491034
bursitis_cholelithiasis	bursitis	cholelithiasis	0.1970129120352882	0.1247563749667689	0.0722565370685193	0.36676041342699905	0.0722565370685193	OK	0.0055600304649493035	0.18793553622271603
bursitis_CKD	bursitis	CKD	0.16323715814834797	0.12476377434738048	0.03847338380096749	0.23569011025053088	0.03847338380096749	OK	0.01601201941997993	0.1495397206045536
bursitis_COPD	bursitis	COPD	0.3203986092882162	0.1339513096582384	0.18644729962997778	0.5819229366949535	0.18644729962997778	OK	2.347027958205066e-06	0.21030159383189687
bursitis_coronary_heart	bursitis	coronary_heart	0.18537268468105347	0.0914290000837213	0.09394368459733217	0.5067827806398164	0.09394368459733217	OK	0.00020261567280761584	0.216096261582199
bursitis_deaf	bursitis	deaf	0.10143768904288057	0.06212150865809734	0.03931618038478323	nan	0.03931618038478323	PROPORTIONAL_ATTENUATION_UNSTABLE	0.11480914550476565	0.45217916454458673
bursitis_depression	bursitis	depression	0.20863344860561647	0.10207284718366261	0.10656060142195387	0.51075511685275	0.10656060142195387	OK	0.0015399945004470963	0.24058570546521002
bursitis_diabetes_type_2	bursitis	diabetes_type_2	0.18597457366837483	0.06911071988265818	0.11686385378571665	0.6283861900073788	0.11686385378571665	OK	7.101759478800119e-05	0.5424849949574404
bursitis_diverticuli	bursitis	diverticuli	0.2255675704214696	0.1720194071941661	0.05354816322730349	0.2373930043545247	0.05354816322730349	OK	0.00027286644453638017	0.01823861151314337
bursitis_ED	bursitis	ED	0.20661847939504766	0.050464034572184534	0.15615444482286311	nan	0.15615444482286311	PROPORTIONAL_ATTENUATION_UNSTABLE	0.10053073426841197	0.8101218213153553
bursitis_enthesopathy_lower	bursitis	enthesopathy_lower	0.7050156136815464	0.6642476842525583	0.0407679294289881	0.05782556958717633	0.0407679294289881	OK	6.003342469241214e-21	4.4720730117768665e-12
bursitis_enthesopathy_shoulder	bursitis	enthesopathy_shoulder	0.6592604616317188	0.6006231552757408	0.05863730635597797	0.08894406652394449	0.05863730635597797	OK	4.7496497924694935e-20	2.0901545175481327e-12
bursitis_enthesopathy_upper	bursitis	enthesopathy_upper	0.7646016156634103	0.7155320864217841	0.04906952924162622	0.06417659632990813	0.04906952924162622	OK	4.1817015643740785e-26	9.188854623025342e-16
bursitis_essential_tremor	bursitis	essential_tremor	-0.035634899568814736	-0.07020312568494623	-0.034568226116131494	nan	0.034568226116131494	PROPORTIONAL_ATTENUATION_UNSTABLE	0.8070081773540253	0.6877519477380865
bursitis_female_genital_prolapse	bursitis	female_genital_prolapse	0.28637758372787847	0.27364362368262424	0.012733960045254233	0.04446563128123282	0.012733960045254233	OK	4.932953344113503e-05	0.0011380584580227187
bursitis_fibromatosis	bursitis	fibromatosis	0.0571651148123414	0.04762330669740402	0.009541808114937378	nan	0.009541808114937378	PROPORTIONAL_ATTENUATION_UNSTABLE	0.4926606575622474	0.6374614192564867
bursitis_fibromyalgia	bursitis	fibromyalgia	0.5530818395287005	0.4657816824203646	0.08730015710833589	0.15784310904644283	0.08730015710833589	OK	2.5268326204698672e-05	0.005687131111723793
bursitis_gastritis_duodenitis	bursitis	gastritis_duodenitis	0.5282563124793853	0.4453876585178419	0.08286865396154341	0.15687205624216238	0.08286865396154341	OK	5.205781456561616e-10	3.0757931188790536e-05
bursitis_glaucoma	bursitis	glaucoma	0.044045905082460916	0.06526331133132089	-0.021217406248859975	nan	-0.021217406248859975	PROPORTIONAL_ATTENUATION_UNSTABLE	0.5670393794959538	0.4829846303455034
bursitis_GORD	bursitis	GORD	0.41971304027993084	0.33094002668153477	0.08877301359839607	0.21150882883979072	0.08877301359839607	OK	7.011876036813435e-11	3.208073880940241e-05
bursitis_gout	bursitis	gout	0.2700400720289069	0.2101001581001481	0.0599399139287588	0.22196673804153944	0.0599399139287588	OK	1.5070227178392839e-05	0.013261899874445326
bursitis_HF	bursitis	HF	0.2576360174028761	0.11958075168489708	0.13805526571797905	0.5358539039287209	0.13805526571797905	OK	0.0002944651007682955	0.3044828659521126
bursitis_hypertension	bursitis	hypertension	0.20808685949213157	0.18485220541630107	0.023234654075830502	0.11165843980988654	0.023234654075830502	OK	4.792206948860287e-05	0.02444907382400692
bursitis_hyperthyroid	bursitis	hyperthyroid	0.048039133126741095	0.02347498300279463	0.024564150123946464	nan	0.024564150123946464	PROPORTIONAL_ATTENUATION_UNSTABLE	0.6822109869383651	0.8814127678201539
bursitis_hypothyroid	bursitis	hypothyroid	0.04338717071701292	-0.0005817393413540701	0.04280543137565885	nan	0.043968910058366985	PROPORTIONAL_ATTENUATION_UNSTABLE	0.44650141031249996	0.9932457247170631
bursitis_IBS	bursitis	IBS	0.2549290457558326	0.21929691502613402	0.03563213072969856	0.1397727380340431	0.03563213072969856	OK	0.0011545734939043173	0.016647738499866206
bursitis_IDA	bursitis	IDA	0.1999490481074863	0.04613447183226117	0.1538145762752251	0.7692688598974438	0.1538145762752251	OK	0.059308305840038024	0.7866453183319965
bursitis_insomnia	bursitis	insomnia	0.5160192982925529	0.3930526062753483	0.12296669201720456	0.2382986303498471	0.12296669201720456	OK	0.0005519243988945687	0.06248918361856648
bursitis_intervert_disc	bursitis	intervert_disc	0.4996722119180012	0.4264494866465568	0.07322272527144441	0.14654151967022055	0.07322272527144441	OK	9.325109549090366e-13	2.545600626836308e-07
bursitis_isch_stroke_tia	bursitis	isch_stroke_tia	0.3042511105207882	0.2525602229296882	0.051690887591099965	0.16989547713604203	0.051690887591099965	OK	0.016040426968170523	0.1409351531987022
bursitis_migraine	bursitis	migraine	0.2410604442355616	0.21791513393986695	0.023145310295694665	0.09601455091104583	0.023145310295694665	OK	0.0002651045671769958	0.005362219491404628
bursitis_OA	bursitis	OA	0.6444645239847492	0.6132238161245718	0.031240707860177408	0.04847545007910581	0.031240707860177408	OK	1.2814168975118274e-23	1.6634371856588446e-13
bursitis_osteoporosis	bursitis	osteoporosis	0.12349655881976311	0.13383814383661524	-0.010341585016852131	nan	-0.010341585016852131	PROPORTIONAL_ATTENUATION_UNSTABLE	0.1682759021725915	0.23180218535614616
bursitis_periph_neuro	bursitis	periph_neuro	0.5913852136724418	0.5169208404509382	0.07446437322150357	0.12591517592921775	0.07446437322150357	OK	1.1985814106475005e-07	0.001713327994992281
bursitis_peripheral_arterial	bursitis	peripheral_arterial	0.3579378441484631	0.231242693979603	0.12669515016886007	0.3539585216820781	0.12669515016886007	OK	0.0010607977115384272	0.251424985573761
bursitis_PMR	bursitis	PMR	0.19618770345328224	0.16433457796737952	0.03185312548590272	nan	0.03185312548590272	PROPORTIONAL_ATTENUATION_UNSTABLE	0.1111518245044273	0.28253789613548697
bursitis_pri_bladder	bursitis	pri_bladder	0.26760321377575164	0.24173629583311104	0.025866917942640594	0.09666146223608796	0.025866917942640594	OK	0.052005561391160124	0.16439880582860752
bursitis_pri_breast	bursitis	pri_breast	-0.0641602227306182	-0.06089803206518644	0.0032621906654317565	nan	-0.0032621906654317565	PROPORTIONAL_ATTENUATION_UNSTABLE	0.279302213603029	0.38360908799354676
bursitis_pri_colorectal	bursitis	pri_colorectal	-0.06870671141529455	-0.06482893378546709	0.003877777629827467	nan	-0.003877777629827467	PROPORTIONAL_ATTENUATION_UNSTABLE	0.5210654612550731	0.6173872276301768
bursitis_pri_prost	bursitis	pri_prost	-0.08526218821845012	-0.055322720156579235	0.029939468061870887	nan	-0.029939468061870887	PROPORTIONAL_ATTENUATION_UNSTABLE	0.18413276304615633	0.512478572890492
bursitis_pri_skin	bursitis	pri_skin	-0.0017048974943082462	0.024210204300337504	-0.022505306806029256	nan	-0.02591510179464575	PROPORTIONAL_ATTENUATION_UNSTABLE	0.9822399994117129	0.795333802273053
bursitis_psoriasis	bursitis	psoriasis	0.1784963780794098	0.08945294712584952	0.08904343095356028	0.49885287259972566	0.08904343095356028	OK	0.05199838566228538	0.4539166581175106
bursitis_RA	bursitis	RA	0.2199750209971345	0.11472996024907503	0.10524506074805948	0.47844096239195466	0.10524506074805948	OK	0.003091524058286547	0.2621974940896454
bursitis_raynauds	bursitis	raynauds	0.05329236291666609	0.02849208567328367	0.024800277243382424	nan	0.024800277243382424	PROPORTIONAL_ATTENUATION_UNSTABLE	0.7127963493728973	0.8885143707728025
bursitis_retinal_detach	bursitis	retinal_detach	0.03327589802911062	0.06740086106776347	-0.034124963038652846	nan	-0.034124963038652846	PROPORTIONAL_ATTENUATION_UNSTABLE	0.780616861455335	0.6285898677191673
bursitis_schizo	bursitis	schizo	-0.21254195817477925	-0.2283520241521275	-0.015810065977348242	-0.0743856230229476	0.015810065977348242	ENHANCED	0.0001364198129707438	0.0013377666202767208
bursitis_scoliosis	bursitis	scoliosis	0.2067345180416293	0.2088124266335501	-0.0020779085919208073	-0.010051096505820922	-0.0020779085919208073	ENHANCED	0.06238889903570246	0.12771117960359482
bursitis_sinusitis	bursitis	sinusitis	0.315574732916458	0.2512746476817807	0.06430008523467728	0.20375549284454098	0.06430008523467728	OK	0.01609844210673556	0.132319411366947
bursitis_sleep_apnoea	bursitis	sleep_apnoea	0.15607253624203093	0.039971622029242225	0.1161009142127887	0.7438907382958404	0.1161009142127887	OK	0.030566598800883495	0.7242074433421575
bursitis_spondylolisthesis	bursitis	spondylolisthesis	0.3846630030515997	0.3165724310971631	0.06809057195443657	0.1770135713969423	0.06809057195443657	OK	0.0031531386200215183	0.04671523910487238
bursitis_spondylosis	bursitis	spondylosis	0.7074301751462164	0.6576059282428066	0.04982424690340981	0.0704299147164762	0.04982424690340981	OK	4.9541470560695415e-15	8.802060363796809e-09
bursitis_stroke_all	bursitis	stroke_all	0.2952480780930539	0.27302225419515164	0.022225823897902286	0.07527847104527918	0.022225823897902286	OK	0.0010579587246363127	0.022909418132210622
bursitis_tendon	bursitis	tendon	0.7477683035365058	0.6944128298282797	0.05335547370822613	0.0713529491098861	0.05335547370822613	OK	1.417115436549139e-19	4.882801662243404e-12
bursitis_thromboembolic	bursitis	thromboembolic	0.13389850740029577	0.0326997507024071	0.10119875669788866	nan	0.10119875669788866	PROPORTIONAL_ATTENUATION_UNSTABLE	0.10208432923787744	0.7918509596704599
bursitis_TIA	bursitis	TIA	0.2963511698947094	0.23944507069381052	0.05690609920089887	0.19202252254012375	0.05690609920089887	OK	0.017235498462500186	0.13604902040614666
bursitis_tinnitus	bursitis	tinnitus	0.10442066064984645	0.0940724150718166	0.010348245578029852	nan	0.010348245578029852	PROPORTIONAL_ATTENUATION_UNSTABLE	0.3681543959764865	0.5303506912485587
bursitis_ulc_colitis	bursitis	ulc_colitis	-0.05828261446324759	-0.06365783553316987	-0.005375221069922276	nan	0.005375221069922276	PROPORTIONAL_ATTENUATION_UNSTABLE	0.4458386756368976	0.4898336868667544
bursitis_ulcer_peptic	bursitis	ulcer_peptic	0.3458938928701848	0.19559868641569184	0.15029520645449296	0.4345124604755577	0.15029520645449296	OK	0.0006254128341356698	0.18041126643855637
bursitis_urine_incont	bursitis	urine_incont	0.46974487572886653	0.3968329083909429	0.07291196733792366	0.15521609943012538	0.07291196733792366	OK	1.3516950393970365e-07	0.00041327074666423904
bursitis_urolithiasis	bursitis	urolithiasis	0.11791186810339928	0.10098154850235198	0.016930319601047294	nan	0.016930319601047294	PROPORTIONAL_ATTENUATION_UNSTABLE	0.12506418675202643	0.2921758942090615
bursitis_valve_nonrheumatic	bursitis	valve_nonrheumatic	0.2469471918603636	0.20717350335659468	0.03977368850376892	0.1610615136140482	0.03977368850376892	OK	0.005722651208851434	0.07648475431341467
carpal_tunnel_cataract	carpal_tunnel	cataract	0.11309390660664878	0.060092911875309435	0.053000994731339346	0.46864589191070904	0.053000994731339346	OK	5.774364416277872e-05	0.09170141752151217
carpal_tunnel_cholelithiasis	carpal_tunnel	cholelithiasis	0.16183934937654018	0.021009885934086082	0.1408294634424541	0.8701806080225652	0.1408294634424541	OK	8.76985698443794e-10	0.5836399712101422
carpal_tunnel_CKD	carpal_tunnel	CKD	0.11991059713471389	0.015143302155065737	0.10476729497964815	0.8737117275960776	0.10476729497964815	OK	0.00017371762881479604	0.7407365605374756
carpal_tunnel_COPD	carpal_tunnel	COPD	0.3211369125337047	0.181642915895634	0.1394939966380707	0.4343754678884203	0.1394939966380707	OK	6.910451363487542e-34	1.6061552594101253e-05
carpal_tunnel_coronary_heart	carpal_tunnel	coronary_heart	0.2156941573617374	0.09107148828275058	0.12462266907898681	0.5777748948015501	0.12462266907898681	OK	3.4295007672476605e-23	0.003361523445667824
carpal_tunnel_deaf	carpal_tunnel	deaf	0.06323769454089913	0.03347081241198692	0.02976688212891221	0.47071422108312955	0.02976688212891221	OK	0.03212781248776265	0.3629280809553356
carpal_tunnel_depression	carpal_tunnel	depression	0.1837675684237839	0.11263743530103802	0.07113013312274587	0.38706575775500074	0.07113013312274587	OK	5.6170412310384565e-14	0.00029025997838624064
carpal_tunnel_diabetes_type_2	carpal_tunnel	diabetes_type_2	0.2416978561203827	0.00046180238717716623	0.24123605373320553	0.9980893401596944	0.24123605373320553	OK	2.7100096738206776e-32	0.9932457247170631
carpal_tunnel_diverticuli	carpal_tunnel	diverticuli	0.18441852145687693	0.12013587201692767	0.06428264943994925	0.34856937867263316	0.06428264943994925	OK	2.8917031008040467e-15	6.823686644322499e-06
carpal_tunnel_ED	carpal_tunnel	ED	0.22880191319251766	0.05244380733510688	0.1763581058574108	0.7707894719788475	0.1763581058574108	OK	9.051775374591902e-05	0.564749149138166
carpal_tunnel_enthesopathy_lower	carpal_tunnel	enthesopathy_lower	0.5124448768223507	0.4179150296671919	0.09452984715515883	0.18446832319084627	0.09452984715515883	OK	3.1187402602500056e-22	1.0810096726588449e-10
carpal_tunnel_enthesopathy_shoulder	carpal_tunnel	enthesopathy_shoulder	0.4550446411184296	0.3646758426357574	0.09036879848267221	0.1985932594669385	0.09036879848267221	OK	5.435265033893953e-53	3.1523076537557325e-23
carpal_tunnel_enthesopathy_upper	carpal_tunnel	enthesopathy_upper	0.56605945936998	0.5004643894948138	0.06559506987516628	0.11588017617119784	0.06559506987516628	OK	2.941325063623618e-59	3.2446297988257285e-31
carpal_tunnel_essential_tremor	carpal_tunnel	essential_tremor	0.061926146064902675	0.0381594206735325	0.023766725391370175	nan	0.023766725391370175	PROPORTIONAL_ATTENUATION_UNSTABLE	0.30800707325107035	0.6285898677191673
carpal_tunnel_female_genital_prolapse	carpal_tunnel	female_genital_prolapse	0.08756278996538482	0.054812566449250755	0.03275022351613406	0.374019872243459	0.03275022351613406	OK	0.007234224373175861	0.16553573458797372
carpal_tunnel_fibromatosis	carpal_tunnel	fibromatosis	-0.06080384827460525	-0.05417705948368841	0.0066267887909168405	0.10898633851246753	-0.0066267887909168405	OK	0.06299782952699662	0.17066660908162135
carpal_tunnel_fibromyalgia	carpal_tunnel	fibromyalgia	0.3809936629335274	0.26834233732916146	0.11265132560436592	0.29567768853945575	0.11265132560436592	OK	2.005231805610823e-15	7.736416829794343e-06
carpal_tunnel_gastritis_duodenitis	carpal_tunnel	gastritis_duodenitis	0.36596986098271517	0.2552963437758864	0.11067351720682878	0.30241156173255457	0.11067351720682878	OK	5.0085431497606305e-29	1.159773430183013e-09
carpal_tunnel_glaucoma	carpal_tunnel	glaucoma	-0.06314857925952035	-0.056897703878325136	0.00625087538119521	0.09898679359841367	-0.00625087538119521	OK	0.06445046816175158	0.17573735167442378
carpal_tunnel_GORD	carpal_tunnel	GORD	0.3335353726076671	0.21857763404737784	0.11495773856028924	0.3446643085005331	0.11495773856028924	OK	2.0474617577439356e-44	3.895248254682952e-13
carpal_tunnel_gout	carpal_tunnel	gout	0.15371218972876152	-0.016353457704430172	0.13735873202433135	0.8936098839442255	0.1700656474331917	OK	1.132156774475853e-09	0.6623169770252483
carpal_tunnel_HF	carpal_tunnel	HF	0.24537105466971418	0.006856119046388751	0.23851493562332543	0.9720581587929451	0.23851493562332543	OK	1.1879919809489443e-16	0.911600809422321
carpal_tunnel_hypertension	carpal_tunnel	hypertension	0.220987719943812	0.07380020250298962	0.14718751744082237	0.6660438755522073	0.14718751744082237	OK	7.234306168484588e-24	0.05172560668310874
carpal_tunnel_hyperthyroid	carpal_tunnel	hyperthyroid	0.09400325061556872	0.06134410901381752	0.0326591416017512	0.3474256622817491	0.0326591416017512	OK	0.04630853604270583	0.304974129813117
carpal_tunnel_hypothyroid	carpal_tunnel	hypothyroid	0.10880386000848553	0.05894076733330142	0.049863092675184115	0.458284225130389	0.049863092675184115	OK	1.8585551883004485e-05	0.06621181260552342
carpal_tunnel_IBS	carpal_tunnel	IBS	0.22785173523669852	0.21712623691405883	0.010725498322639693	0.047072269655957455	0.010725498322639693	OK	2.3580397358374107e-14	3.382248596261368e-09
carpal_tunnel_IDA	carpal_tunnel	IDA	0.2559174144429403	0.08191709998907956	0.17400031445386074	0.6799080665636221	0.17400031445386074	OK	5.988704684969232e-09	0.21253787150677142
carpal_tunnel_insomnia	carpal_tunnel	insomnia	0.28114673995722084	0.1797412527823652	0.10140548717485565	0.3606852677370026	0.10140548717485565	OK	6.271925677471386e-06	0.040891196066649524
carpal_tunnel_intervert_disc	carpal_tunnel	intervert_disc	0.40009027726949326	0.3116600102793941	0.08843026699009915	0.22102578346470092	0.08843026699009915	OK	3.0688415442725797e-47	1.1937865362593669e-21
carpal_tunnel_isch_stroke_tia	carpal_tunnel	isch_stroke_tia	0.19997804403614727	0.1007373691436241	0.09924067489252317	0.4962578535600878	0.09924067489252317	OK	0.00023620573534557712	0.1681015927909965
carpal_tunnel_migraine	carpal_tunnel	migraine	0.16181015684400013	0.1498099168370246	0.012000240006975527	0.07416246446472985	0.012000240006975527	OK	1.6678718380603364e-09	4.0654203920334785e-06
carpal_tunnel_OA	carpal_tunnel	OA	0.5394799784861325	0.4400537330899065	0.09942624539622602	0.18430015822872992	0.09942624539622602	OK	3.733708861656992e-97	1.3322976270086324e-38
carpal_tunnel_osteoporosis	carpal_tunnel	osteoporosis	0.011663698266918215	0.06543492047426012	-0.05377122220734191	nan	-0.05377122220734191	PROPORTIONAL_ATTENUATION_UNSTABLE	0.754815815782869	0.11063428263550841
carpal_tunnel_periph_neuro	carpal_tunnel	periph_neuro	0.5205217136244161	0.3871687081764519	0.13335300544796425	0.2561910520877626	0.13335300544796425	OK	8.217442148923599e-21	1.6682700291064335e-06
carpal_tunnel_peripheral_arterial	carpal_tunnel	peripheral_arterial	0.3393109635619365	0.1628208501409605	0.176490113420976	0.5201426784689207	0.176490113420976	OK	5.051685027499925e-10	0.08154092334108662
carpal_tunnel_PMR	carpal_tunnel	PMR	0.1436243751025292	0.10362949607452578	0.03999487902800343	0.27846860255755523	0.03999487902800343	OK	0.005681128274238991	0.10128474839544317
carpal_tunnel_pri_bladder	carpal_tunnel	pri_bladder	0.08329466789048913	0.06540634303269226	0.017888324857796872	nan	0.017888324857796872	PROPORTIONAL_ATTENUATION_UNSTABLE	0.20103005362924398	0.4174701952480489
carpal_tunnel_pri_breast	carpal_tunnel	pri_breast	-0.06006826416003231	-0.0489061596467505	0.011162104513281812	0.1858236569570917	-0.011162104513281812	OK	0.03459111490978279	0.1616824440135466
carpal_tunnel_pri_colorectal	carpal_tunnel	pri_colorectal	-0.09434278324678419	-0.10537177507619913	-0.011028991829414941	-0.11690339684557571	0.011028991829414941	ENHANCED	0.03662531448287794	0.04173433094689401
carpal_tunnel_pri_prost	carpal_tunnel	pri_prost	-0.04143425037197631	-0.008956557731591003	0.0324776926403853	nan	-0.0324776926403853	PROPORTIONAL_ATTENUATION_UNSTABLE	0.2517615684800249	0.8716484583086979
carpal_tunnel_pri_skin	carpal_tunnel	pri_skin	-0.06541136686307081	-0.028608272246362816	0.03680309461670799	0.5626406598986063	-0.03680309461670799	OK	0.046720790308728964	0.5030069541261292
carpal_tunnel_psoriasis	carpal_tunnel	psoriasis	0.17480052504568097	0.08900536860810496	0.08579515643757601	0.49081749848952105	0.08579515643757601	OK	5.474799302400986e-08	0.037520860087089325
carpal_tunnel_RA	carpal_tunnel	RA	0.25351235575945563	0.16490344522404382	0.08860891053541181	0.34952501731114083	0.08860891053541181	OK	1.27274954672016e-14	5.806783861673511e-05
carpal_tunnel_raynauds	carpal_tunnel	raynauds	0.03779889792300813	0.06535207528242543	-0.027553177359417293	nan	-0.027553177359417293	PROPORTIONAL_ATTENUATION_UNSTABLE	0.5693414736242	0.4437012893542115
carpal_tunnel_retinal_detach	carpal_tunnel	retinal_detach	-0.06345681561454614	-0.03338822556684714	0.030068590047698997	nan	-0.030068590047698997	PROPORTIONAL_ATTENUATION_UNSTABLE	0.19125160031199523	0.5993032146777073
carpal_tunnel_schizo	carpal_tunnel	schizo	-0.11056895380391558	-0.07923885012878329	0.031330103675132295	0.28335353277099384	-0.031330103675132295	OK	1.1430509779378394e-06	0.0047306874087258
carpal_tunnel_scoliosis	carpal_tunnel	scoliosis	0.09844836966411331	0.11336209240958978	-0.014913722745476463	-0.15148775745458432	-0.014913722745476463	ENHANCED	0.06063796261168399	0.07456198736031319
carpal_tunnel_sinusitis	carpal_tunnel	sinusitis	0.23696082832430823	0.19404134015111588	0.042919488173192355	0.18112482335878777	0.042919488173192355	OK	5.6808199218368414e-05	0.006806103568884068
carpal_tunnel_sleep_apnoea	carpal_tunnel	sleep_apnoea	0.3013074613069669	0.13405359938672015	0.16725386192024674	0.5550936614538442	0.16725386192024674	OK	8.745939993472787e-32	0.0006575518310247327
carpal_tunnel_spondylolisthesis	carpal_tunnel	spondylolisthesis	0.358588595400418	0.2878874065686999	0.07070118883171811	0.19716519080248385	0.07070118883171811	OK	1.0355103765773582e-10	8.729055900995291e-06
carpal_tunnel_spondylosis	carpal_tunnel	spondylosis	0.5595297226656574	0.45393355576684163	0.10559616689881574	0.18872306978750775	0.10559616689881574	OK	9.943245851811974e-58	6.814130402364553e-24
carpal_tunnel_stroke_all	carpal_tunnel	stroke_all	0.17233747389058945	0.08225726320274276	0.09008021068784669	0.5226965943868669	0.09008021068784669	OK	6.84117499171879e-05	0.14413299296747115
carpal_tunnel_tendon	carpal_tunnel	tendon	0.6588950890766289	0.6000773250346493	0.05881776404197958	0.08926726730412637	0.05881776404197958	OK	1.7884460039511472e-130	1.704887620301895e-65
carpal_tunnel_thromboembolic	carpal_tunnel	thromboembolic	0.11243176420228841	-0.03061208057088604	0.08181968363140238	0.7277274728535927	0.14304384477317444	OK	0.0005126170939844436	0.5319257680112025
carpal_tunnel_TIA	carpal_tunnel	TIA	0.19108104054851588	0.10377771755216736	0.08730332299634852	0.45689160340416934	0.08730332299634852	OK	1.855234498478366e-05	0.07850205075984287
carpal_tunnel_tinnitus	carpal_tunnel	tinnitus	0.10817282540148966	0.14196346282386904	-0.03379063742237938	-0.3123763967240709	-0.03379063742237938	ENHANCED	0.01302886424569785	0.007191189825654046
carpal_tunnel_ulc_colitis	carpal_tunnel	ulc_colitis	0.02425450138841669	0.03689238427549648	-0.012637882887079791	nan	-0.012637882887079791	PROPORTIONAL_ATTENUATION_UNSTABLE	0.4649635573082901	0.3374575355265551
carpal_tunnel_ulcer_peptic	carpal_tunnel	ulcer_peptic	0.3074902742224285	0.16187303261351627	0.1456172416089122	0.4735669834668573	0.1456172416089122	OK	3.2545706621461294e-16	0.0035146803598717956
carpal_tunnel_urine_incont	carpal_tunnel	urine_incont	0.29769801032825915	0.1780901284940777	0.11960788183418145	0.4017758859130258	0.11960788183418145	OK	2.2469340700042007e-15	0.00018243537035733762
carpal_tunnel_urolithiasis	carpal_tunnel	urolithiasis	0.08480952372976236	0.04431588040308609	0.04049364332667627	0.47746575556426296	0.04049364332667627	OK	0.017300777802741182	0.33076551437999885
carpal_tunnel_valve_nonrheumatic	carpal_tunnel	valve_nonrheumatic	0.148060631118739	0.061500910033391094	0.0865597210853479	0.5846234777692545	0.0865597210853479	OK	0.0002274189671268961	0.2389777128176326
cataract_cholelithiasis	cataract	cholelithiasis	0.11951208170564935	0.07651279836205721	0.04299928334359214	0.3597902632931843	0.04299928334359214	OK	0.00035412892305228564	0.06871665504126336
cataract_CKD	cataract	CKD	0.0639049860846669	0.021050435060058586	0.042854551024608306	nan	0.042854551024608306	PROPORTIONAL_ATTENUATION_UNSTABLE	0.09269807518639513	0.6829145824038153
cataract_COPD	cataract	COPD	0.20165341936000564	0.132861914273191	0.06879150508681464	0.34113731026798655	0.06879150508681464	OK	1.4366069451086263e-10	0.002672463649512442
cataract_coronary_heart	cataract	coronary_heart	0.16798832198669125	0.11305099813320262	0.05493732385348864	0.3270306126269956	0.05493732385348864	OK	2.213285193194561e-13	0.00013488736098500443
cataract_deaf	cataract	deaf	0.057060741270912846	0.043921028025655076	0.01313971324525777	nan	0.01313971324525777	PROPORTIONAL_ATTENUATION_UNSTABLE	0.07615891422341622	0.20054678684290853
cataract_depression	cataract	depression	0.11094198340916085	0.07057460598764718	0.04036737742151367	0.36386024641939474	0.04036737742151367	OK	1.203376753457892e-05	0.025271508015572337
cataract_diabetes_type_2	cataract	diabetes_type_2	0.15847650590777754	0.10822345521627906	0.05025305069149848	0.31710095072857236	0.05025305069149848	OK	3.7087547052796306e-11	0.02502996410489143
cataract_diverticuli	cataract	diverticuli	0.07519425583496782	0.04777640443442733	0.02741785140054049	0.3646269398651364	0.02741785140054049	OK	0.0017242704872640951	0.0907995100309402
cataract_ED	cataract	ED	0.12579579698750054	0.057040636595447954	0.0687551603920526	0.5465616661173848	0.0687551603920526	OK	0.04082989573396772	0.5024315013573523
cataract_enthesopathy_lower	cataract	enthesopathy_lower	0.1450482832761849	0.0855006375726209	0.05954764570356401	0.4105367147998571	0.05954764570356401	OK	0.002561656194828592	0.16004387859680216
cataract_enthesopathy_shoulder	cataract	enthesopathy_shoulder	0.15236460601748636	0.10429608586239458	0.048068520155091776	0.31548350638320244	0.048068520155091776	OK	2.9320504597386797e-07	0.002884465556285093
cataract_enthesopathy_upper	cataract	enthesopathy_upper	0.1430612394177117	0.09554194895718106	0.04751929046053065	0.33216048353798566	0.04751929046053065	OK	5.081065502979279e-05	0.02867955170057158
cataract_essential_tremor	cataract	essential_tremor	0.014269427428319792	0.010059002125148856	0.0042104253031709366	nan	0.0042104253031709366	PROPORTIONAL_ATTENUATION_UNSTABLE	0.8460441030159965	0.9089414915752735
cataract_female_genital_prolapse	cataract	female_genital_prolapse	-0.01592702247327911	-0.029862086647374504	-0.013935064174095395	nan	0.013935064174095395	PROPORTIONAL_ATTENUATION_UNSTABLE	0.6303754813379098	0.3992455648577858
cataract_fibromatosis	cataract	fibromatosis	0.02470075934309569	0.02003672441367212	0.00466403492942357	nan	0.00466403492942357	PROPORTIONAL_ATTENUATION_UNSTABLE	0.5318566301188817	0.6645117568257489
cataract_fibromyalgia	cataract	fibromyalgia	0.09958047471162797	0.033264211950684755	0.06631626276094321	nan	0.06631626276094321	PROPORTIONAL_ATTENUATION_UNSTABLE	0.11190822582586742	0.6990682748325501
cataract_gastritis_duodenitis	cataract	gastritis_duodenitis	0.2496334750113778	0.20702589908055954	0.042607575930818264	0.17068053845293096	0.042607575930818264	OK	9.316349267955224e-14	1.314379005426625e-07
cataract_glaucoma	cataract	glaucoma	0.19023874428515677	0.1952461607877781	-0.00500741650262132	-0.026321749133896066	-0.00500741650262132	ENHANCED	3.9683790171890435e-09	7.3125502891135145e-09
cataract_GORD	cataract	GORD	0.1538517428346433	0.10308003669057965	0.050771706144063664	0.33000410140710623	0.050771706144063664	OK	1.367348212408013e-09	0.0008412215719776359
cataract_gout	cataract	gout	0.08250514513205412	0.02568064281982968	0.05682450231222444	0.6887388928444842	0.05682450231222444	OK	0.0033560072168598407	0.5256077260528098
cataract_HF	cataract	HF	0.22226449826337277	0.1635923520731349	0.05867214619023786	0.26397443878200544	0.05867214619023786	OK	7.079782342426703e-11	0.0007335140536000553
cataract_hypertension	cataract	hypertension	0.18230249786014316	0.13948404464816172	0.04281845321198144	0.23487584489835367	0.04281845321198144	OK	1.5646827479216458e-14	0.00013039052786619724
cataract_hyperthyroid	cataract	hyperthyroid	0.06378441436707374	0.039576009033571564	0.02420840533350218	nan	0.02420840533350218	PROPORTIONAL_ATTENUATION_UNSTABLE	0.24571091150863178	0.5442951981651617
cataract_hypothyroid	cataract	hypothyroid	0.0746316844863326	0.05418852079418646	0.020443163692146146	0.27392070583493167	0.020443163692146146	OK	0.013042815661210608	0.11040710916994052
cataract_IBS	cataract	IBS	0.09214980283455047	0.07932222010956037	0.0128275827249901	0.1392035829747923	0.0128275827249901	OK	0.011965200900582292	0.053493577578377104
cataract_IDA	cataract	IDA	0.186174799320765	0.12955831018726022	0.05661648913350478	0.30410393533422797	0.05661648913350478	OK	0.000237258504606534	0.04162908095818236
cataract_insomnia	cataract	insomnia	0.17192089009105094	0.1391897301640876	0.03273115992696335	0.19038500736954433	0.03273115992696335	OK	0.007641965556764437	0.09786129026133113
cataract_intervert_disc	cataract	intervert_disc	0.115930524697434	0.06262067374155106	0.05330985095588295	0.4598430921883243	0.05330985095588295	OK	0.0004750778004562425	0.11642771375887442
cataract_isch_stroke_tia	cataract	isch_stroke_tia	0.1668816835559833	0.11321609261372079	0.0536655909422625	0.32157867657333095	0.0536655909422625	OK	0.004475950767232787	0.11063428263550841
cataract_migraine	cataract	migraine	0.06433058179542447	0.05138211259641126	0.012948469199013213	0.20128015070950556	0.012948469199013213	OK	0.034958723876561466	0.1364971385225537
cataract_OA	cataract	OA	0.10954764412343099	0.057050550853244404	0.05249709327018658	0.47921699905327364	0.05249709327018658	OK	8.058604112034868e-05	0.11063428263550841
cataract_osteoporosis	cataract	osteoporosis	0.09071357214417951	0.10664570509973414	-0.015932132955554637	-0.17563119364577795	-0.015932132955554637	ENHANCED	0.007434056250604896	0.002995698223879484
cataract_periph_neuro	cataract	periph_neuro	0.20483356512949835	0.15319694760706976	0.051636617522428596	0.25209060580370835	0.051636617522428596	OK	9.469503321619409e-05	0.04162908095818236
cataract_peripheral_arterial	cataract	peripheral_arterial	0.3375990885898983	0.3239529274789884	0.013646161110909882	0.04042120246209158	0.013646161110909882	OK	5.305016542415537e-10	0.0002726944382902781
cataract_PMR	cataract	PMR	0.09121916659804989	0.07428614747462924	0.016933019123420656	nan	0.016933019123420656	PROPORTIONAL_ATTENUATION_UNSTABLE	0.12631098284797054	0.27588078955501183
cataract_pri_bladder	cataract	pri_bladder	0.04170338271726392	0.024657405491954082	0.017045977225309837	nan	0.017045977225309837	PROPORTIONAL_ATTENUATION_UNSTABLE	0.5919514635366327	0.7918509596704599
cataract_pri_breast	cataract	pri_breast	-0.015679966775400324	-0.013195366331481807	0.0024846004439185165	nan	-0.0024846004439185165	PROPORTIONAL_ATTENUATION_UNSTABLE	0.6241745568087992	0.716641475902796
cataract_pri_colorectal	cataract	pri_colorectal	0.0031955568696216945	0.01158470531176595	-0.008389148442144256	nan	-0.008389148442144256	PROPORTIONAL_ATTENUATION_UNSTABLE	0.9548946218297266	0.8563405975300719
cataract_pri_prost	cataract	pri_prost	-0.009305971099887882	0.006181787440394658	0.0031241836594932248	nan	-0.01548775854028254	PROPORTIONAL_ATTENUATION_UNSTABLE	0.8306301257070615	0.9004515594544468
cataract_pri_skin	cataract	pri_skin	-0.03764079097343989	-0.023801450759183232	0.01383934021425666	nan	-0.01383934021425666	PROPORTIONAL_ATTENUATION_UNSTABLE	0.29065977968022194	0.5712261036537664
cataract_psoriasis	cataract	psoriasis	0.12168572841267003	0.08529149532647214	0.036394233086197894	0.2990838248736529	0.036394233086197894	OK	0.0014911390667323645	0.05105941347474909
cataract_RA	cataract	RA	0.11635539125191788	0.06619122289124837	0.0501641683606695	0.4311288701016047	0.0501641683606695	OK	0.0029596748431086955	0.16695800187770815
cataract_raynauds	cataract	raynauds	0.05878556449886655	0.0585462427644567	0.00023932173440985305	nan	0.00023932173440985305	PROPORTIONAL_ATTENUATION_UNSTABLE	0.31127567894031655	0.38198480555973696
cataract_retinal_detach	cataract	retinal_detach	0.4540951980888949	0.47813633679603534	-0.02404113870714042	-0.05294294854541515	-0.02404113870714042	ENHANCED	1.1390823094844118e-19	2.1664163061668232e-19
cataract_schizo	cataract	schizo	-0.024532601653793472	-0.026410159213692174	-0.0018775575598987022	nan	0.0018775575598987022	PROPORTIONAL_ATTENUATION_UNSTABLE	0.3436627150354791	0.38190209695975696
cataract_scoliosis	cataract	scoliosis	0.013421800962598934	0.012862541537842866	0.0005592594247560683	nan	0.0005592594247560683	PROPORTIONAL_ATTENUATION_UNSTABLE	0.8460441030159965	0.873380510740749
cataract_sinusitis	cataract	sinusitis	0.12604673354346585	0.09745926920993316	0.028587464333532694	0.2268005169977262	0.028587464333532694	OK	0.04015327760015821	0.160442024372547
cataract_sleep_apnoea	cataract	sleep_apnoea	0.16743965207235495	0.12389876451383694	0.04354088755851801	0.26003928591360714	0.04354088755851801	OK	3.9382385804692375e-07	0.0010558776564855536
cataract_spondylolisthesis	cataract	spondylolisthesis	0.13324571680306527	0.09665829012345455	0.03658742667961072	0.27458613723160996	0.03658742667961072	OK	0.04629862365006078	0.1972135654913959
cataract_spondylosis	cataract	spondylosis	0.1010344966322537	0.027458272720305255	0.07357622391194844	0.7282287373564285	0.07357622391194844	OK	0.017190720257807584	0.6388007169722864
cataract_stroke_all	cataract	stroke_all	0.16167196432210598	0.11364185696949416	0.04803010735261182	0.2970837124049497	0.04803010735261182	OK	0.0002614889516194152	0.027753051294670303
cataract_tendon	cataract	tendon	0.14520401741982053	0.0943835801190984	0.050820437300722124	0.3499933280343597	0.050820437300722124	OK	3.0028027469124415e-05	0.026152486328027698
cataract_thromboembolic	cataract	thromboembolic	0.13546073062682035	0.09958363233620078	0.035877098290619566	0.26485239024331775	0.035877098290619566	OK	0.0004176461522558983	0.027575739281501706
cataract_TIA	cataract	TIA	0.1812908896484249	0.1364569372032155	0.04483395244520941	0.24730394633814923	0.04483395244520941	OK	0.0004673752501774188	0.018585335706872614
cataract_tinnitus	cataract	tinnitus	0.09781668262609151	0.10748589613740825	-0.009669213511316735	nan	-0.009669213511316735	PROPORTIONAL_ATTENUATION_UNSTABLE	0.13626020313598058	0.10587766891005171
cataract_ulc_colitis	cataract	ulc_colitis	0.015257398323622579	0.0146214564539537	0.0006359418696688778	nan	0.0006359418696688778	PROPORTIONAL_ATTENUATION_UNSTABLE	0.6873536696232045	0.7338744840413945
cataract_ulcer_peptic	cataract	ulcer_peptic	0.1953809723952564	0.13236320717145178	0.06301776522380462	0.32253788304584474	0.06301776522380462	OK	2.2996227226502125e-05	0.02978152568893404
cataract_urine_incont	cataract	urine_incont	0.11644049217464289	0.06477577824874034	0.05166471392590255	0.4437005801075917	0.05166471392590255	OK	0.005055557974356761	0.19469654263675318
cataract_urolithiasis	cataract	urolithiasis	0.04286826205917941	0.03266302333927928	0.010205238719900131	nan	0.010205238719900131	PROPORTIONAL_ATTENUATION_UNSTABLE	0.36604469301715026	0.5485931561974633
cataract_valve_nonrheumatic	cataract	valve_nonrheumatic	0.10619109515783076	0.06348822786462958	0.04270286729320118	0.40213228076923335	0.04270286729320118	OK	0.03085088378023116	0.27020725997147704
cholelithiasis_CKD	cholelithiasis	CKD	0.19151581471042223	0.09841936725958196	0.09309644745084027	0.48610318469837566	0.09309644745084027	OK	7.70571041650405e-07	0.13669270092021216
cholelithiasis_COPD	cholelithiasis	COPD	0.1985877575962137	0.0479285123908186	0.1506592452053951	0.7586532373849997	0.1506592452053951	OK	1.0946181299964087e-05	0.5365459445635292
cholelithiasis_coronary_heart	cholelithiasis	coronary_heart	0.24413819276529217	0.15159738636277487	0.0925408064025173	0.3790509192942356	0.0925408064025173	OK	3.305730719480247e-17	4.8165594955095825e-06
cholelithiasis_deaf	cholelithiasis	deaf	0.08064987221731085	0.049131250800010975	0.03151862141729987	0.39080807632742476	0.03151862141729987	OK	0.005657122580440621	0.18471818679504798
cholelithiasis_depression	cholelithiasis	depression	0.21173186945183425	0.171423638206179	0.040308231245655246	0.19037394488610393	0.040308231245655246	OK	1.622838390301685e-17	6.166013628025712e-08
cholelithiasis_diabetes_type_2	cholelithiasis	diabetes_type_2	0.3395676294803048	0.17284712262607232	0.16672050685423245	0.4909787988607506	0.16672050685423245	OK	5.703634285565356e-26	0.0016009657885125595
cholelithiasis_diverticuli	cholelithiasis	diverticuli	0.27461986275693423	0.2276102621753249	0.04700960058160933	0.17118062804953582	0.04700960058160933	OK	1.0327311384393412e-29	1.1386374360282758e-14
cholelithiasis_ED	cholelithiasis	ED	0.22654785813492087	0.07948143721385058	0.1470664209210703	0.6491627073052472	0.1470664209210703	OK	8.820559304203663e-05	0.38609430891663526
cholelithiasis_enthesopathy_lower	cholelithiasis	enthesopathy_lower	0.299642227538511	0.1918940232956066	0.1077482042429044	0.3595895182332278	0.1077482042429044	OK	1.3172161027415175e-06	0.043086849259927416
cholelithiasis_enthesopathy_shoulder	cholelithiasis	enthesopathy_shoulder	0.19294467726425088	0.09910046152022964	0.09384421574402124	0.486378878519127	0.09384421574402124	OK	7.5544757710858414e-06	0.12843489424215537
cholelithiasis_enthesopathy_upper	cholelithiasis	enthesopathy_upper	0.14028912701123106	0.05034679996592959	0.08994232704530147	0.6411211543008675	0.08994232704530147	OK	0.0032948478254113817	0.5075346765019335
cholelithiasis_essential_tremor	cholelithiasis	essential_tremor	0.05838749599645284	0.049768092689883546	0.008619403306569295	nan	0.008619403306569295	PROPORTIONAL_ATTENUATION_UNSTABLE	0.3222613503107282	0.4812179119499449
cholelithiasis_female_genital_prolapse	cholelithiasis	female_genital_prolapse	0.20412513916191766	0.18997319640752447	0.014151942754393187	0.06932973965135902	0.014151942754393187	OK	5.142606173999068e-11	1.4323091322286466e-07
cholelithiasis_fibromatosis	cholelithiasis	fibromatosis	-0.03815512402424812	-0.021278062136514824	0.0168770618877333	nan	-0.0168770618877333	PROPORTIONAL_ATTENUATION_UNSTABLE	0.3563771593294472	0.6937130495239872
cholelithiasis_fibromyalgia	cholelithiasis	fibromyalgia	0.33138334317688284	0.2490435396459256	0.08233980353095724	0.24847297013056757	0.08233980353095724	OK	4.548520590977469e-09	0.0006248526912527048
cholelithiasis_gastritis_duodenitis	cholelithiasis	gastritis_duodenitis	0.4084203596487299	0.34126909495833707	0.06715126469039284	0.16441703530193164	0.06715126469039284	OK	5.023911439851227e-35	6.588545687456792e-17
cholelithiasis_glaucoma	cholelithiasis	glaucoma	0.02902856762519658	0.047842702144742254	-0.018814134519545674	nan	-0.018814134519545674	PROPORTIONAL_ATTENUATION_UNSTABLE	0.38984849867045157	0.23875337389583023
cholelithiasis_GORD	cholelithiasis	GORD	0.38534021168348487	0.30718621797554885	0.07815399370793602	0.20281816259583896	0.07815399370793602	OK	1.1685550784555789e-39	1.6604355942274773e-19
cholelithiasis_gout	cholelithiasis	gout	0.23482299659959813	0.09177594701204358	0.14304704958755454	0.6091696795415111	0.14304704958755454	OK	2.776357313615115e-19	0.030567098439851295
cholelithiasis_HF	cholelithiasis	HF	0.2893149853734968	0.094521806881292	0.19479317849220482	0.673291009246316	0.19479317849220482	OK	2.9746782064182106e-15	0.07600773030655734
cholelithiasis_hypertension	cholelithiasis	hypertension	0.24407802852544994	0.15045194890883504	0.0936260796166149	0.3835907729271606	0.0936260796166149	OK	9.674419239429091e-11	0.00037295329882453096
cholelithiasis_hyperthyroid	cholelithiasis	hyperthyroid	0.10772863682546768	0.07655941718881548	0.0311692196366522	0.2893308646163395	0.0311692196366522	OK	0.055637513434166966	0.2941055704639106
cholelithiasis_hypothyroid	cholelithiasis	hypothyroid	0.17312640227857926	0.12155407419981748	0.051572328078761775	0.297888290867249	0.051572328078761775	OK	5.0241101134745156e-08	0.011305060866236376
cholelithiasis_IBS	cholelithiasis	IBS	0.2093067383228061	0.21657481424534483	-0.007268075922538725	-0.03472451952946409	-0.007268075922538725	ENHANCED	2.8205252288966795e-11	1.1735382358837308e-09
cholelithiasis_IDA	cholelithiasis	IDA	0.1695575266464748	0.021413128569044076	0.14814439807743074	0.8737117190103264	0.14814439807743074	OK	0.01892279016081935	0.864203552808047
cholelithiasis_insomnia	cholelithiasis	insomnia	0.14377836565705399	0.10569401137955961	0.038084354277494376	0.26488237019145655	0.038084354277494376	OK	0.03521946793348789	0.35425908419162083
cholelithiasis_intervert_disc	cholelithiasis	intervert_disc	0.2524243228463127	0.1633787481138804	0.08904557473243233	0.35276146818326726	0.08904557473243233	OK	1.6806686828094981e-13	0.00010771234922127606
cholelithiasis_isch_stroke_tia	cholelithiasis	isch_stroke_tia	0.10099260447553869	-0.006186223924205979	0.09480638055133271	nan	0.10717882839974467	PROPORTIONAL_ATTENUATION_UNSTABLE	0.07429044350363445	0.945519602739356
cholelithiasis_migraine	cholelithiasis	migraine	0.21656563094871562	0.22261118863673798	-0.006045557688022368	-0.027915591507010618	-0.006045557688022368	ENHANCED	6.613946846300914e-12	1.9343741092650715e-08
cholelithiasis_OA	cholelithiasis	OA	0.20924066360663543	0.046419924019236426	0.162820739587399	0.7781505601296308	0.162820739587399	OK	1.1180332283589058e-11	0.30466319688760957
cholelithiasis_osteoporosis	cholelithiasis	osteoporosis	0.010843109990341045	0.0870793807946138	-0.07623627080427275	nan	-0.07623627080427275	PROPORTIONAL_ATTENUATION_UNSTABLE	0.7959062342348617	0.0470613058053327
cholelithiasis_periph_neuro	cholelithiasis	periph_neuro	0.2627934179410773	0.09801924692448385	0.16477417101659345	0.6270102664958626	0.16477417101659345	OK	5.143615547714859e-05	0.33991459258410056
cholelithiasis_peripheral_arterial	cholelithiasis	peripheral_arterial	0.24753478251736846	0.08074367878818171	0.16679110372918676	0.6738087554119137	0.16679110372918676	OK	0.002631424833612674	0.5628221834809777
cholelithiasis_PMR	cholelithiasis	PMR	0.04115063036625473	0.008980907758290144	0.032169722607964586	nan	0.032169722607964586	PROPORTIONAL_ATTENUATION_UNSTABLE	0.5418665178373531	0.9276195952581763
cholelithiasis_pri_bladder	cholelithiasis	pri_bladder	0.022655196059973584	-0.005211800893059117	0.01744339516691447	nan	0.0278669969530327	PROPORTIONAL_ATTENUATION_UNSTABLE	0.7959062342348617	0.9709289226442669
cholelithiasis_pri_breast	cholelithiasis	pri_breast	0.022527514714133303	0.04341913518103952	-0.020891620466906218	nan	-0.020891620466906218	PROPORTIONAL_ATTENUATION_UNSTABLE	0.5209042229378318	0.290630390750394
cholelithiasis_pri_colorectal	cholelithiasis	pri_colorectal	0.003638358985225062	0.0014662189318008212	0.002172140053424241	nan	0.002172140053424241	PROPORTIONAL_ATTENUATION_UNSTABLE	0.9548946218297266	0.989812261336464
cholelithiasis_pri_prost	cholelithiasis	pri_prost	-0.06648091584243881	-0.037067709301091434	0.02941320654134738	nan	-0.02941320654134738	PROPORTIONAL_ATTENUATION_UNSTABLE	0.09136564826638173	0.4642147253767147
cholelithiasis_pri_skin	cholelithiasis	pri_skin	-0.04930861585791455	-0.006852171570058424	0.04245644428785613	nan	-0.04245644428785613	PROPORTIONAL_ATTENUATION_UNSTABLE	0.10449639990172832	0.8880468683343309
cholelithiasis_psoriasis	cholelithiasis	psoriasis	0.17337107214953623	0.10672694523853414	0.06664412691100209	0.3844016541209373	0.06664412691100209	OK	1.5484579391489424e-06	0.0216635348769539
cholelithiasis_RA	cholelithiasis	RA	0.2090615845714182	0.13765780434760094	0.07140378022381727	0.3415442409957664	0.07140378022381727	OK	3.349756110990324e-06	0.028520933932024504
cholelithiasis_raynauds	cholelithiasis	raynauds	-0.035061431867690375	0.007424850518956977	0.027636581348733397	nan	-0.04248628238664735	PROPORTIONAL_ATTENUATION_UNSTABLE	0.6119762256813419	0.944381247130034
cholelithiasis_retinal_detach	cholelithiasis	retinal_detach	-0.06600898387059306	-0.034910903123592886	0.031098080747000177	nan	-0.031098080747000177	PROPORTIONAL_ATTENUATION_UNSTABLE	0.17388448296465306	0.5836399712101422
cholelithiasis_schizo	cholelithiasis	schizo	-0.0468074501312479	-0.023608337030721033	0.02319911310052687	0.49562864534335127	-0.02319911310052687	OK	0.049742317378662936	0.46216121418186834
cholelithiasis_scoliosis	cholelithiasis	scoliosis	-0.030810971161246273	-0.012773969778711756	0.018037001382534515	nan	-0.018037001382534515	PROPORTIONAL_ATTENUATION_UNSTABLE	0.6417626880107964	0.890231147119363
cholelithiasis_sinusitis	cholelithiasis	sinusitis	0.13877041031278076	0.11695071324983913	0.021819697062941623	0.15723594831031518	0.021819697062941623	OK	0.016847833156685074	0.1193737881925141
cholelithiasis_sleep_apnoea	cholelithiasis	sleep_apnoea	0.2819575705389854	0.08810149476889349	0.1938560757700919	0.6875363388878684	0.1938560757700919	OK	4.47391669324574e-12	0.09032365966231959
cholelithiasis_spondylolisthesis	cholelithiasis	spondylolisthesis	0.006928110478564802	-0.09452974904498532	-0.08760163856642052	nan	0.10145785952355012	PROPORTIONAL_ATTENUATION_UNSTABLE	0.9361540217268962	0.3567867368804054
cholelithiasis_spondylosis	cholelithiasis	spondylosis	0.1745177945104686	0.0061499184501236665	0.16836787606034492	0.9647605078474977	0.16836787606034492	OK	0.0008505967739269036	0.9507282927803705
cholelithiasis_stroke_all	cholelithiasis	stroke_all	0.1582782612047417	0.055334958455209526	0.10294330274953217	0.6503944506717149	0.10294330274953217	OK	0.01892279016081935	0.5614320303695353
cholelithiasis_tendon	cholelithiasis	tendon	0.1710716662368407	0.06987014057188487	0.10120152566495583	0.5915738584368908	0.10120152566495583	OK	0.00020356397989522565	0.36347140244916676
cholelithiasis_thromboembolic	cholelithiasis	thromboembolic	0.24948628580830773	0.13262439465238893	0.1168618911559188	0.46841008024669295	0.1168618911559188	OK	4.454030520004995e-12	0.009751886510669732
cholelithiasis_TIA	cholelithiasis	TIA	0.16607251593879171	0.09163451179998108	0.07443800413881063	0.44822590732740974	0.07443800413881063	OK	0.009779206700090639	0.3044828659521126
cholelithiasis_tinnitus	cholelithiasis	tinnitus	0.11048143651888047	0.16783829829607966	-0.05735686177719919	nan	-0.05735686177719919	PROPORTIONAL_ATTENUATION_UNSTABLE	0.08273211517683071	0.050162053973351134
cholelithiasis_ulc_colitis	cholelithiasis	ulc_colitis	-0.01269661876343393	-0.000350009283070734	0.012346609480363197	nan	-0.012346609480363197	PROPORTIONAL_ATTENUATION_UNSTABLE	0.7201617538024646	0.9929804119748834
cholelithiasis_ulcer_peptic	cholelithiasis	ulcer_peptic	0.29821175651812126	0.19689381926666497	0.1013179372514563	0.339751653101911	0.1013179372514563	OK	3.851805397340512e-08	0.010713621969331543
cholelithiasis_urine_incont	cholelithiasis	urine_incont	0.20335605441861906	0.08124736834071955	0.12210868607789951	0.6004674236378151	0.12210868607789951	OK	1.8989933510606703e-05	0.2454901749058478
cholelithiasis_urolithiasis	cholelithiasis	urolithiasis	0.24932454853510339	0.22310659734285337	0.02621795119225001	0.10515591563804105	0.02621795119225001	OK	3.121953936843478e-11	2.0439584552325086e-07
cholelithiasis_valve_nonrheumatic	cholelithiasis	valve_nonrheumatic	0.04364977184908296	-0.03710166114121175	0.006548110707871209	nan	0.08075143299029472	PROPORTIONAL_ATTENUATION_UNSTABLE	0.4239253010190649	0.5933726122300389
CKD_COPD	CKD	COPD	0.15401754423243422	0.060728769982191455	0.09328877425024276	0.6057022575912315	0.09328877425024276	OK	0.00024671883234024116	0.38609430891663526
CKD_coronary_heart	CKD	coronary_heart	0.2574409498405594	0.1344745666015759	0.12296638323898348	0.4776488873084881	0.12296638323898348	OK	1.1909489367967653e-14	0.001739789936230091
CKD_deaf	CKD	deaf	-0.01896385487715168	-0.021625239530231644	-0.0026613846530799644	nan	0.0026613846530799644	PROPORTIONAL_ATTENUATION_UNSTABLE	0.6046265787647821	0.6285898677191673
CKD_depression	CKD	depression	0.07149248249788942	0.05016456158770227	0.021327920910187148	0.2983239658913339	0.021327920910187148	OK	0.017010894012383725	0.20014057546995
CKD_diabetes_type_2	CKD	diabetes_type_2	0.20605914221517121	0.024332884462993382	0.18172625775217782	0.8819131041631509	0.18172625775217782	OK	4.776207198889879e-12	0.6833462326803872
CKD_diverticuli	CKD	diverticuli	0.11997347088426373	0.09065588870821055	0.02931758217605318	0.24436720851675064	0.02931758217605318	OK	7.245826565337888e-06	0.0051277909900766215
CKD_ED	CKD	ED	0.15906919301437866	0.05088302211430355	0.10818617090007511	0.6801201970660395	0.10818617090007511	OK	0.014739206176251705	0.5970116525076471
CKD_enthesopathy_lower	CKD	enthesopathy_lower	0.206686587125181	0.11395477692366295	0.09273181020151806	0.44865906148691914	0.09273181020151806	OK	0.001238686745499967	0.218607586913194
CKD_enthesopathy_shoulder	CKD	enthesopathy_shoulder	0.12458768514520589	0.05853743039257564	0.06605025475263025	0.5301507502579348	0.06605025475263025	OK	0.0029375669999376726	0.36213125173519595
CKD_enthesopathy_upper	CKD	enthesopathy_upper	0.13080318405726268	0.07751482705604829	0.0532883570012144	0.4073934238319914	0.0532883570012144	OK	0.004401560631263853	0.27020725997147704
CKD_essential_tremor	CKD	essential_tremor	0.04450041164223766	0.028522039337021056	0.015978372305216607	nan	0.015978372305216607	PROPORTIONAL_ATTENUATION_UNSTABLE	0.5209802627554151	0.7421026523932324
CKD_female_genital_prolapse	CKD	female_genital_prolapse	0.025234461510667987	0.018185613922365746	0.007048847588302241	nan	0.007048847588302241	PROPORTIONAL_ATTENUATION_UNSTABLE	0.4846693348670157	0.6850384873040435
CKD_fibromatosis	CKD	fibromatosis	0.034381704992203374	0.05542321821002582	-0.021041513217822445	nan	-0.021041513217822445	PROPORTIONAL_ATTENUATION_UNSTABLE	0.49899683845448967	0.3458498070075238
CKD_fibromyalgia	CKD	fibromyalgia	0.21243925304697087	0.14125096769643375	0.07118828535053712	0.33509948999301553	0.07118828535053712	OK	0.000993739323827362	0.08428717243425393
CKD_gastritis_duodenitis	CKD	gastritis_duodenitis	0.23260545238937214	0.17271956897405238	0.05988588341531975	0.25745692029210565	0.05988588341531975	OK	3.9660645603988066e-10	0.00010598606617848699
CKD_glaucoma	CKD	glaucoma	-0.055220716593275744	-0.0617253600474773	-0.006504643454201556	nan	0.006504643454201556	PROPORTIONAL_ATTENUATION_UNSTABLE	0.15812184372854837	0.1695476226237095
CKD_GORD	CKD	GORD	0.1863650526767185	0.1118471171176916	0.07451793555902689	0.3998492983997959	0.07451793555902689	OK	2.7663279512557934e-09	0.0032931789241466267
CKD_gout	CKD	gout	0.4137363509090051	0.31528104040906807	0.09845531049993705	0.23796630458895973	0.09845531049993705	OK	3.5261425580066453e-32	3.755451875148262e-12
CKD_HF	CKD	HF	0.2991940830190801	0.11682365074224713	0.182370432276833	0.609538900089822	0.182370432276833	OK	2.1277267004965773e-12	0.07087478952626251
CKD_hypertension	CKD	hypertension	0.3266225675723894	0.1346481844064709	0.1919743831659185	0.5877560285952108	0.1919743831659185	OK	4.3938821545164927e-20	0.0033012398251793854
CKD_hyperthyroid	CKD	hyperthyroid	0.10375427163654188	0.06630763823678512	0.03744663339975676	nan	0.03744663339975676	PROPORTIONAL_ATTENUATION_UNSTABLE	0.08224092567461115	0.39084135148098104
CKD_hypothyroid	CKD	hypothyroid	0.18803801752249774	0.16170627701253207	0.026331740509965673	0.14003413169794354	0.026331740509965673	OK	1.405529112020675e-07	0.0007308801442277442
CKD_IBS	CKD	IBS	0.0603338833087493	0.0669065885896906	-0.006572705280941303	nan	-0.006572705280941303	PROPORTIONAL_ATTENUATION_UNSTABLE	0.16205162104061838	0.17683438890752623
CKD_IDA	CKD	IDA	0.15917925899387278	0.028768088783189993	0.1304111702106828	0.8192723790459575	0.1304111702106828	OK	0.03349414851721886	0.8155048849014681
CKD_insomnia	CKD	insomnia	0.03872212430330942	0.024940860863060764	0.013781263440248659	nan	0.013781263440248659	PROPORTIONAL_ATTENUATION_UNSTABLE	0.6540344895108363	0.8611459067831151
CKD_intervert_disc	CKD	intervert_disc	0.19958841902612823	0.1382332460363425	0.06135517298978574	0.30740848236166296	0.06135517298978574	OK	8.852030091000834e-11	0.0002090385662873885
CKD_isch_stroke_tia	CKD	isch_stroke_tia	0.3827844415818379	0.2997160273112888	0.08306841427054906	0.21701094727693981	0.08306841427054906	OK	1.0425585417749849e-08	0.00016393874937476615
CKD_migraine	CKD	migraine	0.09312426469490011	0.09259232603194766	0.0005319386629524525	0.005712138127428212	0.0005319386629524525	OK	0.009141961833318526	0.04142694318490179
CKD_OA	CKD	OA	0.13049606761375268	0.021956538878292752	0.10853952873545993	0.8317455898879607	0.10853952873545993	OK	0.0001708711513456981	0.6977097916434645
CKD_osteoporosis	CKD	osteoporosis	0.0014782615114641313	0.06278735242156155	-0.061309090910097425	nan	-0.061309090910097425	PROPORTIONAL_ATTENUATION_UNSTABLE	0.9766965623127727	0.2299743469377189
CKD_periph_neuro	CKD	periph_neuro	0.3185128557891689	0.2583980707592687	0.0601147850299002	0.18873582003764267	0.0601147850299002	OK	1.310512522946431e-07	0.0038662571403071913
CKD_peripheral_arterial	CKD	peripheral_arterial	0.24097286489629555	0.0549050326807901	0.18606783221550544	0.7721526334327358	0.18606783221550544	OK	0.003070316220448033	0.6976590216602161
CKD_PMR	CKD	PMR	0.0767781447566373	0.04523251146778384	0.03154563328885346	nan	0.03154563328885346	PROPORTIONAL_ATTENUATION_UNSTABLE	0.32126281366595927	0.6279331747330603
CKD_pri_bladder	CKD	pri_bladder	0.12411563593747132	0.14507493932226662	-0.02095930338479529	nan	-0.02095930338479529	PROPORTIONAL_ATTENUATION_UNSTABLE	0.10633408180788889	0.14759139924679074
CKD_pri_breast	CKD	pri_breast	0.013699427990235479	0.02702723900026221	-0.01332781101002673	nan	-0.01332781101002673	PROPORTIONAL_ATTENUATION_UNSTABLE	0.6767399950376054	0.43839414763870704
CKD_pri_colorectal	CKD	pri_colorectal	-0.06721227732626413	-0.06799921235895477	-0.0007869350326906444	nan	0.0007869350326906444	PROPORTIONAL_ATTENUATION_UNSTABLE	0.23948170636558816	0.34425914957143156
CKD_pri_prost	CKD	pri_prost	0.003663319466907591	0.026654586262857726	-0.022991266795950135	nan	-0.022991266795950135	PROPORTIONAL_ATTENUATION_UNSTABLE	0.9418961125683187	0.6354890703817703
CKD_pri_skin	CKD	pri_skin	-0.06440529599393105	-0.033486134044982775	0.030919161948948275	nan	-0.030919161948948275	PROPORTIONAL_ATTENUATION_UNSTABLE	0.08585626046974161	0.47313969193509703
CKD_psoriasis	CKD	psoriasis	0.10592043111888753	0.05453645826443658	0.051383972854450954	0.4851186150930258	0.051383972854450954	OK	0.016933666020651154	0.3612390947120911
CKD_RA	CKD	RA	0.10396378087069007	0.04085752500756056	0.06310625586312951	0.6070023169090102	0.06310625586312951	OK	0.03062774739834517	0.5573673740735657
CKD_raynauds	CKD	raynauds	-0.011070827521846655	0.010649570064657152	0.0004212574571895028	nan	-0.021720397586503806	PROPORTIONAL_ATTENUATION_UNSTABLE	0.8970232483058439	0.9245683641494229
CKD_retinal_detach	CKD	retinal_detach	-0.05265150453116659	-0.03732378245572982	0.01532772207543677	nan	-0.01532772207543677	PROPORTIONAL_ATTENUATION_UNSTABLE	0.3617671127946873	0.5943693309968883
CKD_schizo	CKD	schizo	-0.08331686084109202	-0.050559408914213774	0.03275745192687825	0.3931671404345831	-0.03275745192687825	OK	0.002002810557770166	0.1193737881925141
CKD_scoliosis	CKD	scoliosis	-0.028331883644887347	-0.018576494866843096	0.00975538877804425	nan	-0.00975538877804425	PROPORTIONAL_ATTENUATION_UNSTABLE	0.7240719034781412	0.8595864344504933
CKD_sinusitis	CKD	sinusitis	0.0696268516467386	0.0420987656202196	0.027528086026518996	nan	0.027528086026518996	PROPORTIONAL_ATTENUATION_UNSTABLE	0.3894273343095628	0.683199070522679
CKD_sleep_apnoea	CKD	sleep_apnoea	0.1718052787926561	0.024228640509114496	0.14757663828354162	0.858976157895853	0.14757663828354162	OK	1.8596080722833878e-06	0.6742278252081199
CKD_spondylolisthesis	CKD	spondylolisthesis	0.1308369017053806	0.08602111348620763	0.04481578821917297	0.34253171418022	0.04481578821917297	OK	0.06348324043087637	0.3643723321293299
CKD_spondylosis	CKD	spondylosis	0.1896359451519937	0.08697854308827861	0.10265740206371508	0.5413393646517537	0.10265740206371508	OK	0.00016081270134205223	0.2570915496239577
CKD_stroke_all	CKD	stroke_all	0.22628022242873158	0.11549521073455932	0.11078501169417226	0.48959211063646857	0.11078501169417226	OK	0.000716155978079241	0.2064941326147244
CKD_tendon	CKD	tendon	0.13328006294574216	0.06406442166999123	0.06921564127575093	0.519324794316224	0.06921564127575093	OK	0.0066387595734798835	0.40923774047529776
CKD_thromboembolic	CKD	thromboembolic	0.21879738528573092	0.16331331004702965	0.055484075238701275	0.2535865552791856	0.055484075238701275	OK	2.421134840165915e-07	0.0014685090267815243
CKD_TIA	CKD	TIA	0.24841024505735734	0.1719610627731336	0.07644918228422373	0.30775374126204735	0.07644918228422373	OK	0.0003799919685811427	0.06248918361856648
CKD_tinnitus	CKD	tinnitus	0.06203269787904888	0.09847340206059343	-0.036440704181544555	nan	-0.036440704181544555	PROPORTIONAL_ATTENUATION_UNSTABLE	0.3747315549147447	0.2807068104195694
CKD_ulc_colitis	CKD	ulc_colitis	-0.008049604461744355	-0.005078653970329094	0.002970950491415261	nan	-0.002970950491415261	PROPORTIONAL_ATTENUATION_UNSTABLE	0.8585239531751844	0.9263761612055589
CKD_ulcer_peptic	CKD	ulcer_peptic	0.1790146587312741	0.08630609575883494	0.09270856297243915	0.5178825221883511	0.09270856297243915	OK	0.002572417484749881	0.3283289410341719
CKD_urine_incont	CKD	urine_incont	0.0974436392465847	0.014988746161055505	0.0824548930855292	0.8461803533104307	0.0824548930855292	OK	0.04485585463976804	0.8489692850953867
CKD_urolithiasis	CKD	urolithiasis	-0.03727803706620806	-0.07132902163528224	-0.034050984569074176	nan	0.034050984569074176	PROPORTIONAL_ATTENUATION_UNSTABLE	0.5100791096957843	0.2503279264617225
CKD_valve_nonrheumatic	CKD	valve_nonrheumatic	0.14707926299578453	0.04319274679832934	0.10388651619745519	0.706330138467125	0.10388651619745519	OK	0.009143827671958704	0.5774530711109471
COPD_coronary_heart	COPD	coronary_heart	0.30234195579149253	0.12006439595958167	0.18227755983191085	0.6028854293633563	0.18227755983191085	OK	2.7759252383317787e-28	0.011911139465385568
COPD_deaf	COPD	deaf	0.11480410531876017	0.03713168011099301	0.07767242520776717	0.6765648753771063	0.07767242520776717	OK	4.283565452322498e-05	0.4080762340383142
COPD_depression	COPD	depression	0.3369227538870298	0.18495376198529176	0.15196899190173804	0.4510499518019886	0.15196899190173804	OK	1.3816258032906062e-26	1.9384463901303693e-05
COPD_diabetes_type_2	COPD	diabetes_type_2	0.24307656120759902	0.0029354988727298918	0.24014106233486912	0.9879235626086431	0.24014106233486912	OK	1.3139314097707784e-21	0.9764637229433234
COPD_diverticuli	COPD	diverticuli	0.2535042349489135	0.1854346512112675	0.06806958373764599	0.26851458221738767	0.06806958373764599	OK	2.0688201235437e-21	5.648610569957602e-07
COPD_ED	COPD	ED	0.2981287448433454	0.04392584047292276	0.25420290437042264	0.8526615053640534	0.25420290437042264	OK	8.104878557472552e-09	0.6881819711453763
COPD_enthesopathy_lower	COPD	enthesopathy_lower	0.31021987220951414	0.09857813142655736	0.21164174078295678	0.6822314098563604	0.21164174078295678	OK	6.347393619237127e-07	0.33325287213200605
COPD_enthesopathy_shoulder	COPD	enthesopathy_shoulder	0.3846722365408937	0.23544216290590747	0.14923007363498625	0.38794084797206807	0.14923007363498625	OK	1.5291525258605371e-27	2.2391648114671565e-06
COPD_enthesopathy_upper	COPD	enthesopathy_upper	0.36272447310372996	0.18619702127632537	0.1765274518274046	0.48667091667928963	0.1765274518274046	OK	6.223259457688768e-20	0.0028340799319723415
COPD_essential_tremor	COPD	essential_tremor	0.14295335379592708	0.18285192323691532	-0.03989856944098824	-0.2791020174171317	-0.03989856944098824	ENHANCED	0.010743155389151582	0.04461349270701807
COPD_female_genital_prolapse	COPD	female_genital_prolapse	0.09230724706710353	0.042925304665987256	0.04938194240111627	0.534973623091778	0.04938194240111627	OK	0.001179633625527365	0.3774054690570905
COPD_fibromatosis	COPD	fibromatosis	0.06468785345201855	0.02651398001162218	0.03817387344039637	nan	0.03817387344039637	PROPORTIONAL_ATTENUATION_UNSTABLE	0.09174815450103173	0.6746516518039828
COPD_fibromyalgia	COPD	fibromyalgia	0.5244364009016996	0.38051489102677666	0.14392150987492297	0.2744308168301606	0.14392150987492297	OK	2.1285908071898098e-16	2.0186560581223205e-05
COPD_gastritis_duodenitis	COPD	gastritis_duodenitis	0.499695773380166	0.35891894269469377	0.14077683068547225	0.28172507790729295	0.14077683068547225	OK	3.019277580675689e-47	5.211083091688397e-12
COPD_glaucoma	COPD	glaucoma	0.06856349045085118	0.1148425725113183	-0.04627908206046712	-0.6749814187718703	-0.04627908206046712	ENHANCED	0.03384225645289676	0.00981149252050825
COPD_GORD	COPD	GORD	0.47037618073683085	0.3450659693905634	0.12531021134626746	0.26640424510861205	0.12531021134626746	OK	3.0957064961265166e-111	1.629859068117666e-27
COPD_gout	COPD	gout	0.17912873166936874	0.018640357589297125	0.1604883740800716	0.8959387619418697	0.1604883740800716	OK	5.035125162607675e-10	0.7554262313074344
COPD_HF	COPD	HF	0.4330319838971295	0.23423523441369	0.19879674948343948	0.4590809844906638	0.19879674948343948	OK	1.1107950932390252e-49	4.812898981013152e-05
COPD_hypertension	COPD	hypertension	0.30673445378623465	0.16981087523248475	0.1369235785537499	0.446391257531092	0.1369235785537499	OK	6.932134677184447e-23	0.00038758261053008214
COPD_hyperthyroid	COPD	hyperthyroid	0.16507804125380035	0.11273541150460208	0.052342629749198274	0.3170780883492781	0.052342629749198274	OK	0.004112570694973494	0.1860796927416104
COPD_hypothyroid	COPD	hypothyroid	0.13498751258832992	0.06906235580002124	0.06592515678830868	0.4883796695280991	0.06592515678830868	OK	0.003093131434211624	0.26001564610384853
COPD_IBS	COPD	IBS	0.28418750138616716	0.28783216723752714	-0.003644665851359974	-0.012824863280695098	-0.003644665851359974	ENHANCED	6.944106864720559e-16	3.1088913907934513e-09
COPD_IDA	COPD	IDA	0.38940891606920336	0.22976725588025163	0.15964166018895173	0.4099589239003999	0.15964166018895173	OK	6.405644257370515e-11	0.008771178823981377
COPD_insomnia	COPD	insomnia	0.38824150405199076	0.22604875291902327	0.1621927511329675	0.41776252523287083	0.1621927511329675	OK	1.1911953283325696e-08	0.05604506204577035
COPD_intervert_disc	COPD	intervert_disc	0.4142572178461898	0.26445087058461275	0.14980634726157704	0.361626402167358	0.14980634726157704	OK	3.770806747797517e-54	4.501101001606381e-12
COPD_isch_stroke_tia	COPD	isch_stroke_tia	0.32118451188789415	0.16912698826925024	0.1520575236186439	0.4734273228956877	0.1520575236186439	OK	1.2037380745174917e-08	0.07456198736031319
COPD_migraine	COPD	migraine	0.23508136389577997	0.21317238701894664	0.021908976876833325	0.09319742115562324	0.021908976876833325	OK	1.6746822563191159e-15	2.665124818386641e-07
COPD_OA	COPD	OA	0.35217056587155815	0.21353870886271528	0.13863185700884287	0.3936497551002146	0.13863185700884287	OK	2.672906222955939e-43	9.672881631433325e-08
COPD_osteoporosis	COPD	osteoporosis	0.16256191612891888	0.24051358290830163	-0.07795166677938276	-0.4795198570221306	-0.07795166677938276	ENHANCED	3.3213535403952735e-05	9.110862356186353e-07
COPD_periph_neuro	COPD	periph_neuro	0.47098997854884095	0.2776569965663023	0.19333298198253862	0.41048215628326856	0.19333298198253862	OK	1.2145238531791705e-19	0.0020693616171967764
COPD_peripheral_arterial	COPD	peripheral_arterial	0.6411187041935912	0.4626496855727369	0.1784690186208543	0.27837125551552167	0.1784690186208543	OK	1.1423696721829582e-27	1.924633200752561e-05
COPD_PMR	COPD	PMR	0.18345181613268202	0.16679275304132202	0.016659063091360005	0.09080892979174049	0.016659063091360005	OK	0.00700880906385612	0.0809071461632262
COPD_pri_bladder	COPD	pri_bladder	0.10516138959835043	-0.001666834977807577	0.10349455462054286	nan	0.10682822457615801	PROPORTIONAL_ATTENUATION_UNSTABLE	0.2471069153069567	0.9927925549769002
COPD_pri_breast	COPD	pri_breast	-0.013907126095957534	-0.013696986555500425	0.00021013954045710943	nan	-0.00021013954045710943	PROPORTIONAL_ATTENUATION_UNSTABLE	0.61898838553521	0.7477868327921344
COPD_pri_colorectal	COPD	pri_colorectal	-0.014931242107428242	0.01102835972755506	0.003902882379873183	nan	-0.025959601834983304	PROPORTIONAL_ATTENUATION_UNSTABLE	0.7916565233879196	0.902725245201463
COPD_pri_prost	COPD	pri_prost	-0.06210204555291398	-0.012548885252082326	0.04955316030083165	nan	-0.04955316030083165	PROPORTIONAL_ATTENUATION_UNSTABLE	0.11660000629388229	0.864203552808047
COPD_pri_skin	COPD	pri_skin	-0.08389331011446757	-0.05481043780360586	0.029082872310861714	0.3466649756837561	-0.029082872310861714	OK	0.007125005301079445	0.2858114255747082
COPD_psoriasis	COPD	psoriasis	0.28367757893067613	0.17457367566980236	0.10910390326087377	0.38460531026858524	0.10910390326087377	OK	7.498029386725293e-11	0.004442352471834486
COPD_RA	COPD	RA	0.36742352729340394	0.21888817737808652	0.14853534991531742	0.40426194536177695	0.14853534991531742	OK	2.1609937761946882e-18	0.00019171805523946126
COPD_raynauds	COPD	raynauds	0.12374116927620789	0.13557191214732217	-0.011830742871114283	-0.09560878517889537	-0.011830742871114283	ENHANCED	0.04207954823995512	0.1361814718072438
COPD_retinal_detach	COPD	retinal_detach	-0.03790787498379729	0.02687566805862699	0.011032206925170297	nan	-0.06478354304242429	PROPORTIONAL_ATTENUATION_UNSTABLE	0.4823995706893799	0.7554262313074344
COPD_schizo	COPD	schizo	0.10731940987122525	0.08292477563100382	0.024394634240221424	0.22730868786450698	0.024394634240221424	OK	6.81077284818059e-06	0.026767619045526495
COPD_scoliosis	COPD	scoliosis	0.08270106594820545	0.08824348213038449	-0.005542416182179044	nan	-0.005542416182179044	PROPORTIONAL_ATTENUATION_UNSTABLE	0.24617612067569233	0.37466856817381905
COPD_sinusitis	COPD	sinusitis	0.36164035753423285	0.32373721383934906	0.03790314369488379	0.1048089432089887	0.03790314369488379	OK	5.073020936480537e-09	0.00055378630079231
COPD_sleep_apnoea	COPD	sleep_apnoea	0.33364849364730564	0.18719863703854678	0.14644985660875887	0.43893456555979127	0.14644985660875887	OK	6.932134677184447e-23	0.00017189852495998127
COPD_spondylolisthesis	COPD	spondylolisthesis	0.31617381452255333	0.20156932975842906	0.11460448476412427	0.36247304330747887	0.11460448476412427	OK	4.515583144307625e-06	0.04067804892304498
COPD_spondylosis	COPD	spondylosis	0.5826285665762533	0.4532674055567558	0.12936116101949746	0.2220302409469429	0.12936116101949746	OK	1.6221135682738977e-48	6.130896975025697e-15
COPD_stroke_all	COPD	stroke_all	0.31029405869459936	0.1817243698650114	0.12856968882958797	0.4143478910633287	0.12856968882958797	OK	2.2570412015061303e-08	0.015420008942928458
COPD_tendon	COPD	tendon	0.42080854314622945	0.27439419160777634	0.1464143515384531	0.3479357867684132	0.1464143515384531	OK	5.418092283397735e-26	2.876287107559711e-06
COPD_thromboembolic	COPD	thromboembolic	0.2916861108451453	0.19649349527731183	0.09519261556783346	0.32635292538276106	0.09519261556783346	OK	1.5050666913098073e-15	3.084355757678359e-05
COPD_TIA	COPD	TIA	0.31939210595684575	0.18581442017968325	0.1335776857771625	0.41822475661064296	0.1335776857771625	OK	4.5477440794931334e-08	0.01564596308853778
COPD_tinnitus	COPD	tinnitus	0.05240566313677374	0.08359496565657448	-0.03118930251980074	nan	-0.03118930251980074	PROPORTIONAL_ATTENUATION_UNSTABLE	0.6102216995201567	0.47145956703545316
COPD_ulc_colitis	COPD	ulc_colitis	0.10506689961060163	0.14012976173541475	-0.03506286212481312	-0.3337193945454078	-0.03506286212481312	ENHANCED	0.0031252915499647167	0.004303614205938289
COPD_ulcer_peptic	COPD	ulcer_peptic	0.5408497463051037	0.329640630588322	0.21120911571678175	0.3905134783915284	0.21120911571678175	OK	2.229046098237457e-27	1.1349586167358846e-05
COPD_urine_incont	COPD	urine_incont	0.3314810902478601	0.16753638768710558	0.16394470256075452	0.49458236799621746	0.16394470256075452	OK	2.584094286031482e-15	0.007718454438781707
COPD_urolithiasis	COPD	urolithiasis	0.0566692134825799	0.02219268306174662	0.03447653042083328	nan	0.03447653042083328	PROPORTIONAL_ATTENUATION_UNSTABLE	0.16063802417301518	0.7477868327921344
COPD_valve_nonrheumatic	COPD	valve_nonrheumatic	0.17414966819515956	0.07045690698826096	0.1036927612068986	0.5954232487580514	0.1036927612068986	OK	0.00023461550734128953	0.3203727872658133
coronary_heart_deaf	coronary_heart	deaf	0.022790807742401192	0.008572786496907646	0.014218021245493546	nan	0.014218021245493546	PROPORTIONAL_ATTENUATION_UNSTABLE	0.25829292335932524	0.7751639039601788
coronary_heart_depression	coronary_heart	depression	0.19807340017782496	0.1467547281757902	0.05131867200203477	0.2590891657131258	0.05131867200203477	OK	1.9064968130681032e-26	6.094319505560186e-10
coronary_heart_diabetes_type_2	coronary_heart	diabetes_type_2	0.3712626449471131	0.2541442924986984	0.11711835244841468	0.31545956492632965	0.11711835244841468	OK	1.068171337815641e-97	1.7973097973186626e-11
coronary_heart_diverticuli	coronary_heart	diverticuli	0.1652048864859728	0.1279590760995061	0.03724581038646671	0.22545223194490172	0.03724581038646671	OK	1.5237439534359306e-13	7.091746812695331e-06
coronary_heart_ED	coronary_heart	ED	0.34383186647327885	0.2313301851204795	0.11250168135279934	0.32719969357913625	0.11250168135279934	OK	7.328444112228939e-12	0.0013594821392981067
coronary_heart_enthesopathy_lower	coronary_heart	enthesopathy_lower	0.23415339695327342	0.09130735585990211	0.1428460410933713	0.6100532512106882	0.1428460410933713	OK	5.571380081952396e-08	0.17673147108567633
coronary_heart_enthesopathy_shoulder	coronary_heart	enthesopathy_shoulder	0.24870845574074413	0.1508981993326055	0.09781025640813862	0.3932727422428166	0.09781025640813862	OK	7.689977600136351e-26	5.85457141669758e-05
coronary_heart_enthesopathy_upper	coronary_heart	enthesopathy_upper	0.2329226631531187	0.12946866879337726	0.10345399435974142	0.4441559827595344	0.10345399435974142	OK	5.636103814982326e-17	0.0024572788066160433
coronary_heart_essential_tremor	coronary_heart	essential_tremor	0.05927120972312125	0.04035398014063984	0.01891722958248141	nan	0.01891722958248141	PROPORTIONAL_ATTENUATION_UNSTABLE	0.2253647889502905	0.546241627261409
coronary_heart_female_genital_prolapse	coronary_heart	female_genital_prolapse	0.15827940278414027	0.16261522811615772	-0.004335825332017457	-0.02739349059795604	-0.004335825332017457	ENHANCED	3.395976842461572e-09	3.959278249239339e-08
coronary_heart_fibromatosis	coronary_heart	fibromatosis	-0.035075551367509776	-0.04447858284838267	-0.009403031480872896	nan	0.009403031480872896	PROPORTIONAL_ATTENUATION_UNSTABLE	0.3181285667966216	0.28626654370158566
coronary_heart_fibromyalgia	coronary_heart	fibromyalgia	0.2832745300161895	0.15810046230877908	0.12517406770741044	0.44188253599875915	0.12517406770741044	OK	8.401420924908025e-09	0.021054046851911562
coronary_heart_gastritis_duodenitis	coronary_heart	gastritis_duodenitis	0.33508576242559923	0.23339981811610833	0.1016859443094909	0.3034624436843053	0.1016859443094909	OK	5.552092993461067e-29	5.614938047245736e-10
coronary_heart_glaucoma	coronary_heart	glaucoma	-0.02352973783879972	-0.02897367185292164	-0.00544393401412192	nan	0.00544393401412192	PROPORTIONAL_ATTENUATION_UNSTABLE	0.42226716576039214	0.4114913600480839
coronary_heart_GORD	coronary_heart	GORD	0.34691526214350865	0.24862408173590686	0.09829118040760179	0.2833290752337717	0.09829118040760179	OK	4.0714280329681976e-66	2.71322504450923e-20
coronary_heart_gout	coronary_heart	gout	0.2702575754344695	0.1083154427424744	0.1619421326919951	0.5992140365784562	0.1619421326919951	OK	1.0156265333399298e-31	0.0009038494006376384
coronary_heart_HF	coronary_heart	HF	0.6195131253526028	0.5093054345183824	0.11020769083422044	0.17789403698508321	0.11020769083422044	OK	1.2453844027654418e-146	1.371753335394837e-39
coronary_heart_hypertension	coronary_heart	hypertension	0.5433975488166511	0.3885331289728087	0.15486441984384247	0.2849928568523882	0.15486441984384247	OK	5.240562459120677e-258	2.1573844085521615e-48
coronary_heart_hyperthyroid	coronary_heart	hyperthyroid	0.12426741212004304	0.0699679013992283	0.054299510720814737	0.4369569607546111	0.054299510720814737	OK	0.0022705091876222046	0.2646817350328467
coronary_heart_hypothyroid	coronary_heart	hypothyroid	0.18650266706088967	0.15842608811735345	0.028076578943536212	0.15054250636732036	0.028076578943536212	OK	7.157554452686695e-13	3.290051925849644e-07
coronary_heart_IBS	coronary_heart	IBS	0.1508145008769094	0.15838015096114663	-0.007565650084237235	-0.050165269521477374	-0.007565650084237235	ENHANCED	6.636133967821905e-08	5.238366607848224e-07
coronary_heart_IDA	coronary_heart	IDA	0.22865879527879546	0.048065719916741696	0.18059307536205377	0.7897928227158859	0.18059307536205377	OK	8.63343628149225e-10	0.4898336868667544
coronary_heart_insomnia	coronary_heart	insomnia	0.15446173229078802	0.10076486938429462	0.053696862906493406	0.3476386164399883	0.053696862906493406	OK	0.0027435804874331045	0.1972135654913959
coronary_heart_intervert_disc	coronary_heart	intervert_disc	0.3174065805432043	0.22473904545164314	0.09266753509156117	0.29195215465593527	0.09266753509156117	OK	2.187330001737713e-48	1.2389718184229157e-15
coronary_heart_isch_stroke_tia	coronary_heart	isch_stroke_tia	0.6241526304511347	0.5438890790624511	0.08026355138868357	0.12859603159994604	0.08026355138868357	OK	3.722356298665733e-28	2.5946234639752304e-15
coronary_heart_migraine	coronary_heart	migraine	0.16882972225738374	0.15335862930651242	0.015471092950871318	0.09163725879549445	0.015471092950871318	OK	2.178191312014509e-09	9.963585865553793e-06
coronary_heart_OA	coronary_heart	OA	0.1932853900907052	0.06593466137435183	0.12735072871635336	0.6588740548708315	0.12735072871635336	OK	5.354245799840679e-19	0.06635106632372287
coronary_heart_osteoporosis	coronary_heart	osteoporosis	0.04758453270979841	0.11093842031338781	-0.0633538876035894	nan	-0.0633538876035894	PROPORTIONAL_ATTENUATION_UNSTABLE	0.14833741754511912	0.002844443937042743
coronary_heart_periph_neuro	coronary_heart	periph_neuro	0.32887617444455464	0.21030491100995805	0.11857126343459659	0.3605346712477847	0.11857126343459659	OK	3.782815845577639e-12	0.0033944494197391995
coronary_heart_peripheral_arterial	coronary_heart	peripheral_arterial	0.7086896772105183	0.6138765070920049	0.09481317011851342	0.13378658271376076	0.09481317011851342	OK	1.6252311418322742e-32	2.0863463511089342e-08
coronary_heart_PMR	coronary_heart	PMR	0.26467904303065065	0.24260434402825076	0.02207469900239989	0.08340176369703578	0.02207469900239989	OK	6.744442165754717e-07	0.00013309298762269637
coronary_heart_pri_bladder	coronary_heart	pri_bladder	0.08309637139122411	0.08662048885103425	-0.0035241174598101416	nan	-0.0035241174598101416	PROPORTIONAL_ATTENUATION_UNSTABLE	0.10866980951448998	0.18871056831229652
coronary_heart_pri_breast	coronary_heart	pri_breast	-0.0663748934634973	-0.0669677446192544	-0.0005928511557570931	-0.008931858490788036	0.0005928511557570931	ENHANCED	0.00200635764462671	0.011141667939295647
coronary_heart_pri_colorectal	coronary_heart	pri_colorectal	-0.11768619188006413	-0.12709011975756423	-0.009403927877500107	-0.07990680747902701	0.009403927877500107	ENHANCED	0.0016476765305469912	0.005393819543775355
coronary_heart_pri_prost	coronary_heart	pri_prost	0.010482675572229223	0.040981836004348515	-0.030499160432119293	nan	-0.030499160432119293	PROPORTIONAL_ATTENUATION_UNSTABLE	0.795984029472913	0.34201565216351243
coronary_heart_pri_skin	coronary_heart	pri_skin	-0.08873866429086062	-0.058745302841800344	0.029993361449060278	0.33799653948757213	-0.029993361449060278	OK	0.0005117194030582558	0.09013881966648195
coronary_heart_psoriasis	coronary_heart	psoriasis	0.19608656073569974	0.12005585472138262	0.07603070601431712	0.38774052504698187	0.07603070601431712	OK	2.9484037307003326e-09	0.0051277909900766215
coronary_heart_RA	coronary_heart	RA	0.22180771333110003	0.12227590472612783	0.0995318086049722	0.4487301505894776	0.0995318086049722	OK	1.0783677106841671e-13	0.005512694244691375
coronary_heart_raynauds	coronary_heart	raynauds	0.07501049402696096	0.08863293629436422	-0.013622442267403265	nan	-0.013622442267403265	PROPORTIONAL_ATTENUATION_UNSTABLE	0.19503262767959204	0.23368462987387678
coronary_heart_retinal_detach	coronary_heart	retinal_detach	-0.04231282052191339	-0.015655939002431174	0.026656881519482215	nan	-0.026656881519482215	PROPORTIONAL_ATTENUATION_UNSTABLE	0.34254067170807806	0.8041456820724651
coronary_heart_schizo	coronary_heart	schizo	-0.02605483801744384	-0.0037194679618310295	0.02233537005561281	nan	-0.02233537005561281	PROPORTIONAL_ATTENUATION_UNSTABLE	0.22057857434821526	0.9122833988990109
coronary_heart_scoliosis	coronary_heart	scoliosis	0.03042706328328468	0.02940473217862744	0.0010223311046572425	nan	0.0010223311046572425	PROPORTIONAL_ATTENUATION_UNSTABLE	0.49848987061235095	0.6347067059064858
coronary_heart_sinusitis	coronary_heart	sinusitis	0.1359380535377062	0.08236088533616223	0.05357716820154396	0.3941292876220479	0.05357716820154396	OK	0.006037695905156981	0.22730082042438857
coronary_heart_sleep_apnoea	coronary_heart	sleep_apnoea	0.29848375554689816	0.16277162181101312	0.13571213373588503	0.45467175755419553	0.13571213373588503	OK	4.76671273464051e-36	2.4816103074876393e-06
coronary_heart_spondylolisthesis	coronary_heart	spondylolisthesis	0.1537135091234487	0.07548348789811878	0.07823002122532992	0.5089339360700086	0.07823002122532992	OK	0.004584022519320995	0.3006943400802259
coronary_heart_spondylosis	coronary_heart	spondylosis	0.3252751307180552	0.18832329459085015	0.13695183612720505	0.42103383626310287	0.13695183612720505	OK	9.251968684595548e-29	4.123237083044034e-05
coronary_heart_stroke_all	coronary_heart	stroke_all	0.4948753244332256	0.39049815522670384	0.10437716920652179	0.2109160914944863	0.10437716920652179	OK	6.870466051680805e-33	3.5482459243685173e-11
coronary_heart_tendon	coronary_heart	tendon	0.25818319654721184	0.15140950470453676	0.10677369184267507	0.41355786616093837	0.10677369184267507	OK	9.199243957791211e-18	0.0009207112375141033
coronary_heart_thromboembolic	coronary_heart	thromboembolic	0.183107232024753	0.12126346823979046	0.06184376378496255	0.3377461561791416	0.06184376378496255	OK	6.927423936100117e-09	0.004171641285670942
coronary_heart_TIA	coronary_heart	TIA	0.5699398388398784	0.4996974199512872	0.07024241888859123	0.12324532187742976	0.07024241888859123	OK	1.6079324910972712e-44	6.078631057076706e-20
coronary_heart_tinnitus	coronary_heart	tinnitus	0.036683298982858756	0.06873132106048775	-0.032048022077628996	nan	-0.032048022077628996	PROPORTIONAL_ATTENUATION_UNSTABLE	0.3805661211305588	0.22359479891872902
coronary_heart_ulc_colitis	coronary_heart	ulc_colitis	0.017435531602095575	0.021348647761513063	-0.003913116159417487	nan	-0.003913116159417487	PROPORTIONAL_ATTENUATION_UNSTABLE	0.5467425247973519	0.5373964604465038
coronary_heart_ulcer_peptic	coronary_heart	ulcer_peptic	0.3174128918758558	0.15942057551870487	0.15799231635715094	0.49775015571498504	0.15799231635715094	OK	1.7689398854027767e-17	0.004406360439303759
coronary_heart_urine_incont	coronary_heart	urine_incont	0.22371897572677107	0.12782360289460767	0.0958953728321634	0.4286421056624219	0.0958953728321634	OK	2.4579872110766574e-12	0.00485475247953131
coronary_heart_urolithiasis	coronary_heart	urolithiasis	0.12898000550249408	0.10830433225163175	0.020675673250862336	0.16030138291832008	0.020675673250862336	OK	2.432941788389189e-06	0.001933660803622396
coronary_heart_valve_nonrheumatic	coronary_heart	valve_nonrheumatic	0.40823194629540127	0.3086717219639547	0.09956022433144657	0.2438815120544331	0.09956022433144657	OK	1.500817700973262e-32	5.637908690490115e-11
deaf_depression	deaf	depression	0.3043029356937394	0.277511197006964	0.026791738686775368	0.08804298461891757	0.026791738686775368	OK	2.1507272629360046e-35	9.269539039279827e-27
deaf_diabetes_type_2	deaf	diabetes_type_2	0.03027542065063376	0.0335666326751795	-0.003291212024545742	nan	-0.003291212024545742	PROPORTIONAL_ATTENUATION_UNSTABLE	0.23435862553688294	0.5256077260528098
deaf_diverticuli	deaf	diverticuli	0.09953837426081233	0.07546667995928587	0.02407169430152646	0.24183330781004475	0.02407169430152646	OK	0.00013950260943508652	0.008654698304350245
deaf_ED	deaf	ED	0.1262838209767861	0.09973180750071739	0.026552013476068698	0.2102566525996199	0.026552013476068698	OK	0.05163337930604359	0.24397531904326802
deaf_enthesopathy_lower	deaf	enthesopathy_lower	0.07771568137416843	0.03512633627118785	0.042589345102980576	nan	0.042589345102980576	PROPORTIONAL_ATTENUATION_UNSTABLE	0.1939350849456197	0.6598233009781831
deaf_enthesopathy_shoulder	deaf	enthesopathy_shoulder	0.09109760022980036	0.05373505846032749	0.03736254176947287	0.4101374973130262	0.03736254176947287	OK	0.008850272580623254	0.18157578750016354
deaf_enthesopathy_upper	deaf	enthesopathy_upper	0.10305750621991847	0.06184987806370765	0.04120762815621082	0.3998508179333996	0.04120762815621082	OK	0.011491415292377728	0.2051870406997318
deaf_essential_tremor	deaf	essential_tremor	0.12565393436986	0.125678527132325	-2.4592762464997753e-05	-0.00019571820483244018	-2.4592762464997753e-05	ENHANCED	0.0477680444571691	0.0826592385117057
deaf_female_genital_prolapse	deaf	female_genital_prolapse	0.10133236529404678	0.08855388582675586	0.012778479467290924	0.1261046204755042	0.012778479467290924	OK	0.001749879850744012	0.012387460796649107
deaf_fibromatosis	deaf	fibromatosis	0.10283238136371146	0.09536581357641352	0.0074665677872979425	0.07260911094618316	0.0074665677872979425	OK	0.0029976371538178153	0.012872060610992928
deaf_fibromyalgia	deaf	fibromyalgia	0.25760232257239146	0.23054451294814346	0.027057809624248003	0.10503713380396329	0.027057809624248003	OK	1.0027932174477357e-05	0.0007800155822621222
deaf_gastritis_duodenitis	deaf	gastritis_duodenitis	0.209832895037042	0.17577984675524183	0.03405304828180017	0.1622865103004405	0.03405304828180017	OK	6.300991972531643e-09	1.924633200752561e-05
deaf_glaucoma	deaf	glaucoma	-0.02323150536794092	-0.007267459108123468	0.01596404625981745	nan	-0.01596404625981745	PROPORTIONAL_ATTENUATION_UNSTABLE	0.4957052671025983	0.8715369870550925
deaf_GORD	deaf	GORD	0.20178959955613876	0.17387848347130358	0.02791111608483518	0.13831791205408572	0.02791111608483518	OK	1.071184014132672e-15	3.518150009637878e-10
deaf_gout	deaf	gout	0.05691844146184973	0.04983886377496489	0.007079577686884844	0.12438108818615523	0.007079577686884844	OK	0.033828027549123535	0.12865095953765415
deaf_HF	deaf	HF	-0.03176449399535858	-0.08562298173416706	-0.05385848773880848	nan	0.05385848773880848	PROPORTIONAL_ATTENUATION_UNSTABLE	0.39198157435544984	0.07797677862514422
deaf_hypertension	deaf	hypertension	0.021629619549995868	0.08172654773540143	-0.06009692818540556	nan	-0.06009692818540556	PROPORTIONAL_ATTENUATION_UNSTABLE	0.37188347742524225	0.014500455043370943
deaf_hyperthyroid	deaf	hyperthyroid	0.08417903954461822	0.09005150875438198	-0.005872469209763753	nan	-0.005872469209763753	PROPORTIONAL_ATTENUATION_UNSTABLE	0.0874923935579185	0.11275518631039277
deaf_hypothyroid	deaf	hypothyroid	0.10914494293414288	0.08838083100049089	0.02076411193365199	0.1902434631917017	0.02076411193365199	OK	0.00011017478225395589	0.0042739222804290935
deaf_IBS	deaf	IBS	0.2749112748861492	0.26413135391993176	0.010779920966217438	0.03921236395517713	0.010779920966217438	OK	3.303399203353197e-20	3.906584739333022e-18
deaf_IDA	deaf	IDA	0.08995427051463395	0.07250816896786991	0.017446101546764042	nan	0.017446101546764042	PROPORTIONAL_ATTENUATION_UNSTABLE	0.07457735570219576	0.2275860989538654
deaf_insomnia	deaf	insomnia	0.1876493190202662	0.1565037777638237	0.031145541256442477	0.16597737428015258	0.031145541256442477	OK	0.0037082325653701254	0.06461848154507277
deaf_intervert_disc	deaf	intervert_disc	0.13257970064143837	0.09406655001771441	0.03851315062372396	0.29049055351152675	0.03851315062372396	OK	4.957710151889564e-06	0.004156494381660218
deaf_isch_stroke_tia	deaf	isch_stroke_tia	0.0564354323253344	0.046495800407802455	0.009939631917531944	nan	0.009939631917531944	PROPORTIONAL_ATTENUATION_UNSTABLE	0.318500103981879	0.5237130407516067
deaf_migraine	deaf	migraine	0.14880634609276125	0.1306593627031038	0.01814698338965745	0.12195033253719689	0.01814698338965745	OK	4.86199924018186e-07	3.386632081954874e-05
deaf_OA	deaf	OA	0.08550069380958512	0.03574759235644947	0.049753101453135655	0.5819028973488639	0.049753101453135655	OK	0.0007300797144455709	0.28930079741823134
deaf_osteoporosis	deaf	osteoporosis	0.06152499285374425	0.060097846466567476	0.001427146387176774	0.023196205655307445	0.001427146387176774	OK	0.07027351900887238	0.12244311439491244
deaf_periph_neuro	deaf	periph_neuro	0.1158859507785245	0.08568447392460327	0.03020147685392123	0.26061379011887986	0.03020147685392123	OK	0.05453047705349607	0.32847929122729314
deaf_peripheral_arterial	deaf	peripheral_arterial	0.045738198853742376	0.00036966100892016433	0.04536853784482221	nan	0.04536853784482221	PROPORTIONAL_ATTENUATION_UNSTABLE	0.4413404804934798	0.9964785888591449
deaf_PMR	deaf	PMR	0.017380236571318815	0.011096763230071461	0.0062834733412473545	nan	0.0062834733412473545	PROPORTIONAL_ATTENUATION_UNSTABLE	0.7943743053929391	0.8880468683343309
deaf_pri_bladder	deaf	pri_bladder	0.11687812190625288	0.0800459912063389	0.03683213069991398	0.31513280757075113	0.03683213069991398	OK	0.06045993220711761	0.2700450669124083
deaf_pri_breast	deaf	pri_breast	-0.035969939804649104	-0.032048411925322616	0.003921527879326488	nan	-0.003921527879326488	PROPORTIONAL_ATTENUATION_UNSTABLE	0.16032905716821338	0.2494504624585443
deaf_pri_colorectal	deaf	pri_colorectal	0.010156167826955814	0.010269663367459037	-0.00011349554050322369	nan	-0.00011349554050322369	PROPORTIONAL_ATTENUATION_UNSTABLE	0.8641323896553111	0.8806795016048238
deaf_pri_prost	deaf	pri_prost	0.01437594525702827	0.03000254469484408	-0.01562659943781581	nan	-0.01562659943781581	PROPORTIONAL_ATTENUATION_UNSTABLE	0.7257102739558271	0.46734918516727203
deaf_pri_skin	deaf	pri_skin	-0.02310224472337843	-0.016379077174752094	0.0067231675486263374	nan	-0.0067231675486263374	PROPORTIONAL_ATTENUATION_UNSTABLE	0.5453285193911748	0.7060565782020921
deaf_psoriasis	deaf	psoriasis	0.10319408462185374	0.07376295267280979	0.029431131949043954	0.2852017347398538	0.029431131949043954	OK	0.008052685024186806	0.09253472648110214
deaf_RA	deaf	RA	0.08539735713123991	0.053547418312399134	0.03184993881884078	0.3729616452871407	0.03184993881884078	OK	0.020507963953114446	0.216096261582199
deaf_raynauds	deaf	raynauds	0.013784380046657108	0.004925418782120918	0.00885896126453619	nan	0.00885896126453619	PROPORTIONAL_ATTENUATION_UNSTABLE	0.843374944920594	0.9571816846974386
deaf_retinal_detach	deaf	retinal_detach	-0.08638590162848736	-0.07673404590671698	0.00965185572177038	nan	-0.00965185572177038	PROPORTIONAL_ATTENUATION_UNSTABLE	0.08104379663231027	0.1675658578032977
deaf_schizo	deaf	schizo	0.0898336213596315	0.07826658682463809	0.0115670345349934	0.12876063950140693	0.0115670345349934	OK	0.00019700792017503813	0.0064900638452730555
deaf_scoliosis	deaf	scoliosis	0.08085519973301909	0.07597088791241047	0.004884311820608625	nan	0.004884311820608625	PROPORTIONAL_ATTENUATION_UNSTABLE	0.15552441430699582	0.23148784025369779
deaf_sinusitis	deaf	sinusitis	0.1238599590210165	0.10549031745362071	0.01836964156739579	0.14830976622783187	0.01836964156739579	OK	0.020492309267509078	0.09504050468504119
deaf_sleep_apnoea	deaf	sleep_apnoea	0.21465100933403566	0.20062762103830525	0.01402338829573041	0.06533110810537812	0.01402338829573041	OK	9.747298072585197e-13	3.5772003911536136e-08
deaf_spondylolisthesis	deaf	spondylolisthesis	0.05796931606363569	0.01956142935815742	0.03840788670547827	nan	0.03840788670547827	PROPORTIONAL_ATTENUATION_UNSTABLE	0.400756782400116	0.8176823344924292
deaf_spondylosis	deaf	spondylosis	0.16322224134226024	0.12206846872170085	0.04115377262055939	0.25213336296653444	0.04115377262055939	OK	3.220946195196485e-05	0.011525568923315906
deaf_stroke_all	deaf	stroke_all	-0.03598412718330269	-0.05820252102016673	-0.02221839383686404	nan	0.02221839383686404	PROPORTIONAL_ATTENUATION_UNSTABLE	0.4615870668043718	0.2904779006419466
deaf_tendon	deaf	tendon	0.10964198854186621	0.07362993578843444	0.03601205275343178	0.3284512916297643	0.03601205275343178	OK	0.0021283551416008263	0.07753350740947945
deaf_thromboembolic	deaf	thromboembolic	0.06376044983785585	0.029164681850865824	0.03459576798699003	nan	0.03459576798699003	PROPORTIONAL_ATTENUATION_UNSTABLE	0.08475269300824981	0.5675379638191425
deaf_TIA	deaf	TIA	0.07446753960647569	0.06044315205153218	0.014024387554943507	nan	0.014024387554943507	PROPORTIONAL_ATTENUATION_UNSTABLE	0.12253327837277533	0.2830345346216574
deaf_tinnitus	deaf	tinnitus	0.40274241729012444	0.41532410324340296	-0.01258168595327852	-0.031240031874306018	-0.01258168595327852	ENHANCED	1.6741528689059843e-21	1.8983678327308165e-19
deaf_ulc_colitis	deaf	ulc_colitis	0.03434441796368644	0.039165963596721864	-0.004821545633035426	nan	-0.004821545633035426	PROPORTIONAL_ATTENUATION_UNSTABLE	0.3484300545569956	0.32998304349312735
deaf_ulcer_peptic	deaf	ulcer_peptic	0.10315680110644797	0.051333084337764026	0.05182371676868394	0.5023780905653212	0.05182371676868394	OK	0.03539181279100191	0.4291882455723931
deaf_urine_incont	deaf	urine_incont	0.1513089242372636	0.11291062978087563	0.03839829445638798	0.2537741554237516	0.03839829445638798	OK	0.0005597524385369815	0.025736192725517443
deaf_urolithiasis	deaf	urolithiasis	0.1324057545163273	0.12283191422535629	0.009573840290971011	0.07230682930620236	0.009573840290971011	OK	0.00035244217236041035	0.0024572788066160433
deaf_valve_nonrheumatic	deaf	valve_nonrheumatic	-0.011680811309995777	-0.007392054485883862	0.0042887568241119145	nan	-0.0042887568241119145	PROPORTIONAL_ATTENUATION_UNSTABLE	0.7916565233879196	0.8904798927399643
depression_diabetes_type_2	depression	diabetes_type_2	0.15155712181407202	0.09982170399467882	0.0517354178193932	0.34135919975348583	0.0517354178193932	OK	1.3328689472578886e-13	0.01984158790239198
depression_diverticuli	depression	diverticuli	0.28244220416507926	0.24438623361953396	0.0380559705455453	0.13473896600559987	0.0380559705455453	OK	4.4772467288465077e-44	5.709539498574917e-28
depression_ED	depression	ED	0.3748980871978054	0.30587936549581385	0.06901872170199153	0.18409995691862668	0.06901872170199153	OK	3.9927266709873926e-11	1.2446814300888753e-05
depression_enthesopathy_lower	depression	enthesopathy_lower	0.32850575565109164	0.2583300081125647	0.07017574753852696	0.21362105939191256	0.07017574753852696	OK	6.23108974020202e-11	2.8381665589872857e-05
depression_enthesopathy_shoulder	depression	enthesopathy_shoulder	0.3127442379105192	0.2352052761380851	0.0775389617724341	0.2479309044683956	0.0775389617724341	OK	1.7291018662613035e-25	6.845693555351933e-11
depression_enthesopathy_upper	depression	enthesopathy_upper	0.27308083750566936	0.18087959410006785	0.09220124340560151	0.3376335163161617	0.09220124340560151	OK	5.516898653818799e-16	4.274670882384406e-05
depression_essential_tremor	depression	essential_tremor	0.1304985095747597	0.13899175563183983	-0.008493246057080128	-0.06508308857132605	-0.008493246057080128	ENHANCED	0.027487988795249815	0.04335344132568292
depression_female_genital_prolapse	depression	female_genital_prolapse	0.18820355822093374	0.16542633844454524	0.022777219776388496	0.12102438440430618	0.022777219776388496	OK	4.2049530605161755e-13	6.785863972573251e-09
depression_fibromatosis	depression	fibromatosis	0.010684727647654211	-0.01758378618466907	-0.0068990585370148575	nan	0.028268513832323282	PROPORTIONAL_ATTENUATION_UNSTABLE	0.7513263843647403	0.6506233056851678
depression_fibromyalgia	depression	fibromyalgia	0.6430962793021792	0.6128437806597482	0.03025249864243096	0.04704194319901489	0.03025249864243096	OK	1.398134862207908e-27	2.0145761009577818e-17
depression_gastritis_duodenitis	depression	gastritis_duodenitis	0.4470181980622799	0.38217454011908547	0.06484365794319441	0.14505820618551235	0.06484365794319441	OK	9.145268482677978e-44	2.203105702798635e-23
depression_glaucoma	depression	glaucoma	0.018707758966351542	0.030295080009646026	-0.011587321043294484	nan	-0.011587321043294484	PROPORTIONAL_ATTENUATION_UNSTABLE	0.5472508288598923	0.39912381373060224
depression_GORD	depression	GORD	0.5067778989291567	0.4627704878349518	0.04400741109420492	0.08683766831030804	0.04400741109420492	OK	1.2627980997841518e-137	1.1611376379642563e-84
depression_gout	depression	gout	0.054789227630635234	0.005269847507956211	0.04951938012267902	0.9038159920142843	0.04951938012267902	OK	0.02538064108376724	0.9008574434943462
depression_HF	depression	HF	0.18453591781447062	0.10738238252586882	0.0771535352886018	0.4180949497656641	0.0771535352886018	OK	2.3230340136502525e-10	0.016801888365801907
depression_hypertension	depression	hypertension	0.16609908476414112	0.193847725329289	-0.027748640565147892	-0.16706076740007725	-0.027748640565147892	ENHANCED	1.597330322827144e-14	1.7065967069496411e-09
depression_hyperthyroid	depression	hyperthyroid	0.059368108550532254	0.029423659781721845	0.02994444876881041	nan	0.02994444876881041	PROPORTIONAL_ATTENUATION_UNSTABLE	0.12257825970417059	0.5701433473114664
depression_hypothyroid	depression	hypothyroid	0.18347159732242568	0.15949219772774223	0.023979399594683454	0.13069815679722352	0.023979399594683454	OK	3.107805210440473e-16	9.64529674072682e-10
depression_IBS	depression	IBS	0.5741288215108261	0.5685094234333996	0.005619398077426507	0.009787695490776849	0.005619398077426507	OK	3.751268083974033e-89	1.1951510758834903e-71
depression_IDA	depression	IDA	0.2363294079185727	0.1647197522531714	0.07160965566540131	0.30300780717935205	0.07160965566540131	OK	2.399244655610883e-05	0.01674433956479919
depression_insomnia	depression	insomnia	0.5958500447019794	0.5611467248438766	0.03470331985810282	0.05824170051956623	0.03470331985810282	OK	1.2170900290632233e-19	1.034737787974977e-09
depression_intervert_disc	depression	intervert_disc	0.37848257445559436	0.3098503508418569	0.06863222361373744	0.18133522715664618	0.06863222361373744	OK	1.3756008457045285e-49	6.425858324769891e-28
depression_isch_stroke_tia	depression	isch_stroke_tia	0.26491363264868617	0.22209892662732608	0.04281470602136009	0.16161760190778318	0.04281470602136009	OK	1.4409970046439018e-07	0.00048167329907060206
depression_migraine	depression	migraine	0.40074302411084733	0.3888903831052583	0.011852641005589026	0.02957666208136045	0.011852641005589026	OK	4.407701320206596e-55	3.759057176999934e-43
depression_OA	depression	OA	0.26528089231699953	0.20959958185906696	0.055681310457932565	0.20989566934732617	0.055681310457932565	OK	4.529757520506149e-34	9.721492341761968e-15
depression_osteoporosis	depression	osteoporosis	0.19439047015989797	0.200226985450047	-0.00583651529014903	-0.030024698666288208	-0.00583651529014903	ENHANCED	1.4210277288594459e-10	2.063101397528532e-08
depression_periph_neuro	depression	periph_neuro	0.3649131070478757	0.29341459221015964	0.07149851483771608	0.19593298639266377	0.07149851483771608	OK	1.3302783766927768e-12	0.0001523223494760042
depression_peripheral_arterial	depression	peripheral_arterial	0.24830426516118237	0.1400092125924695	0.10829505256871286	0.43613851134782167	0.10829505256871286	OK	2.9446764382327734e-05	0.12723940656860122
depression_PMR	depression	PMR	0.2251082221217368	0.2137728930198635	0.01133532910187332	0.050355020332146117	0.01133532910187332	OK	4.092206827904354e-05	0.0007864167504180543
depression_pri_bladder	depression	pri_bladder	0.07906798899209758	0.01903950382802972	0.060028485164067856	nan	0.060028485164067856	PROPORTIONAL_ATTENUATION_UNSTABLE	0.19503262767959204	0.8244931064031702
depression_pri_breast	depression	pri_breast	0.048124423690729494	0.05122697542884752	-0.003102551738118027	-0.06446937958273558	-0.003102551738118027	ENHANCED	0.033424289131142655	0.06271847157334265
depression_pri_colorectal	depression	pri_colorectal	-0.02765385768871719	-0.014114576751569182	0.01353928093714801	nan	-0.01353928093714801	PROPORTIONAL_ATTENUATION_UNSTABLE	0.5504339262349316	0.8041456820724651
depression_pri_prost	depression	pri_prost	0.0017574740865264457	0.029980521931419687	-0.028223047844893243	nan	-0.028223047844893243	PROPORTIONAL_ATTENUATION_UNSTABLE	0.9575200039793778	0.39751617616704354
depression_pri_skin	depression	pri_skin	-0.022406541870420717	-0.008103546656613603	0.014302995213807113	nan	-0.014302995213807113	PROPORTIONAL_ATTENUATION_UNSTABLE	0.4653579790895052	0.8354217031764752
depression_psoriasis	depression	psoriasis	0.18096816914133484	0.11896729667089012	0.06200087247044472	0.3426065078993118	0.06200087247044472	OK	1.172886242190975e-08	0.0011659572457432656
depression_RA	depression	RA	0.31250549974856984	0.23858602193567283	0.07391947781289701	0.23653816611985978	0.07391947781289701	OK	2.6866079848653136e-20	2.3937463095413016e-10
depression_raynauds	depression	raynauds	0.11875993898029352	0.10624249590441928	0.01251744307587424	0.1054012252225166	0.01251744307587424	OK	0.027377988804292888	0.11063428263550841
depression_retinal_detach	depression	retinal_detach	-0.07223928760873062	-0.049187173032317996	0.023052114576412625	nan	-0.023052114576412625	PROPORTIONAL_ATTENUATION_UNSTABLE	0.10366553442222311	0.36330116764384657
depression_schizo	depression	schizo	0.35298511114252346	0.3524804006689075	0.0005047104736159436	0.001429835020469672	0.0005047104736159436	OK	6.87262521216213e-73	2.1932186252064154e-55
depression_scoliosis	depression	scoliosis	0.1456132488919297	0.1425578451482039	0.0030554037437257875	0.02098300647074658	0.0030554037437257875	OK	0.005239674491788369	0.0158176199953948
depression_sinusitis	depression	sinusitis	0.4541371509529726	0.4248081733841769	0.029328977568795656	0.0645817623756414	0.029328977568795656	OK	9.884928557106217e-13	3.507265213299642e-09
depression_sleep_apnoea	depression	sleep_apnoea	0.3162758271832251	0.30594626361502486	0.01032956356820025	0.03265998435668027	0.01032956356820025	OK	1.838851965606713e-29	6.751383530858582e-18
depression_spondylolisthesis	depression	spondylolisthesis	0.1889880636939819	0.11873897558455229	0.07024908810942962	0.3717117723539416	0.07024908810942962	OK	0.0006113554694557125	0.07612379516403192
depression_spondylosis	depression	spondylosis	0.4426697575640559	0.3834583092990685	0.05921144826498742	0.13375986783199056	0.05921144826498742	OK	1.353714710764323e-25	3.212598878771568e-13
depression_stroke_all	depression	stroke_all	0.19562440248749008	0.15730321571029196	0.03832118677719812	0.19589164894522149	0.03832118677719812	OK	1.3684186255436497e-05	0.0023067440939012183
depression_tendon	depression	tendon	0.3176543824648462	0.23725726821178755	0.08039711425305862	0.2530961909897652	0.08039711425305862	OK	1.4637759854910054e-20	5.255386296083166e-09
depression_thromboembolic	depression	thromboembolic	0.16411301935900682	0.10644407053620314	0.057668948822803684	0.3513977687330795	0.057668948822803684	OK	1.0405874108673054e-07	0.00533083079232862
depression_TIA	depression	TIA	0.28291183464933145	0.23593235846722416	0.046979476182107294	0.1660569492977847	0.046979476182107294	OK	3.6825632274219703e-09	2.0961649354662155e-05
depression_tinnitus	depression	tinnitus	0.3382452069156268	0.36067242723625614	-0.022427220320629326	-0.06630462120997227	-0.022427220320629326	ENHANCED	5.581758117757177e-16	6.588831523059203e-15
depression_ulc_colitis	depression	ulc_colitis	0.10351973807290435	0.10794979291004046	-0.004430054837136113	-0.04279430106378568	-0.004430054837136113	ENHANCED	6.59974128690621e-05	0.00015095386865505297
depression_ulcer_peptic	depression	ulcer_peptic	0.3835246872256134	0.28682888766501363	0.09669579956059976	0.25212405558580686	0.09669579956059976	OK	3.3688308036939688e-21	1.2825359882995411e-08
depression_urine_incont	depression	urine_incont	0.3384054049699612	0.2730006600714385	0.06540474489852272	0.19327334592758183	0.06540474489852272	OK	5.303616030306867e-18	3.5369706455330913e-09
depression_urolithiasis	depression	urolithiasis	0.21744018343457347	0.21841772719764138	-0.0009775437630679118	-0.00449569048198506	-0.0009775437630679118	ENHANCED	5.2433802233479844e-15	1.3242155424282562e-11
depression_valve_nonrheumatic	depression	valve_nonrheumatic	0.14906061014263466	0.12486023741351603	0.024200372729118638	0.162352567227261	0.024200372729118638	OK	8.310722156971252e-05	0.009102134143469595
diabetes_type_2_diverticuli	diabetes_type_2	diverticuli	0.16695570788363884	0.0816510968793438	0.08530461100429504	0.5109415669918203	0.08530461100429504	OK	6.878845696782915e-16	0.06385211549461417
diabetes_type_2_ED	diabetes_type_2	ED	0.4650943599761151	0.2621789715903407	0.2029153883857744	0.4362886455905316	0.2029153883857744	OK	2.474573904072775e-20	0.011526671002145862
diabetes_type_2_enthesopathy_lower	diabetes_type_2	enthesopathy_lower	0.31903942050997824	0.21577937803601074	0.1032600424739675	0.32365919643694296	0.1032600424739675	OK	1.7292168904988168e-13	0.03296811420322259
diabetes_type_2_enthesopathy_shoulder	diabetes_type_2	enthesopathy_shoulder	0.24060646854271686	0.10317340893232202	0.13743305961039484	0.571194367478093	0.13743305961039484	OK	8.443343307775896e-21	0.06590447691103157
diabetes_type_2_enthesopathy_upper	diabetes_type_2	enthesopathy_upper	0.21279190917210758	0.10947218094155647	0.1033197282305511	0.4855434994334554	0.1033197282305511	OK	3.0805494964821567e-12	0.08646185093888138
diabetes_type_2_essential_tremor	diabetes_type_2	essential_tremor	0.1210841338710435	0.20047904686711077	-0.07939491299606727	-0.6557003833435691	-0.07939491299606727	ENHANCED	0.013982846106386622	0.04458276740461634
diabetes_type_2_female_genital_prolapse	diabetes_type_2	female_genital_prolapse	0.13417858906932487	0.11055259962895943	0.02362598944036544	0.17607868441781582	0.02362598944036544	OK	7.914563788600002e-09	0.0213405232179481
diabetes_type_2_fibromatosis	diabetes_type_2	fibromatosis	-0.008641407670595324	0.03380038764060245	-0.02515897997000712	nan	-0.04244179531119777	PROPORTIONAL_ATTENUATION_UNSTABLE	0.782718946698931	0.6117998710147854
diabetes_type_2_fibromyalgia	diabetes_type_2	fibromyalgia	0.3106716628707676	0.2522280407660808	0.05844362210468679	0.18812022173067655	0.05844362210468679	OK	1.1004158368328418e-11	0.017540818472202867
diabetes_type_2_gastritis_duodenitis	diabetes_type_2	gastritis_duodenitis	0.3078394810799768	0.2159954834630267	0.09184399761695008	0.298350287281991	0.09184399761695008	OK	3.451933444884004e-30	0.0005974526170417344
diabetes_type_2_glaucoma	diabetes_type_2	glaucoma	0.02261569124556358	0.0008775752834637153	0.021738115962099864	nan	0.021738115962099864	PROPORTIONAL_ATTENUATION_UNSTABLE	0.3829407601096574	0.9927736385531385
diabetes_type_2_GORD	diabetes_type_2	GORD	0.30102214403501687	0.1656091875022876	0.13541295653272928	0.4498438377908077	0.13541295653272928	OK	4.144433755066894e-51	0.0004556026324908785
diabetes_type_2_gout	diabetes_type_2	gout	0.3802306763537275	0.1598736749530289	0.22035700140069858	0.5795350430792204	0.22035700140069858	OK	4.277627658873211e-61	0.0011380584580227187
diabetes_type_2_HF	diabetes_type_2	HF	0.45822466231269754	0.17684468852821222	0.2813799737844853	0.6140655379925154	0.2813799737844853	OK	3.8763397064193227e-72	0.021522982561298927
diabetes_type_2_hypertension	diabetes_type_2	hypertension	0.48057360651768366	0.31085462237023315	0.1697189841474505	0.3531591869500752	0.1697189841474505	OK	8.817940053205901e-181	3.6077361150303984e-16
diabetes_type_2_hyperthyroid	diabetes_type_2	hyperthyroid	0.08416869358258068	-0.07130350588986206	0.012865187692718619	0.15285003420061594	0.15547219947244273	OK	0.04269745635681518	0.4093186212440656
diabetes_type_2_hypothyroid	diabetes_type_2	hypothyroid	0.11108403918438611	0.0635391340861934	0.047544905098192716	0.42800842899918234	0.047544905098192716	OK	4.064679891412024e-05	0.16599005798112385
diabetes_type_2_IBS	diabetes_type_2	IBS	0.1027239198541046	0.14562505565967082	-0.04290113580556622	-0.41763530701025897	-0.04290113580556622	ENHANCED	0.00031896015864253853	0.017074186860473052
diabetes_type_2_IDA	diabetes_type_2	IDA	0.3714680112501813	0.14838703052205687	0.22308098072812443	0.6005388727210775	0.22308098072812443	OK	1.697639372199362e-20	0.10602307458280051
diabetes_type_2_insomnia	diabetes_type_2	insomnia	0.15333972577874325	0.13947892746827845	0.0138607983104648	0.09039274225952909	0.0138607983104648	OK	0.0010638605990501084	0.33325287213200605
diabetes_type_2_intervert_disc	diabetes_type_2	intervert_disc	0.23056958403058853	0.10968377187583946	0.12088581215474907	0.5242921032407802	0.12088581215474907	OK	1.723416289101168e-21	0.037946477305323224
diabetes_type_2_isch_stroke_tia	diabetes_type_2	isch_stroke_tia	0.31870449140379387	0.22277338196369975	0.09593110944009411	0.30100331820724424	0.09593110944009411	OK	2.751531336013787e-11	0.05376771922743249
diabetes_type_2_migraine	diabetes_type_2	migraine	0.07561129250271076	0.13151681083493819	-0.05590551833222743	-0.7393805406807872	-0.05590551833222743	ENHANCED	0.0017177911466315838	0.009809944396990613
diabetes_type_2_OA	diabetes_type_2	OA	0.21997918856885662	0.021112801582917055	0.19886638698593956	0.904023640962252	0.19886638698593956	OK	1.1727287004652035e-25	0.7240323990639671
diabetes_type_2_osteoporosis	diabetes_type_2	osteoporosis	-0.10406617832357647	0.04772097048802154	0.056345207835554925	0.5414363123853638	-0.151787148811598	OK	0.0008247667032501597	0.4679732027185903
diabetes_type_2_periph_neuro	diabetes_type_2	periph_neuro	0.38273796580027064	0.007911705569295508	0.37482626023097515	0.979328662750368	0.37482626023097515	OK	2.3937789138552396e-19	0.9631022763452642
diabetes_type_2_peripheral_arterial	diabetes_type_2	peripheral_arterial	0.4495537596478865	0.22918235762489889	0.22037140202298763	0.4902003315367528	0.22037140202298763	OK	1.737157459577809e-23	0.0531162609917382
diabetes_type_2_PMR	diabetes_type_2	PMR	0.17064615085023546	0.17595097724701517	-0.005304826396779705	-0.03108670409703751	-0.005304826396779705	ENHANCED	0.00019438309265256383	0.0657259514616228
diabetes_type_2_pri_bladder	diabetes_type_2	pri_bladder	0.09285968142822347	0.17492190613027297	-0.0820622247020495	nan	-0.0820622247020495	PROPORTIONAL_ATTENUATION_UNSTABLE	0.08476733900975299	0.14719473695532076
diabetes_type_2_pri_breast	diabetes_type_2	pri_breast	-0.030266672637377593	-0.038548646067645666	-0.008281973430268073	nan	0.008281973430268073	PROPORTIONAL_ATTENUATION_UNSTABLE	0.20316715095293425	0.4599745421672852
diabetes_type_2_pri_colorectal	diabetes_type_2	pri_colorectal	0.0038072751391708417	0.005384118597378995	-0.001576843458208153	nan	-0.001576843458208153	PROPORTIONAL_ATTENUATION_UNSTABLE	0.9344743634478788	0.9540579921482819
diabetes_type_2_pri_prost	diabetes_type_2	pri_prost	-0.012899884584934117	0.010624847650908278	0.0022750369340258387	nan	-0.023524732235842394	PROPORTIONAL_ATTENUATION_UNSTABLE	0.6850655151037408	0.8908960127769717
diabetes_type_2_pri_skin	diabetes_type_2	pri_skin	-0.11580813843165304	-0.0698032459531302	0.04600489247852284	0.39725094541325123	-0.04600489247852284	OK	2.788435778516646e-06	0.18044903825831338
diabetes_type_2_psoriasis	diabetes_type_2	psoriasis	0.18419378356069316	0.12752556380175703	0.05666821975893613	0.30765544126120603	0.05666821975893613	OK	1.5518969763071408e-09	0.05376771922743249
diabetes_type_2_RA	diabetes_type_2	RA	0.19438563618806673	0.06228075768873259	0.13210487849933414	0.6796020585159059	0.13210487849933414	OK	1.318160611169889e-14	0.346775125189042
diabetes_type_2_raynauds	diabetes_type_2	raynauds	-0.14177421538599966	-0.024319562636919177	0.11745465274908048	0.8284627245461677	-0.11745465274908048	OK	0.002604139396403523	0.8619254891091885
diabetes_type_2_retinal_detach	diabetes_type_2	retinal_detach	-0.06742800681148113	0.002909909638656592	0.06451809717282454	0.9568441990760268	-0.07033791645013772	OK	0.06347901440477016	0.9785741153344722
diabetes_type_2_schizo	diabetes_type_2	schizo	-0.01805565457574522	0.026530305864160022	-0.008474651288414802	nan	-0.044585960439905245	PROPORTIONAL_ATTENUATION_UNSTABLE	0.3944801265709796	0.5373964604465038
diabetes_type_2_scoliosis	diabetes_type_2	scoliosis	-0.05919710191530663	0.0006249387441089832	0.05857216317119765	nan	-0.05982204065941561	PROPORTIONAL_ATTENUATION_UNSTABLE	0.20251242487100668	0.9938635359488887
diabetes_type_2_sinusitis	diabetes_type_2	sinusitis	0.09574640440766317	0.10339741457712648	-0.007651010169463304	-0.07990911216767271	-0.007651010169463304	ENHANCED	0.061121992408350756	0.33451779684624394
diabetes_type_2_sleep_apnoea	diabetes_type_2	sleep_apnoea	0.4316737188693813	0.24828982387736104	0.18338389499202024	0.42482061560831264	0.18338389499202024	OK	3.5504309560067174e-72	9.802327822292302e-06
diabetes_type_2_spondylolisthesis	diabetes_type_2	spondylolisthesis	0.18377655029515746	0.09001456178439841	0.09376198851075905	0.5101956063500539	0.09376198851075905	OK	0.00018720112944507528	0.4428604275503681
diabetes_type_2_spondylosis	diabetes_type_2	spondylosis	0.2851248462903746	0.08100267894440376	0.20412216734597083	0.7159045239364736	0.20412216734597083	OK	1.3562666931894808e-19	0.31732195073416064
diabetes_type_2_stroke_all	diabetes_type_2	stroke_all	0.29729804185510866	0.19255694347013316	0.1047410983849755	0.35231008496188543	0.1047410983849755	OK	2.4551352309336084e-16	0.009279069439370832
diabetes_type_2_tendon	diabetes_type_2	tendon	0.2561556095268927	0.12444692943046116	0.13170868009643155	0.5141744908092829	0.13170868009643155	OK	1.037641805454493e-15	0.06753349484016162
diabetes_type_2_thromboembolic	diabetes_type_2	thromboembolic	0.2534501733316041	0.06080673092989571	0.19264344240170836	0.7600840822849286	0.19264344240170836	OK	1.0041214123273886e-18	0.3359860970841071
diabetes_type_2_TIA	diabetes_type_2	TIA	0.28613802599064625	0.20105015934560194	0.08508786664504431	0.29736651167023076	0.08508786664504431	OK	2.0653913755774884e-11	0.009610552627115817
diabetes_type_2_tinnitus	diabetes_type_2	tinnitus	-0.0664672173557925	0.08347490308995135	-0.017007685734158853	nan	-0.14994212044574384	PROPORTIONAL_ATTENUATION_UNSTABLE	0.24906827097251275	0.33638709048688703
diabetes_type_2_ulc_colitis	diabetes_type_2	ulc_colitis	0.008950145802082917	0.03290358865452244	-0.023953442852439524	nan	-0.023953442852439524	PROPORTIONAL_ATTENUATION_UNSTABLE	0.7456186261038672	0.5631283763085376
diabetes_type_2_ulcer_peptic	diabetes_type_2	ulcer_peptic	0.3478471872306061	0.21840630799093855	0.12944087923966754	0.37211995379411944	0.12944087923966754	OK	3.417941489238489e-17	0.01476203159989871
diabetes_type_2_urine_incont	diabetes_type_2	urine_incont	0.27986872128522255	0.1495100300471958	0.13035869123802676	0.465785138972977	0.13035869123802676	OK	6.451472160202146e-22	0.022387985804529376
diabetes_type_2_urolithiasis	diabetes_type_2	urolithiasis	0.20288052037865	0.2163937670208462	-0.013513246642196192	-0.06660692025520976	-0.013513246642196192	ENHANCED	2.6231370367315756e-14	1.5134188652779275e-05
diabetes_type_2_valve_nonrheumatic	diabetes_type_2	valve_nonrheumatic	0.19171047170763425	0.054845957138713715	0.13686451456892054	0.7139125648683611	0.13686451456892054	OK	2.668845818513778e-09	0.48500077178074613
diverticuli_ED	diverticuli	ED	0.18571280378001576	0.10538856071365427	0.08032424306636149	0.43251860631811234	0.08032424306636149	OK	0.00033849280518601706	0.14357298951716052
diverticuli_enthesopathy_lower	diverticuli	enthesopathy_lower	0.24911744514471576	0.19647605219174696	0.052641392952968796	0.21131154794233176	0.052641392952968796	OK	5.207978930411994e-07	0.0011380584580227187
diverticuli_enthesopathy_shoulder	diverticuli	enthesopathy_shoulder	0.24579985096772666	0.19134767012555418	0.05445218084217249	0.2215305689885142	0.05445218084217249	OK	5.39161997868329e-22	2.4222329727348556e-10
diverticuli_enthesopathy_upper	diverticuli	enthesopathy_upper	0.22807634622320244	0.1747704494929484	0.05330589673025404	0.2337195312576924	0.05330589673025404	OK	1.3624370221896013e-13	2.841275752717636e-06
diverticuli_essential_tremor	diverticuli	essential_tremor	0.014062006809412294	0.012209818823932012	0.0018521879854802824	nan	0.0018521879854802824	PROPORTIONAL_ATTENUATION_UNSTABLE	0.8412417330753136	0.8859647116434929
diverticuli_female_genital_prolapse	diverticuli	female_genital_prolapse	0.2853195465887591	0.26890452490058186	0.01641502168817721	0.057532061453317684	0.01641502168817721	OK	3.9998060434270906e-28	1.1937865362593669e-21
diverticuli_fibromatosis	diverticuli	fibromatosis	0.021559644734675393	0.019886831950393893	0.0016728127842815	nan	0.0016728127842815	PROPORTIONAL_ATTENUATION_UNSTABLE	0.5458823263031356	0.6285898677191673
diverticuli_fibromyalgia	diverticuli	fibromyalgia	0.38027044079441663	0.34586990729381195	0.03440053350060468	0.09046333821987085	0.03440053350060468	OK	9.31507705035996e-15	8.232918259018538e-09
diverticuli_gastritis_duodenitis	diverticuli	gastritis_duodenitis	0.43359480533304945	0.39923110603032025	0.0343636993027292	0.07925302351427854	0.0343636993027292	OK	3.8863436742761125e-41	2.9382005878660855e-28
diverticuli_glaucoma	diverticuli	glaucoma	0.007194874014413501	0.014789242967597486	-0.007594368953183985	nan	-0.007594368953183985	PROPORTIONAL_ATTENUATION_UNSTABLE	0.8059360929116904	0.6356042993004586
diverticuli_GORD	diverticuli	GORD	0.41512262197892835	0.37704360871761855	0.0380790132613098	0.09172955470309851	0.0380790132613098	OK	2.118361452999341e-65	1.0668928693758466e-46
diverticuli_gout	diverticuli	gout	0.138469625148106	0.08448770729581727	0.053981917852288744	0.38984663816739673	0.053981917852288744	OK	1.6511901430488135e-08	0.004562122108049753
diverticuli_HF	diverticuli	HF	0.2560956383929508	0.21669360515350441	0.03940203323944638	0.15385671340090634	0.03940203323944638	OK	2.1106246172646933e-18	2.4148977314941613e-07
diverticuli_hypertension	diverticuli	hypertension	0.19135190306082608	0.23696175661070326	-0.04560985354987718	-0.23835589205182317	-0.04560985354987718	ENHANCED	2.7369545133860357e-21	5.618900192947509e-17
diverticuli_hyperthyroid	diverticuli	hyperthyroid	0.1456453227535172	0.12767851338336617	0.01796680937015102	0.12336001617132009	0.01796680937015102	OK	8.572791192515175e-05	0.0022282758874271388
diverticuli_hypothyroid	diverticuli	hypothyroid	0.14235800509777907	0.1168386330766084	0.025519372021170675	0.1792619389660779	0.025519372021170675	OK	7.223470573140023e-09	1.566110092958633e-05
diverticuli_IBS	diverticuli	IBS	0.4031671202088531	0.3974976730943078	0.005669447114545312	0.014062275494113652	0.005669447114545312	OK	9.097907203579405e-42	8.09580544196875e-37
diverticuli_IDA	diverticuli	IDA	0.2232271186192667	0.16439157413579578	0.05883554448347092	0.2635680863838953	0.05883554448347092	OK	9.911220610544094e-08	0.0016198550710943896
diverticuli_insomnia	diverticuli	insomnia	0.29189057449524275	0.2636859881968272	0.028204586298415546	0.09662725953788964	0.028204586298415546	OK	5.041038397535198e-06	0.0015380895779664838
diverticuli_intervert_disc	diverticuli	intervert_disc	0.26996328183839247	0.21975183866659279	0.05021144317179968	0.1859936019071573	0.05021144317179968	OK	3.511205447380197e-26	1.0527712626184812e-14
diverticuli_isch_stroke_tia	diverticuli	isch_stroke_tia	0.21684027632698388	0.1913504748885041	0.025489801438479787	0.11755104665169536	0.025489801438479787	OK	4.8263942921312565e-05	0.002693061419592198
diverticuli_migraine	diverticuli	migraine	0.2382856053805595	0.23079014409217005	0.00749546128838946	0.031455787169429095	0.00749546128838946	OK	1.5994758390262412e-24	5.574003611597229e-20
diverticuli_OA	diverticuli	OA	0.2622776892007234	0.2080307280087122	0.05424696119201122	0.20683025444263214	0.05424696119201122	OK	2.46799614154848e-40	4.978473212731096e-18
diverticuli_osteoporosis	diverticuli	osteoporosis	0.1288934121846127	0.15558578275286625	-0.02669237056825355	-0.20708871086462	-0.02669237056825355	ENHANCED	4.700597355637204e-06	9.809857223326727e-07
diverticuli_periph_neuro	diverticuli	periph_neuro	0.2804953658950775	0.207327709003769	0.0731676568913085	0.260851571140315	0.0731676568913085	OK	1.4106332593361472e-09	0.0019807261976317186
diverticuli_peripheral_arterial	diverticuli	peripheral_arterial	0.192751613066761	0.13012160223011876	0.06263001083664224	0.32492600108591496	0.06263001083664224	OK	0.00012969220998102163	0.11184198021226824
diverticuli_PMR	diverticuli	PMR	0.15416446948499243	0.14070263833044006	0.013461831154552378	0.08732123036860229	0.013461831154552378	OK	0.006210069439259689	0.024858460683932413
diverticuli_pri_bladder	diverticuli	pri_bladder	0.046685801494771695	0.021101010858444406	0.02558479063632729	nan	0.02558479063632729	PROPORTIONAL_ATTENUATION_UNSTABLE	0.4646211399263026	0.7961178070586055
diverticuli_pri_breast	diverticuli	pri_breast	0.020277199637349187	0.025106177145383376	-0.004828977508034189	nan	-0.004828977508034189	PROPORTIONAL_ATTENUATION_UNSTABLE	0.4456788555895895	0.38830269825454833
diverticuli_pri_colorectal	diverticuli	pri_colorectal	0.057844360652171946	0.0609295320261062	-0.0030851713739342562	nan	-0.0030851713739342562	PROPORTIONAL_ATTENUATION_UNSTABLE	0.21164523365461674	0.24636847241675255
diverticuli_pri_prost	diverticuli	pri_prost	0.003746190597661742	0.020360077018776408	-0.016613886421114665	nan	-0.016613886421114665	PROPORTIONAL_ATTENUATION_UNSTABLE	0.9152125393781831	0.5943693309968883
diverticuli_pri_skin	diverticuli	pri_skin	0.0050208782181753895	0.023779272687330277	-0.018758394469154886	nan	-0.018758394469154886	PROPORTIONAL_ATTENUATION_UNSTABLE	0.8712595737118576	0.4599289244218439
diverticuli_psoriasis	diverticuli	psoriasis	0.15901124502993963	0.11830812822315866	0.04070311680678097	0.2559763417934193	0.04070311680678097	OK	4.922431229717395e-06	0.0024572788066160433
diverticuli_RA	diverticuli	RA	0.20439492315447436	0.15571994430975547	0.048674978844718886	0.23814181924632283	0.048674978844718886	OK	2.666286573773726e-12	2.60391276347352e-06
diverticuli_raynauds	diverticuli	raynauds	0.08216918689759996	0.10145376554420525	-0.019284578646605294	nan	-0.019284578646605294	PROPORTIONAL_ATTENUATION_UNSTABLE	0.15053603297314397	0.14551054181748527
diverticuli_retinal_detach	diverticuli	retinal_detach	0.03225880251790824	0.0556457721730126	-0.02338696965510436	nan	-0.02338696965510436	PROPORTIONAL_ATTENUATION_UNSTABLE	0.5100791096957843	0.28981039965467376
diverticuli_schizo	diverticuli	schizo	0.029747659233832602	0.02928742678151815	0.0004602324523144512	nan	0.0004602324523144512	PROPORTIONAL_ATTENUATION_UNSTABLE	0.16239043572560893	0.2075991153158298
diverticuli_scoliosis	diverticuli	scoliosis	0.13228668360334853	0.14080926136320754	-0.008522577759859012	-0.06442506175007989	-0.008522577759859012	ENHANCED	0.006317522973745339	0.009809944396990613
diverticuli_sinusitis	diverticuli	sinusitis	0.19736953623832892	0.17775533245240455	0.019614203785924378	0.09937807100199958	0.019614203785924378	OK	0.00017202391972847295	0.002897885069350995
diverticuli_sleep_apnoea	diverticuli	sleep_apnoea	0.3002027005863098	0.25718103516403945	0.04302166542227037	0.14330872220085644	0.04302166542227037	OK	4.060482715255577e-37	1.9823342186186127e-19
diverticuli_spondylolisthesis	diverticuli	spondylolisthesis	0.1427210430091416	0.09154586771441348	0.05117517529472812	0.3585678342572808	0.05117517529472812	OK	0.008374856827484897	0.15954419567414568
diverticuli_spondylosis	diverticuli	spondylosis	0.35673802288367923	0.3092508499692182	0.04748717291446103	0.13311497476663725	0.04748717291446103	OK	5.98137890042299e-24	1.4677579228217071e-12
diverticuli_stroke_all	diverticuli	stroke_all	0.211489078646852	0.18796853236814814	0.02352054627870387	0.11121399946130961	0.02352054627870387	OK	2.2572413174253356e-07	0.00010993717453829675
diverticuli_tendon	diverticuli	tendon	0.26117272020638216	0.20831585114983225	0.052856869056549904	0.2023828101755103	0.052856869056549904	OK	4.517995413684546e-17	2.4048538183128623e-08
diverticuli_thromboembolic	diverticuli	thromboembolic	0.1060852403416925	0.03846722010785375	0.06761802023383875	0.6373932887934857	0.06761802023383875	OK	0.00021666296588960908	0.30978320203350923
diverticuli_TIA	diverticuli	TIA	0.22982562067872558	0.19996847509351678	0.0298571455852088	0.1299121720939297	0.0298571455852088	OK	9.858279645625666e-07	0.00013569656253665466
diverticuli_tinnitus	diverticuli	tinnitus	0.13994043656058044	0.162348479545247	-0.02240804298466656	-0.16012557581929565	-0.02240804298466656	ENHANCED	0.0005510885940207528	0.00021508743130014082
diverticuli_ulc_colitis	diverticuli	ulc_colitis	0.06844379759195035	0.07493294515267018	-0.006489147560719832	-0.09480987012741404	-0.006489147560719832	ENHANCED	0.003938723417468183	0.003116507691244262
diverticuli_ulcer_peptic	diverticuli	ulcer_peptic	0.3774294796572846	0.33862600580591756	0.03880347385136701	0.10280986500207012	0.03880347385136701	OK	1.5116418770151343e-24	3.3654253163971527e-15
diverticuli_urine_incont	diverticuli	urine_incont	0.3159520060781615	0.26574495835735584	0.05020704772080564	0.15890719715318158	0.05020704772080564	OK	1.8107678365935198e-20	1.2606069202460798e-12
diverticuli_urolithiasis	diverticuli	urolithiasis	0.19587319945619913	0.1816832633178108	0.014189936138388343	0.07244450071670716	0.014189936138388343	OK	4.550812286873972e-12	2.847488252045067e-09
diverticuli_valve_nonrheumatic	diverticuli	valve_nonrheumatic	0.2295586684042662	0.21827028232247056	0.011288386081795637	0.04917429675065077	0.011288386081795637	OK	4.272009569271254e-13	2.0565025084527207e-10
ED_enthesopathy_lower	ED	enthesopathy_lower	0.3900912967535553	0.25984875769890153	0.13024253905465377	0.33387706964643205	0.13024253905465377	OK	5.9308368329699953e-05	0.06740573350793175
ED_enthesopathy_shoulder	ED	enthesopathy_shoulder	0.3140551001332408	0.18082807944909823	0.13322702068414255	0.42421543425857355	0.13322702068414255	OK	2.5794148016626427e-07	0.03779717393612989
ED_enthesopathy_upper	ED	enthesopathy_upper	0.15399651141220702	-0.013941234457609168	0.14005527695459785	0.9094704527410218	0.1679377458698162	OK	0.041373004473971325	0.9199899292591719
ED_essential_tremor	ED	essential_tremor	0.18360057336365734	0.209230929088609	-0.025630355724951648	nan	-0.025630355724951648	PROPORTIONAL_ATTENUATION_UNSTABLE	0.1383314553539574	0.16871458803335612
ED_female_genital_prolapse	ED	female_genital_prolapse	0.24898487150349707	0.22904921027275305	0.01993566123074403	0.08006776118710501	0.01993566123074403	OK	7.816715110548049e-06	0.0007606671391447148
ED_fibromatosis	ED	fibromatosis	0.08858352131981236	0.10006468867893191	-0.011481167359119554	nan	-0.011481167359119554	PROPORTIONAL_ATTENUATION_UNSTABLE	0.23440054257459425	0.2973363258736036
ED_fibromyalgia	ED	fibromyalgia	0.31171569327927356	0.16587419266323092	0.14584150061604265	0.46786704603088347	0.14584150061604265	OK	0.004572329355156647	0.31274677140136103
ED_gastritis_duodenitis	ED	gastritis_duodenitis	0.4218624840557179	0.3085150032427096	0.11334748081300833	0.26868348122189945	0.11334748081300833	OK	1.8661663058249467e-08	0.0020418232786799345
ED_glaucoma	ED	glaucoma	-0.06724604488702136	-0.07642625969219469	-0.009180214805173323	nan	0.009180214805173323	PROPORTIONAL_ATTENUATION_UNSTABLE	0.3221279738352379	0.36165836073814256
ED_GORD	ED	GORD	0.4100649925963414	0.29352604563831286	0.11653894695802852	0.28419628366751803	0.11653894695802852	OK	7.09471183649358e-13	5.420325857751807e-05
ED_gout	ED	gout	0.29354928741082353	0.14845581303638858	0.14509347437443496	0.4942729572065899	0.14509347437443496	OK	3.351665038891886e-08	0.04151260085921078
ED_HF	ED	HF	0.3629981457941019	0.13892849721584608	0.22406964857825581	0.6172749122122281	0.22406964857825581	OK	6.265665195339934e-08	0.2190028958079054
ED_hypertension	ED	hypertension	0.3483778225009851	0.23906884502122014	0.10930897747976495	0.3137656028016992	0.10930897747976495	OK	2.930466510717075e-13	0.0041036849196628075
ED_hyperthyroid	ED	hyperthyroid	0.0018363499890948565	-0.09017461890628004	-0.08833826891718517	nan	0.0920109688953749	PROPORTIONAL_ATTENUATION_UNSTABLE	0.9878886629016596	0.5221382540369635
ED_hypothyroid	ED	hypothyroid	0.165684475608992	0.11919156185409581	0.046492913754896184	0.28061116519218976	0.046492913754896184	OK	0.0011093360289123563	0.06573799796813767
ED_IBS	ED	IBS	0.3091460647978712	0.31310160532505416	-0.003955540527182944	-0.012795053787177268	-0.003955540527182944	ENHANCED	4.131282297893909e-05	0.001017095536423858
ED_IDA	ED	IDA	0.20339493440204168	-0.013964634222663105	0.18943030017937856	0.931342271312127	0.2173595686247048	OK	0.04535613619438379	0.9417170114056514
ED_insomnia	ED	insomnia	0.2100125229450135	0.0755914323669025	0.134421090578111	nan	0.134421090578111	PROPORTIONAL_ATTENUATION_UNSTABLE	0.10607004519374859	0.731284406861938
ED_intervert_disc	ED	intervert_disc	0.31313817758933704	0.18724046566113478	0.12589771192820226	0.4020516211003501	0.12589771192820226	OK	6.783845089101719e-08	0.016801888365801907
ED_isch_stroke_tia	ED	isch_stroke_tia	0.4379545025049365	0.3636865931523736	0.07426790935256289	0.16957905199690404	0.07426790935256289	OK	4.212202599116146e-05	0.013764162035365879
ED_migraine	ED	migraine	0.18707666678224635	0.18720197016832762	-0.00012530338608127134	-0.0006697969780866675	-0.00012530338608127134	ENHANCED	0.000524058626853642	0.007400845619681606
ED_OA	ED	OA	0.28481429233686095	0.1323392527310898	0.15247503960577116	0.535348975484113	0.15247503960577116	OK	1.8475376448887338e-07	0.11573609618701544
ED_osteoporosis	ED	osteoporosis	0.05669333121741857	0.12957900978274184	-0.07288567856532327	nan	-0.07288567856532327	PROPORTIONAL_ATTENUATION_UNSTABLE	0.46714140903594564	0.1681015927909965
ED_periph_neuro	ED	periph_neuro	0.4878371270465795	0.2919146306329116	0.19592249641366788	0.4016145667300982	0.19592249641366788	OK	7.2298684616556525e-06	0.09879428263287043
ED_peripheral_arterial	ED	peripheral_arterial	0.5056298636420241	0.3627812397987663	0.1428486238432578	0.28251619240668857	0.1428486238432578	OK	1.2097511103106248e-05	0.0767381755464616
ED_PMR	ED	PMR	0.31726084201181537	0.3114577333278652	0.0058031086839501755	0.01829128564102489	0.0058031086839501755	OK	0.015005903983466217	0.06690754528373001
ED_pri_bladder	ED	pri_bladder	0.00842895948286977	-0.038006969400106526	-0.029578009917236754	nan	0.0464359288829763	PROPORTIONAL_ATTENUATION_UNSTABLE	0.9548946218297266	0.8549380866976718
ED_pri_breast	ED	pri_breast	0.07092937815338358	0.08963284209381454	-0.01870346394043096	nan	-0.01870346394043096	PROPORTIONAL_ATTENUATION_UNSTABLE	0.14378557627966307	0.12664522983058904
ED_pri_colorectal	ED	pri_colorectal	0.06287708583686213	0.08819220971099406	-0.02531512387413193	nan	-0.02531512387413193	PROPORTIONAL_ATTENUATION_UNSTABLE	0.4821732403377382	0.4348883614251243
ED_pri_prost	ED	pri_prost	0.09024775654329151	0.14697338892493667	-0.05672563238164516	nan	-0.05672563238164516	PROPORTIONAL_ATTENUATION_UNSTABLE	0.20138451719666253	0.1099599031501364
ED_pri_skin	ED	pri_skin	-0.01637462351862634	0.03334851254497224	-0.016973889026345897	nan	-0.04972313606359858	PROPORTIONAL_ATTENUATION_UNSTABLE	0.8438279514767928	0.7398017469705573
ED_psoriasis	ED	psoriasis	0.20328183441413483	0.11305590833880082	0.09022592607533401	0.44384647715998926	0.09022592607533401	OK	0.007221772474307356	0.2849776739422285
ED_RA	ED	RA	0.25195293901282095	0.1248259977666473	0.12712694124617366	0.5045662167874321	0.12712694124617366	OK	0.00042946793366230106	0.23724496482027074
ED_raynauds	ED	raynauds	0.14467048424726653	0.20941258871768134	-0.06474210447041481	nan	-0.06474210447041481	PROPORTIONAL_ATTENUATION_UNSTABLE	0.30555208466731143	0.24378994019204595
ED_retinal_detach	ED	retinal_detach	-0.07844942021489115	-0.0346697320369439	0.04377968817794725	nan	-0.04377968817794725	PROPORTIONAL_ATTENUATION_UNSTABLE	0.44531069417003694	0.7994174046831363
ED_schizo	ED	schizo	0.0204889021511332	0.029522566643371533	-0.009033664492238334	nan	-0.009033664492238334	PROPORTIONAL_ATTENUATION_UNSTABLE	0.672695596724532	0.6441556345178806
ED_scoliosis	ED	scoliosis	-0.01766301387941891	-0.0032274971145702914	0.01443551676484862	nan	-0.01443551676484862	PROPORTIONAL_ATTENUATION_UNSTABLE	0.8799891946057881	0.9868976315346968
ED_sinusitis	ED	sinusitis	0.22889601912162777	0.18405005630934407	0.0448459628122837	nan	0.0448459628122837	PROPORTIONAL_ATTENUATION_UNSTABLE	0.10881774636977516	0.3314603046211139
ED_sleep_apnoea	ED	sleep_apnoea	0.34237800841826554	0.1876554126948515	0.15472259572341404	0.4519057647370781	0.15472259572341404	OK	3.933979338089862e-08	0.0543017074881243
ED_spondylolisthesis	ED	spondylolisthesis	0.4241087587628388	0.35946074681439816	0.06464801194844066	0.1524326263315674	0.06464801194844066	OK	0.0006700608244533086	0.02127088219015815
ED_spondylosis	ED	spondylosis	0.4829437918347251	0.34786782503599206	0.13507596679873302	0.2796929354564708	0.13507596679873302	OK	1.6923454830023461e-09	0.0024572788066160433
ED_stroke_all	ED	stroke_all	0.41614694968439764	0.3518577937914488	0.06428915589294881	0.15448666857153504	0.06428915589294881	OK	2.6913678840426133e-07	0.0024572788066160433
ED_tendon	ED	tendon	0.19972493819184498	0.02570460350736095	0.17402033468448402	0.8712999801623647	0.17402033468448402	OK	0.0011668847225852212	0.8244931064031702
ED_thromboembolic	ED	thromboembolic	0.20373437444253967	0.05608328678599739	0.14765108765654228	0.724723493816627	0.14765108765654228	OK	0.004566024672984563	0.6173872276301768
ED_TIA	ED	TIA	0.4134731020982068	0.3426507628859042	0.07082233921230263	0.17128644850876207	0.07082233921230263	OK	4.562724442498584e-06	0.003908965526645537
ED_tinnitus	ED	tinnitus	0.10484329721357638	0.17110666050528378	-0.0662633632917074	nan	-0.0662633632917074	PROPORTIONAL_ATTENUATION_UNSTABLE	0.28152382726107633	0.18540709517230833
ED_ulc_colitis	ED	ulc_colitis	-0.033439170033793854	-0.033569804327962444	-0.0001306342941685898	nan	0.0001306342941685898	PROPORTIONAL_ATTENUATION_UNSTABLE	0.6767399950376054	0.7345938519528012
ED_ulcer_peptic	ED	ulcer_peptic	0.39343121770597317	0.22891510477246008	0.1645161129335131	0.41815724205307603	0.1645161129335131	OK	1.0846076481260308e-05	0.08944027336289037
ED_urine_incont	ED	urine_incont	0.5194257930579019	0.4321655672421013	0.08726022581580062	0.16799363254969024	0.08726022581580062	OK	1.133757706892857e-08	0.00021508743130014082
ED_urolithiasis	ED	urolithiasis	0.09287007064620469	0.06238929887387935	0.03048077177232534	nan	0.03048077177232534	PROPORTIONAL_ATTENUATION_UNSTABLE	0.21398608570022587	0.5167237805404408
ED_valve_nonrheumatic	ED	valve_nonrheumatic	0.2583575080713077	0.1808866587619449	0.0774708493093628	0.299859097913193	0.0774708493093628	OK	0.0011509416991505352	0.0982259535181383
enthesopathy_lower_enthesopathy_shoulder	enthesopathy_lower	enthesopathy_shoulder	0.7262238286918609	0.6882578496262568	0.03796597906560406	0.05227861929839428	0.03796597906560406	OK	7.233071983891097e-36	4.4879884400266454e-21
enthesopathy_lower_enthesopathy_upper	enthesopathy_lower	enthesopathy_upper	0.6321813008005118	0.5745158509450664	0.057665449855445416	0.09121663323863805	0.057665449855445416	OK	9.556357724977906e-24	3.424849101074874e-12
enthesopathy_lower_essential_tremor	enthesopathy_lower	essential_tremor	0.1360716709213868	0.1142714564858304	0.02180021443555641	nan	0.02180021443555641	PROPORTIONAL_ATTENUATION_UNSTABLE	0.20686190555140968	0.38500933582203956
enthesopathy_lower_female_genital_prolapse	enthesopathy_lower	female_genital_prolapse	0.26738887902329755	0.26424641088506834	0.0031424681382292152	0.011752426464809784	0.0031424681382292152	OK	3.5311282313345786e-07	2.6030386307656457e-05
enthesopathy_lower_fibromatosis	enthesopathy_lower	fibromatosis	0.06399266976581473	0.07243472800880378	-0.008442058242989048	nan	-0.008442058242989048	PROPORTIONAL_ATTENUATION_UNSTABLE	0.3221279738352379	0.34714983102030583
enthesopathy_lower_fibromyalgia	enthesopathy_lower	fibromyalgia	0.5926431356643571	0.49434864713059035	0.09829448853376677	0.16585780315092646	0.09829448853376677	OK	3.325987203157437e-09	0.00013002755109666787
enthesopathy_lower_gastritis_duodenitis	enthesopathy_lower	gastritis_duodenitis	0.5513982942559884	0.4647054973735165	0.08669279688247189	0.15722354926659332	0.08669279688247189	OK	3.7308310228339e-18	1.0461573493497379e-08
enthesopathy_lower_glaucoma	enthesopathy_lower	glaucoma	0.03866593723781219	0.06469788075884113	-0.026031943521028937	nan	-0.026031943521028937	PROPORTIONAL_ATTENUATION_UNSTABLE	0.5268867079605065	0.3641734475282161
enthesopathy_lower_GORD	enthesopathy_lower	GORD	0.574740535715899	0.5052404978118915	0.0695000379040075	0.12092419724221815	0.0695000379040075	OK	2.4946560236237594e-32	1.5035602613340598e-17
enthesopathy_lower_gout	enthesopathy_lower	gout	0.2325737204109968	0.09295816382983502	0.1396155565811618	0.6003066740921446	0.1396155565811618	OK	4.168865844128477e-06	0.24852163118461162
enthesopathy_lower_HF	enthesopathy_lower	HF	0.30359758737503534	0.05772650444985722	0.24587108292517812	0.8098584875164129	0.24587108292517812	OK	2.6910114859256908e-06	0.6034419522836997
enthesopathy_lower_hypertension	enthesopathy_lower	hypertension	0.3312573523630959	0.21838101640466703	0.11287633595842886	0.3407511868135187	0.11287633595842886	OK	3.0927108248810336e-10	0.001086903870427254
enthesopathy_lower_hyperthyroid	enthesopathy_lower	hyperthyroid	0.13059439059261246	0.11151553905038276	0.0190788515422297	nan	0.0190788515422297	PROPORTIONAL_ATTENUATION_UNSTABLE	0.14569261433564465	0.30978320203350923
enthesopathy_lower_hypothyroid	enthesopathy_lower	hypothyroid	0.23439746398202113	0.192313829463826	0.042083634518195134	0.17953963239731574	0.042083634518195134	OK	0.00011442960030324734	0.013847413089423008
enthesopathy_lower_IBS	enthesopathy_lower	IBS	0.40916473787546453	0.4108608727247734	-0.0016961348493088613	-0.004145359294928097	-0.0016961348493088613	ENHANCED	5.441379320114265e-12	1.7128460282689449e-09
enthesopathy_lower_IDA	enthesopathy_lower	IDA	0.3910451497547173	0.25182791356962037	0.13921723618509696	0.35601320275272774	0.13921723618509696	OK	1.6049375494250963e-05	0.040359931732977396
enthesopathy_lower_insomnia	enthesopathy_lower	insomnia	0.7006527852235145	0.6959975273019134	0.0046552579216010415	0.006644172434304929	0.0046552579216010415	OK	5.038444048568971e-10	6.216593699291774e-06
enthesopathy_lower_intervert_disc	enthesopathy_lower	intervert_disc	0.6512493638993985	0.5964682562572375	0.05478110764216093	0.08411694610211273	0.05478110764216093	OK	2.8219986654062365e-42	3.457950738081357e-25
enthesopathy_lower_isch_stroke_tia	enthesopathy_lower	isch_stroke_tia	0.256893272016714	0.13145324778974085	0.12544002422697317	0.4882962610979231	0.12544002422697317	OK	0.004787197848177734	0.31646929765595266
enthesopathy_lower_migraine	enthesopathy_lower	migraine	0.3466320308683721	0.34382420521805745	0.0028078256503146215	0.008100306377574307	0.0028078256503146215	OK	8.010873087790042e-10	1.4426400251413458e-07
enthesopathy_lower_OA	enthesopathy_lower	OA	0.7060398716772608	0.6469007235997967	0.05913914807746412	0.08376176820860526	0.05913914807746412	OK	7.658240063611427e-41	1.109291781662378e-22
enthesopathy_lower_osteoporosis	enthesopathy_lower	osteoporosis	0.0700651350536396	0.10850517019766462	-0.038440035144025025	nan	-0.038440035144025025	PROPORTIONAL_ATTENUATION_UNSTABLE	0.35256152702202254	0.21684769585680713
enthesopathy_lower_periph_neuro	enthesopathy_lower	periph_neuro	0.6186134172030858	0.5599156573906955	0.05869775981239034	0.0948860114896608	0.05869775981239034	OK	1.2393811824720986e-11	7.572402331019135e-05
enthesopathy_lower_peripheral_arterial	enthesopathy_lower	peripheral_arterial	0.48446843015876273	0.3438206423209234	0.14064778783783932	0.2903136284685224	0.14064778783783932	OK	3.22256205586775e-08	0.018585335706872614
enthesopathy_lower_PMR	enthesopathy_lower	PMR	0.2803486048430821	0.2542062189347401	0.026142385908342003	0.09324956663499195	0.026142385908342003	OK	0.00962797820895918	0.049686212687202996
enthesopathy_lower_pri_bladder	enthesopathy_lower	pri_bladder	0.09052067911660093	0.04042790019029741	0.05009277892630352	nan	0.05009277892630352	PROPORTIONAL_ATTENUATION_UNSTABLE	0.530738180397746	0.837515379805691
enthesopathy_lower_pri_breast	enthesopathy_lower	pri_breast	-0.04129342242395209	-0.024085884708479218	0.017207537715472874	nan	-0.017207537715472874	PROPORTIONAL_ATTENUATION_UNSTABLE	0.4795078800407411	0.7421026523932324
enthesopathy_lower_pri_colorectal	enthesopathy_lower	pri_colorectal	-0.045966581109885066	-0.03560736395186795	0.010359217158017117	nan	-0.010359217158017117	PROPORTIONAL_ATTENUATION_UNSTABLE	0.6417626880107964	0.782052968301895
enthesopathy_lower_pri_prost	enthesopathy_lower	pri_prost	0.025875219589914393	0.08671756350085535	-0.06084234391094096	nan	-0.06084234391094096	PROPORTIONAL_ATTENUATION_UNSTABLE	0.6732879346795748	0.218607586913194
enthesopathy_lower_pri_skin	enthesopathy_lower	pri_skin	0.06451215405368352	0.11659345481701276	-0.052081300763329244	nan	-0.052081300763329244	PROPORTIONAL_ATTENUATION_UNSTABLE	0.2404898633721237	0.07377110758820335
enthesopathy_lower_psoriasis	enthesopathy_lower	psoriasis	0.2436459164460996	0.15064892532329044	0.09299699112280915	0.3816891022812703	0.09299699112280915	OK	0.0004931279137151456	0.08671522018245031
enthesopathy_lower_RA	enthesopathy_lower	RA	0.3010655689497167	0.20248788618547017	0.09857768276424653	0.3274292809640771	0.09857768276424653	OK	4.944393869567043e-06	0.01476203159989871
enthesopathy_lower_raynauds	enthesopathy_lower	raynauds	0.2616383844088425	0.27869791559689777	-0.017059531188055255	-0.06520270803001749	-0.017059531188055255	ENHANCED	0.017010894012383725	0.0506335789633318
enthesopathy_lower_retinal_detach	enthesopathy_lower	retinal_detach	-0.06698327893684705	-0.04455358165140974	0.02242969728543731	nan	-0.02242969728543731	PROPORTIONAL_ATTENUATION_UNSTABLE	0.4487118007619653	0.6957248307556363
enthesopathy_lower_schizo	enthesopathy_lower	schizo	-0.11459174151661934	-0.09781358097252321	0.01677816054409613	0.14641683878818423	-0.01677816054409613	OK	0.00573699024695645	0.05660824738305226
enthesopathy_lower_scoliosis	enthesopathy_lower	scoliosis	0.25077171356624156	0.27089156263592956	-0.020119849069688	-0.08023173261275063	-0.020119849069688	ENHANCED	0.0078236912333257	0.017577481886895372
enthesopathy_lower_sinusitis	enthesopathy_lower	sinusitis	0.32958443317651903	0.26858306276661836	0.06100137040990067	0.18508571482570446	0.06100137040990067	OK	0.0012321853490989945	0.03541864889766055
enthesopathy_lower_sleep_apnoea	enthesopathy_lower	sleep_apnoea	0.4029345659235274	0.2747307144996223	0.1282038514239051	0.31817536212129494	0.1282038514239051	OK	1.022329368571276e-15	3.867296460970448e-05
enthesopathy_lower_spondylolisthesis	enthesopathy_lower	spondylolisthesis	0.4626654424073134	0.4036981089261321	0.05896733348118127	0.1274513462132939	0.05896733348118127	OK	2.0749251272356154e-05	0.002405846097091974
enthesopathy_lower_spondylosis	enthesopathy_lower	spondylosis	0.806581977499783	0.7605125856359335	0.04606939186384951	0.05711681285844483	0.04606939186384951	OK	4.154105869044518e-31	4.7647394888430665e-17
enthesopathy_lower_stroke_all	enthesopathy_lower	stroke_all	0.2156022365279087	0.1011726843978693	0.11442955213003939	0.5307438084726316	0.11442955213003939	OK	0.009548542159526578	0.36933565203529406
enthesopathy_lower_tendon	enthesopathy_lower	tendon	0.8456283741894659	0.8308027770595253	0.014825597129940582	0.017532047862219513	0.014825597129940582	OK	1.241623129822042e-53	7.895663413496283e-32
enthesopathy_lower_thromboembolic	enthesopathy_lower	thromboembolic	0.31277784373267326	0.22038654462015497	0.09239129911251828	0.2953895263485601	0.09239129911251828	OK	2.7529944943412546e-06	0.008113290138811964
enthesopathy_lower_TIA	enthesopathy_lower	TIA	0.3208136538604599	0.2360018094875855	0.0848118443728744	0.2643648216100051	0.0848118443728744	OK	9.469503321619409e-05	0.02129369115448406
enthesopathy_lower_tinnitus	enthesopathy_lower	tinnitus	0.24180512807433102	0.26533442926772377	-0.02352930119339275	-0.09730687426182216	-0.02352930119339275	ENHANCED	0.02949882117163896	0.02804145620802498
enthesopathy_lower_ulc_colitis	enthesopathy_lower	ulc_colitis	0.026991201620082315	0.03317758174986878	-0.006186380129786468	nan	-0.006186380129786468	PROPORTIONAL_ATTENUATION_UNSTABLE	0.7006477377677737	0.6896202780478653
enthesopathy_lower_ulcer_peptic	enthesopathy_lower	ulcer_peptic	0.4895011666243786	0.364869643200711	0.12463152342366757	0.25460924696693166	0.12463152342366757	OK	9.605762926712465e-09	0.0014219889718221352
enthesopathy_lower_urine_incont	enthesopathy_lower	urine_incont	0.5226071198018665	0.43556521489531186	0.08704190490655461	0.16655323207145434	0.08704190490655461	OK	4.79306313686823e-15	1.8913937117820163e-07
enthesopathy_lower_urolithiasis	enthesopathy_lower	urolithiasis	0.14710029114411205	0.12156526336578798	0.025535027778324074	0.17358924023683797	0.025535027778324074	OK	0.021103865515276283	0.1296743272981892
enthesopathy_lower_valve_nonrheumatic	enthesopathy_lower	valve_nonrheumatic	0.2398615537660374	0.15385347086083145	0.08600808290520595	0.3585738587731272	0.08600808290520595	OK	0.00163033883242414	0.1262198786992369
enthesopathy_shoulder_enthesopathy_upper	enthesopathy_shoulder	enthesopathy_upper	0.8694849535239432	0.8511719508075294	0.018313002716413784	0.0210618972095985	0.018313002716413784	OK	0.0	1.4754953469351738e-261
enthesopathy_shoulder_essential_tremor	enthesopathy_shoulder	essential_tremor	-0.016871832604892962	-0.040689581362463534	-0.023817748757570572	nan	0.023817748757570572	PROPORTIONAL_ATTENUATION_UNSTABLE	0.8366823373321474	0.6623169770252483
enthesopathy_shoulder_female_genital_prolapse	enthesopathy_shoulder	female_genital_prolapse	0.2056606716206247	0.1820510878821799	0.023609583738444795	0.11479872915127198	0.023609583738444795	OK	3.269073443843706e-10	2.4764516162478043e-06
enthesopathy_shoulder_fibromatosis	enthesopathy_shoulder	fibromatosis	0.24598264999839686	0.2590885387478307	-0.013105888749433858	-0.05327972826343341	-0.013105888749433858	ENHANCED	7.509432475733607e-12	1.844798518248597e-10
enthesopathy_shoulder_fibromyalgia	enthesopathy_shoulder	fibromyalgia	0.6487203280815689	0.5890735074250736	0.05964682065649529	0.09194535468448495	0.05964682065649529	OK	2.090364863690381e-24	4.7094450577870424e-14
enthesopathy_shoulder_gastritis_duodenitis	enthesopathy_shoulder	gastritis_duodenitis	0.5285614496850054	0.4450101729545198	0.08355127673048562	0.15807296725911013	0.08355127673048562	OK	4.86819194434757e-41	1.8536422460796722e-19
enthesopathy_shoulder_glaucoma	enthesopathy_shoulder	glaucoma	0.01795513810868188	0.03266666845718379	-0.014711530348501908	nan	-0.014711530348501908	PROPORTIONAL_ATTENUATION_UNSTABLE	0.6126599795241857	0.41401562322521945
enthesopathy_shoulder_GORD	enthesopathy_shoulder	GORD	0.5169912431643037	0.43907963854685617	0.0779116046174475	0.15070198121844514	0.0779116046174475	OK	6.277145083956567e-85	6.336966394796978e-40
enthesopathy_shoulder_gout	enthesopathy_shoulder	gout	0.18479371107346856	0.07787328947653599	0.10692042159693257	0.5785934000450056	0.10692042159693257	OK	2.05425995523807e-11	0.0989832897482584
enthesopathy_shoulder_HF	enthesopathy_shoulder	HF	0.24389494839481246	0.07574993528063291	0.16814501311417956	0.6894157268152583	0.16814501311417956	OK	1.3826635134803094e-10	0.2281326070398019
enthesopathy_shoulder_hypertension	enthesopathy_shoulder	hypertension	0.21789600200388565	0.15208439459703527	0.06581160740685038	0.3020321933473419	0.06581160740685038	OK	1.7789320294749008e-12	0.00021481063882558942
enthesopathy_shoulder_hyperthyroid	enthesopathy_shoulder	hyperthyroid	0.13636654601942247	0.11021882820207299	0.02614771781734948	0.19174583928836408	0.02614771781734948	OK	0.010580659462237246	0.07377110758820335
enthesopathy_shoulder_hypothyroid	enthesopathy_shoulder	hypothyroid	0.177915293398316	0.1431368568399684	0.034778436558347586	0.19547749883696497	0.034778436558347586	OK	6.863707396971294e-05	0.007289118826944823
enthesopathy_shoulder_IBS	enthesopathy_shoulder	IBS	0.35206540398228775	0.33765976443027457	0.014405639552013183	0.04091750961346352	0.014405639552013183	OK	9.723637087614333e-23	9.436076593370988e-19
enthesopathy_shoulder_IDA	enthesopathy_shoulder	IDA	0.30547215167346503	0.17434796963170288	0.13112418204176216	0.42925085420528797	0.13112418204176216	OK	2.172542102018609e-07	0.02915430522610658
enthesopathy_shoulder_insomnia	enthesopathy_shoulder	insomnia	0.46370193344255906	0.37729462237799566	0.0864073110645634	0.1863423566580127	0.0864073110645634	OK	9.258622562475696e-10	0.0001973587319582662
enthesopathy_shoulder_intervert_disc	enthesopathy_shoulder	intervert_disc	0.5568739067604953	0.4899807695876942	0.0668931371728011	0.12012259213569332	0.0668931371728011	OK	1.8541943215091826e-82	2.3682110704775103e-50
enthesopathy_shoulder_isch_stroke_tia	enthesopathy_shoulder	isch_stroke_tia	0.31489806116939334	0.24987350316980939	0.06502455799958395	0.20649399287538084	0.06502455799958395	OK	3.133922845154983e-07	0.0011979177406170388
enthesopathy_shoulder_migraine	enthesopathy_shoulder	migraine	0.3226066950809839	0.3102202521444105	0.012386442936573372	0.03839487253500429	0.012386442936573372	OK	7.204546171298679e-25	3.511012029589767e-19
enthesopathy_shoulder_OA	enthesopathy_shoulder	OA	0.5429390265274238	0.47786697348947	0.06507205303795377	0.11985149318542676	0.06507205303795377	OK	1.5534338469518173e-94	3.2655704139555424e-47
enthesopathy_shoulder_osteoporosis	enthesopathy_shoulder	osteoporosis	0.11507850597018786	0.14598389880765217	-0.03090539283746431	-0.2685592116174209	-0.03090539283746431	ENHANCED	0.008331367559854561	0.002892055305506953
enthesopathy_shoulder_periph_neuro	enthesopathy_shoulder	periph_neuro	0.5998380100750229	0.523859499072456	0.07597851100256692	0.1266650491072817	0.07597851100256692	OK	8.091314739699358e-19	1.8563564744281538e-07
enthesopathy_shoulder_peripheral_arterial	enthesopathy_shoulder	peripheral_arterial	0.4800262809207947	0.39852836479471376	0.08149791612608093	0.16977802958985955	0.08149791612608093	OK	1.2966371367586496e-13	0.00032921130266852646
enthesopathy_shoulder_PMR	enthesopathy_shoulder	PMR	0.20740949327772787	0.1775323310408302	0.02987716223689768	0.14404915495787463	0.02987716223689768	OK	0.0037027638287720865	0.03583923153206313
enthesopathy_shoulder_pri_bladder	enthesopathy_shoulder	pri_bladder	0.03549712752859225	-0.009880551601871223	0.02561657592672103	nan	0.04537767913046347	PROPORTIONAL_ATTENUATION_UNSTABLE	0.7279364231498912	0.942048370268869
enthesopathy_shoulder_pri_breast	enthesopathy_shoulder	pri_breast	-0.05652011360508711	-0.052054532635958724	0.004465580969128385	0.07900870476535027	-0.004465580969128385	OK	0.05749998142476287	0.12983377540084193
enthesopathy_shoulder_pri_colorectal	enthesopathy_shoulder	pri_colorectal	-0.0872989207775619	-0.08958966181453128	-0.002290741036969371	nan	0.002290741036969371	PROPORTIONAL_ATTENUATION_UNSTABLE	0.11090626188794461	0.17573735167442378
enthesopathy_shoulder_pri_prost	enthesopathy_shoulder	pri_prost	0.013306667478257588	0.04795569759344575	-0.03464903011518816	nan	-0.03464903011518816	PROPORTIONAL_ATTENUATION_UNSTABLE	0.7931675189097964	0.38500933582203956
enthesopathy_shoulder_pri_skin	enthesopathy_shoulder	pri_skin	0.04176976417550567	0.07650687105834918	-0.0347371068828435	nan	-0.0347371068828435	PROPORTIONAL_ATTENUATION_UNSTABLE	0.27919988151804304	0.07813397863081531
enthesopathy_shoulder_psoriasis	enthesopathy_shoulder	psoriasis	0.2224980471531622	0.1431141649989084	0.07938388215425382	0.35678462426956903	0.07938388215425382	OK	1.53547218266193e-06	0.009355696806416975
enthesopathy_shoulder_RA	enthesopathy_shoulder	RA	0.3155806534536338	0.2277064473149796	0.08787420613865418	0.27845245003767305	0.08787420613865418	OK	7.075372587106556e-14	2.69392956853812e-06
enthesopathy_shoulder_raynauds	enthesopathy_shoulder	raynauds	0.158572946165214	0.17230222595185368	-0.013729279786639681	-0.08658021509126423	-0.013729279786639681	ENHANCED	0.031613907356557606	0.06321975284381831
enthesopathy_shoulder_retinal_detach	enthesopathy_shoulder	retinal_detach	-0.03373843322870206	-0.002263908133760597	0.03147452509494147	nan	-0.03147452509494147	PROPORTIONAL_ATTENUATION_UNSTABLE	0.5069601197933518	0.9764583530117446
enthesopathy_shoulder_schizo	enthesopathy_shoulder	schizo	-0.12172435125212873	-0.12363363686212579	-0.0019092856099970634	-0.015685321715474432	0.0019092856099970634	ENHANCED	6.49806894471442e-06	5.562733036730513e-05
enthesopathy_shoulder_scoliosis	enthesopathy_shoulder	scoliosis	0.19455402418073173	0.20251861457863368	-0.007964590397901955	-0.040937680068253046	-0.007964590397901955	ENHANCED	0.0006227820156448667	0.0043362570127266535
enthesopathy_shoulder_sinusitis	enthesopathy_shoulder	sinusitis	0.4062251811703528	0.36942705566211126	0.03679812550824152	0.09058553534821379	0.03679812550824152	OK	2.017860342339436e-11	3.8351323480969484e-07
enthesopathy_shoulder_sleep_apnoea	enthesopathy_shoulder	sleep_apnoea	0.3438328925261489	0.2542984560408795	0.08953443648526943	0.2604010216342528	0.08953443648526943	OK	6.644445856153495e-25	1.627350316615626e-09
enthesopathy_shoulder_spondylolisthesis	enthesopathy_shoulder	spondylolisthesis	0.317164095620613	0.23869391314734062	0.07847018247327237	0.2474119345688398	0.07847018247327237	OK	1.4182356403144624e-05	0.0056064436807931025
enthesopathy_shoulder_spondylosis	enthesopathy_shoulder	spondylosis	0.6422371717307921	0.5705053254091467	0.07173184632164542	0.1116905864049137	0.07173184632164542	OK	3.4204757325971674e-62	9.72706999171134e-33
enthesopathy_shoulder_stroke_all	enthesopathy_shoulder	stroke_all	0.26402025495189285	0.20864732039146455	0.0553729345604283	0.20972987307552526	0.0553729345604283	OK	1.86870745687782e-06	0.0016544243069811478
enthesopathy_shoulder_tendon	enthesopathy_shoulder	tendon	0.8179971516685847	0.7857243250812307	0.032272826587353975	0.03945347061603155	0.032272826587353975	OK	2.875483855002814e-247	5.288528938391929e-149
enthesopathy_shoulder_thromboembolic	enthesopathy_shoulder	thromboembolic	0.23783695008092745	0.14801262486714095	0.0898243252137865	0.37767186798864716	0.0898243252137865	OK	1.5618114106226173e-09	0.0022473189268915703
enthesopathy_shoulder_TIA	enthesopathy_shoulder	TIA	0.36491084257868295	0.30628870285368026	0.05862213972500269	0.16064784293813483	0.05862213972500269	OK	1.3386300891673819e-10	2.7296851740023083e-06
enthesopathy_shoulder_tinnitus	enthesopathy_shoulder	tinnitus	0.23278229785542937	0.2603410549495169	-0.02755875709408756	-0.11838854306354119	-0.02755875709408756	ENHANCED	0.005055557974356761	0.001571057893097069
enthesopathy_shoulder_ulc_colitis	enthesopathy_shoulder	ulc_colitis	0.004198839807513671	0.009267615701036808	-0.005068775893523138	nan	-0.005068775893523138	PROPORTIONAL_ATTENUATION_UNSTABLE	0.9252878318577518	0.8611459067831151
enthesopathy_shoulder_ulcer_peptic	enthesopathy_shoulder	ulcer_peptic	0.5066254558327375	0.4036889225545857	0.10293653327815183	0.2031807365639684	0.10293653327815183	OK	1.6182376537395843e-23	9.034129442056889e-10
enthesopathy_shoulder_urine_incont	enthesopathy_shoulder	urine_incont	0.4800347300779974	0.4040412406416076	0.07599348943638978	0.15830831536718637	0.07599348943638978	OK	5.39679828902005e-29	1.4494373807636057e-15
enthesopathy_shoulder_urolithiasis	enthesopathy_shoulder	urolithiasis	0.14623746488862654	0.12397144726204637	0.022266017626580176	0.15225932454133984	0.022266017626580176	OK	8.058455935267404e-05	0.006840829957493197
enthesopathy_shoulder_valve_nonrheumatic	enthesopathy_shoulder	valve_nonrheumatic	0.16817490292248224	0.1049660729924333	0.06320882993004895	0.3758517402515412	0.06320882993004895	OK	0.0005117194030582558	0.06830315482865071
enthesopathy_upper_essential_tremor	enthesopathy_upper	essential_tremor	-0.06069017863358617	-0.10347313964105932	-0.042782961007473155	nan	0.042782961007473155	PROPORTIONAL_ATTENUATION_UNSTABLE	0.47173590095284385	0.30194774334585806
enthesopathy_upper_female_genital_prolapse	enthesopathy_upper	female_genital_prolapse	0.17350781967612208	0.14936749533166538	0.024140324344456704	0.13913104544520338	0.024140324344456704	OK	1.0818163358027531e-05	0.0028197873744496733
enthesopathy_upper_fibromatosis	enthesopathy_upper	fibromatosis	0.23260592435963756	0.2446223848793329	-0.012016460519695349	-0.051660165375308376	-0.012016460519695349	ENHANCED	2.4559095293822834e-08	4.2616174680577326e-07
enthesopathy_upper_fibromyalgia	enthesopathy_upper	fibromyalgia	0.6823547930940042	0.6242325276618584	0.058122265432145714	0.08517895092170702	0.058122265432145714	OK	2.0196405043200353e-18	2.431020641380234e-10
enthesopathy_upper_gastritis_duodenitis	enthesopathy_upper	gastritis_duodenitis	0.5571141375983064	0.47222612734953817	0.08488801024876824	0.15237094972085352	0.08488801024876824	OK	7.630465193459904e-33	1.0342593016566764e-14
enthesopathy_upper_glaucoma	enthesopathy_upper	glaucoma	-0.015046428313561424	0.0028555563648083497	0.012190871948753075	nan	-0.017901984678369773	PROPORTIONAL_ATTENUATION_UNSTABLE	0.7583414713084371	0.966789654986777
enthesopathy_upper_GORD	enthesopathy_upper	GORD	0.5071703145707526	0.42662044403802474	0.08054987053272783	0.15882213177421833	0.08054987053272783	OK	1.280310267241468e-57	2.1887018952017156e-25
enthesopathy_upper_gout	enthesopathy_upper	gout	0.1864436850640937	0.09052274517281506	0.09592093989127864	0.5144767432498663	0.09592093989127864	OK	9.296332616789925e-09	0.07128961740039998
enthesopathy_upper_HF	enthesopathy_upper	HF	0.1739503108959087	-0.015867483050588223	0.1580828278453205	0.9087815194530853	0.18981779394649692	OK	0.0001131519185267508	0.862552373385946
enthesopathy_upper_hypertension	enthesopathy_upper	hypertension	0.16419767636341573	0.08947907384184894	0.07471860252156678	0.45505273994373385	0.07471860252156678	OK	1.2474421650981051e-06	0.1193737881925141
enthesopathy_upper_hyperthyroid	enthesopathy_upper	hyperthyroid	0.11472476978019341	0.10116215633642131	0.013562613443772104	nan	0.013562613443772104	PROPORTIONAL_ATTENUATION_UNSTABLE	0.09217034170492623	0.2121355145608341
enthesopathy_upper_hypothyroid	enthesopathy_upper	hypothyroid	0.136665077760767	0.10207701269269177	0.03458806506807523	0.2530863453546035	0.03458806506807523	OK	0.001149463637224627	0.05756286312905207
enthesopathy_upper_IBS	enthesopathy_upper	IBS	0.3150846566722584	0.29386176781397005	0.021222888858288325	0.06735614828862879	0.021222888858288325	OK	5.152891014321152e-12	1.769562073411938e-08
enthesopathy_upper_IDA	enthesopathy_upper	IDA	0.21656582745285213	0.05971613156983404	0.1568496958830181	0.72425875184378	0.1568496958830181	OK	0.0011249524191630775	0.5713150652710474
enthesopathy_upper_insomnia	enthesopathy_upper	insomnia	0.46824585134490443	0.34359307352882335	0.12465277781608108	0.2662122418341798	0.12465277781608108	OK	3.247024792813653e-09	0.0021882011289558897
enthesopathy_upper_intervert_disc	enthesopathy_upper	intervert_disc	0.48263214594380727	0.40115141119830056	0.08148073474550671	0.16882575151758228	0.08148073474550671	OK	2.0474617577439356e-44	2.0422326781978837e-23
enthesopathy_upper_isch_stroke_tia	enthesopathy_upper	isch_stroke_tia	0.3466262443971292	0.299110752394382	0.047515492002747184	0.1370799031255947	0.047515492002747184	OK	1.609948280108053e-05	0.003741422312589217
enthesopathy_upper_migraine	enthesopathy_upper	migraine	0.2862950117216112	0.26280056419340136	0.02349444752820984	0.08206376837279816	0.02349444752820984	OK	3.1833437915283e-17	3.5514023052183204e-11
enthesopathy_upper_OA	enthesopathy_upper	OA	0.5180815496407336	0.44472826450545955	0.07335328513527406	0.14158636837413197	0.07335328513527406	OK	5.2106218618339474e-58	3.182225501453094e-25
enthesopathy_upper_osteoporosis	enthesopathy_upper	osteoporosis	0.1547916968731843	0.1772562036139803	-0.022464506740796003	-0.145127336895857	-0.022464506740796003	ENHANCED	0.001445447415629629	0.0021108375489960344
enthesopathy_upper_periph_neuro	enthesopathy_upper	periph_neuro	0.6315342715226702	0.5722304950559446	0.05930377646672558	0.09390428855704114	0.05930377646672558	OK	3.9076085915963523e-19	5.615861624923695e-08
enthesopathy_upper_peripheral_arterial	enthesopathy_upper	peripheral_arterial	0.46876837198246285	0.372668050522029	0.09610032146043385	0.2050059842007197	0.09610032146043385	OK	2.6306509662860967e-10	0.00437108504167722
enthesopathy_upper_PMR	enthesopathy_upper	PMR	0.18129133365475228	0.14535858991318892	0.035932743741563355	0.19820442057088605	0.035932743741563355	OK	0.028698234443279978	0.15125549467561505
enthesopathy_upper_pri_bladder	enthesopathy_upper	pri_bladder	0.17751994054827422	0.1445879603403799	0.03293198020789431	nan	0.03293198020789431	PROPORTIONAL_ATTENUATION_UNSTABLE	0.07648858154263702	0.2454901749058478
enthesopathy_upper_pri_breast	enthesopathy_upper	pri_breast	-0.10944465975390484	-0.11145984505301144	-0.0020151852991066033	-0.018412824377524784	0.0020151852991066033	ENHANCED	0.002634036458807029	0.009809944396990613
enthesopathy_upper_pri_colorectal	enthesopathy_upper	pri_colorectal	-0.08828433155369186	-0.09677558331851292	-0.008491251764821059	nan	0.008491251764821059	PROPORTIONAL_ATTENUATION_UNSTABLE	0.1359457397073764	0.17167975056158116
enthesopathy_upper_pri_prost	enthesopathy_upper	pri_prost	0.04275612869987532	0.08290091677228927	-0.040144788072413944	nan	-0.040144788072413944	PROPORTIONAL_ATTENUATION_UNSTABLE	0.3710181396751196	0.14947406204080985
enthesopathy_upper_pri_skin	enthesopathy_upper	pri_skin	0.04140653067426068	0.07393075221665892	-0.032524221542398236	nan	-0.032524221542398236	PROPORTIONAL_ATTENUATION_UNSTABLE	0.3648317722231579	0.15126675850061017
enthesopathy_upper_psoriasis	enthesopathy_upper	psoriasis	0.18098045769123142	0.08811632236137462	0.0928641353298568	0.5131169216528957	0.0928641353298568	OK	0.00014789168502568018	0.14719473695532076
enthesopathy_upper_RA	enthesopathy_upper	RA	0.32108610862352005	0.23334084692804763	0.08774526169547242	0.2732764181908458	0.08774526169547242	OK	5.05529280060533e-11	6.964917788214126e-05
enthesopathy_upper_raynauds	enthesopathy_upper	raynauds	0.09679017762108133	0.08501139256212836	0.011778785058952967	nan	0.011778785058952967	PROPORTIONAL_ATTENUATION_UNSTABLE	0.2541306400785388	0.4572988570815476
enthesopathy_upper_retinal_detach	enthesopathy_upper	retinal_detach	-0.0006418645744768882	0.03233659517726144	-0.03169473060278455	nan	-0.032978459751738326	PROPORTIONAL_ATTENUATION_UNSTABLE	0.9930719961966739	0.7016978802586219
enthesopathy_upper_schizo	enthesopathy_upper	schizo	-0.17674149122004856	-0.18474201176291738	-0.008000520542868816	-0.045266793256304005	0.008000520542868816	ENHANCED	8.044876738730993e-08	6.3175630094537e-07
enthesopathy_upper_scoliosis	enthesopathy_upper	scoliosis	0.15303598475241229	0.14649485194769146	0.006541132804720823	0.04274244920437065	0.006541132804720823	OK	0.030595494688917393	0.11275518631039277
enthesopathy_upper_sinusitis	enthesopathy_upper	sinusitis	0.4297680908615084	0.3894953599686904	0.04027273089281802	0.09370805266646887	0.04027273089281802	OK	1.0113953713017942e-08	3.823635009630036e-05
enthesopathy_upper_sleep_apnoea	enthesopathy_upper	sleep_apnoea	0.26001243641416477	0.15819365331461144	0.10181878309955333	0.391591973459953	0.10181878309955333	OK	6.945997532931403e-12	0.0037719829083496443
enthesopathy_upper_spondylolisthesis	enthesopathy_upper	spondylolisthesis	0.23642792201800075	0.14047653401337065	0.0959513880046301	0.40583780116007073	0.0959513880046301	OK	0.0031860887710847044	0.18471818679504798
enthesopathy_upper_spondylosis	enthesopathy_upper	spondylosis	0.6484001532065514	0.5723135216132819	0.07608663159326956	0.11734517830848157	0.07608663159326956	OK	6.940887105078739e-49	5.116702096086775e-23
enthesopathy_upper_stroke_all	enthesopathy_upper	stroke_all	0.24512348262099928	0.20201038797823878	0.0431130946427605	0.1758831678702132	0.0431130946427605	OK	3.815456013993703e-05	0.009751886510669732
enthesopathy_upper_tendon	enthesopathy_upper	tendon	0.907977949731176	0.8887659572912313	0.019211992439944647	0.021159095819047957	0.019211992439944647	OK	0.0	0.0
enthesopathy_upper_thromboembolic	enthesopathy_upper	thromboembolic	0.18381071820219408	0.09416001431113379	0.0896507038910603	0.48773382079081706	0.0896507038910603	OK	5.650859777411162e-05	0.12833611298090505
enthesopathy_upper_TIA	enthesopathy_upper	TIA	0.33324593595733065	0.2744626812971252	0.05878325466020545	0.17639601362680135	0.05878325466020545	OK	7.416109068591503e-08	0.00037115471711504004
enthesopathy_upper_tinnitus	enthesopathy_upper	tinnitus	0.2157518086704359	0.22753022642404944	-0.011778417753613546	-0.05459244038878608	-0.011778417753613546	ENHANCED	0.007560890973237532	0.009809944396990613
enthesopathy_upper_ulc_colitis	enthesopathy_upper	ulc_colitis	0.037284581947162415	0.0468419536895598	-0.009557371742397382	nan	-0.009557371742397382	PROPORTIONAL_ATTENUATION_UNSTABLE	0.40239271528086024	0.3596132113708246
enthesopathy_upper_ulcer_peptic	enthesopathy_upper	ulcer_peptic	0.42769472184445256	0.29083911758230013	0.13685560426215243	0.3199843188897832	0.13685560426215243	OK	5.819061992578283e-14	0.00017948532912697189
enthesopathy_upper_urine_incont	enthesopathy_upper	urine_incont	0.43074580451804856	0.3505469177853519	0.08019888673269665	0.18618611229987325	0.08019888673269665	OK	3.6186635949898894e-17	4.7452035709595335e-08
enthesopathy_upper_urolithiasis	enthesopathy_upper	urolithiasis	0.152967675810202	0.13293761778878688	0.02003005802141511	0.13094307614549783	0.02003005802141511	OK	0.000853187345643849	0.019719926515788973
enthesopathy_upper_valve_nonrheumatic	enthesopathy_upper	valve_nonrheumatic	0.11364148295340155	0.04419575911141553	0.06944572384198602	0.6110948399930868	0.06944572384198602	OK	0.04203118209638231	0.5683877014209285
essential_tremor_female_genital_prolapse	essential_tremor	female_genital_prolapse	0.06234719595737112	0.06685068895482428	-0.0045034929974531596	nan	-0.0045034929974531596	PROPORTIONAL_ATTENUATION_UNSTABLE	0.3973882071775347	0.4066105614503886
essential_tremor_fibromatosis	essential_tremor	fibromatosis	-0.014053180285066092	-0.006935453780015608	0.0071177265050504845	nan	-0.0071177265050504845	PROPORTIONAL_ATTENUATION_UNSTABLE	0.8722995820062671	0.9484671866214357
essential_tremor_fibromyalgia	essential_tremor	fibromyalgia	0.22311797865951688	0.21727405444935047	0.005843924210166412	0.02619208118178762	0.005843924210166412	OK	0.055944390354058605	0.1342473354375113
essential_tremor_gastritis_duodenitis	essential_tremor	gastritis_duodenitis	0.021268549650568014	-0.001230251264364745	0.02003829838620327	nan	0.022498800914932757	PROPORTIONAL_ATTENUATION_UNSTABLE	0.8406546752237101	0.9928660012807342
essential_tremor_glaucoma	essential_tremor	glaucoma	0.09571039009767746	0.10779957359491975	-0.012089183497242292	nan	-0.012089183497242292	PROPORTIONAL_ATTENUATION_UNSTABLE	0.1340710203820916	0.1158544031708986
essential_tremor_GORD	essential_tremor	GORD	0.12270656739238704	0.11579826892668627	0.006908298465700777	0.0562993376190668	0.006908298465700777	OK	0.05780458522264204	0.1385197890016216
essential_tremor_gout	essential_tremor	gout	-0.041691208189773364	-0.0751205032612944	-0.03342929507152103	nan	0.03342929507152103	PROPORTIONAL_ATTENUATION_UNSTABLE	0.44548199941961303	0.2593489038993012
essential_tremor_HF	essential_tremor	HF	0.06204928878500897	0.03291848511285134	0.029130803672157632	nan	0.029130803672157632	PROPORTIONAL_ATTENUATION_UNSTABLE	0.47071249417830524	0.8041456820724651
essential_tremor_hypertension	essential_tremor	hypertension	0.10376748771340238	0.12126802631759345	-0.017500538604191068	-0.16865146289872768	-0.017500538604191068	ENHANCED	0.03098473830792802	0.12390062819679985
essential_tremor_hyperthyroid	essential_tremor	hyperthyroid	0.030694625806927934	0.05026865491356927	-0.019574029106641338	nan	-0.019574029106641338	PROPORTIONAL_ATTENUATION_UNSTABLE	0.7708215946001479	0.6655852763005886
essential_tremor_hypothyroid	essential_tremor	hypothyroid	0.04661475459699513	0.03974209735144545	0.006872657245549675	nan	0.006872657245549675	PROPORTIONAL_ATTENUATION_UNSTABLE	0.39198157435544984	0.5211058510827979
essential_tremor_IBS	essential_tremor	IBS	-0.001776938554000274	-0.008817364929193732	-0.007040426375193458	nan	0.007040426375193458	PROPORTIONAL_ATTENUATION_UNSTABLE	0.9819108866485999	0.9245683641494229
essential_tremor_IDA	essential_tremor	IDA	0.007144485715841566	-0.020244895149676517	-0.013100409433834951	nan	0.027389380865518082	PROPORTIONAL_ATTENUATION_UNSTABLE	0.9498861126365006	0.8901087114234516
essential_tremor_insomnia	essential_tremor	insomnia	0.14364461102323214	0.13492002084061933	0.008724590182612818	nan	0.008724590182612818	PROPORTIONAL_ATTENUATION_UNSTABLE	0.31832616930681273	0.477881214939734
essential_tremor_intervert_disc	essential_tremor	intervert_disc	0.11663342169647953	0.10802141923636253	0.008612002460116994	nan	0.008612002460116994	PROPORTIONAL_ATTENUATION_UNSTABLE	0.07124195538816133	0.15137126603323647
essential_tremor_isch_stroke_tia	essential_tremor	isch_stroke_tia	0.0002657635515920158	-0.01767333952544095	-0.017407575973848934	nan	0.017939103077032968	PROPORTIONAL_ATTENUATION_UNSTABLE	0.9986346056226206	0.9266637615036843
essential_tremor_migraine	essential_tremor	migraine	0.11008938604804906	0.1006588809780918	0.009430505069957268	nan	0.009430505069957268	PROPORTIONAL_ATTENUATION_UNSTABLE	0.072858779395353	0.1641327948810552
essential_tremor_OA	essential_tremor	OA	0.12477874142812305	0.09429630753396709	0.03048243389415596	0.24429188454120543	0.03048243389415596	OK	0.015356593831885552	0.16676410686638646
essential_tremor_osteoporosis	essential_tremor	osteoporosis	-0.08195755989904076	-0.08884953540663516	-0.006891975507594406	nan	0.006891975507594406	PROPORTIONAL_ATTENUATION_UNSTABLE	0.250507455607511	0.2867159985308098
essential_tremor_periph_neuro	essential_tremor	periph_neuro	0.1497127036640772	0.17548808336148833	-0.025775379697411116	nan	-0.025775379697411116	PROPORTIONAL_ATTENUATION_UNSTABLE	0.18619816607194925	0.30125051924875584
essential_tremor_peripheral_arterial	essential_tremor	peripheral_arterial	-0.02658456035888417	-0.08424550632949372	-0.057660945970609556	nan	0.057660945970609556	PROPORTIONAL_ATTENUATION_UNSTABLE	0.8403242327013932	0.6853919660636753
essential_tremor_PMR	essential_tremor	PMR	0.261521292885023	0.25271172886122073	0.008809564023802285	0.03368583845169115	0.008809564023802285	OK	0.03098473830792802	0.05947071390326313
essential_tremor_pri_bladder	essential_tremor	pri_bladder	0.21342488332943266	0.22004723582333177	-0.006622352493899114	nan	-0.006622352493899114	PROPORTIONAL_ATTENUATION_UNSTABLE	0.1590725156223176	0.19584899897059066
essential_tremor_pri_breast	essential_tremor	pri_breast	-0.0049282997650252555	0.004748811151015301	0.0001794886140099542	nan	-0.009677110916040557	PROPORTIONAL_ATTENUATION_UNSTABLE	0.9371696770102782	0.9511105052745813
essential_tremor_pri_colorectal	essential_tremor	pri_colorectal	0.0041718992893416545	0.0004603314363313972	0.0037115678530102573	nan	0.0037115678530102573	PROPORTIONAL_ATTENUATION_UNSTABLE	0.9715925103121567	0.9964785888591449
essential_tremor_pri_prost	essential_tremor	pri_prost	0.008221542726650672	0.017880369248696754	-0.009658826522046082	nan	-0.009658826522046082	PROPORTIONAL_ATTENUATION_UNSTABLE	0.9149303575011467	0.841981882349341
essential_tremor_pri_skin	essential_tremor	pri_skin	0.10652332265461983	0.11207459106431608	-0.005551268409696247	nan	-0.005551268409696247	PROPORTIONAL_ATTENUATION_UNSTABLE	0.0988716543051041	0.11587920930855863
essential_tremor_psoriasis	essential_tremor	psoriasis	0.013098922481858141	-0.004241060340863006	0.008857862140995135	nan	0.017339982822721145	PROPORTIONAL_ATTENUATION_UNSTABLE	0.8943117400382516	0.9736934439382503
essential_tremor_RA	essential_tremor	RA	-0.028937821677148343	-0.036140303360241544	-0.0072024816830932	nan	0.0072024816830932	PROPORTIONAL_ATTENUATION_UNSTABLE	0.6949362502833804	0.683199070522679
essential_tremor_raynauds	essential_tremor	raynauds	0.08423565204968167	0.06868598988206266	0.015549662167619008	nan	0.015549662167619008	PROPORTIONAL_ATTENUATION_UNSTABLE	0.5357715919596797	0.6694742367655455
essential_tremor_retinal_detach	essential_tremor	retinal_detach	-0.17091667451295653	-0.18009168965873334	-0.009175015145776816	nan	0.009175015145776816	PROPORTIONAL_ATTENUATION_UNSTABLE	0.11268083980568801	0.1235005502996194
essential_tremor_schizo	essential_tremor	schizo	-0.005094526696848569	0.02511008459255851	-0.02001555789570994	nan	-0.03020461128940708	PROPORTIONAL_ATTENUATION_UNSTABLE	0.935574819110021	0.7107747007402382
essential_tremor_scoliosis	essential_tremor	scoliosis	-0.012188631359721957	-0.025064149790227547	-0.01287551843050559	nan	0.01287551843050559	PROPORTIONAL_ATTENUATION_UNSTABLE	0.9258339329086539	0.8709389237080487
essential_tremor_sinusitis	essential_tremor	sinusitis	0.08523935209948275	0.06847012846709839	0.016769223632384353	nan	0.016769223632384353	PROPORTIONAL_ATTENUATION_UNSTABLE	0.4957052671025983	0.6391424669487347
essential_tremor_sleep_apnoea	essential_tremor	sleep_apnoea	0.13228246407719937	0.12196095293428952	0.010321511142909856	0.07802629936562322	0.010321511142909856	OK	0.023797143351171758	0.10138054807771942
essential_tremor_spondylolisthesis	essential_tremor	spondylolisthesis	0.1399863554633283	0.13374147889906532	0.00624487656426298	nan	0.00624487656426298	PROPORTIONAL_ATTENUATION_UNSTABLE	0.26517114505561046	0.36347140244916676
essential_tremor_spondylosis	essential_tremor	spondylosis	0.12387274612775401	0.10445285324509372	0.019419892882660286	nan	0.019419892882660286	PROPORTIONAL_ATTENUATION_UNSTABLE	0.16208090986125534	0.3661356108142261
essential_tremor_stroke_all	essential_tremor	stroke_all	0.1331082469841492	0.13437302189443465	-0.0012647749102854544	nan	-0.0012647749102854544	PROPORTIONAL_ATTENUATION_UNSTABLE	0.16270189379607675	0.25496960500292587
essential_tremor_tendon	essential_tremor	tendon	0.05631465853885001	0.02872253395765141	0.0275921245811986	nan	0.0275921245811986	PROPORTIONAL_ATTENUATION_UNSTABLE	0.49391735454516095	0.7959966139133052
essential_tremor_thromboembolic	essential_tremor	thromboembolic	0.04924638194908641	0.044438407927191954	0.004807974021894458	nan	0.004807974021894458	PROPORTIONAL_ATTENUATION_UNSTABLE	0.5858002091021142	0.6805974004069418
essential_tremor_TIA	essential_tremor	TIA	0.10826331611352305	0.10541942855894056	0.0028438875545824943	nan	0.0028438875545824943	PROPORTIONAL_ATTENUATION_UNSTABLE	0.29044926607507005	0.3795106296137338
essential_tremor_tinnitus	essential_tremor	tinnitus	0.1859949934856996	0.17122918199320095	0.014765811492498643	0.07938822016536662	0.014765811492498643	OK	0.06878437948749483	0.13513812716027906
essential_tremor_ulc_colitis	essential_tremor	ulc_colitis	0.007707961309785669	0.009973880424105925	-0.0022659191143202563	nan	-0.0022659191143202563	PROPORTIONAL_ATTENUATION_UNSTABLE	0.9202114326718744	0.911600809422321
essential_tremor_ulcer_peptic	essential_tremor	ulcer_peptic	-0.029865095138440285	-0.058447094545625154	-0.02858199940718487	nan	0.02858199940718487	PROPORTIONAL_ATTENUATION_UNSTABLE	0.8147302092311657	0.7103806062043909
essential_tremor_urine_incont	essential_tremor	urine_incont	0.1775951842269845	0.17518656064453003	0.002408623582454472	0.013562437477899203	0.002408623582454472	OK	0.04403455582574199	0.08545248949121112
essential_tremor_urolithiasis	essential_tremor	urolithiasis	0.03979480780337147	0.0303641953306013	0.009430612472770168	nan	0.009430612472770168	PROPORTIONAL_ATTENUATION_UNSTABLE	0.6495750659822956	0.7630496364226912
essential_tremor_valve_nonrheumatic	essential_tremor	valve_nonrheumatic	-0.011209445254987687	-0.0324326320959012	-0.02122318684091351	nan	0.02122318684091351	PROPORTIONAL_ATTENUATION_UNSTABLE	0.9110531334845609	0.7816539292271453
female_genital_prolapse_fibromatosis	female_genital_prolapse	fibromatosis	0.04278231936734699	0.03996215353200118	0.002820165835345813	nan	0.002820165835345813	PROPORTIONAL_ATTENUATION_UNSTABLE	0.32177474379747995	0.41144802956469606
female_genital_prolapse_fibromyalgia	female_genital_prolapse	fibromyalgia	0.22165807179473132	0.20972532302049135	0.01193274877423997	0.05383403671078768	0.01193274877423997	OK	0.00033414134857201813	0.0047306874087258
female_genital_prolapse_gastritis_duodenitis	female_genital_prolapse	gastritis_duodenitis	0.27123563210250384	0.25727231991111393	0.01396331219138991	0.05148037550653728	0.01396331219138991	OK	1.5977926818068144e-13	9.236527112583417e-10
female_genital_prolapse_glaucoma	female_genital_prolapse	glaucoma	-0.009150218701994674	-0.006727047384887824	0.0024231713171068503	nan	-0.0024231713171068503	PROPORTIONAL_ATTENUATION_UNSTABLE	0.8008511774307607	0.8746803011852526
female_genital_prolapse_GORD	female_genital_prolapse	GORD	0.34746431183142984	0.33882026773086665	0.008644044100563186	0.024877501965602677	0.008644044100563186	OK	4.5202828914246714e-41	1.9507950578920007e-31
female_genital_prolapse_gout	female_genital_prolapse	gout	0.06402289964973412	0.04562795882787937	0.01839494082185475	0.2873181458898689	0.01839494082185475	OK	0.01597999670355873	0.17953219926929923
female_genital_prolapse_HF	female_genital_prolapse	HF	0.15015563461212747	0.15641080895355888	-0.006255174341431413	-0.0416579394945078	-0.006255174341431413	ENHANCED	1.6710795868112527e-05	0.00134060485673968
female_genital_prolapse_hypertension	female_genital_prolapse	hypertension	0.14653127255695778	0.23947619634079398	-0.0929449237838362	-0.6343009390552303	-0.0929449237838362	ENHANCED	2.968163450151039e-09	6.032879396871901e-12
female_genital_prolapse_hyperthyroid	female_genital_prolapse	hyperthyroid	0.08716877535403908	0.07590856460340244	0.011260210750636643	0.12917711307636126	0.011260210750636643	OK	0.06408667487382047	0.1649596216773847
female_genital_prolapse_hypothyroid	female_genital_prolapse	hypothyroid	0.11077753747124558	0.10060555738568946	0.010171980085556115	0.09182348983155941	0.010171980085556115	OK	4.560941280412353e-05	0.0008823918715175111
female_genital_prolapse_IBS	female_genital_prolapse	IBS	0.29935051668091084	0.29307247558053756	0.006278041100373277	0.020972207330663406	0.006278041100373277	OK	3.355072577888136e-20	4.978473212731096e-18
female_genital_prolapse_IDA	female_genital_prolapse	IDA	0.16942625567798816	0.15051646219042228	0.018909793487565885	0.11161076193235286	0.018909793487565885	OK	0.0010371559849894092	0.015374108787259554
female_genital_prolapse_insomnia	female_genital_prolapse	insomnia	0.15918682415156463	0.13529989910004972	0.023886925051514907	0.1500559181253075	0.023886925051514907	OK	0.015092663689628243	0.12576672713875411
female_genital_prolapse_intervert_disc	female_genital_prolapse	intervert_disc	0.20435802626169186	0.1841723543573107	0.02018567190438117	0.09877601713833495	0.02018567190438117	OK	4.468821166460305e-12	2.7989230751538864e-08
female_genital_prolapse_isch_stroke_tia	female_genital_prolapse	isch_stroke_tia	0.1645363284824989	0.1691123248464738	-0.004575996363974877	-0.02781146514073085	-0.004575996363974877	ENHANCED	0.0029596748431086955	0.008448226469465496
female_genital_prolapse_migraine	female_genital_prolapse	migraine	0.20267699513290172	0.19994854162035364	0.002728453512548079	0.01346207797662946	0.002728453512548079	OK	1.865465492364718e-11	4.4476760845940476e-10
female_genital_prolapse_OA	female_genital_prolapse	OA	0.2514818342904009	0.24754537890119951	0.003936455389201371	0.015653040706931187	0.003936455389201371	OK	1.5102209385837095e-19	1.2642910318674162e-13
female_genital_prolapse_osteoporosis	female_genital_prolapse	osteoporosis	0.16485254535549485	0.17805853766932703	-0.013205992313832182	-0.08010790664684153	-0.013205992313832182	ENHANCED	2.0330590708795968e-05	1.3151471030294022e-05
female_genital_prolapse_periph_neuro	female_genital_prolapse	periph_neuro	0.17158503535456907	0.13174991766765776	0.03983511768691131	0.23215962630187814	0.03983511768691131	OK	0.005319632341845974	0.15531380020563038
female_genital_prolapse_peripheral_arterial	female_genital_prolapse	peripheral_arterial	0.14552358511589517	0.1515862928090217	-0.006062707693126529	-0.04166134093176832	-0.006062707693126529	ENHANCED	0.007945793084204858	0.06421957495066385
female_genital_prolapse_PMR	female_genital_prolapse	PMR	0.17356315093156702	0.16958799252555945	0.003975158406007567	0.02290323945302708	0.003975158406007567	OK	0.004566024672984563	0.010790798461135627
female_genital_prolapse_pri_bladder	female_genital_prolapse	pri_bladder	0.04744860894861937	0.033942066911121935	0.013506542037497432	nan	0.013506542037497432	PROPORTIONAL_ATTENUATION_UNSTABLE	0.5385833506702199	0.7135576400137721
female_genital_prolapse_pri_breast	female_genital_prolapse	pri_breast	-0.07101817715507627	-0.07205193478237024	-0.001033757627293963	-0.014556239947367766	0.001033757627293963	ENHANCED	0.009916408543216416	0.017540818472202867
female_genital_prolapse_pri_colorectal	female_genital_prolapse	pri_colorectal	-0.05046920615717857	-0.051218813309678445	-0.0007496071524998732	nan	0.0007496071524998732	PROPORTIONAL_ATTENUATION_UNSTABLE	0.32159657759258803	0.36043141562242575
female_genital_prolapse_pri_prost	female_genital_prolapse	pri_prost	0.02704421718739568	0.03314222336219396	-0.00609800617479828	nan	-0.00609800617479828	PROPORTIONAL_ATTENUATION_UNSTABLE	0.5186605088636582	0.47962221603397387
female_genital_prolapse_pri_skin	female_genital_prolapse	pri_skin	-0.009350118886924172	-0.0019527132238926328	0.0073974056630315395	nan	-0.0073974056630315395	PROPORTIONAL_ATTENUATION_UNSTABLE	0.8181965754413772	0.9701846785404443
female_genital_prolapse_psoriasis	female_genital_prolapse	psoriasis	0.035764673821901835	0.014387842195697156	0.021376831626204677	nan	0.021376831626204677	PROPORTIONAL_ATTENUATION_UNSTABLE	0.4649635573082901	0.8045841589800568
female_genital_prolapse_RA	female_genital_prolapse	RA	0.1416684726125458	0.11786174593010647	0.02380672668243934	0.1680453402469384	0.02380672668243934	OK	8.572791192515175e-05	0.006118614936890059
female_genital_prolapse_raynauds	female_genital_prolapse	raynauds	0.1953609013975215	0.21572003729693146	-0.020359135899409964	-0.10421295025652588	-0.020359135899409964	ENHANCED	0.004208830209772728	0.006835856770185436
female_genital_prolapse_retinal_detach	female_genital_prolapse	retinal_detach	-0.020761287355386845	-0.007745084504781656	0.013016202850605188	nan	-0.013016202850605188	PROPORTIONAL_ATTENUATION_UNSTABLE	0.736439611912398	0.9175759322036074
female_genital_prolapse_schizo	female_genital_prolapse	schizo	0.07107989986019998	0.06709991980891099	0.003979980051288995	0.05599304527885973	0.003979980051288995	OK	0.003532602893069059	0.01675212612604543
female_genital_prolapse_scoliosis	female_genital_prolapse	scoliosis	0.1347050216407162	0.14034923634127	-0.00564421470055379	-0.04190055152960803	-0.00564421470055379	ENHANCED	0.0376967799314933	0.043903092741745864
female_genital_prolapse_sinusitis	female_genital_prolapse	sinusitis	0.21931843308433377	0.21535921944579187	0.003959213638541903	0.01805235238489722	0.003959213638541903	OK	0.000382670001887926	0.0016805414998320473
female_genital_prolapse_sleep_apnoea	female_genital_prolapse	sleep_apnoea	0.20281040359147262	0.20162102928861006	0.0011893743028625614	0.0058644639614167104	0.0011893743028625614	OK	1.6996553367681322e-10	2.685321869639807e-07
female_genital_prolapse_spondylolisthesis	female_genital_prolapse	spondylolisthesis	0.10771729907499208	0.08215444308296088	0.025562855992031203	nan	0.025562855992031203	PROPORTIONAL_ATTENUATION_UNSTABLE	0.11166048892985046	0.3036645159271657
female_genital_prolapse_spondylosis	female_genital_prolapse	spondylosis	0.2306582225063888	0.21658470314490919	0.014073519361479603	0.0610146007740513	0.014073519361479603	OK	5.774390701449293e-08	5.4526518640670564e-05
female_genital_prolapse_stroke_all	female_genital_prolapse	stroke_all	0.139544376194444	0.14362671972362126	-0.004082343529177274	-0.029254805105788373	-0.004082343529177274	ENHANCED	0.001014458279408431	0.0024572788066160433
female_genital_prolapse_tendon	female_genital_prolapse	tendon	0.20844293928409124	0.18728627390431574	0.021156665379775508	0.10149859454313603	0.021156665379775508	OK	3.14517423587301e-08	7.426903335351731e-05
female_genital_prolapse_thromboembolic	female_genital_prolapse	thromboembolic	0.20445974686299437	0.18079761936791505	0.023662127495079316	0.11573000484508567	0.023662127495079316	OK	3.400083829609517e-08	3.1083331208079694e-05
female_genital_prolapse_TIA	female_genital_prolapse	TIA	0.21213518059947886	0.2090340606531164	0.003101119946362474	0.014618602805998138	0.003101119946362474	OK	4.0329274495708024e-05	0.00024469569316478844
female_genital_prolapse_tinnitus	female_genital_prolapse	tinnitus	0.1551834368841969	0.17098650251775716	-0.015803065633560265	-0.10183474442155216	-0.015803065633560265	ENHANCED	0.0007226853766542318	0.0004941276691483982
female_genital_prolapse_ulc_colitis	female_genital_prolapse	ulc_colitis	0.03403232731297565	0.036941347340741816	-0.0029090200277661626	nan	-0.0029090200277661626	PROPORTIONAL_ATTENUATION_UNSTABLE	0.36398865109263	0.3596132113708246
female_genital_prolapse_ulcer_peptic	female_genital_prolapse	ulcer_peptic	0.16947233653766572	0.1451055685828949	0.02436676795477083	0.14378020892722654	0.02436676795477083	OK	2.5510579869009802e-05	0.004241976986927488
female_genital_prolapse_urine_incont	female_genital_prolapse	urine_incont	0.5247604630630572	0.53171924724703	-0.006958784183972777	-0.013260877436066743	-0.006958784183972777	ENHANCED	3.373120373124656e-45	1.7069682590046434e-37
female_genital_prolapse_urolithiasis	female_genital_prolapse	urolithiasis	0.13730685108781637	0.13112298037606213	0.006183870711754247	0.045036869338728525	0.006183870711754247	OK	0.0008529263606804376	0.002799098622306008
female_genital_prolapse_valve_nonrheumatic	female_genital_prolapse	valve_nonrheumatic	0.0890995520368665	0.09014230801019564	-0.0010427559733291458	-0.011703268417081247	-0.0010427559733291458	ENHANCED	0.037259262483309304	0.06944563137347234
fibromatosis_fibromyalgia	fibromatosis	fibromyalgia	0.08584982580787605	0.08229961244633623	0.0035502133615398224	nan	0.0035502133615398224	PROPORTIONAL_ATTENUATION_UNSTABLE	0.2701091390168854	0.3901485574029565
fibromatosis_gastritis_duodenitis	fibromatosis	gastritis_duodenitis	0.06780167786770773	0.060860394916267296	0.006941282951440433	nan	0.006941282951440433	PROPORTIONAL_ATTENUATION_UNSTABLE	0.14359260401861013	0.2862245374200124
fibromatosis_glaucoma	fibromatosis	glaucoma	0.007943443288554966	0.007179253015338151	0.0007641902732168152	nan	0.0007641902732168152	PROPORTIONAL_ATTENUATION_UNSTABLE	0.8620041937431977	0.8908960127769717
fibromatosis_GORD	fibromatosis	GORD	0.027826962165433938	0.022774006521285042	0.005052955644148895	nan	0.005052955644148895	PROPORTIONAL_ATTENUATION_UNSTABLE	0.4458386756368976	0.6000990708963335
fibromatosis_gout	fibromatosis	gout	-0.0039039594899672927	0.02333309433522685	-0.019429134845259557	nan	-0.02723705382519414	PROPORTIONAL_ATTENUATION_UNSTABLE	0.9208368295101623	0.6319553416096086
fibromatosis_HF	fibromatosis	HF	-0.0414620790490457	-0.03058939005405588	0.010872688994989818	nan	-0.010872688994989818	PROPORTIONAL_ATTENUATION_UNSTABLE	0.4354602774685383	0.6831541833849317
fibromatosis_hypertension	fibromatosis	hypertension	6.713584999867846e-05	0.025722449505406184	-0.025655313655407505	nan	-0.025655313655407505	PROPORTIONAL_ATTENUATION_UNSTABLE	0.9986346056226206	0.5820603106229052
fibromatosis_hyperthyroid	fibromatosis	hyperthyroid	-0.05538020532972021	-0.064057723485031	-0.008677518155310787	nan	0.008677518155310787	PROPORTIONAL_ATTENUATION_UNSTABLE	0.39468953989600775	0.3727688822585094
fibromatosis_hypothyroid	fibromatosis	hypothyroid	-0.0315248583630059	-0.029484254583723748	0.002040603779282151	nan	-0.002040603779282151	PROPORTIONAL_ATTENUATION_UNSTABLE	0.4591608840796459	0.5500537000119284
fibromatosis_IBS	fibromatosis	IBS	0.015808362449385317	0.005200727916234483	0.010607634533150834	nan	0.010607634533150834	PROPORTIONAL_ATTENUATION_UNSTABLE	0.7607733539412032	0.9338301546173395
fibromatosis_IDA	fibromatosis	IDA	0.007067425428111994	0.015179716309507431	-0.008112290881395437	nan	-0.008112290881395437	PROPORTIONAL_ATTENUATION_UNSTABLE	0.9292867287002672	0.8814085205477606
fibromatosis_insomnia	fibromatosis	insomnia	-0.01297325597015214	-0.05000568408461838	-0.03703242811446624	nan	0.03703242811446624	PROPORTIONAL_ATTENUATION_UNSTABLE	0.8999420289208474	0.6892198671236403
fibromatosis_intervert_disc	fibromatosis	intervert_disc	-0.014153221290357655	-0.027831654867829254	-0.013678433577471599	nan	0.013678433577471599	PROPORTIONAL_ATTENUATION_UNSTABLE	0.7668424389593682	0.593257760644213
fibromatosis_isch_stroke_tia	fibromatosis	isch_stroke_tia	0.1124983842459568	0.11822676983874505	-0.0057283855927882515	nan	-0.0057283855927882515	PROPORTIONAL_ATTENUATION_UNSTABLE	0.14133275619213678	0.20014057546995
fibromatosis_migraine	fibromatosis	migraine	0.06580415268022109	0.054319589761814335	0.011484562918406757	nan	0.011484562918406757	PROPORTIONAL_ATTENUATION_UNSTABLE	0.08024647318227175	0.21214824585475636
fibromatosis_OA	fibromatosis	OA	0.052894130296474204	0.08237081218771936	-0.02947668189124515	nan	-0.02947668189124515	PROPORTIONAL_ATTENUATION_UNSTABLE	0.1303087790872715	0.05454311628407815
fibromatosis_osteoporosis	fibromatosis	osteoporosis	0.032175273294394915	0.011593868205781902	0.020581405088613013	nan	0.020581405088613013	PROPORTIONAL_ATTENUATION_UNSTABLE	0.49907575543823834	0.8452069610412731
fibromatosis_periph_neuro	fibromatosis	periph_neuro	0.023729969621844406	0.03347157114101654	-0.009741601519172131	nan	-0.009741601519172131	PROPORTIONAL_ATTENUATION_UNSTABLE	0.7693088259311127	0.7756155673320118
fibromatosis_peripheral_arterial	fibromatosis	peripheral_arterial	0.03675680789162383	0.027835838124291277	0.008920969767332556	nan	0.008920969767332556	PROPORTIONAL_ATTENUATION_UNSTABLE	0.6699451948915738	0.8399370445503981
fibromatosis_PMR	fibromatosis	PMR	0.10930583202156408	0.11270789801337414	-0.0034020659918100604	nan	-0.0034020659918100604	PROPORTIONAL_ATTENUATION_UNSTABLE	0.15558099257661123	0.17653318634069154
fibromatosis_pri_bladder	fibromatosis	pri_bladder	0.010499257971981616	-0.008143722304109162	0.002355535667872454	nan	0.01864298027609078	PROPORTIONAL_ATTENUATION_UNSTABLE	0.9074407100159803	0.9405458924524894
fibromatosis_pri_breast	fibromatosis	pri_breast	0.026370278872265902	0.019960856569613213	0.006409422302652689	nan	0.006409422302652689	PROPORTIONAL_ATTENUATION_UNSTABLE	0.4526319936192035	0.6168268688906541
fibromatosis_pri_colorectal	fibromatosis	pri_colorectal	0.02995467697569288	0.036713103366811106	-0.006758426391118226	nan	-0.006758426391118226	PROPORTIONAL_ATTENUATION_UNSTABLE	0.6294469579871634	0.5910109384880363
fibromatosis_pri_prost	fibromatosis	pri_prost	-0.006491724527935577	-0.0070940107562349666	-0.0006022862282993894	nan	0.0006022862282993894	PROPORTIONAL_ATTENUATION_UNSTABLE	0.9099379454294745	0.9122833988990109
fibromatosis_pri_skin	fibromatosis	pri_skin	-0.008178147107492319	-0.014492634503156515	-0.006314487395664196	nan	0.006314487395664196	PROPORTIONAL_ATTENUATION_UNSTABLE	0.8694801747255104	0.7889637354850206
fibromatosis_psoriasis	fibromatosis	psoriasis	-0.009228391875912087	-0.016547676625781577	-0.00731928474986949	nan	0.00731928474986949	PROPORTIONAL_ATTENUATION_UNSTABLE	0.8842876194597629	0.8167465845184682
fibromatosis_RA	fibromatosis	RA	0.05416607939396089	0.039939083577190414	0.014226995816770477	nan	0.014226995816770477	PROPORTIONAL_ATTENUATION_UNSTABLE	0.29162507473203614	0.5202573673636646
fibromatosis_raynauds	fibromatosis	raynauds	0.11716387714991802	0.1033102072699292	0.013853669879988817	nan	0.013853669879988817	PROPORTIONAL_ATTENUATION_UNSTABLE	0.10500395953559565	0.23349773259291273
fibromatosis_retinal_detach	fibromatosis	retinal_detach	0.020222151715914877	0.023286937834037152	-0.0030647861181222757	nan	-0.0030647861181222757	PROPORTIONAL_ATTENUATION_UNSTABLE	0.7860833997836433	0.7816539292271453
fibromatosis_schizo	fibromatosis	schizo	-0.009354538650483772	-0.03877998486521842	-0.029425446214734648	nan	0.029425446214734648	PROPORTIONAL_ATTENUATION_UNSTABLE	0.7704425528069708	0.22663474811085058
fibromatosis_scoliosis	fibromatosis	scoliosis	-0.09163757766276612	-0.1032409802172354	-0.011603402554469289	nan	0.011603402554469289	PROPORTIONAL_ATTENUATION_UNSTABLE	0.23884214996252445	0.22852021883745155
fibromatosis_sinusitis	fibromatosis	sinusitis	0.08764032126182943	0.07775056166794708	0.009889759593882344	nan	0.009889759593882344	PROPORTIONAL_ATTENUATION_UNSTABLE	0.3073817760357446	0.43120319300150495
fibromatosis_sleep_apnoea	fibromatosis	sleep_apnoea	-0.03656345024868563	-0.008484755438775115	0.028078694809910515	nan	-0.028078694809910515	PROPORTIONAL_ATTENUATION_UNSTABLE	0.3594848607926061	0.882943626829974
fibromatosis_spondylolisthesis	fibromatosis	spondylolisthesis	-0.06816811426429756	-0.07885276073496789	-0.010684646470670328	nan	0.010684646470670328	PROPORTIONAL_ATTENUATION_UNSTABLE	0.4795078800407411	0.47313969193509703
fibromatosis_spondylosis	fibromatosis	spondylosis	0.04230541223169536	0.047553111523243735	-0.005247699291548377	nan	-0.005247699291548377	PROPORTIONAL_ATTENUATION_UNSTABLE	0.46887161020565615	0.5208947023154201
fibromatosis_stroke_all	fibromatosis	stroke_all	0.01842046916693223	0.01846762160705068	-4.715244011845032e-05	nan	-4.715244011845032e-05	PROPORTIONAL_ATTENUATION_UNSTABLE	0.7840487325238723	0.8142677131603939
fibromatosis_tendon	fibromatosis	tendon	0.12267043148082675	0.12860794596541314	-0.00593751448458639	-0.048402165158393684	-0.00593751448458639	ENHANCED	0.008924652414999752	0.022423518250505033
fibromatosis_thromboembolic	fibromatosis	thromboembolic	0.06732183057662931	0.08865844678024748	-0.021336616203618167	nan	-0.021336616203618167	PROPORTIONAL_ATTENUATION_UNSTABLE	0.14692276368199908	0.09729950878976652
fibromatosis_TIA	fibromatosis	TIA	0.14471956108317055	0.14381778845884147	0.0009017726243290836	0.006231173018903968	0.0009017726243290836	OK	0.01696131376503973	0.03622130299897994
fibromatosis_tinnitus	fibromatosis	tinnitus	0.043707088982599514	0.03615299806458259	0.007554090918016926	nan	0.007554090918016926	PROPORTIONAL_ATTENUATION_UNSTABLE	0.5214840218834265	0.6369583472735962
fibromatosis_ulc_colitis	fibromatosis	ulc_colitis	0.011394086930792096	0.0073401686981661015	0.004053918232625994	nan	0.004053918232625994	PROPORTIONAL_ATTENUATION_UNSTABLE	0.8181965754413772	0.896934005793372
fibromatosis_ulcer_peptic	fibromatosis	ulcer_peptic	0.021072561517486564	-0.00296446309079944	0.018108098426687123	nan	0.024037024608286005	PROPORTIONAL_ATTENUATION_UNSTABLE	0.7468746661459649	0.9772288326189421
fibromatosis_urine_incont	fibromatosis	urine_incont	0.06406343310095529	0.06982654518128707	-0.005763112080331784	nan	-0.005763112080331784	PROPORTIONAL_ATTENUATION_UNSTABLE	0.2606513797811585	0.2847199900678035
fibromatosis_urolithiasis	fibromatosis	urolithiasis	-0.009883259701074735	-0.001842690515351018	0.008040569185723717	nan	-0.008040569185723717	PROPORTIONAL_ATTENUATION_UNSTABLE	0.8406183417051523	0.9771116980173927
fibromatosis_valve_nonrheumatic	fibromatosis	valve_nonrheumatic	-0.06496756258745219	-0.06549651360053345	-0.000528951013081258	nan	0.000528951013081258	PROPORTIONAL_ATTENUATION_UNSTABLE	0.2986590697596506	0.3397702332197994
fibromyalgia_gastritis_duodenitis	fibromyalgia	gastritis_duodenitis	0.7540408667016644	0.7051117009178081	0.04892916578385631	0.0648892758264985	0.04892916578385631	OK	6.020928862244654e-22	6.466616065362202e-13
fibromyalgia_glaucoma	fibromyalgia	glaucoma	-0.039698081022061606	-0.021693052962546668	0.018005028059514937	nan	-0.018005028059514937	PROPORTIONAL_ATTENUATION_UNSTABLE	0.532545542641699	0.7985806578353991
fibromyalgia_GORD	fibromyalgia	GORD	0.6194191582711588	0.5554155954195028	0.06400356285165598	0.10332835527769968	0.06400356285165598	OK	3.233128197167027e-28	4.032249064989023e-16
fibromyalgia_gout	fibromyalgia	gout	0.16380120163799874	0.032383108958043014	0.13141809267995574	0.8023023724233123	0.13141809267995574	OK	0.0017118934383182416	0.6687505228178072
fibromyalgia_HF	fibromyalgia	HF	0.2567023205666083	0.023175533831310678	0.23352678673529761	0.9097182535001775	0.23352678673529761	OK	8.637785519969078e-05	0.8563405975300719
fibromyalgia_hypertension	fibromyalgia	hypertension	0.27055297067464124	0.1615447993563627	0.10900817131827853	0.40290879470463636	0.10900817131827853	OK	5.07065867259506e-09	0.04310884308378554
fibromyalgia_hyperthyroid	fibromyalgia	hyperthyroid	0.15159679800734405	0.13630960656612556	0.015287191441218484	nan	0.015287191441218484	PROPORTIONAL_ATTENUATION_UNSTABLE	0.0908418058585245	0.24608963569225592
fibromyalgia_hypothyroid	fibromyalgia	hypothyroid	0.2083988081060982	0.16561053380186425	0.04278827430423396	0.20531918916949832	0.04278827430423396	OK	1.1242562157348216e-05	0.003143405188933211
fibromyalgia_IBS	fibromyalgia	IBS	0.6257915522096609	0.6500372216671946	-0.024245669457533703	-0.03874400249080168	-0.024245669457533703	ENHANCED	3.1721673633149303e-19	2.1307259834255165e-14
fibromyalgia_IDA	fibromyalgia	IDA	0.4682043190873297	0.3621865488364	0.10601777025092968	0.22643484036539863	0.10601777025092968	OK	4.865509905537866e-07	0.0029897186955319243
fibromyalgia_insomnia	fibromyalgia	insomnia	0.4082894058463503	0.2866358227524354	0.12165358309391494	0.29795919598192144	0.12165358309391494	OK	0.0008917698476040779	0.12110709438488872
fibromyalgia_intervert_disc	fibromyalgia	intervert_disc	0.7536609715394822	0.7133318804725481	0.04032909106693405	0.053510918821436326	0.04032909106693405	OK	1.0156265333399298e-31	7.626676167878062e-20
fibromyalgia_isch_stroke_tia	fibromyalgia	isch_stroke_tia	0.3012286917606056	0.19247329194337315	0.10875539981723248	0.36103931262850375	0.10875539981723248	OK	0.00691838522635644	0.19981498603019893
fibromyalgia_migraine	fibromyalgia	migraine	0.5093065724434175	0.5171093725162618	-0.007802800072844285	-0.01532043860225496	-0.007802800072844285	ENHANCED	7.287438222469387e-18	2.0870635575102848e-13
fibromyalgia_OA	fibromyalgia	OA	0.49738654689083966	0.3945464057695395	0.10284014112130019	0.2067610026128638	0.10284014112130019	OK	1.5949766413390307e-20	9.037501476100482e-09
fibromyalgia_osteoporosis	fibromyalgia	osteoporosis	0.19493959374685027	0.23557059314006115	-0.04063099939321088	-0.20842866557921802	-0.04063099939321088	ENHANCED	0.00584685460453073	0.007406771555511466
fibromyalgia_periph_neuro	fibromyalgia	periph_neuro	0.8491985199402369	0.893654683574853	-0.04445616363461613	-0.05235073141406876	-0.04445616363461613	ENHANCED	3.483576451415377e-12	3.528152310727435e-06
fibromyalgia_peripheral_arterial	fibromyalgia	peripheral_arterial	0.4940782245575528	0.3535665269063654	0.14051169765118737	0.28439160170844535	0.14051169765118737	OK	4.111757541866143e-05	0.09437150589257765
fibromyalgia_PMR	fibromyalgia	PMR	0.1442235397570544	0.10230085700736995	0.041922682749684456	nan	0.041922682749684456	PROPORTIONAL_ATTENUATION_UNSTABLE	0.30892631305757207	0.5721767373673377
fibromyalgia_pri_bladder	fibromyalgia	pri_bladder	0.0498532516476532	-0.02040939885656382	0.029443852791089384	nan	0.07026265050421703	PROPORTIONAL_ATTENUATION_UNSTABLE	0.7547094770824034	0.924110774852463
fibromyalgia_pri_breast	fibromyalgia	pri_breast	0.10875587340683117	0.13974667340666688	-0.030990799999835714	-0.28495748348143124	-0.030990799999835714	ENHANCED	0.0639686623479568	0.04425667130246107
fibromyalgia_pri_colorectal	fibromyalgia	pri_colorectal	-0.020337030322432333	-0.006774060398691863	0.01356296992374047	nan	-0.01356296992374047	PROPORTIONAL_ATTENUATION_UNSTABLE	0.839541538471248	0.9610106228724735
fibromyalgia_pri_prost	fibromyalgia	pri_prost	-0.049339344525975465	-0.0015643549762338806	0.04777498954974158	nan	-0.04777498954974158	PROPORTIONAL_ATTENUATION_UNSTABLE	0.5268867079605065	0.9916014342383098
fibromyalgia_pri_skin	fibromyalgia	pri_skin	0.05481314754586047	0.09974305741434154	-0.044929909868481076	nan	-0.044929909868481076	PROPORTIONAL_ATTENUATION_UNSTABLE	0.3974456486032521	0.18724158276600866
fibromyalgia_psoriasis	fibromyalgia	psoriasis	0.344342327966851	0.26413353907835874	0.08020878888849226	0.23293328288183546	0.08020878888849226	OK	6.663780514486018e-06	0.0045211177012067505
fibromyalgia_RA	fibromyalgia	RA	0.4192037375903514	0.3345499180453352	0.08465381954501622	0.20193956292379356	0.08465381954501622	OK	1.3209381386623242e-09	0.00011221088595283633
fibromyalgia_raynauds	fibromyalgia	raynauds	0.1220498978897523	0.1035786384565164	0.01847125943323591	nan	0.01847125943323591	PROPORTIONAL_ATTENUATION_UNSTABLE	0.33121570759038654	0.5373964604465038
fibromyalgia_retinal_detach	fibromyalgia	retinal_detach	-0.1403800080708135	-0.12536246200106552	0.015017546069747978	nan	-0.015017546069747978	PROPORTIONAL_ATTENUATION_UNSTABLE	0.15802395087271495	0.31274677140136103
fibromyalgia_schizo	fibromyalgia	schizo	0.20152002645187095	0.24660000965567133	-0.04507998320380038	-0.223699768194338	-0.04507998320380038	ENHANCED	1.1531651505750694e-05	9.142584342910818e-06
fibromyalgia_scoliosis	fibromyalgia	scoliosis	0.32656911187024706	0.34794963923258276	-0.0213805273623357	-0.06547014578289523	-0.0213805273623357	ENHANCED	0.002747209444750454	0.008012379720736233
fibromyalgia_sinusitis	fibromyalgia	sinusitis	0.5247342614173951	0.4893405679396504	0.03539369347774468	0.0674507004405247	0.03539369347774468	OK	2.9816950961584512e-06	0.0003388800241644867
fibromyalgia_sleep_apnoea	fibromyalgia	sleep_apnoea	0.4437053666719388	0.35732044746571334	0.08638491920622543	0.19468982278525293	0.08638491920622543	OK	2.019926661838534e-16	4.782519291975976e-07
fibromyalgia_spondylolisthesis	fibromyalgia	spondylolisthesis	0.3636660735118751	0.2829346124013723	0.08073146111050278	0.22199338071569275	0.08073146111050278	OK	0.0014485714561830025	0.053031581985903485
fibromyalgia_spondylosis	fibromyalgia	spondylosis	0.7727573243288725	0.71722131255774	0.05553601177113243	0.07186733793738487	0.05553601177113243	OK	1.5594775095073423e-25	3.483089202252401e-13
fibromyalgia_stroke_all	fibromyalgia	stroke_all	0.19420044210680656	0.08302681629738992	0.11117362580941664	0.5724684485953604	0.11117362580941664	OK	0.034718839175772884	0.5281073731908661
fibromyalgia_tendon	fibromyalgia	tendon	0.6270521260836106	0.5525201198064836	0.07453200627712697	0.11886094182094986	0.07453200627712697	OK	9.563040418811786e-19	7.277252914222104e-10
fibromyalgia_thromboembolic	fibromyalgia	thromboembolic	0.19217697654322613	0.08895052698336241	0.10322644955986372	0.5371426453711802	0.10322644955986372	OK	0.006834075710503574	0.387893104957589
fibromyalgia_TIA	fibromyalgia	TIA	0.3302421801028268	0.2450999650130815	0.08514221508974529	0.25781750551439175	0.08514221508974529	OK	0.00046420171356426006	0.04402397337172451
fibromyalgia_tinnitus	fibromyalgia	tinnitus	0.3406300530283948	0.37241875461366997	-0.03178870158527519	-0.09332324409621395	-0.03178870158527519	ENHANCED	7.517027091370025e-05	0.00017463355599739514
fibromyalgia_ulc_colitis	fibromyalgia	ulc_colitis	0.1740834897004621	0.1974509811361575	-0.023367491435695387	-0.1342315200361781	-0.023367491435695387	ENHANCED	0.005740018868270875	0.007665424785518362
fibromyalgia_ulcer_peptic	fibromyalgia	ulcer_peptic	0.6463027018277022	0.5541671021681019	0.09213559965960028	0.14255796765052464	0.09213559965960028	OK	1.7222731063902263e-09	9.166157498690099e-05
fibromyalgia_urine_incont	fibromyalgia	urine_incont	0.5950148209376337	0.5267455323341413	0.06826928860349235	0.11473544221287213	0.06826928860349235	OK	2.8686747055790216e-15	9.690593158159886e-09
fibromyalgia_urolithiasis	fibromyalgia	urolithiasis	0.22529679968031688	0.21411792710809846	0.011178872572218418	0.04961842595225763	0.011178872572218418	OK	0.001513107194452422	0.012872060610992928
fibromyalgia_valve_nonrheumatic	fibromyalgia	valve_nonrheumatic	0.13826417163794996	0.04470418136096686	0.0935599902769831	nan	0.0935599902769831	PROPORTIONAL_ATTENUATION_UNSTABLE	0.0907592965926337	0.7061483965302202
gastritis_duodenitis_glaucoma	gastritis_duodenitis	glaucoma	-0.0002486002500629042	0.01893049190242386	-0.018681891652360956	nan	-0.01917909215248676	PROPORTIONAL_ATTENUATION_UNSTABLE	0.9963293326825403	0.7449718725387245
gastritis_duodenitis_GORD	gastritis_duodenitis	GORD	0.8661000933305114	0.8438852835968056	0.02221480973370582	0.02564924066487595	0.02221480973370582	OK	4.916251160269399e-242	1.6034215934751954e-167
gastritis_duodenitis_gout	gastritis_duodenitis	gout	0.21204442998002587	0.09702015807571944	0.11502427190430643	0.5424536353779322	0.11502427190430643	OK	8.01782439286243e-09	0.05045171337272369
gastritis_duodenitis_HF	gastritis_duodenitis	HF	0.3168521449295674	0.14955273435372854	0.16729941057583889	0.528004664803603	0.16729941057583889	OK	2.025203784365712e-12	0.039340679753218644
gastritis_duodenitis_hypertension	gastritis_duodenitis	hypertension	0.31502085249899364	0.29230579213374536	0.022715060365248285	0.07210652940925821	0.022715060365248285	OK	2.056434644371338e-29	1.514075994133668e-11
gastritis_duodenitis_hyperthyroid	gastritis_duodenitis	hyperthyroid	0.19710453213356793	0.1787427796643603	0.018361752469207626	0.09315743413126987	0.018361752469207626	OK	0.0008402664336783443	0.014296692002198049
gastritis_duodenitis_hypothyroid	gastritis_duodenitis	hypothyroid	0.21336551864594352	0.17387154388578335	0.03949397476016017	0.1851000808884028	0.03949397476016017	OK	1.4452762116335379e-09	1.429510061231596e-05
gastritis_duodenitis_IBS	gastritis_duodenitis	IBS	0.613600983176589	0.633497348052675	-0.019896364876086037	-0.03242557528686363	-0.019896364876086037	ENHANCED	6.089567845975944e-72	9.587677029091487e-57
gastritis_duodenitis_IDA	gastritis_duodenitis	IDA	0.438128114798738	0.33086894814911977	0.10725916664961821	0.24481233462702945	0.10725916664961821	OK	1.5646827479216458e-14	1.983687127608482e-05
gastritis_duodenitis_insomnia	gastritis_duodenitis	insomnia	0.5970393713333793	0.5554413620366727	0.04159800929670654	0.0696738126395332	0.04159800929670654	OK	1.9628454363226438e-10	1.1349586167358846e-05
gastritis_duodenitis_intervert_disc	gastritis_duodenitis	intervert_disc	0.5244121675945279	0.4407467204190447	0.08366544717548319	0.15954139195369088	0.08366544717548319	OK	9.822505378299055e-63	1.758059735120967e-30
gastritis_duodenitis_isch_stroke_tia	gastritis_duodenitis	isch_stroke_tia	0.39478438954430883	0.3267673233247461	0.06801706621956272	0.17228914825652897	0.06801706621956272	OK	2.7336530722862133e-07	0.0008630829211478546
gastritis_duodenitis_migraine	gastritis_duodenitis	migraine	0.4586895225296562	0.45605690503863283	0.0026326174910233924	0.005739432364847974	0.0026326174910233924	OK	2.25799639361602e-36	2.6785243759993393e-28
gastritis_duodenitis_OA	gastritis_duodenitis	OA	0.4285110873177676	0.3214275734165242	0.10708351390124338	0.2498967169590044	0.10708351390124338	OK	3.042585436672981e-60	1.8268925110360744e-18
gastritis_duodenitis_osteoporosis	gastritis_duodenitis	osteoporosis	0.2413362655188644	0.2941139039871844	-0.05277763846832001	-0.21868921504544692	-0.05277763846832001	ENHANCED	1.2334019360633694e-07	1.2852926996659927e-08
gastritis_duodenitis_periph_neuro	gastritis_duodenitis	periph_neuro	0.6207817468700322	0.5571699688081553	0.0636117780618769	0.1024704388983827	0.0636117780618769	OK	2.0351874235396014e-15	2.4333092347923395e-06
gastritis_duodenitis_peripheral_arterial	gastritis_duodenitis	peripheral_arterial	0.40592709959962014	0.23479240033662635	0.1711346992629938	0.42158973725033344	0.1711346992629938	OK	1.9926945644099132e-08	0.06960928534313617
gastritis_duodenitis_PMR	gastritis_duodenitis	PMR	0.207321726462382	0.1774346328385155	0.029887093623866517	0.14415803945800854	0.029887093623866517	OK	0.008571988583565459	0.059467421041480215
gastritis_duodenitis_pri_bladder	gastritis_duodenitis	pri_bladder	0.10589953426111276	0.05675766766545656	0.0491418665956562	nan	0.0491418665956562	PROPORTIONAL_ATTENUATION_UNSTABLE	0.24617612067569233	0.6319553416096086
gastritis_duodenitis_pri_breast	gastritis_duodenitis	pri_breast	0.024582492974445518	0.03844754819046924	-0.013865055216023724	nan	-0.013865055216023724	PROPORTIONAL_ATTENUATION_UNSTABLE	0.4957052671025983	0.3767927793537438
gastritis_duodenitis_pri_colorectal	gastritis_duodenitis	pri_colorectal	0.007702018483475304	0.013609654294742982	-0.0059076358112676785	nan	-0.0059076358112676785	PROPORTIONAL_ATTENUATION_UNSTABLE	0.9120272315032569	0.8751002320555507
gastritis_duodenitis_pri_prost	gastritis_duodenitis	pri_prost	0.006748831896464681	0.0464943153856266	-0.03974548348916192	nan	-0.03974548348916192	PROPORTIONAL_ATTENUATION_UNSTABLE	0.9099379454294745	0.4660374979230467
gastritis_duodenitis_pri_skin	gastritis_duodenitis	pri_skin	-0.021903683077718117	0.011247830343358306	0.010655852734359811	nan	-0.033151513421076424	PROPORTIONAL_ATTENUATION_UNSTABLE	0.6514527698208064	0.8623140121605163
gastritis_duodenitis_psoriasis	gastritis_duodenitis	psoriasis	0.2701396863724095	0.18637698699419022	0.08376269937821926	0.3100718021222012	0.08376269937821926	OK	3.6573970297340657e-08	0.0011825733332163106
gastritis_duodenitis_RA	gastritis_duodenitis	RA	0.41817363819569064	0.33689789982598817	0.08127573836970248	0.19435882835748786	0.08127573836970248	OK	2.3056022989424075e-17	1.0816324232944906e-08
gastritis_duodenitis_raynauds	gastritis_duodenitis	raynauds	0.1090330372669074	0.11336185182618591	-0.004328814559278513	nan	-0.004328814559278513	PROPORTIONAL_ATTENUATION_UNSTABLE	0.177739001738415	0.2554844140589917
gastritis_duodenitis_retinal_detach	gastritis_duodenitis	retinal_detach	-0.04503425732163449	-0.011323474887893805	0.033710782433740684	nan	-0.033710782433740684	PROPORTIONAL_ATTENUATION_UNSTABLE	0.5363933944645223	0.9122833988990109
gastritis_duodenitis_schizo	gastritis_duodenitis	schizo	0.05551429469525801	0.0680436047444369	-0.012529310049178885	nan	-0.012529310049178885	PROPORTIONAL_ATTENUATION_UNSTABLE	0.08476733900975299	0.07513405976993091
gastritis_duodenitis_scoliosis	gastritis_duodenitis	scoliosis	0.29954610657161607	0.31862944471088783	-0.019083338139271766	-0.06370751520587459	-0.019083338139271766	ENHANCED	1.377734450194669e-05	9.302307693380416e-05
gastritis_duodenitis_sinusitis	gastritis_duodenitis	sinusitis	0.5675016202335929	0.5523676131812248	0.015134007052368004	0.026667777699275308	0.015134007052368004	OK	1.869157666658507e-12	1.9878467716526256e-09
gastritis_duodenitis_sleep_apnoea	gastritis_duodenitis	sleep_apnoea	0.3216041267838834	0.19728395644952	0.1243201703343634	0.386562733437516	0.1243201703343634	OK	9.227438062018726e-22	2.0400330918018093e-05
gastritis_duodenitis_spondylolisthesis	gastritis_duodenitis	spondylolisthesis	0.29453320220531143	0.20409891575886205	0.09043428644644938	0.3070427570451293	0.09043428644644938	OK	0.00010839085514591263	0.027713827416539143
gastritis_duodenitis_spondylosis	gastritis_duodenitis	spondylosis	0.6768300787826351	0.6001694872172725	0.07666059156536265	0.11326416181628107	0.07666059156536265	OK	9.159400612802266e-38	3.679967861073159e-18
gastritis_duodenitis_stroke_all	gastritis_duodenitis	stroke_all	0.27047820983055615	0.19140350647081	0.07907470335974615	0.29235147411424867	0.07907470335974615	OK	4.865509905537866e-07	0.009315684582968668
gastritis_duodenitis_tendon	gastritis_duodenitis	tendon	0.5593477765712138	0.4731234000054251	0.08622437656578874	0.15415163906495122	0.08622437656578874	OK	2.1672861349176696e-49	4.8679388695516783e-23
gastritis_duodenitis_thromboembolic	gastritis_duodenitis	thromboembolic	0.2610477078170658	0.1712925925986321	0.08975511521843371	0.34382648278732	0.08975511521843371	OK	4.999481542782111e-10	0.0012940372666481695
gastritis_duodenitis_TIA	gastritis_duodenitis	TIA	0.48939291790888195	0.4374118262301247	0.05198109167875725	0.10621545546851452	0.05198109167875725	OK	1.3122830491121364e-15	1.5610842738995467e-09
gastritis_duodenitis_tinnitus	gastritis_duodenitis	tinnitus	0.4074368843648549	0.46208396248488687	-0.054647078120031944	-0.13412403299033704	-0.054647078120031944	ENHANCED	1.0709819990944221e-10	3.001493997090548e-12
gastritis_duodenitis_ulc_colitis	gastritis_duodenitis	ulc_colitis	0.07751266627043343	0.09158339614136017	-0.014070729870926738	nan	-0.014070729870926738	PROPORTIONAL_ATTENUATION_UNSTABLE	0.07180075926524261	0.06830315482865071
gastritis_duodenitis_ulcer_peptic	gastritis_duodenitis	ulcer_peptic	0.7896438082273469	0.7437304854487441	0.04591332277860283	0.05814434596995399	0.04591332277860283	OK	1.7252611623458686e-52	1.7090132034121177e-27
gastritis_duodenitis_urine_incont	gastritis_duodenitis	urine_incont	0.41752196165809347	0.32006815229989366	0.0974538093581998	0.23341001984945697	0.0974538093581998	OK	1.0108611571220037e-17	3.879034401547071e-08
gastritis_duodenitis_urolithiasis	gastritis_duodenitis	urolithiasis	0.21931000205161458	0.2009861233431202	0.01832387870849439	0.0835524077200176	0.01832387870849439	OK	1.5324006213966168e-06	0.00013210628962754677
gastritis_duodenitis_valve_nonrheumatic	gastritis_duodenitis	valve_nonrheumatic	0.22889569812023003	0.16738618533644423	0.0615095127837858	0.26872288683851653	0.0615095127837858	OK	1.380200798778939e-05	0.010233057649623551
glaucoma_GORD	glaucoma	GORD	-0.012403995031153343	0.00040184686806998517	0.012002148163083358	nan	-0.012805841899223328	PROPORTIONAL_ATTENUATION_UNSTABLE	0.7105096292979919	0.9928660012807342
glaucoma_gout	glaucoma	gout	-0.02998679999085311	-0.03051534989216268	-0.0005285499013095718	nan	0.0005285499013095718	PROPORTIONAL_ATTENUATION_UNSTABLE	0.3244504161138412	0.42785580295469633
glaucoma_HF	glaucoma	HF	-0.028426951206265823	-0.030311992457649553	-0.0018850412513837303	nan	0.0018850412513837303	PROPORTIONAL_ATTENUATION_UNSTABLE	0.5193032354636025	0.6176420238082027
glaucoma_hypertension	glaucoma	hypertension	0.059279060128159825	0.04912136041843387	0.010157699709725958	0.17135392645843694	0.010157699709725958	OK	0.03270042091267887	0.24608963569225592
glaucoma_hyperthyroid	glaucoma	hyperthyroid	-0.0202180764360729	-0.03700934084278401	-0.01679126440671111	nan	0.01679126440671111	PROPORTIONAL_ATTENUATION_UNSTABLE	0.7442374575260537	0.5721767373673377
glaucoma_hypothyroid	glaucoma	hypothyroid	-0.05797970872696752	-0.04781254559343384	0.010167163133533677	0.17535726475294844	-0.010167163133533677	OK	0.062047582123882256	0.17524403748783002
glaucoma_IBS	glaucoma	IBS	0.04570431689955801	0.05297763694654144	-0.007273320046983424	nan	-0.007273320046983424	PROPORTIONAL_ATTENUATION_UNSTABLE	0.23983779498896082	0.21088321125152978
glaucoma_IDA	glaucoma	IDA	-0.051092230904287	-0.05512617902499438	-0.004033948120707377	nan	0.004033948120707377	PROPORTIONAL_ATTENUATION_UNSTABLE	0.36470352543268053	0.41401562322521945
glaucoma_insomnia	glaucoma	insomnia	-0.026951941612419053	-0.009363590590886574	0.01758835102153248	nan	-0.01758835102153248	PROPORTIONAL_ATTENUATION_UNSTABLE	0.7552935072875693	0.9411478114899071
glaucoma_intervert_disc	glaucoma	intervert_disc	0.04229467299499926	0.06115169251762457	-0.018857019522625307	nan	-0.018857019522625307	PROPORTIONAL_ATTENUATION_UNSTABLE	0.21398608570022587	0.12086076821796861
glaucoma_isch_stroke_tia	glaucoma	isch_stroke_tia	0.05026370126548152	0.05146461988731966	-0.0012009186218381387	nan	-0.0012009186218381387	PROPORTIONAL_ATTENUATION_UNSTABLE	0.4456788555895895	0.5373964604465038
glaucoma_migraine	glaucoma	migraine	-0.008156171869159273	0.003111759407968227	0.005044412461191045	nan	-0.0112679312771275	PROPORTIONAL_ATTENUATION_UNSTABLE	0.8140603285122399	0.9417170114056514
glaucoma_OA	glaucoma	OA	-0.018428924536490667	0.015104044366113187	0.00332488017037748	nan	-0.033532968902603856	PROPORTIONAL_ATTENUATION_UNSTABLE	0.6031812176830079	0.7332568993032335
glaucoma_osteoporosis	glaucoma	osteoporosis	-0.033001245152440024	-0.031139678658458687	0.001861566493981337	nan	-0.001861566493981337	PROPORTIONAL_ATTENUATION_UNSTABLE	0.4014859866881489	0.4750550368356954
glaucoma_periph_neuro	glaucoma	periph_neuro	0.04362476978934858	0.062002090714123874	-0.018377320924775294	nan	-0.018377320924775294	PROPORTIONAL_ATTENUATION_UNSTABLE	0.49895180794197813	0.49401129357420454
glaucoma_peripheral_arterial	glaucoma	peripheral_arterial	0.0040533780337667046	0.010588867719608203	-0.006535489685841498	nan	-0.006535489685841498	PROPORTIONAL_ATTENUATION_UNSTABLE	0.9548946218297266	0.9283427375199883
glaucoma_PMR	glaucoma	PMR	0.10734431172961302	0.1121783780925369	-0.004834066362923883	nan	-0.004834066362923883	PROPORTIONAL_ATTENUATION_UNSTABLE	0.10767330086467147	0.12390062819679985
glaucoma_pri_bladder	glaucoma	pri_bladder	0.00592788098895541	0.02368794632985604	-0.01776006534090063	nan	-0.01776006534090063	PROPORTIONAL_ATTENUATION_UNSTABLE	0.939189773636415	0.7866453183319965
glaucoma_pri_breast	glaucoma	pri_breast	0.0307495882414915	0.024709583648920664	0.006040004592570838	nan	0.006040004592570838	PROPORTIONAL_ATTENUATION_UNSTABLE	0.38799463584581867	0.5375942711575646
glaucoma_pri_colorectal	glaucoma	pri_colorectal	0.006285347588111182	0.01113863981486991	-0.004853292226758728	nan	-0.004853292226758728	PROPORTIONAL_ATTENUATION_UNSTABLE	0.9118785116934693	0.8627025088842784
glaucoma_pri_prost	glaucoma	pri_prost	0.012043069653855081	0.004549806436830826	0.007493263217024255	nan	0.007493263217024255	PROPORTIONAL_ATTENUATION_UNSTABLE	0.7551861470840737	0.9211002314067259
glaucoma_pri_skin	glaucoma	pri_skin	0.04233955764602709	0.04052655236311621	0.0018130052829108817	nan	0.0018130052829108817	PROPORTIONAL_ATTENUATION_UNSTABLE	0.2413973893107467	0.31028849317950113
glaucoma_psoriasis	glaucoma	psoriasis	-0.03715907016548537	-0.025808988688012877	0.011350081477472494	nan	-0.011350081477472494	PROPORTIONAL_ATTENUATION_UNSTABLE	0.44548199941961303	0.6493786850034422
glaucoma_RA	glaucoma	RA	-0.01600799606593413	-0.013091604313990245	0.0029163917519438847	nan	-0.0029163917519438847	PROPORTIONAL_ATTENUATION_UNSTABLE	0.736439611912398	0.8155048849014681
glaucoma_raynauds	glaucoma	raynauds	0.033156845030040454	0.04318309138819012	-0.010026246358149665	nan	-0.010026246358149665	PROPORTIONAL_ATTENUATION_UNSTABLE	0.6596588648499863	0.6123635189129127
glaucoma_retinal_detach	glaucoma	retinal_detach	0.1605288270747975	0.16237629365135142	-0.0018474665765539355	-0.011508628139998311	-0.0018474665765539355	ENHANCED	0.0008994002593285095	0.0020683930943964112
glaucoma_schizo	glaucoma	schizo	0.01591152735994827	0.011847604473926424	0.004063922886021847	nan	0.004063922886021847	PROPORTIONAL_ATTENUATION_UNSTABLE	0.5749431254609382	0.7213550461858365
glaucoma_scoliosis	glaucoma	scoliosis	0.10951199604791417	0.11781213137211974	-0.008300135324205565	-0.07579201935625446	-0.008300135324205565	ENHANCED	0.05479887380153348	0.049686212687202996
glaucoma_sinusitis	glaucoma	sinusitis	0.021161705776153807	0.030655530018961215	-0.009493824242807408	nan	-0.009493824242807408	PROPORTIONAL_ATTENUATION_UNSTABLE	0.7693088259311127	0.7028803472847995
glaucoma_sleep_apnoea	glaucoma	sleep_apnoea	0.003977995636069177	0.03794056592300193	-0.03396257028693275	nan	-0.03396257028693275	PROPORTIONAL_ATTENUATION_UNSTABLE	0.9127961414979034	0.3825512086120555
glaucoma_spondylolisthesis	glaucoma	spondylolisthesis	0.06005078219781479	0.07776735840884515	-0.017716576211030358	nan	-0.017716576211030358	PROPORTIONAL_ATTENUATION_UNSTABLE	0.408321666600504	0.3317464705020512
glaucoma_spondylosis	glaucoma	spondylosis	0.009464222138727461	0.03886131387428772	-0.02939709173556026	nan	-0.02939709173556026	PROPORTIONAL_ATTENUATION_UNSTABLE	0.8490500728671408	0.47956053897017226
glaucoma_stroke_all	glaucoma	stroke_all	0.037241050342583445	0.03980456400377597	-0.0025635136611925277	nan	-0.0025635136611925277	PROPORTIONAL_ATTENUATION_UNSTABLE	0.47863918749063566	0.5220902381566048
glaucoma_tendon	glaucoma	tendon	-0.05128147236862089	-0.040467478791842315	0.010813993576778577	nan	-0.010813993576778577	PROPORTIONAL_ATTENUATION_UNSTABLE	0.1849162993106742	0.38826455748251787
glaucoma_thromboembolic	glaucoma	thromboembolic	0.026988691544623005	0.04310321706114916	-0.016114525516526156	nan	-0.016114525516526156	PROPORTIONAL_ATTENUATION_UNSTABLE	0.4720715281522208	0.3393245602464396
glaucoma_TIA	glaucoma	TIA	0.018648232944295746	0.017773294414335287	0.0008749385299604596	nan	0.0008749385299604596	PROPORTIONAL_ATTENUATION_UNSTABLE	0.7514453719950861	0.7961178070586055
glaucoma_tinnitus	glaucoma	tinnitus	0.01841171612582248	0.030177496870278948	-0.011765780744456469	nan	-0.011765780744456469	PROPORTIONAL_ATTENUATION_UNSTABLE	0.7628020401649952	0.6319553416096086
glaucoma_ulc_colitis	glaucoma	ulc_colitis	0.003515983645313375	-0.0005435658829008891	0.002972417762412486	nan	0.004059549528214264	PROPORTIONAL_ATTENUATION_UNSTABLE	0.9371696770102782	0.9928534340302902
glaucoma_ulcer_peptic	glaucoma	ulcer_peptic	0.06556300872506933	0.09307907226206678	-0.027516063536997454	nan	-0.027516063536997454	PROPORTIONAL_ATTENUATION_UNSTABLE	0.19668783471286305	0.14661548255004603
glaucoma_urine_incont	glaucoma	urine_incont	0.03725144648911574	0.059444460109884995	-0.022193013620769253	nan	-0.022193013620769253	PROPORTIONAL_ATTENUATION_UNSTABLE	0.408321666600504	0.24608963569225592
glaucoma_urolithiasis	glaucoma	urolithiasis	0.0865907700725649	0.09738655105426246	-0.010795780981697561	-0.12467588604016888	-0.010795780981697561	ENHANCED	0.019081229054223405	0.01566871349689806
glaucoma_valve_nonrheumatic	glaucoma	valve_nonrheumatic	-0.006736193490186896	-0.016745681803531816	-0.01000948831334492	nan	0.01000948831334492	PROPORTIONAL_ATTENUATION_UNSTABLE	0.9010024079466091	0.7840688027637988
GORD_gout	GORD	gout	0.2180496851221159	0.09543662271328879	0.1226130624088271	0.5623170808073364	0.1226130624088271	OK	6.534786840002359e-26	0.0008212853390011584
GORD_HF	GORD	HF	0.3231384412180901	0.16076907991833062	0.16236936129975948	0.502476154454723	0.16236936129975948	OK	4.534320648950919e-31	0.0001910286733031542
GORD_hypertension	GORD	hypertension	0.34112851751595363	0.3234850107862664	0.01764350672968723	0.051720996116550344	0.01764350672968723	OK	3.5050223236836333e-75	3.0169577332562114e-26
GORD_hyperthyroid	GORD	hyperthyroid	0.15163017584964775	0.119557928293628	0.03207224755601974	0.21151625905797067	0.03207224755601974	OK	0.0002695124553967835	0.015308877344919914
GORD_hypothyroid	GORD	hypothyroid	0.2168004093315119	0.17890855142480708	0.03789185790670482	0.17477761238339717	0.03789185790670482	OK	1.6068877620449798e-17	4.26972431884132e-12
GORD_IBS	GORD	IBS	0.6099193581047121	0.6321001377737688	-0.022180779669056738	-0.036366741560691196	-0.022180779669056738	ENHANCED	2.4769926776544866e-122	7.903938628745613e-107
GORD_IDA	GORD	IDA	0.4224423634216997	0.31187164175035	0.11057072167134974	0.2617415563527974	0.11057072167134974	OK	2.997476088941534e-22	3.8588410518630584e-08
GORD_insomnia	GORD	insomnia	0.4920383983457664	0.45083970082886166	0.04119869751690475	0.08373065528099999	0.04119869751690475	OK	5.820057257686255e-13	3.0153193354057404e-07
GORD_intervert_disc	GORD	intervert_disc	0.48625559470288887	0.404215793518488	0.08203980118440085	0.16871744423738444	0.08203980118440085	OK	3.1553886669360865e-68	2.5252227487011775e-35
GORD_isch_stroke_tia	GORD	isch_stroke_tia	0.39852232306107394	0.33373473550721333	0.0647875875538606	0.16256953200569357	0.0647875875538606	OK	7.82714053574636e-12	3.637191429185339e-06
GORD_migraine	GORD	migraine	0.4219226372072371	0.4202898212432632	0.0016328159639739104	0.0038699415958852734	0.0016328159639739104	OK	7.678317759835602e-59	2.822424001044373e-46
GORD_OA	GORD	OA	0.43980122924489273	0.34410564246730785	0.09569558677758488	0.21758826582155621	0.09569558677758488	OK	1.0759139607403258e-119	4.2037936799877866e-42
GORD_osteoporosis	GORD	osteoporosis	0.25655258702392525	0.32135933087069324	-0.06480674384676799	-0.25260608204556645	-0.06480674384676799	ENHANCED	2.1899889545497948e-16	7.626676167878062e-20
GORD_periph_neuro	GORD	periph_neuro	0.5236294226959015	0.4212145343439347	0.10241488835196683	0.1955865807247512	0.10241488835196683	OK	6.003342469241214e-21	1.0914210851352002e-07
GORD_peripheral_arterial	GORD	peripheral_arterial	0.49179398623000997	0.3815942733514787	0.11019971287853125	0.22407698337936022	0.11019971287853125	OK	9.996447854879631e-21	1.711327634335101e-05
GORD_PMR	GORD	PMR	0.22174747988500784	0.1949773643871079	0.026770115497899954	0.12072342608710684	0.026770115497899954	OK	6.783726238923693e-05	0.002476219838302645
GORD_pri_bladder	GORD	pri_bladder	0.07673248117546745	0.039048399731178116	0.037684081444289336	nan	0.037684081444289336	PROPORTIONAL_ATTENUATION_UNSTABLE	0.22659111938643325	0.6285898677191673
GORD_pri_breast	GORD	pri_breast	-0.005876662509804152	0.003159954270718727	0.0027167082390854255	nan	-0.00903661678052288	PROPORTIONAL_ATTENUATION_UNSTABLE	0.8395070004656399	0.9312442580061309
GORD_pri_colorectal	GORD	pri_colorectal	-0.02816196160958315	-0.029563569617877376	-0.001401608008294225	nan	0.001401608008294225	PROPORTIONAL_ATTENUATION_UNSTABLE	0.5693414736242	0.6173872276301768
GORD_pri_prost	GORD	pri_prost	0.004009488994668	0.03623377438396753	-0.03222428538929953	nan	-0.03222428538929953	PROPORTIONAL_ATTENUATION_UNSTABLE	0.920518960908755	0.3885820106596567
GORD_pri_skin	GORD	pri_skin	0.008892938514494068	0.046141330819480665	-0.0372483923049866	nan	-0.0372483923049866	PROPORTIONAL_ATTENUATION_UNSTABLE	0.8005791733497692	0.19909495040962966
GORD_psoriasis	GORD	psoriasis	0.23267266697078495	0.15269208504220275	0.0799805819285822	0.3437472177968579	0.0799805819285822	OK	5.1281497501885325e-12	7.369162172651846e-05
GORD_RA	GORD	RA	0.38241469327922456	0.302186893087146	0.08022780019207854	0.20979267167828008	0.08022780019207854	OK	2.0773822154685053e-33	6.630425071679108e-16
GORD_raynauds	GORD	raynauds	0.2144966715228628	0.2504531199187412	-0.03595644839587839	-0.16763173125530684	-0.03595644839587839	ENHANCED	0.00020562990418508247	0.00026396931976066783
GORD_retinal_detach	GORD	retinal_detach	-0.030099814605267408	0.006601210016751088	0.02349860458851632	nan	-0.0367010246220185	PROPORTIONAL_ATTENUATION_UNSTABLE	0.5188952356339375	0.9192699550836361
GORD_schizo	GORD	schizo	0.06751097135517697	0.08387855719426592	-0.01636758583908894	-0.2424433467706848	-0.01636758583908894	ENHANCED	0.0030888105223513184	0.0010665705185169026
GORD_scoliosis	GORD	scoliosis	0.15499112433700385	0.16561343500187065	-0.010622310664866796	-0.06853496101989842	-0.010622310664866796	ENHANCED	0.0023611664552413304	0.006282531845232576
GORD_sinusitis	GORD	sinusitis	0.5023399403920124	0.48940345825833925	0.0129364821336731	0.02575244589068082	0.0129364821336731	OK	1.247923714012854e-17	2.209009544262259e-13
GORD_sleep_apnoea	GORD	sleep_apnoea	0.4393605396527387	0.3463582920707564	0.09300224758198228	0.21167637780008486	0.09300224758198228	OK	1.2381182315125111e-70	2.0137340452104683e-24
GORD_spondylolisthesis	GORD	spondylolisthesis	0.26480913673924833	0.1774900094500306	0.08731912728921773	0.3297436348474597	0.08731912728921773	OK	1.3639806937125358e-05	0.012561119436909424
GORD_spondylosis	GORD	spondylosis	0.6654178320491859	0.5959466533815958	0.06947117866759012	0.10440233988567804	0.06947117866759012	OK	2.5516831817901706e-71	4.49485538018331e-36
GORD_stroke_all	GORD	stroke_all	0.2976845126376201	0.22335631843402678	0.0743281942035933	0.24968781057842648	0.0743281942035933	OK	1.6324232184234252e-15	1.0584262229179094e-06
GORD_tendon	GORD	tendon	0.5468767305487006	0.4694458273019034	0.07743090324679719	0.1415874893216028	0.07743090324679719	OK	1.3895681214656153e-98	1.5591662749431792e-46
GORD_thromboembolic	GORD	thromboembolic	0.24731249052151008	0.1530019560201367	0.09431053450137339	0.38134157438833727	0.09431053450137339	OK	2.3429273630210133e-11	0.0003649542474268443
GORD_TIA	GORD	TIA	0.46016393440316083	0.4037456600322214	0.056418274370939436	0.12260472877804895	0.056418274370939436	OK	8.081232544622307e-27	2.159987139447747e-16
GORD_tinnitus	GORD	tinnitus	0.2594378067123086	0.30718579899762344	-0.047747992285314844	-0.184044079351406	-0.047747992285314844	ENHANCED	6.472820826390808e-07	7.277252914222104e-10
GORD_ulc_colitis	GORD	ulc_colitis	0.12440754797497679	0.14303530067664696	-0.018627752701670178	-0.14973169236819084	-0.018627752701670178	ENHANCED	1.0495820637042978e-05	2.4582266975606572e-06
GORD_ulcer_peptic	GORD	ulcer_peptic	0.6016151441217852	0.51713538169069	0.08447976243109523	0.14042160217628097	0.08447976243109523	OK	3.1208399450400654e-55	3.324964564698415e-26
GORD_urine_incont	GORD	urine_incont	0.5141169034022942	0.4401050063434172	0.07401189705887701	0.14395927573881584	0.07401189705887701	OK	1.4544543174314779e-43	1.4479273905234663e-24
GORD_urolithiasis	GORD	urolithiasis	0.22887768813957018	0.20823820123633838	0.020639486903231807	0.0901769284328221	0.020639486903231807	OK	7.914157947825625e-10	2.563616556391114e-07
GORD_valve_nonrheumatic	GORD	valve_nonrheumatic	0.21704876378186663	0.15234757681520877	0.06470118696665786	0.29809516460403507	0.06470118696665786	OK	6.197226831275146e-11	0.00019428157477673023
gout_HF	gout	HF	0.3677178051035598	0.12359514935199163	0.24412265575156816	0.6638858721644341	0.24412265575156816	OK	2.0279869960397877e-37	0.011962009429970001
gout_hypertension	gout	hypertension	0.3894141672214989	0.19426937798597207	0.19514478923552683	0.5011240105307427	0.19514478923552683	OK	4.15351143284833e-68	3.495855616321678e-09
gout_hyperthyroid	gout	hyperthyroid	-0.013478480121878543	-0.07986123338877026	-0.06638275326689172	nan	0.06638275326689172	PROPORTIONAL_ATTENUATION_UNSTABLE	0.8389507031411444	0.2902189840727654
gout_hypothyroid	gout	hypothyroid	0.15359380209713783	0.10971182027604783	0.04388198182109	0.28570151413621225	0.04388198182109	OK	1.6686572657923328e-09	0.0013137951293272286
gout_IBS	gout	IBS	0.04484538710670197	0.04644092271994369	-0.0015955356132417234	nan	-0.0015955356132417234	PROPORTIONAL_ATTENUATION_UNSTABLE	0.19233972106011796	0.2623122935631777
gout_IDA	gout	IDA	0.2172534909997551	0.028912028597781667	0.18834146240197344	0.8669203037210838	0.18834146240197344	OK	1.9671530427236447e-07	0.7225110148549192
gout_insomnia	gout	insomnia	0.055122770897149016	0.0027296837902201555	0.05239308710692886	nan	0.05239308710692886	PROPORTIONAL_ATTENUATION_UNSTABLE	0.3876180054961154	0.9826830665068382
gout_intervert_disc	gout	intervert_disc	0.15547356022055436	0.042099273617759184	0.11337428660279518	0.7292190803501427	0.11337428660279518	OK	6.936205186996632e-10	0.2726979257604031
gout_isch_stroke_tia	gout	isch_stroke_tia	0.3804986029402836	0.2835080720984744	0.0969905308418092	0.25490377649830986	0.0969905308418092	OK	6.003226284170707e-13	3.115712531352076e-05
gout_migraine	gout	migraine	0.045337156877229674	0.03574189571178018	0.009595261165449495	nan	0.009595261165449495	PROPORTIONAL_ATTENUATION_UNSTABLE	0.08489446912047277	0.3027848492290278
gout_OA	gout	OA	0.18946116363487678	0.015947348274916087	0.1735138153599607	0.9158278774976317	0.1735138153599607	OK	1.108299688689634e-15	0.7057065654372995
gout_osteoporosis	gout	osteoporosis	-0.05924962924567004	0.02419929050444464	0.0350503387412254	nan	-0.08344891975011468	PROPORTIONAL_ATTENUATION_UNSTABLE	0.11399318140474773	0.6285898677191673
gout_periph_neuro	gout	periph_neuro	0.2937172506930527	0.11540598506236573	0.178311265630687	0.6070847565471393	0.178311265630687	OK	5.666961203763596e-09	0.18298419367053592
gout_peripheral_arterial	gout	peripheral_arterial	0.3851913390816305	0.18333298586113184	0.20185835322049867	0.524046967675253	0.20185835322049867	OK	2.2645708667080488e-11	0.07794137610000877
gout_PMR	gout	PMR	0.11066504493975045	0.07074170720299637	0.03992333773675408	nan	0.03992333773675408	PROPORTIONAL_ATTENUATION_UNSTABLE	0.10053073426841197	0.40923774047529776
gout_pri_bladder	gout	pri_bladder	0.07004741752263224	0.08666179097804116	-0.01661437345540892	nan	-0.01661437345540892	PROPORTIONAL_ATTENUATION_UNSTABLE	0.2271078912236403	0.28078254068610004
gout_pri_breast	gout	pri_breast	-0.017829839757971134	-0.0019660958562177813	0.015863743901753352	nan	-0.015863743901753352	PROPORTIONAL_ATTENUATION_UNSTABLE	0.4985964831697236	0.9608976133796523
gout_pri_colorectal	gout	pri_colorectal	-0.03196239423620939	-0.0411634978915885	-0.009201103655379107	nan	0.009201103655379107	PROPORTIONAL_ATTENUATION_UNSTABLE	0.48710558169800183	0.4880819886427851
gout_pri_prost	gout	pri_prost	-0.05226261718144324	-0.029451228672785146	0.022811388508658093	nan	-0.022811388508658093	PROPORTIONAL_ATTENUATION_UNSTABLE	0.14697975965741739	0.5373964604465038
gout_pri_skin	gout	pri_skin	-0.03741064075284024	0.01108646517830687	0.026324175574533367	nan	-0.0484971059311471	PROPORTIONAL_ATTENUATION_UNSTABLE	0.24249370267987078	0.8038348322802101
gout_psoriasis	gout	psoriasis	0.18301120136495524	0.11442109340494389	0.06859010796001136	0.37478639257293933	0.06859010796001136	OK	2.083122797202189e-08	0.0052390094089114865
gout_RA	gout	RA	0.16608356916694267	0.07979936011241458	0.08628420905452809	0.5195228491735842	0.08628420905452809	OK	2.6453753873785906e-07	0.09055717866389663
gout_raynauds	gout	raynauds	0.012363998378089587	0.06550452130600602	-0.053140522927916434	nan	-0.053140522927916434	PROPORTIONAL_ATTENUATION_UNSTABLE	0.8726646580644383	0.47601464042823244
gout_retinal_detach	gout	retinal_detach	-0.001801626299143162	0.03505623414599396	-0.033254607846850796	nan	-0.03685786044513712	PROPORTIONAL_ATTENUATION_UNSTABLE	0.973957917785663	0.5820603106229052
gout_schizo	gout	schizo	-0.0936793283990307	-0.04943021011351641	0.0442491182855143	0.4723466643252765	-0.0442491182855143	OK	1.1697094132968036e-05	0.07060992612698574
gout_scoliosis	gout	scoliosis	-0.03224952310013584	-0.017258866257990012	0.014990656842145827	nan	-0.014990656842145827	PROPORTIONAL_ATTENUATION_UNSTABLE	0.5843674000892741	0.8354217031764752
gout_sinusitis	gout	sinusitis	0.10533159595774219	0.07550968422193355	0.029821911735808643	nan	0.029821911735808643	PROPORTIONAL_ATTENUATION_UNSTABLE	0.07943236785829103	0.3235813748234889
gout_sleep_apnoea	gout	sleep_apnoea	0.23216234159714808	0.005723467116336905	0.22643887448081118	0.9753471339194694	0.22643887448081118	OK	3.140966722638712e-18	0.9142511913588127
gout_spondylolisthesis	gout	spondylolisthesis	0.09986429139305794	0.011969692736277458	0.08789459865678048	nan	0.08789459865678048	PROPORTIONAL_ATTENUATION_UNSTABLE	0.071333986648132	0.8944816087562921
gout_spondylosis	gout	spondylosis	0.14531208204703847	-0.05225853728743336	0.0930535447596051	0.6403703219219106	0.19757061933447184	OK	6.645356499714111e-05	0.37955821017376523
gout_stroke_all	gout	stroke_all	0.29105897876022435	0.17160912454964153	0.11944985421058282	0.41039742089175035	0.11944985421058282	OK	1.3595094590271107e-12	0.007017976954446249
gout_tendon	gout	tendon	0.21085619790368418	0.09870191230216754	0.11215428560151663	0.5318994021354163	0.11215428560151663	OK	6.308034576838204e-10	0.08354389998568855
gout_thromboembolic	gout	thromboembolic	0.19673668981667455	0.0831571056031125	0.11357958421356205	0.5773177556224978	0.11357958421356205	OK	1.3403902291670438e-08	0.09038153922441712
gout_TIA	gout	TIA	0.23721927131845472	0.13705343848007748	0.10016583283837724	0.4222499811320546	0.10016583283837724	OK	7.804450875194394e-07	0.05718086195346892
gout_tinnitus	gout	tinnitus	0.028515769019986974	0.08514323640688481	-0.05662746738689784	nan	-0.05662746738689784	PROPORTIONAL_ATTENUATION_UNSTABLE	0.5870405394167073	0.2402853323303169
gout_ulc_colitis	gout	ulc_colitis	-0.05466349015360927	-0.049587794400488466	0.005075695753120807	nan	-0.005075695753120807	PROPORTIONAL_ATTENUATION_UNSTABLE	0.15223333929071342	0.3036645159271657
gout_ulcer_peptic	gout	ulcer_peptic	0.2050454458391613	0.055721607424311176	0.1493238384148501	0.7282475248534928	0.1493238384148501	OK	4.849619458103494e-06	0.4718269934434729
gout_urine_incont	gout	urine_incont	0.1302181986459731	-0.0017314925458074405	0.12848670610016566	0.9867031446924336	0.13194969119178052	OK	0.000382670001887926	0.9809186180964834
gout_urolithiasis	gout	urolithiasis	-0.008644826463851537	-0.06532295575389835	-0.056678129290046814	nan	0.056678129290046814	PROPORTIONAL_ATTENUATION_UNSTABLE	0.8224354479551595	0.11191394691074298
gout_valve_nonrheumatic	gout	valve_nonrheumatic	0.1738098590377235	0.05321634995755723	0.12059350908016628	0.6938243304943523	0.12059350908016628	OK	1.5547830564681103e-05	0.3732934563802186
HF_hypertension	HF	hypertension	0.6502098837226877	0.4448690293190087	0.20534085440367905	0.31580703330442794	0.20534085440367905	OK	2.195242632847857e-141	1.644626302183688e-21
HF_hyperthyroid	HF	hyperthyroid	0.17792507558375567	0.13003020922041278	0.04789486636334289	0.2691855895308982	0.04789486636334289	OK	0.0012729314208849655	0.11275518631039277
HF_hypothyroid	HF	hypothyroid	0.1866294232125902	0.13146543257199542	0.055163990640594796	0.2955803521814313	0.055163990640594796	OK	1.1344995396288504e-08	0.002226008605575986
HF_IBS	HF	IBS	0.10995956546064126	0.1105139065728866	-0.0005543411122453379	-0.0050413177782495655	-0.0005543411122453379	ENHANCED	0.014240000831705376	0.09170141752151217
HF_IDA	HF	IDA	0.4467655459565291	0.23715678719008232	0.2096087587664468	0.46916947974954637	0.2096087587664468	OK	1.7201592517288065e-15	0.006083995505530395
HF_insomnia	HF	insomnia	0.23649103739171864	0.16725435340865888	0.06923668398305977	0.2927666297491758	0.06923668398305977	OK	0.002291357610114189	0.20308036296268947
HF_intervert_disc	HF	intervert_disc	0.33618638701490133	0.19878689444848793	0.1373994925664134	0.40870034562203506	0.1373994925664134	OK	5.482103868944695e-21	0.00014016998283248263
HF_isch_stroke_tia	HF	isch_stroke_tia	0.6212098181571899	0.5360740103800853	0.08513580777710461	0.13704839377725675	0.08513580777710461	OK	5.2094764957186384e-17	2.870278519323871e-07
HF_migraine	HF	migraine	0.10819384832694352	0.10003171894440206	0.008162129382541461	0.07543986565554894	0.008162129382541461	OK	0.003881749925121843	0.0700224961871139
HF_OA	HF	OA	0.3589976787917834	0.1493424986840667	0.2096551801077167	0.5840014921915846	0.2096551801077167	OK	1.7540548289961137e-28	0.004455314766516838
HF_osteoporosis	HF	osteoporosis	0.10913365130871876	0.2678299952305791	-0.15869634392186033	-1.454146745928421	-0.15869634392186033	ENHANCED	0.015432562945797297	1.0887512968996245e-05
HF_periph_neuro	HF	periph_neuro	0.3158884992943959	0.023620810850168632	0.29226768844422724	0.9252242139143061	0.29226768844422724	OK	3.904053128909065e-07	0.8819202518848388
HF_peripheral_arterial	HF	peripheral_arterial	0.6747222219020684	0.4743343779654897	0.2003878439365787	0.2969930994293881	0.2003878439365787	OK	1.884586964972857e-23	0.000558457602425844
HF_PMR	HF	PMR	0.2493177634484388	0.23348785851238293	0.015829904936055877	0.06349288842120404	0.015829904936055877	OK	0.001005832866305871	0.031174657665554502
HF_pri_bladder	HF	pri_bladder	0.051265657246169	0.03275586267691734	0.018509794569251663	nan	0.018509794569251663	PROPORTIONAL_ATTENUATION_UNSTABLE	0.5852269047851272	0.8196462798702597
HF_pri_breast	HF	pri_breast	0.017304641623129526	0.05615343044515137	-0.03884878882202185	nan	-0.03884878882202185	PROPORTIONAL_ATTENUATION_UNSTABLE	0.6381511916181885	0.2461420178674281
HF_pri_colorectal	HF	pri_colorectal	-0.035036564666756795	-0.02371765985230889	0.011318904814447906	nan	-0.011318904814447906	PROPORTIONAL_ATTENUATION_UNSTABLE	0.5318002192846482	0.7994174046831363
HF_pri_prost	HF	pri_prost	-0.049002427653731785	0.012620114682072081	0.036382312971659704	nan	-0.061622542335803866	PROPORTIONAL_ATTENUATION_UNSTABLE	0.31127567894031655	0.8751002320555507
HF_pri_skin	HF	pri_skin	-0.06593446905388656	0.000543492816314377	0.06539097623757217	0.9917570760163369	-0.06647796187020094	OK	0.04919351572382877	0.9928660012807342
HF_psoriasis	HF	psoriasis	0.2826637242587069	0.19531230873588942	0.08735141552281747	0.30902945099127554	0.08735141552281747	OK	1.3296769753024439e-09	0.0038603579858737043
HF_RA	HF	RA	0.3244862397859115	0.21650390599059877	0.10798233379531275	0.33277939263790346	0.10798233379531275	OK	2.730434064524642e-19	7.855710972982845e-05
HF_raynauds	HF	raynauds	0.09797377200923583	0.1573921537874403	-0.05941838177820445	nan	-0.05941838177820445	PROPORTIONAL_ATTENUATION_UNSTABLE	0.23445909745507584	0.18871056831229652
HF_retinal_detach	HF	retinal_detach	-0.0871079989759174	-0.06017379703609077	0.026934201939826624	nan	-0.026934201939826624	PROPORTIONAL_ATTENUATION_UNSTABLE	0.13733560439719636	0.5197203319566398
HF_schizo	HF	schizo	-0.01327942663293367	0.05900814851415328	-0.04572872188121961	nan	-0.07228757514708695	PROPORTIONAL_ATTENUATION_UNSTABLE	0.6990146965438987	0.2051870406997318
HF_scoliosis	HF	scoliosis	0.11406780046588913	0.1675694317142359	-0.05350163124834678	nan	-0.05350163124834678	PROPORTIONAL_ATTENUATION_UNSTABLE	0.07305960522147019	0.06496832501049025
HF_sinusitis	HF	sinusitis	0.10985063828367728	0.01377372946925292	0.09607690881442435	nan	0.09607690881442435	PROPORTIONAL_ATTENUATION_UNSTABLE	0.10881774636977516	0.91401667555594
HF_sleep_apnoea	HF	sleep_apnoea	0.44663456919342437	0.21486527934281946	0.2317692898506049	0.5189237596837973	0.2317692898506049	OK	1.605262436443061e-42	0.00013133981703156842
HF_spondylolisthesis	HF	spondylolisthesis	0.17882735693037755	0.053077156689419466	0.12575020024095807	0.7031933055405841	0.12575020024095807	OK	0.006320135465888716	0.6276766275444727
HF_spondylosis	HF	spondylosis	0.388378748244704	0.15645471551138831	0.23192403273331566	0.5971594320788849	0.23192403273331566	OK	8.625870318910171e-17	0.053085757381977794
HF_stroke_all	HF	stroke_all	0.5106249322273163	0.3874105215901345	0.1232144106371818	0.24130120340917882	0.1232144106371818	OK	1.8543415736764717e-25	7.242545282687464e-07
HF_tendon	HF	tendon	0.17742665399048535	-0.045525382411277855	0.1319012715792075	0.7434129462097663	0.2229520364017632	OK	0.00021161935228469083	0.588214822267923
HF_thromboembolic	HF	thromboembolic	0.27658006343629055	0.13942247319139886	0.1371575902448917	0.4959055563904936	0.1371575902448917	OK	1.6016412770457275e-09	0.03758511635043098
HF_TIA	HF	TIA	0.4889043039497899	0.40964859888718363	0.07925570506260626	0.16210883075135651	0.07925570506260626	OK	3.8132111256791305e-20	1.8992681898242016e-07
HF_tinnitus	HF	tinnitus	-0.0454785883672231	-0.01702950770401829	0.02844908066320481	nan	-0.02844908066320481	PROPORTIONAL_ATTENUATION_UNSTABLE	0.5162849785107695	0.8742684543934337
HF_ulc_colitis	HF	ulc_colitis	0.06061631915166067	0.08686079499822918	-0.026244475846568513	nan	-0.026244475846568513	PROPORTIONAL_ATTENUATION_UNSTABLE	0.12352532983720246	0.1142133972249268
HF_ulcer_peptic	HF	ulcer_peptic	0.36145773936297143	0.14042721661732954	0.2210305227456419	0.6114975519273244	0.2210305227456419	OK	2.062762560974962e-10	0.14719473695532076
HF_urine_incont	HF	urine_incont	0.21618736124742186	0.009639532098365931	0.20654782914905592	0.9554112134828563	0.20654782914905592	OK	4.769419329297374e-06	0.9181604713960184
HF_urolithiasis	HF	urolithiasis	0.15126115925734343	0.12476477259234675	0.02649638666499668	0.17516979768691232	0.02649638666499668	OK	8.865989408248206e-05	0.032096889093342185
HF_valve_nonrheumatic	HF	valve_nonrheumatic	0.601579077872171	0.5632154973673154	0.038363580504855666	0.06377146731989158	0.038363580504855666	OK	4.589291122367933e-46	4.384029404314835e-23
hypertension_hyperthyroid	hypertension	hyperthyroid	0.2211944654076967	0.18351577470137073	0.03767869070632596	0.17034192350553667	0.03767869070632596	OK	6.769664284786887e-07	0.0014665560890304767
hypertension_hypothyroid	hypertension	hypothyroid	0.15098887501740885	0.16074066152553404	-0.009751786508125193	-0.06458612601094504	-0.009751786508125193	ENHANCED	7.211634796779183e-06	1.9511136312427413e-06
hypertension_IBS	hypertension	IBS	0.17248601190441892	0.2869100769202903	-0.11442406501587138	-0.6633817070295422	-0.11442406501587138	ENHANCED	2.2161534454817829e-10	3.8169562474185026e-13
hypertension_IDA	hypertension	IDA	0.3789727477048391	0.20151279935152136	0.17745994835331771	0.468265724720479	0.17745994835331771	OK	2.005231805610823e-15	0.0023221802787609766
hypertension_insomnia	hypertension	insomnia	0.21141979459832155	0.334596384036275	-0.12317658943795345	-0.582616162653917	-0.12317658943795345	ENHANCED	6.756054878116778e-05	0.0007484697673071247
hypertension_intervert_disc	hypertension	intervert_disc	0.28671982616537933	0.2487700590241439	0.037949767141235435	0.1323583640823851	0.037949767141235435	OK	1.374327697774441e-35	2.1574304041366852e-10
hypertension_isch_stroke_tia	hypertension	isch_stroke_tia	0.6257024928075474	0.5692509997251548	0.05645149308239261	0.09022098158678082	0.05645149308239261	OK	1.193326138391841e-30	4.494187710916942e-12
hypertension_migraine	hypertension	migraine	0.2050536321310659	0.3163852153172983	-0.1113315831862324	-0.542938849847203	-0.1113315831862324	ENHANCED	1.5132756370421343e-18	1.2246688443808535e-22
hypertension_OA	hypertension	OA	0.2667047461141916	0.20530753080040703	0.06139721531378456	0.2302066843890993	0.06139721531378456	OK	2.328096901002919e-31	7.937253589345981e-10
hypertension_osteoporosis	hypertension	osteoporosis	0.033768968181378575	0.19697759911537155	-0.16320863093399296	nan	-0.16320863093399296	PROPORTIONAL_ATTENUATION_UNSTABLE	0.3245238866367081	6.3175630094537e-07
hypertension_periph_neuro	hypertension	periph_neuro	0.3478354536586087	0.2847732560131819	0.06306219764542681	0.18129893598287627	0.06306219764542681	OK	3.129132278884175e-16	0.0022125908893437193
hypertension_peripheral_arterial	hypertension	peripheral_arterial	0.559455071243057	0.24196257563252893	0.3174924956105281	0.567503114959865	0.3174924956105281	OK	3.2729437429875494e-29	0.009409596515589239
hypertension_PMR	hypertension	PMR	0.16340534112625107	0.1469392198395903	0.01646612128666078	0.10076856223407438	0.01646612128666078	OK	0.001464178753227253	0.03922096405415866
hypertension_pri_bladder	hypertension	pri_bladder	0.09325332683600233	0.2085748675413984	-0.11532154070539606	nan	-0.11532154070539606	PROPORTIONAL_ATTENUATION_UNSTABLE	0.22780666676106678	0.011345705575981415
hypertension_pri_breast	hypertension	pri_breast	0.0015543072483736825	0.02182705296207069	-0.020272745713697006	nan	-0.020272745713697006	PROPORTIONAL_ATTENUATION_UNSTABLE	0.9493486026161809	0.5768910267224345
hypertension_pri_colorectal	hypertension	pri_colorectal	-0.061830361598005645	-0.04756801027533547	0.014262351322670175	nan	-0.014262351322670175	PROPORTIONAL_ATTENUATION_UNSTABLE	0.14585819765744581	0.41807312194763785
hypertension_pri_prost	hypertension	pri_prost	0.0035256775582468646	0.07007801281044913	-0.06655233525220226	nan	-0.06655233525220226	PROPORTIONAL_ATTENUATION_UNSTABLE	0.9291974983411009	0.12833503884345276
hypertension_pri_skin	hypertension	pri_skin	-0.016453797648920153	0.06389711281037096	-0.047443315161450804	nan	-0.0803509104592911	PROPORTIONAL_ATTENUATION_UNSTABLE	0.5463796510167734	0.09152609932441506
hypertension_psoriasis	hypertension	psoriasis	0.18007894336617655	0.12937087954359977	0.05070806382257678	0.2815879684470709	0.05070806382257678	OK	3.4982802292067648e-06	0.027434771481261784
hypertension_RA	hypertension	RA	0.28034437441359433	0.2333119010283995	0.04703247338519484	0.16776678142222123	0.04703247338519484	OK	1.2403332135480393e-17	1.5955650336651097e-07
hypertension_raynauds	hypertension	raynauds	0.014528668052789944	0.02555174564109783	-0.011023077588307884	nan	-0.011023077588307884	PROPORTIONAL_ATTENUATION_UNSTABLE	0.7981605376054196	0.7755432972163172
hypertension_retinal_detach	hypertension	retinal_detach	-0.024554076971756912	-0.0020141843289886814	0.02253989264276823	nan	-0.02253989264276823	PROPORTIONAL_ATTENUATION_UNSTABLE	0.5386456854398352	0.9808658867410041
hypertension_schizo	hypertension	schizo	-0.02599824528734688	0.05738114969471005	-0.031382904407363174	nan	-0.08337939498205693	PROPORTIONAL_ATTENUATION_UNSTABLE	0.19029979272451247	0.06876539796037524
hypertension_scoliosis	hypertension	scoliosis	0.025294987588008275	0.059120917794787294	-0.033825930206779015	nan	-0.033825930206779015	PROPORTIONAL_ATTENUATION_UNSTABLE	0.688887006893438	0.4498310778926471
hypertension_sinusitis	hypertension	sinusitis	0.10021884278483616	0.026126877369674065	0.0740919654151621	0.7393017456231569	0.0740919654151621	OK	0.062261639262625686	0.7961178070586055
hypertension_sleep_apnoea	hypertension	sleep_apnoea	0.40323906706017554	0.35068348548110334	0.0525555815790722	0.13033355612646857	0.0525555815790722	OK	4.379082016867775e-61	1.566914873741608e-22
hypertension_spondylolisthesis	hypertension	spondylolisthesis	0.14567905750556848	0.10973098511180802	0.03594807239376045	0.24676211536024228	0.03594807239376045	OK	0.008900968609275287	0.18540709517230833
hypertension_spondylosis	hypertension	spondylosis	0.36464615944978074	0.3062882110530127	0.058357948396768056	0.16003993703053154	0.058357948396768056	OK	3.0398155971556434e-22	7.415656535475417e-10
hypertension_stroke_all	hypertension	stroke_all	0.5817838982809398	0.5187278649520316	0.06305603332890819	0.1083839437894839	0.06305603332890819	OK	1.4081353516013282e-42	4.493033163429059e-25
hypertension_tendon	hypertension	tendon	0.22137751188394797	0.1452123835813983	0.07616512830254968	0.34405088237904435	0.07616512830254968	OK	2.2594149045281298e-08	0.0024572788066160433
hypertension_thromboembolic	hypertension	thromboembolic	0.20377581969951236	0.1922271911821218	0.011548628517390552	0.056673203594126864	0.011548628517390552	OK	1.2068704486242462e-08	0.0009307575927274066
hypertension_TIA	hypertension	TIA	0.5153209810024241	0.49857201383821986	0.01674896716420421	0.03250200900344369	0.01674896716420421	OK	4.641705651672833e-28	2.3302383092312967e-21
hypertension_tinnitus	hypertension	tinnitus	0.025250734150974036	0.10416579222858596	-0.07891505807761193	nan	-0.07891505807761193	PROPORTIONAL_ATTENUATION_UNSTABLE	0.794107314314728	0.14995164328356617
hypertension_ulc_colitis	hypertension	ulc_colitis	0.038271715762285	0.043529467356773516	-0.005257751594488519	nan	-0.005257751594488519	PROPORTIONAL_ATTENUATION_UNSTABLE	0.1402091746234383	0.31646929765595266
hypertension_ulcer_peptic	hypertension	ulcer_peptic	0.34527241769359457	0.23474528354533486	0.11052713414825971	0.32011573610940713	0.11052713414825971	OK	7.406921003256327e-12	8.70388915117534e-05
hypertension_urine_incont	hypertension	urine_incont	0.24052826111442463	0.18706394906762025	0.05346431204680438	0.22227871186151482	0.05346431204680438	OK	2.1002720836697283e-12	0.00019868926902957357
hypertension_urolithiasis	hypertension	urolithiasis	0.1279510494757194	0.16280750644397782	-0.034856456968258426	-0.2724202506433755	-0.034856456968258426	ENHANCED	0.00015108960589255033	5.974985475434208e-05
hypertension_valve_nonrheumatic	hypertension	valve_nonrheumatic	0.44025042326596475	0.29974570524628413	0.14050471801968062	0.3191472639080206	0.14050471801968062	OK	4.762664642632689e-32	4.01782467589099e-12
hyperthyroid_hypothyroid	hyperthyroid	hypothyroid	0.386204434441006	0.39214814783519136	-0.005943713394185368	-0.015390070294734715	-0.005943713394185368	ENHANCED	7.779571863162674e-10	1.3457158501630105e-09
hyperthyroid_IBS	hyperthyroid	IBS	0.13922822233478607	0.14365955196624353	-0.0044313296314574535	-0.031827811611369716	-0.0044313296314574535	ENHANCED	0.005957503060105862	0.011526671002145862
hyperthyroid_IDA	hyperthyroid	IDA	0.36700057723481166	0.3534361570837085	0.013564420151103151	0.03696021475853006	0.013564420151103151	OK	3.7713535630776177e-06	0.00021481063882558942
hyperthyroid_insomnia	hyperthyroid	insomnia	0.09264157062409487	0.09766237051192155	-0.00502079988782668	nan	-0.00502079988782668	PROPORTIONAL_ATTENUATION_UNSTABLE	0.3726317548977812	0.4937598838119768
hyperthyroid_intervert_disc	hyperthyroid	intervert_disc	0.1960412996606107	0.17451444455262233	0.02152685510798838	0.10980775553547117	0.02152685510798838	OK	4.421319836259629e-05	0.0013509958006892092
hyperthyroid_isch_stroke_tia	hyperthyroid	isch_stroke_tia	0.22675364790321229	0.18842675605872689	0.0383268918444854	0.16902436718832803	0.0383268918444854	OK	0.006172641180517625	0.07557789856014076
hyperthyroid_migraine	hyperthyroid	migraine	0.11504834672929051	0.1230665258609805	-0.008018179131689993	-0.06969399699899048	-0.008018179131689993	ENHANCED	0.021103865515276283	0.02523315875319637
hyperthyroid_OA	hyperthyroid	OA	0.12647468161194758	0.13059201204885554	-0.004117330436907957	-0.03255458234353048	-0.004117330436907957	ENHANCED	0.00457913995836862	0.012737629341606315
hyperthyroid_osteoporosis	hyperthyroid	osteoporosis	0.15895519355729404	0.19475821156845344	-0.0358030180111594	-0.22523968679421924	-0.0358030180111594	ENHANCED	0.007434056250604896	0.002551115111521174
hyperthyroid_periph_neuro	hyperthyroid	periph_neuro	0.13429304865205047	0.06732504935717276	0.0669679992948777	nan	0.0669679992948777	PROPORTIONAL_ATTENUATION_UNSTABLE	0.11367952226214682	0.6168268688906541
hyperthyroid_peripheral_arterial	hyperthyroid	peripheral_arterial	0.1743452612494919	0.10772882670669237	0.06661643454279953	0.38209489644499106	0.06661643454279953	OK	0.058268692874461236	0.46787560046167
hyperthyroid_PMR	hyperthyroid	PMR	0.25042878576001637	0.25062631726086526	-0.00019753150084889093	-0.0007887731446263313	-0.00019753150084889093	ENHANCED	0.008677996500413291	0.01678229234138085
hyperthyroid_pri_bladder	hyperthyroid	pri_bladder	0.012754958452555164	0.017234049391614978	-0.004479090939059814	nan	-0.004479090939059814	PROPORTIONAL_ATTENUATION_UNSTABLE	0.9124427792295815	0.8984046144902241
hyperthyroid_pri_breast	hyperthyroid	pri_breast	0.05070752654140476	0.044267299442181204	0.006440227099223553	nan	0.006440227099223553	PROPORTIONAL_ATTENUATION_UNSTABLE	0.24407889952950312	0.3722668760928952
hyperthyroid_pri_colorectal	hyperthyroid	pri_colorectal	-0.023823955563499744	-0.015223470966630376	0.008600484596869368	nan	-0.008600484596869368	PROPORTIONAL_ATTENUATION_UNSTABLE	0.7693088259311127	0.8757604895777346
hyperthyroid_pri_prost	hyperthyroid	pri_prost	0.025397156362880757	0.027156812470126225	-0.0017596561072454678	nan	-0.0017596561072454678	PROPORTIONAL_ATTENUATION_UNSTABLE	0.7003693594458886	0.7199889225141142
hyperthyroid_pri_skin	hyperthyroid	pri_skin	-0.07117700039273211	-0.060179391347124016	0.010997609045608099	nan	-0.010997609045608099	PROPORTIONAL_ATTENUATION_UNSTABLE	0.21575967458831244	0.3627957864544031
hyperthyroid_psoriasis	hyperthyroid	psoriasis	0.135519060945354	0.12209869302694966	0.013420367918404327	nan	0.013420367918404327	PROPORTIONAL_ATTENUATION_UNSTABLE	0.07879947674826548	0.1614159474353623
hyperthyroid_RA	hyperthyroid	RA	0.3568336633011491	0.33578563222397195	0.02104803107717712	0.05898555333164768	0.02104803107717712	OK	3.667603240437843e-08	3.640022902507554e-06
hyperthyroid_raynauds	hyperthyroid	raynauds	0.11478277930874294	0.14977163535047108	-0.03498885604172815	nan	-0.03498885604172815	PROPORTIONAL_ATTENUATION_UNSTABLE	0.2811687530144443	0.22655891352546628
hyperthyroid_retinal_detach	hyperthyroid	retinal_detach	-0.017971239902465325	0.0013991285634321609	0.016572111339033163	nan	-0.019370368465897486	PROPORTIONAL_ATTENUATION_UNSTABLE	0.8438279514767928	0.9926104662215035
hyperthyroid_schizo	hyperthyroid	schizo	0.06414044361844172	0.04990454079113139	0.014235902827310333	nan	0.014235902827310333	PROPORTIONAL_ATTENUATION_UNSTABLE	0.09707214941525592	0.30019855216856894
hyperthyroid_scoliosis	hyperthyroid	scoliosis	0.14582909790153975	0.16660745852506686	-0.020778360623527115	nan	-0.020778360623527115	PROPORTIONAL_ATTENUATION_UNSTABLE	0.15379567370053931	0.14125001266404055
hyperthyroid_sinusitis	hyperthyroid	sinusitis	0.100369758854997	0.09803749457192537	0.0023322642830716223	nan	0.0023322642830716223	PROPORTIONAL_ATTENUATION_UNSTABLE	0.2714160481225598	0.34591283963179453
hyperthyroid_sleep_apnoea	hyperthyroid	sleep_apnoea	0.13213597917325054	0.11499928103244171	0.01713669814080883	0.12968987135850407	0.01713669814080883	OK	0.008353176227153437	0.050550778979506064
hyperthyroid_spondylolisthesis	hyperthyroid	spondylolisthesis	0.09450007342096824	0.07490529979125003	0.019594773629718204	nan	0.019594773629718204	PROPORTIONAL_ATTENUATION_UNSTABLE	0.38867098338525735	0.5757044794663662
hyperthyroid_spondylosis	hyperthyroid	spondylosis	0.1468214824162267	0.12555095871673547	0.02127052369949123	0.144873375131788	0.02127052369949123	OK	0.04423233727567348	0.1533969906656601
hyperthyroid_stroke_all	hyperthyroid	stroke_all	0.26992199770315545	0.23953885391945404	0.03038314378370141	0.11256268122731894	0.03038314378370141	OK	0.00010567405065688402	0.0019358294289815393
hyperthyroid_tendon	hyperthyroid	tendon	0.14423129642173313	0.12751794037691758	0.016713356044815553	0.11587884501811319	0.016713356044815553	OK	0.023575652294055147	0.07600773030655734
hyperthyroid_thromboembolic	hyperthyroid	thromboembolic	0.14819980102181704	0.12528610842106402	0.022913692600753016	0.15461351798562672	0.022913692600753016	OK	0.020773369387723242	0.08892247319504201
hyperthyroid_TIA	hyperthyroid	TIA	0.18778701574592216	0.14752785874544797	0.040259157000474194	0.21438733045816794	0.040259157000474194	OK	0.015941696853987868	0.10357670546057363
hyperthyroid_tinnitus	hyperthyroid	tinnitus	0.038456169009758394	0.07794464199663122	-0.03948847298687282	nan	-0.03948847298687282	PROPORTIONAL_ATTENUATION_UNSTABLE	0.708808158817117	0.44426901102022487
hyperthyroid_ulc_colitis	hyperthyroid	ulc_colitis	0.19345481449554053	0.19623532039101974	-0.0027805058954792072	-0.01437289582443202	-0.0027805058954792072	ENHANCED	0.0008820796676531249	0.0015546121790966415
hyperthyroid_ulcer_peptic	hyperthyroid	ulcer_peptic	0.13345683064251146	0.08586053104793391	0.04759629959457755	nan	0.04759629959457755	PROPORTIONAL_ATTENUATION_UNSTABLE	0.08273211517683071	0.40923774047529776
hyperthyroid_urine_incont	hyperthyroid	urine_incont	0.10055486411525463	0.07294798185853388	0.027606882256720755	nan	0.027606882256720755	PROPORTIONAL_ATTENUATION_UNSTABLE	0.185371545800379	0.43318752358969986
hyperthyroid_urolithiasis	hyperthyroid	urolithiasis	0.010609396720842093	0.00862008117014514	0.0019893155506969535	nan	0.0019893155506969535	PROPORTIONAL_ATTENUATION_UNSTABLE	0.879581871745745	0.917127803810858
hyperthyroid_valve_nonrheumatic	hyperthyroid	valve_nonrheumatic	0.254623198475413	0.2278792816199865	0.026743916855426486	0.10503330810216394	0.026743916855426486	OK	5.663121430035743e-05	0.0014533798296779818
hypothyroid_IBS	hypothyroid	IBS	0.1728966676897331	0.16710855934174595	0.005788108347987153	0.033477269546767885	0.005788108347987153	OK	2.6443071507048123e-10	6.655870684820614e-09
hypothyroid_IDA	hypothyroid	IDA	0.2247072674589722	0.1919430309851286	0.032764236473843605	0.14580853055776577	0.032764236473843605	OK	0.00435439740328383	0.042017297787116985
hypothyroid_insomnia	hypothyroid	insomnia	0.1050193391082245	0.08158924353047456	0.023430095577749943	0.22310267591385968	0.023430095577749943	OK	0.06856778862001732	0.334716134763342
hypothyroid_intervert_disc	hypothyroid	intervert_disc	0.17618675472978126	0.1348705220209509	0.041316232708830364	0.23450249011168478	0.041316232708830364	OK	2.4596179925335123e-08	7.485729769299031e-05
hypothyroid_isch_stroke_tia	hypothyroid	isch_stroke_tia	0.14416112908513845	0.11018427629266228	0.03397685279247617	0.2356866445767789	0.03397685279247617	OK	0.01043133572692661	0.09786129026133113
hypothyroid_migraine	hypothyroid	migraine	0.13628861394557956	0.12625072720159153	0.010037886743988034	0.0736516899936791	0.010037886743988034	OK	7.2298684616556525e-06	0.0001910286733031542
hypothyroid_OA	hypothyroid	OA	0.13756216162287402	0.07192026474861454	0.06564189687425948	0.47717988798559596	0.06564189687425948	OK	6.959355061754529e-06	0.06819815544994612
hypothyroid_osteoporosis	hypothyroid	osteoporosis	0.0787562615561862	0.10194126288488693	-0.02318500132870073	-0.29438930785408224	-0.02318500132870073	ENHANCED	0.03447022302870163	0.008402283574388169
hypothyroid_periph_neuro	hypothyroid	periph_neuro	0.21102581201405796	0.18002800951547165	0.030997802498586302	0.146891047131814	0.030997802498586302	OK	5.053362331804182e-06	0.004442352471834486
hypothyroid_peripheral_arterial	hypothyroid	peripheral_arterial	0.16624682983564462	0.12038463689260208	0.04586219294304254	0.2758680751289089	0.04586219294304254	OK	0.058268692874461236	0.3359264113659509
hypothyroid_PMR	hypothyroid	PMR	0.33179953072063106	0.3260248172477632	0.005774713472867843	0.01740422435295741	0.005774713472867843	OK	2.3050823322375657e-06	2.6615122540426843e-05
hypothyroid_pri_bladder	hypothyroid	pri_bladder	0.11394665771561104	0.09355913659697188	0.02038752111863916	nan	0.02038752111863916	PROPORTIONAL_ATTENUATION_UNSTABLE	0.12122877114961737	0.29106700378767425
hypothyroid_pri_breast	hypothyroid	pri_breast	-0.045072668308120796	-0.03722099116342818	0.007851677144692613	nan	-0.007851677144692613	PROPORTIONAL_ATTENUATION_UNSTABLE	0.07457735570219576	0.18041126643855637
hypothyroid_pri_colorectal	hypothyroid	pri_colorectal	-0.05696526030479577	-0.05716304187054731	-0.00019778156575154388	nan	0.00019778156575154388	PROPORTIONAL_ATTENUATION_UNSTABLE	0.2572605978202703	0.3314603046211139
hypothyroid_pri_prost	hypothyroid	pri_prost	-0.07413761986891046	-0.057270776710028615	0.016866843158881845	0.2275072114360518	-0.016866843158881845	OK	0.04126492841922884	0.1628716301212378
hypothyroid_pri_skin	hypothyroid	pri_skin	-0.15790733802298393	-0.1443432045697685	0.013564133453215416	0.08589932312861304	-0.013564133453215416	OK	9.267153787817042e-07	5.123456190936281e-05
hypothyroid_psoriasis	hypothyroid	psoriasis	0.2588265755919671	0.23230680510590188	0.026519770486065214	0.10246154370126537	0.026519770486065214	OK	1.7492388758752883e-11	5.616113723882869e-08
hypothyroid_RA	hypothyroid	RA	0.39612533774517933	0.38215071583641613	0.013974621908763196	0.03527828335422667	0.013974621908763196	OK	1.4288693810756164e-13	4.641865172119343e-11
hypothyroid_raynauds	hypothyroid	raynauds	0.0754746025579197	0.08430171122746657	-0.008827108669546876	nan	-0.008827108669546876	PROPORTIONAL_ATTENUATION_UNSTABLE	0.23435862553688294	0.27242421576517967
hypothyroid_retinal_detach	hypothyroid	retinal_detach	-0.07677704012501438	-0.06534559693529525	0.011431443189719129	nan	-0.011431443189719129	PROPORTIONAL_ATTENUATION_UNSTABLE	0.08024647318227175	0.21342186759598702
hypothyroid_schizo	hypothyroid	schizo	0.03999078810527728	0.04667152034166568	-0.006680732236388404	nan	-0.006680732236388404	PROPORTIONAL_ATTENUATION_UNSTABLE	0.09174815450103173	0.07456198736031319
hypothyroid_scoliosis	hypothyroid	scoliosis	0.04595884283452394	0.04921189651458023	-0.003253053680056288	nan	-0.003253053680056288	PROPORTIONAL_ATTENUATION_UNSTABLE	0.49898171555438775	0.5411915720579057
hypothyroid_sinusitis	hypothyroid	sinusitis	0.15225653543018525	0.13650086791467536	0.015755667515509886	0.10348105893119042	0.015755667515509886	OK	0.013448944704886027	0.05376771922743249
hypothyroid_sleep_apnoea	hypothyroid	sleep_apnoea	0.1698452597402505	0.09941882911305469	0.07042643062719581	0.41465055153674046	0.07042643062719581	OK	3.6543270753262398e-06	0.014796096700789726
hypothyroid_spondylolisthesis	hypothyroid	spondylolisthesis	0.06937076872472844	0.029467822824192132	0.03990294590053631	nan	0.03990294590053631	PROPORTIONAL_ATTENUATION_UNSTABLE	0.30958763793170524	0.7280104761607125
hypothyroid_spondylosis	hypothyroid	spondylosis	0.17835917464715242	0.12154054720194876	0.05681862744520366	0.31856296463362666	0.05681862744520366	OK	0.0011971682680108125	0.07589893503582863
hypothyroid_stroke_all	hypothyroid	stroke_all	0.09309209209155386	0.0497688339067158	0.043323258184838065	nan	0.043323258184838065	PROPORTIONAL_ATTENUATION_UNSTABLE	0.21398608570022587	0.5738714939595683
hypothyroid_tendon	hypothyroid	tendon	0.1802609778629288	0.14753710669220654	0.03272387117072226	0.1815360792927997	0.03272387117072226	OK	0.00023369112150515068	0.017853692260647435
hypothyroid_thromboembolic	hypothyroid	thromboembolic	0.10116279976161931	0.05170152640402204	0.049461273357597264	0.4889274859350289	0.049461273357597264	OK	0.015819271360093135	0.304974129813117
hypothyroid_TIA	hypothyroid	TIA	0.1245120205238706	0.09412535326283748	0.030386667261033118	nan	0.030386667261033118	PROPORTIONAL_ATTENUATION_UNSTABLE	0.07240655292497485	0.23493062039028953
hypothyroid_tinnitus	hypothyroid	tinnitus	0.2289052355266157	0.24585005069308644	-0.016944815166470728	-0.07402545917085623	-0.016944815166470728	ENHANCED	0.00015770584214263778	0.000328830098684471
hypothyroid_ulc_colitis	hypothyroid	ulc_colitis	0.034206612282725465	0.03938696779677683	-0.005180355514051362	nan	-0.005180355514051362	PROPORTIONAL_ATTENUATION_UNSTABLE	0.37408886761877325	0.34259453853472266
hypothyroid_ulcer_peptic	hypothyroid	ulcer_peptic	0.09476738846312383	0.032805180742361356	0.06196220772076247	nan	0.06196220772076247	PROPORTIONAL_ATTENUATION_UNSTABLE	0.12851767394786617	0.7028803472847995
hypothyroid_urine_incont	hypothyroid	urine_incont	0.10692510800021464	0.05129601916669723	0.05562908883351741	0.5202621711020927	0.05562908883351741	OK	0.01838687939384188	0.3627957864544031
hypothyroid_urolithiasis	hypothyroid	urolithiasis	0.02787839961247238	0.009139042232666919	0.018739357379805463	nan	0.018739357379805463	PROPORTIONAL_ATTENUATION_UNSTABLE	0.4448885681803758	0.8483760087314364
hypothyroid_valve_nonrheumatic	hypothyroid	valve_nonrheumatic	0.17127173503847973	0.15580325191279376	0.015468483125685967	0.0903154459328076	0.015468483125685967	OK	0.0009287918116014902	0.0052390094089114865
IBS_IDA	IBS	IDA	0.2693624014902941	0.2713848698525031	-0.0020224683622089845	-0.007508354362076197	-0.0020224683622089845	ENHANCED	8.047881878339416e-07	1.7404510716347246e-05
IBS_insomnia	IBS	insomnia	0.5130076283636793	0.5136668860453627	-0.0006592576816834006	-0.0012850835840125807	-0.0006592576816834006	ENHANCED	1.196407002275892e-09	2.0698285706912273e-06
IBS_intervert_disc	IBS	intervert_disc	0.4005489599622648	0.3937852756614307	0.006763684300834127	0.016886036357381395	0.006763684300834127	OK	5.526644101482998e-36	4.4773210417145016e-33
IBS_isch_stroke_tia	IBS	isch_stroke_tia	0.16540111480568728	0.1646824607276167	0.0007186540780705908	0.004344916773474372	0.0007186540780705908	OK	0.022141484710524403	0.058530810508259375
IBS_migraine	IBS	migraine	0.44274755363389917	0.4371023347308989	0.005645218903000293	0.012750423704584124	0.005645218903000293	OK	1.5077412857415384e-51	3.6703387699890006e-46
IBS_OA	IBS	OA	0.28201111271889445	0.283196744534316	-0.0011856318154215284	-0.004204202465607709	-0.0011856318154215284	ENHANCED	4.2750468903281004e-21	7.10451209158484e-18
IBS_osteoporosis	IBS	osteoporosis	0.24288620781637543	0.23383508739448602	0.009051120421889408	0.037264859554035135	0.009051120421889408	OK	1.3727227737480022e-09	1.333221142934561e-07
IBS_periph_neuro	IBS	periph_neuro	0.3572054245568054	0.39085060534240657	-0.03364518078560119	-0.09419000516956233	-0.03364518078560119	ENHANCED	3.2688649604256847e-07	0.00016379585826847712
IBS_peripheral_arterial	IBS	peripheral_arterial	0.16285262384330082	0.17824908350812785	-0.015396459664827028	-0.09454228799925102	-0.015396459664827028	ENHANCED	0.04469198548135411	0.1511257907949979
IBS_PMR	IBS	PMR	0.12215330795376951	0.11296859000959614	0.009184717944173373	nan	0.009184717944173373	PROPORTIONAL_ATTENUATION_UNSTABLE	0.07322168497091433	0.1387651957692137
IBS_pri_bladder	IBS	pri_bladder	0.1527434695683834	0.12867621104779245	0.02406725852059094	0.15756653026541345	0.02406725852059094	OK	0.06389390640542456	0.16834178676647388
IBS_pri_breast	IBS	pri_breast	0.020023997146000862	0.022674546081806784	-0.0026505489358059214	nan	-0.0026505489358059214	PROPORTIONAL_ATTENUATION_UNSTABLE	0.5211189310834129	0.5172434104080256
IBS_pri_colorectal	IBS	pri_colorectal	-0.04847385946819895	-0.04008309519513188	0.008390764273067071	nan	-0.008390764273067071	PROPORTIONAL_ATTENUATION_UNSTABLE	0.3856186024002799	0.5157867096783808
IBS_pri_prost	IBS	pri_prost	0.05683680000475718	0.07309955486995558	-0.016262754865198396	nan	-0.016262754865198396	PROPORTIONAL_ATTENUATION_UNSTABLE	0.19995484106197509	0.1308642872397959
IBS_pri_skin	IBS	pri_skin	0.011489632510108986	0.013832588127836531	-0.002342955617727545	nan	-0.002342955617727545	PROPORTIONAL_ATTENUATION_UNSTABLE	0.7887912814633512	0.7751639039601788
IBS_psoriasis	IBS	psoriasis	0.22018988926487998	0.20120840341334806	0.01898148585153192	0.0862050746966766	0.01898148585153192	OK	6.822676738233452e-07	2.9228240831125857e-05
IBS_RA	IBS	RA	0.2446916658951956	0.22478750391584723	0.019904161979348356	0.081343849233809	0.019904161979348356	OK	6.41015648731673e-10	2.439665772430187e-07
IBS_raynauds	IBS	raynauds	0.2929829713903096	0.2825727740763943	0.010410197313915293	0.03553174870373921	0.010410197313915293	OK	4.1367078521456866e-05	0.0004347399304812616
IBS_retinal_detach	IBS	retinal_detach	0.06398629833265458	0.0698605777074811	-0.005874279374826513	nan	-0.005874279374826513	PROPORTIONAL_ATTENUATION_UNSTABLE	0.252891450614076	0.2504029558176589
IBS_schizo	IBS	schizo	0.20718859686507382	0.21092215434769568	-0.0037335574826218576	-0.018020091545159822	-0.0037335574826218576	ENHANCED	1.742013149453605e-13	1.0101000606667175e-12
IBS_scoliosis	IBS	scoliosis	0.28612413815622434	0.280962635793165	0.005161502363059345	0.01803938107536096	0.005161502363059345	OK	5.019928294332978e-06	2.4334579955525974e-05
IBS_sinusitis	IBS	sinusitis	0.6166542258497651	0.6083683168862024	0.008285908963562738	0.013436880209723001	0.008285908963562738	OK	6.787143933632995e-19	8.801631953536207e-16
IBS_sleep_apnoea	IBS	sleep_apnoea	0.3113436196222946	0.36287391506741873	-0.05153029544512411	-0.16550939925358965	-0.05153029544512411	ENHANCED	4.8280273430888383e-17	6.603674648541178e-16
IBS_spondylolisthesis	IBS	spondylolisthesis	0.2439394197744628	0.2255439144009338	0.018395505373528992	0.07541013826521681	0.018395505373528992	OK	0.0003058081872544096	0.002325095133265585
IBS_spondylosis	IBS	spondylosis	0.5387445974258415	0.5763346236527701	-0.03759002622692864	-0.06977337017677088	-0.03759002622692864	ENHANCED	3.685735794378911e-28	2.5448812576084936e-26
IBS_stroke_all	IBS	stroke_all	0.12357874191089781	0.12992902897466027	-0.006350287063762464	-0.05138656508043371	-0.006350287063762464	ENHANCED	0.031002852626169954	0.0539639985773074
IBS_tendon	IBS	tendon	0.3873477731406614	0.37809707525273434	0.00925069788792704	0.023882150690892834	0.00925069788792704	OK	4.945417661110564e-20	7.200145509392897e-17
IBS_thromboembolic	IBS	thromboembolic	0.15073444564009453	0.13859035670750194	0.012144088932592584	0.08056611666313329	0.012144088932592584	OK	0.00011289323391862609	0.0026370738718026958
IBS_TIA	IBS	TIA	0.1751685806455258	0.16921790900533662	0.00595067164018917	0.033971112960212047	0.00595067164018917	OK	0.003092910940909058	0.009101693994624368
IBS_tinnitus	IBS	tinnitus	0.44396938148427734	0.44169039501745594	0.0022789864668213977	0.00513320639185133	0.0022789864668213977	OK	1.1264115948774584e-18	1.004143404943292e-16
IBS_ulc_colitis	IBS	ulc_colitis	0.15163792238718599	0.151058047148067	0.0005798752391189821	0.003824077974626694	0.0005798752391189821	OK	4.406128090801342e-06	1.263730110988236e-05
IBS_ulcer_peptic	IBS	ulcer_peptic	0.4110398263225115	0.42236197233418765	-0.011322146011676137	-0.027545131363481357	-0.011322146011676137	ENHANCED	2.9121590679212416e-15	3.46810043165916e-11
IBS_urine_incont	IBS	urine_incont	0.41126337787233186	0.4092877779356429	0.001975599936688943	0.004803734159140816	0.001975599936688943	OK	1.9803426689174873e-17	1.9575924113469556e-14
IBS_urolithiasis	IBS	urolithiasis	0.23963710189481038	0.2437084809747816	-0.00407137907997121	-0.016989769312760084	-0.00407137907997121	ENHANCED	7.260287761603754e-10	1.6570534787404794e-09
IBS_valve_nonrheumatic	IBS	valve_nonrheumatic	0.10173805097187469	0.10106468706477136	0.0006733639071033332	0.006618604353738622	0.0006733639071033332	OK	0.047498252952742015	0.0883862165991537
IDA_insomnia	IDA	insomnia	0.34033793760097736	0.260388439168571	0.07994949843240634	0.23491209647671307	0.07994949843240634	OK	0.0009886979771441423	0.09085552610184072
IDA_intervert_disc	IDA	intervert_disc	0.2566057792151648	0.12485443062099397	0.13175134859417084	0.5134387424832583	0.13175134859417084	OK	1.3495210641221374e-07	0.058806620233945686
IDA_isch_stroke_tia	IDA	isch_stroke_tia	0.3630432867149165	0.25041112884492706	0.11263215786998942	0.31024443087536	0.11263215786998942	OK	0.00014333219376864049	0.06117306229597105
IDA_migraine	IDA	migraine	0.2691212900107863	0.2742023253895715	-0.005081035378785237	-0.018880094468117337	-0.005081035378785237	ENHANCED	2.2570412015061303e-08	2.8142002453275223e-06
IDA_OA	IDA	OA	0.34996562558042316	0.20633043319555147	0.14363519238487168	0.41042657302885277	0.14363519238487168	OK	9.075039885343132e-15	0.0009260804873513736
IDA_osteoporosis	IDA	osteoporosis	0.20664423513675467	0.3009495827040309	-0.09430534756727621	-0.4563657316879228	-0.09430534756727621	ENHANCED	0.0036664406782423984	8.177943956649349e-05
IDA_periph_neuro	IDA	periph_neuro	0.4004040769134689	0.1965737625740583	0.20383031433941062	0.5090615358131338	0.20383031433941062	OK	2.8099729755533674e-05	0.2154398443354254
IDA_peripheral_arterial	IDA	peripheral_arterial	0.4572029084614212	0.24904238964759293	0.20816051881382827	0.4552913268078934	0.20816051881382827	OK	9.856858968784564e-06	0.14599502594691594
IDA_PMR	IDA	PMR	0.20513715136516575	0.16816091728613675	0.036976234079029	0.18025127985328904	0.036976234079029	OK	0.06983604545996748	0.23504266695286993
IDA_pri_bladder	IDA	pri_bladder	0.03544527118284445	0.01702161354038917	0.01842365764245528	nan	0.01842365764245528	PROPORTIONAL_ATTENUATION_UNSTABLE	0.8289086378906073	0.9363984606107079
IDA_pri_breast	IDA	pri_breast	0.0008268576391694862	0.014824462718296029	-0.013997605079126542	nan	-0.013997605079126542	PROPORTIONAL_ATTENUATION_UNSTABLE	0.9875705354733604	0.8090787647216454
IDA_pri_colorectal	IDA	pri_colorectal	0.034829814744225016	0.04766459455190108	-0.012834779807676062	nan	-0.012834779807676062	PROPORTIONAL_ATTENUATION_UNSTABLE	0.6730812799772208	0.6339538211393123
IDA_pri_prost	IDA	pri_prost	0.028748609129406497	0.07220061408212691	-0.04345200495272042	nan	-0.04345200495272042	PROPORTIONAL_ATTENUATION_UNSTABLE	0.6975406045873704	0.38877321473041293
IDA_pri_skin	IDA	pri_skin	0.01669042743717314	0.0688812006534736	-0.05219077321630046	nan	-0.05219077321630046	PROPORTIONAL_ATTENUATION_UNSTABLE	0.8005791733497692	0.33991459258410056
IDA_psoriasis	IDA	psoriasis	0.34566455628356163	0.2795817689039377	0.06608278737962392	0.1911760583443034	0.06608278737962392	OK	3.2041233521720103e-06	0.001794640894418496
IDA_RA	IDA	RA	0.4421440057101882	0.36840752262778964	0.07373648308239855	0.1667702878024101	0.07373648308239855	OK	6.837150116543057e-14	4.6298162385128473e-07
IDA_raynauds	IDA	raynauds	0.0965338902059806	0.13301113510935603	-0.03647724490337542	nan	-0.03647724490337542	PROPORTIONAL_ATTENUATION_UNSTABLE	0.3955324177239527	0.3797626278833533
IDA_retinal_detach	IDA	retinal_detach	-0.08931349528097877	-0.05919143248235892	0.030122062798619856	nan	-0.030122062798619856	PROPORTIONAL_ATTENUATION_UNSTABLE	0.27835202230237627	0.5835177945590471
IDA_schizo	IDA	schizo	-0.008401490984344338	0.03194819290432727	-0.023546701919982933	nan	-0.04034968388867161	PROPORTIONAL_ATTENUATION_UNSTABLE	0.8705409755439321	0.6174170005796448
IDA_scoliosis	IDA	scoliosis	0.24508803204372825	0.28444735872123844	-0.03935932667751019	-0.16059260972191303	-0.03935932667751019	ENHANCED	0.0045651463760305435	0.008634877781507164
IDA_sinusitis	IDA	sinusitis	0.14360064529532118	0.07702550462001342	0.06657514067530776	nan	0.06657514067530776	PROPORTIONAL_ATTENUATION_UNSTABLE	0.1619560814255558	0.5873764087815291
IDA_sleep_apnoea	IDA	sleep_apnoea	0.3203099752299399	0.1520647777973966	0.16824519743254332	0.5252574394904987	0.16824519743254332	OK	1.1822966097004538e-08	0.050125670416084185
IDA_spondylolisthesis	IDA	spondylolisthesis	0.2584426836904186	0.1693410677889692	0.08910161590144941	0.34476354535995213	0.08910161590144941	OK	0.018767825485839353	0.23501776683977665
IDA_spondylosis	IDA	spondylosis	0.41065780882019615	0.24785401237178392	0.16280379644841222	0.3964463671496743	0.16280379644841222	OK	2.3080559629670452e-07	0.02484412810563593
IDA_stroke_all	IDA	stroke_all	0.3153623933184895	0.2103956525610318	0.10496674075745768	0.3328448254495904	0.10496674075745768	OK	0.00036999701723325513	0.040359931732977396
IDA_tendon	IDA	tendon	0.3059315990057863	0.15512159932250652	0.1508099996832798	0.4929533273888044	0.1508099996832798	OK	5.8391072794759135e-06	0.10212626289453466
IDA_thromboembolic	IDA	thromboembolic	0.1296430987916149	-0.010083971291604628	0.11955912750001027	nan	0.13972707008321952	PROPORTIONAL_ATTENUATION_UNSTABLE	0.12720376996381733	0.9391597669801187
IDA_TIA	IDA	TIA	0.3783736178931758	0.28918297839528345	0.08919063949789235	0.2357210843465124	0.08919063949789235	OK	6.391476714242119e-05	0.009610552627115817
IDA_tinnitus	IDA	tinnitus	0.06886619583438981	0.10835206865366986	-0.03948587281928005	nan	-0.03948587281928005	PROPORTIONAL_ATTENUATION_UNSTABLE	0.6495750659822956	0.4829846303455034
IDA_ulc_colitis	IDA	ulc_colitis	0.15811014723679856	0.1850386621818813	-0.02692851494508275	-0.17031490651104408	-0.02692851494508275	ENHANCED	0.003133547690866406	0.005630758445413571
IDA_ulcer_peptic	IDA	ulcer_peptic	0.24517039858236692	0.04190701426410126	0.20326338431826566	0.8290698448653773	0.20326338431826566	OK	0.004719935679782863	0.7638334745328813
IDA_urine_incont	IDA	urine_incont	0.3203542038469944	0.199556753891814	0.12079744995518044	0.37707465207128965	0.12079744995518044	OK	3.157799206086414e-07	0.014718731073089627
IDA_urolithiasis	IDA	urolithiasis	0.06503318220203345	0.02563641164773393	0.03939677055429952	nan	0.03939677055429952	PROPORTIONAL_ATTENUATION_UNSTABLE	0.37244016591599993	0.7985806578353991
IDA_valve_nonrheumatic	IDA	valve_nonrheumatic	0.32532613849713377	0.2318129859283942	0.09351315256873957	0.287444325871662	0.09351315256873957	OK	6.678751846675768e-07	0.004782454001841503
insomnia_intervert_disc	insomnia	intervert_disc	0.4690212557590591	0.41040703899960884	0.05861421675945028	0.12497134413362487	0.05861421675945028	OK	1.1987500059182986e-13	3.7953009073808764e-07
insomnia_isch_stroke_tia	insomnia	isch_stroke_tia	0.2622701211361869	0.2430226514040519	0.01924746973213501	0.0733879621847604	0.01924746973213501	OK	0.05668799335718456	0.2035381811456696
insomnia_migraine	insomnia	migraine	0.3837095065256286	0.3872230784711826	-0.003513571945554017	-0.009156854041403095	-0.003513571945554017	ENHANCED	2.5543922937315875e-08	9.54557182166714e-06
insomnia_OA	insomnia	OA	0.48337582855912253	0.44765832613499107	0.035717502424131464	0.07389178422636578	0.035717502424131464	OK	3.058442731407017e-11	8.729055900995291e-06
insomnia_osteoporosis	insomnia	osteoporosis	0.13648401571667837	0.11118925182635914	0.025294763890319233	0.1853313280496348	0.025294763890319233	OK	0.06246918666831935	0.2743011532739971
insomnia_periph_neuro	insomnia	periph_neuro	0.4238344322690404	0.3132842424853449	0.11055018978369546	0.26083343250772206	0.11055018978369546	OK	0.0003775567362539147	0.11275518631039277
insomnia_peripheral_arterial	insomnia	peripheral_arterial	0.46881941742127914	0.48734238715246536	-0.018522969731186223	-0.039509817731251395	-0.018522969731186223	ENHANCED	6.538814328168657e-05	0.025700252695480017
insomnia_PMR	insomnia	PMR	0.13497711595176418	0.10169999825350215	0.033277117698262026	nan	0.033277117698262026	PROPORTIONAL_ATTENUATION_UNSTABLE	0.31771743153960313	0.5786370636674071
insomnia_pri_bladder	insomnia	pri_bladder	0.09686180608862409	0.02082674407821612	0.07603506201040797	nan	0.07603506201040797	PROPORTIONAL_ATTENUATION_UNSTABLE	0.5210654612550731	0.9306215842016511
insomnia_pri_breast	insomnia	pri_breast	-0.012604405993845434	-0.005622891405182707	0.0069815145886627265	nan	-0.0069815145886627265	PROPORTIONAL_ATTENUATION_UNSTABLE	0.8490500728671408	0.9489770094066925
insomnia_pri_colorectal	insomnia	pri_colorectal	-0.07267147103940343	-0.06340341511607861	0.009268055923324817	nan	-0.009268055923324817	PROPORTIONAL_ATTENUATION_UNSTABLE	0.5125000814829443	0.6531807902126832
insomnia_pri_prost	insomnia	pri_prost	0.055457526703101175	0.11520185659339842	-0.059744329890297244	nan	-0.059744329890297244	PROPORTIONAL_ATTENUATION_UNSTABLE	0.45623525850916896	0.2241307487523907
insomnia_pri_skin	insomnia	pri_skin	-0.011064435669871975	0.001769850224857391	0.009294585445014584	nan	-0.012834285894729366	PROPORTIONAL_ATTENUATION_UNSTABLE	0.8956024894362092	0.9902265316589012
insomnia_psoriasis	insomnia	psoriasis	0.19255189912736548	0.10772121083839407	0.0848306882889714	0.4405601226132766	0.0848306882889714	OK	0.03539181279100191	0.3985378006972576
insomnia_RA	insomnia	RA	0.2738615201272341	0.18353180418365028	0.0903297159435838	0.3298371961917733	0.0903297159435838	OK	0.0006957881363659285	0.10399293488643802
insomnia_raynauds	insomnia	raynauds	-0.02215267798778357	-0.10579926689351156	-0.08364658890572799	nan	0.08364658890572799	PROPORTIONAL_ATTENUATION_UNSTABLE	0.8810070317766434	0.5891377142941447
insomnia_retinal_detach	insomnia	retinal_detach	-0.023090380286257827	-0.002506553141319814	0.020583827144938012	nan	-0.020583827144938012	PROPORTIONAL_ATTENUATION_UNSTABLE	0.8552230348553801	0.9912921991914231
insomnia_schizo	insomnia	schizo	0.19272057377891463	0.23443160407499763	-0.041711030296083	-0.21643268011402395	-0.041711030296083	ENHANCED	0.00022346897434581488	0.0005823987925948548
insomnia_scoliosis	insomnia	scoliosis	0.20126465169323468	0.19575129741782704	0.005513354275407639	nan	0.005513354275407639	PROPORTIONAL_ATTENUATION_UNSTABLE	0.12306962506863742	0.2615197963787537
insomnia_sinusitis	insomnia	sinusitis	0.39829861219122714	0.33762974520471534	0.060668866986511805	0.15232005618283218	0.060668866986511805	OK	0.00561210321181894	0.07411297735478896
insomnia_sleep_apnoea	insomnia	sleep_apnoea	0.24856676768682934	0.24176457836162127	0.006802189325208069	0.027365642593776607	0.006802189325208069	OK	0.0002168720622791521	0.018924876233264033
insomnia_spondylolisthesis	insomnia	spondylolisthesis	0.5461296657177909	0.530288076227517	0.015841589490273922	0.029007011493237478	0.015841589490273922	OK	0.00017780657894506962	0.0048098379340779296
insomnia_spondylosis	insomnia	spondylosis	0.4973904763964555	0.4121273866972173	0.08526308969923818	0.17142083281722797	0.08526308969923818	OK	1.3947692063206669e-08	0.0014433049671652444
insomnia_stroke_all	insomnia	stroke_all	0.3228412949673753	0.3701167946270059	-0.047275499659630627	-0.14643572676911742	-0.047275499659630627	ENHANCED	0.0008428377160741402	0.004605602584884037
insomnia_tendon	insomnia	tendon	0.44292169599668224	0.31824670417200923	0.12467499182467301	0.28148314465409907	0.12467499182467301	OK	1.692478682448165e-08	0.005884291809836827
insomnia_thromboembolic	insomnia	thromboembolic	0.22315628659146208	0.16575615030007296	0.057400136291389126	0.2572194454753275	0.057400136291389126	OK	0.0034244737069842068	0.111324023603745
insomnia_TIA	insomnia	TIA	0.3467763090994779	0.3366237964663089	0.010152512633168964	0.029276834566736687	0.010152512633168964	OK	0.0005975953581443655	0.017329070710221117
insomnia_tinnitus	insomnia	tinnitus	0.2927020083556008	0.2876119757960344	0.00509003255956636	0.01738981084606206	0.00509003255956636	OK	0.0037257289543339922	0.041194567399145336
insomnia_ulc_colitis	insomnia	ulc_colitis	0.07820139454802755	0.08687775431100807	-0.00867635976298052	nan	-0.00867635976298052	PROPORTIONAL_ATTENUATION_UNSTABLE	0.3217241312441636	0.3825512086120555
insomnia_ulcer_peptic	insomnia	ulcer_peptic	0.42052015438284274	0.3033543396898682	0.11716581469297455	0.27862116350862565	0.11716581469297455	OK	3.0201258518346694e-05	0.04261406014270838
insomnia_urine_incont	insomnia	urine_incont	0.4133631404981736	0.35221517467321006	0.06114796582496351	0.14792795930297442	0.06114796582496351	OK	6.258723184669757e-06	0.0048578527304277905
insomnia_urolithiasis	insomnia	urolithiasis	0.03654004342362684	0.02382498319648768	0.012715060227139162	nan	0.012715060227139162	PROPORTIONAL_ATTENUATION_UNSTABLE	0.705764239857772	0.8627025088842784
insomnia_valve_nonrheumatic	insomnia	valve_nonrheumatic	0.24339335138722534	0.24421503774141343	-0.0008216863541880837	-0.003375960557282509	-0.0008216863541880837	ENHANCED	0.0025882567632989437	0.026177733173321064
intervert_disc_isch_stroke_tia	intervert_disc	isch_stroke_tia	0.23464492656649058	0.13951332815583709	0.0951315984106535	0.4054278939787618	0.0951315984106535	OK	0.00012651335345355597	0.0812451762478256
intervert_disc_migraine	intervert_disc	migraine	0.3176326331728748	0.3008349148763586	0.016797718296516218	0.05288410743166272	0.016797718296516218	OK	4.0004524688769805e-31	4.692680300343485e-23
intervert_disc_OA	intervert_disc	OA	0.5546985874910134	0.494925633587891	0.05977295390312243	0.10775753760882034	0.05977295390312243	OK	3.8065745450417726e-103	8.836333038161803e-54
intervert_disc_osteoporosis	intervert_disc	osteoporosis	0.049480208017686926	0.0755039727777401	-0.02602376476005317	nan	-0.02602376476005317	PROPORTIONAL_ATTENUATION_UNSTABLE	0.20799880241268145	0.08655012395225008
intervert_disc_periph_neuro	intervert_disc	periph_neuro	0.5198531812404883	0.4418803500135256	0.07797283122696269	0.14999010112990308	0.07797283122696269	OK	6.741568761716515e-23	7.2674826987159525e-09
intervert_disc_peripheral_arterial	intervert_disc	peripheral_arterial	0.3960473815330568	0.2544325571917422	0.14161482434131462	0.357570409361473	0.14161482434131462	OK	4.2231925371683746e-13	0.008152885735286691
intervert_disc_PMR	intervert_disc	PMR	0.18021201468519105	0.1508615658771856	0.02935044880800544	0.16286621543672986	0.02935044880800544	OK	0.0011269388811199798	0.019491802261529245
intervert_disc_pri_bladder	intervert_disc	pri_bladder	0.02123952247738435	-0.03328844828032796	-0.01204892580294361	nan	0.05452797075771231	PROPORTIONAL_ATTENUATION_UNSTABLE	0.7921588368356428	0.7190325990016255
intervert_disc_pri_breast	intervert_disc	pri_breast	0.012773857530416115	0.02369743172437967	-0.010923574193963554	nan	-0.010923574193963554	PROPORTIONAL_ATTENUATION_UNSTABLE	0.683278757757387	0.5045975446100281
intervert_disc_pri_colorectal	intervert_disc	pri_colorectal	-0.06218084835646344	-0.05953753976031768	0.0026433085961457617	nan	-0.0026433085961457617	PROPORTIONAL_ATTENUATION_UNSTABLE	0.21901722126632706	0.3237111048888988
intervert_disc_pri_prost	intervert_disc	pri_prost	0.007033403476208221	0.043901536800941846	-0.036868133324733626	nan	-0.036868133324733626	PROPORTIONAL_ATTENUATION_UNSTABLE	0.8705409755439321	0.3282353265134032
intervert_disc_pri_skin	intervert_disc	pri_skin	0.028055563870095255	0.0625397378855221	-0.03448417401542685	nan	-0.03448417401542685	PROPORTIONAL_ATTENUATION_UNSTABLE	0.4008750501186093	0.09077417609989939
intervert_disc_psoriasis	intervert_disc	psoriasis	0.22818344059820042	0.14870279347640555	0.07948064712179487	0.3483190844762014	0.07948064712179487	OK	1.9366774110517835e-09	0.0005082303345318117
intervert_disc_RA	intervert_disc	RA	0.3041004427140118	0.2136073965350589	0.09049304617895293	0.2975761737514345	0.09049304617895293	OK	5.697507554964612e-19	2.6965448296177472e-08
intervert_disc_raynauds	intervert_disc	raynauds	0.11159075761908213	0.11551050115120103	-0.003919743532118894	nan	-0.003919743532118894	PROPORTIONAL_ATTENUATION_UNSTABLE	0.08284632080070152	0.14551054181748527
intervert_disc_retinal_detach	intervert_disc	retinal_detach	-0.0583967084501785	-0.029273172464432014	0.029123535985746483	nan	-0.029123535985746483	PROPORTIONAL_ATTENUATION_UNSTABLE	0.28549266320763117	0.6655852763005886
intervert_disc_schizo	intervert_disc	schizo	-0.013104364322040936	-0.012989937249243966	0.00011442707279697012	nan	-0.00011442707279697012	PROPORTIONAL_ATTENUATION_UNSTABLE	0.6303754813379098	0.6853919660636753
intervert_disc_scoliosis	intervert_disc	scoliosis	0.35967666643107943	0.38109753979331795	-0.021420873362238524	-0.05955591608093136	-0.021420873362238524	ENHANCED	5.80519345162549e-12	3.407127190116193e-11
intervert_disc_sinusitis	intervert_disc	sinusitis	0.4373074141332665	0.4052209324569168	0.0320864816763497	0.07337282799090972	0.0320864816763497	OK	2.970803255454881e-12	1.9556311978702432e-08
intervert_disc_sleep_apnoea	intervert_disc	sleep_apnoea	0.3412521813258889	0.24043308409822758	0.10081909722766133	0.2954386894640276	0.10081909722766133	OK	5.049667498105606e-35	1.830939424998307e-11
intervert_disc_spondylolisthesis	intervert_disc	spondylolisthesis	0.5432690703951074	0.4938957326929842	0.04937333770212321	0.09088192277578966	0.04937333770212321	OK	6.503723514181668e-15	1.5279218211458602e-10
intervert_disc_spondylosis	intervert_disc	spondylosis	0.840442077829084	0.8224487821655111	0.017993295663572884	0.021409322710317813	0.017993295663572884	OK	6.474307601577728e-169	1.4025111428611278e-100
intervert_disc_stroke_all	intervert_disc	stroke_all	0.22986346895375176	0.1468911063353766	0.08297236261837515	0.3609636755071729	0.08297236261837515	OK	1.6878023539466048e-06	0.009809944396990613
intervert_disc_tendon	intervert_disc	tendon	0.5776253907354204	0.5117803074129635	0.06584508332245687	0.11399270942474382	0.06584508332245687	OK	4.777266387555676e-73	1.1950213036776189e-40
intervert_disc_thromboembolic	intervert_disc	thromboembolic	0.22084716111956962	0.13356561202558553	0.08728154909398408	0.3952124566669376	0.08728154909398408	OK	1.0304652040473527e-09	0.0015055656675718211
intervert_disc_TIA	intervert_disc	TIA	0.28366740560527914	0.20452370714202955	0.07914369846324959	0.2790017354809434	0.07914369846324959	OK	2.279080509633742e-09	0.0002887484030354511
intervert_disc_tinnitus	intervert_disc	tinnitus	0.15915357735520583	0.17955892818673824	-0.020405350831532415	-0.1282117007397885	-0.020405350831532415	ENHANCED	0.007902733762714229	0.003985521684080351
intervert_disc_ulc_colitis	intervert_disc	ulc_colitis	0.08220836525159163	0.09287870223967866	-0.010670336988087031	-0.12979624342889418	-0.010670336988087031	ENHANCED	0.02279226230353228	0.01522864780949874
intervert_disc_ulcer_peptic	intervert_disc	ulcer_peptic	0.537677457638398	0.4403102364090219	0.09736722122937613	0.18108853150927173	0.09736722122937613	OK	1.0805939585636666e-30	4.4455700808785574e-13
intervert_disc_urine_incont	intervert_disc	urine_incont	0.4387122203470275	0.3546734124627943	0.08403880788423318	0.19155793704072643	0.08403880788423318	OK	1.981752842768386e-32	4.699157084044276e-17
intervert_disc_urolithiasis	intervert_disc	urolithiasis	0.1614665500421856	0.13985987495785993	0.021606675084325677	0.13381517768652762	0.021606675084325677	OK	4.479868535358638e-05	0.0015935027138563992
intervert_disc_valve_nonrheumatic	intervert_disc	valve_nonrheumatic	0.1941315863966443	0.13157926932816882	0.06255231706847547	0.3222160712202202	0.06255231706847547	OK	1.6182558212345334e-05	0.01606954859049183
isch_stroke_tia_migraine	isch_stroke_tia	migraine	0.3260214244349568	0.33386786453774475	-0.007846440102787955	-0.02406725299230561	-0.007846440102787955	ENHANCED	2.8579592541737022e-08	1.0055359560536239e-06
isch_stroke_tia_OA	isch_stroke_tia	OA	0.22711674421150344	0.13681514880176715	0.09030159540973628	0.39759990274271695	0.09030159540973628	OK	9.817370771879034e-06	0.04958541720958434
isch_stroke_tia_osteoporosis	isch_stroke_tia	osteoporosis	0.1591278227862293	0.21864899095630158	-0.059521168170072275	-0.3740462675093117	-0.059521168170072275	ENHANCED	0.027865836832449472	0.011962688816788594
isch_stroke_tia_periph_neuro	isch_stroke_tia	periph_neuro	0.3908520803906041	0.3385549730619927	0.05229710732861137	0.13380281173467834	0.05229710732861137	OK	0.0011971682680108125	0.08345292512174807
isch_stroke_tia_peripheral_arterial	isch_stroke_tia	peripheral_arterial	0.7442029940828079	0.7269032547837773	0.017299739299030614	0.023245995295076205	0.017299739299030614	OK	2.8885421923737625e-11	0.0001211298368685593
isch_stroke_tia_PMR	isch_stroke_tia	PMR	0.254115980155616	0.23418339627489887	0.019932583880717114	nan	0.019932583880717114	PROPORTIONAL_ATTENUATION_UNSTABLE	0.08271488488033361	0.18540709517230833
isch_stroke_tia_pri_bladder	isch_stroke_tia	pri_bladder	0.08468891100363399	0.07118437614001287	0.013504534863621118	nan	0.013504534863621118	PROPORTIONAL_ATTENUATION_UNSTABLE	0.5326723293280515	0.6548039663454059
isch_stroke_tia_pri_breast	isch_stroke_tia	pri_breast	0.0068789152154597666	0.016181860850108608	-0.00930294563464884	nan	-0.00930294563464884	PROPORTIONAL_ATTENUATION_UNSTABLE	0.9218833435502268	0.8549380866976718
isch_stroke_tia_pri_colorectal	isch_stroke_tia	pri_colorectal	-0.0804543882494313	-0.06547670472134981	0.014977683528081487	nan	-0.014977683528081487	PROPORTIONAL_ATTENUATION_UNSTABLE	0.3860912760058858	0.5740247194172571
isch_stroke_tia_pri_prost	isch_stroke_tia	pri_prost	0.0667523153104278	0.11212677995081878	-0.04537446464039098	nan	-0.04537446464039098	PROPORTIONAL_ATTENUATION_UNSTABLE	0.4284103775773628	0.2389777128176326
isch_stroke_tia_pri_skin	isch_stroke_tia	pri_skin	-0.020781584157966954	0.013694558735012482	0.007087025422954472	nan	-0.034476142892979435	PROPORTIONAL_ATTENUATION_UNSTABLE	0.7974423670583198	0.892978614223304
isch_stroke_tia_psoriasis	isch_stroke_tia	psoriasis	0.1362861236699047	0.06063065433328806	0.07565546933661663	nan	0.07565546933661663	PROPORTIONAL_ATTENUATION_UNSTABLE	0.08925591336389198	0.5738446117525674
isch_stroke_tia_RA	isch_stroke_tia	RA	0.33709161889121325	0.26382117270050726	0.073270446190706	0.2173606286377353	0.073270446190706	OK	6.657549071165539e-06	0.004406321866744445
isch_stroke_tia_raynauds	isch_stroke_tia	raynauds	0.16211623591379867	0.16826451086130972	-0.006148274947511051	nan	-0.006148274947511051	PROPORTIONAL_ATTENUATION_UNSTABLE	0.17297643330491383	0.27020725997147704
isch_stroke_tia_retinal_detach	isch_stroke_tia	retinal_detach	-0.015918260231114235	0.006430198524734487	0.009488061706379749	nan	-0.022348458755848722	PROPORTIONAL_ATTENUATION_UNSTABLE	0.8799891946057881	0.9632740241645126
isch_stroke_tia_schizo	isch_stroke_tia	schizo	0.03233010686044817	0.048554414703055195	-0.016224307842607026	nan	-0.016224307842607026	PROPORTIONAL_ATTENUATION_UNSTABLE	0.5405046155094185	0.45217916454458673
isch_stroke_tia_scoliosis	isch_stroke_tia	scoliosis	0.013567884535283608	0.01186681474541141	0.0017010697898721984	nan	0.0017010697898721984	PROPORTIONAL_ATTENUATION_UNSTABLE	0.9143608128767554	0.9424006971377035
isch_stroke_tia_sinusitis	isch_stroke_tia	sinusitis	0.10014116225784245	0.03396754106248664	0.0661736211953558	nan	0.0661736211953558	PROPORTIONAL_ATTENUATION_UNSTABLE	0.48654798800709254	0.8676462457180524
isch_stroke_tia_sleep_apnoea	isch_stroke_tia	sleep_apnoea	0.3536590295949344	0.27497162857802354	0.07868740101691085	0.22249509960776614	0.07868740101691085	OK	9.40308105668388e-10	0.00045905303795474586
isch_stroke_tia_spondylolisthesis	isch_stroke_tia	spondylolisthesis	0.16980940794000715	0.10849730943474495	0.0613120985052622	nan	0.0613120985052622	PROPORTIONAL_ATTENUATION_UNSTABLE	0.22193352494137472	0.5493453441070644
isch_stroke_tia_spondylosis	isch_stroke_tia	spondylosis	0.369888352343416	0.27627305031608607	0.09361530202732993	0.25309070002943623	0.09361530202732993	OK	3.6223526643431077e-07	0.0052390094089114865
isch_stroke_tia_stroke_all	isch_stroke_tia	stroke_all	0.8972141187016454	0.8814635440274805	0.015750574674164852	0.017554978623115614	0.015750574674164852	OK	1.2276776388252173e-74	2.880590972277665e-49
isch_stroke_tia_tendon	isch_stroke_tia	tendon	0.2657047103820836	0.18849983463339542	0.07720487574868817	0.2905664549102931	0.07720487574868817	OK	0.00014287269178295028	0.045727088304808136
isch_stroke_tia_thromboembolic	isch_stroke_tia	thromboembolic	0.2975108963781108	0.2657472570520699	0.03176363932604087	0.10676462513719842	0.03176363932604087	OK	0.0003244534319572946	0.011464460654828154
isch_stroke_tia_TIA	isch_stroke_tia	TIA	0.9102292005637556	0.9051655218139797	0.005063678749775868	0.005563080976351498	0.005063678749775868	OK	6.066604881371712e-67	2.385685632792659e-43
isch_stroke_tia_tinnitus	isch_stroke_tia	tinnitus	0.11080103999998367	0.1376224062966199	-0.02682136629663623	nan	-0.02682136629663623	PROPORTIONAL_ATTENUATION_UNSTABLE	0.2588079924406924	0.2564372420730021
isch_stroke_tia_ulc_colitis	isch_stroke_tia	ulc_colitis	0.05384975046355702	0.053621657315570066	0.00022809314798695468	nan	0.00022809314798695468	PROPORTIONAL_ATTENUATION_UNSTABLE	0.47429218206233054	0.5551057897564021
isch_stroke_tia_ulcer_peptic	isch_stroke_tia	ulcer_peptic	0.2763165816432278	0.1331417711661573	0.1431748104770705	0.5181549714665108	0.1431748104770705	OK	0.003957797145760343	0.34118443646490726
isch_stroke_tia_urine_incont	isch_stroke_tia	urine_incont	0.27510357165860216	0.1973425175009729	0.07776105415762927	0.2826610126826311	0.07776105415762927	OK	0.0003710896258783005	0.04335344132568292
isch_stroke_tia_urolithiasis	isch_stroke_tia	urolithiasis	0.17903458310996448	0.1761087361365712	0.0029258469733932924	0.01634235644627502	0.0029258469733932924	OK	0.004888100238177967	0.01921082079189775
isch_stroke_tia_valve_nonrheumatic	isch_stroke_tia	valve_nonrheumatic	0.5767876708366546	0.5156417342581776	0.061145936578477	0.10601117130292026	0.061145936578477	OK	1.30158580101608e-13	1.5504334292197195e-08
migraine_OA	migraine	OA	0.24365869756511238	0.23637219301922818	0.007286504545884198	0.02990455345406684	0.007286504545884198	OK	4.388679573763027e-20	8.31083685982301e-14
migraine_osteoporosis	migraine	osteoporosis	0.24547288203867507	0.24203166994393913	0.0034412120947359404	0.01401870571672259	0.0034412120947359404	OK	8.998417474033576e-12	1.8422912288360262e-10
migraine_periph_neuro	migraine	periph_neuro	0.2736162097311233	0.30681395502662434	-0.03319774529550101	-0.12132960005594584	-0.03319774529550101	ENHANCED	5.472562766334042e-07	0.0003790715274120922
migraine_peripheral_arterial	migraine	peripheral_arterial	0.15746234708839638	0.13309308363763353	0.024369263450762846	0.1547624806905895	0.024369263450762846	OK	0.006280547097489794	0.1614159474353623
migraine_PMR	migraine	PMR	0.11369695790649452	0.10342375777531576	0.010273200131178759	0.09035598067300565	0.010273200131178759	OK	0.06617330055902325	0.1365361944445304
migraine_pri_bladder	migraine	pri_bladder	0.07031236872322519	0.045489899357713026	0.024822469365512162	nan	0.024822469365512162	PROPORTIONAL_ATTENUATION_UNSTABLE	0.3315280391914482	0.5933726122300389
migraine_pri_breast	migraine	pri_breast	0.058571667469146466	0.06231138878420487	-0.0037397213150584044	-0.06384864007889757	-0.0037397213150584044	ENHANCED	0.030166809995797402	0.040359931732977396
migraine_pri_colorectal	migraine	pri_colorectal	-0.02153771683046075	-0.02222689972727846	-0.0006891828968177104	nan	0.0006891828968177104	PROPORTIONAL_ATTENUATION_UNSTABLE	0.6663939944864398	0.6930710224876204
migraine_pri_prost	migraine	pri_prost	0.030217360804099574	0.04084721404538046	-0.01062985324128089	nan	-0.01062985324128089	PROPORTIONAL_ATTENUATION_UNSTABLE	0.4669335560709807	0.3708491685431215
migraine_pri_skin	migraine	pri_skin	0.027023591240350562	0.030078639043606657	-0.0030550478032560953	nan	-0.0030550478032560953	PROPORTIONAL_ATTENUATION_UNSTABLE	0.39534831225931244	0.387893104957589
migraine_psoriasis	migraine	psoriasis	0.07558625175736876	0.0468344817432268	0.02875177001414196	nan	0.02875177001414196	PROPORTIONAL_ATTENUATION_UNSTABLE	0.07834302317496306	0.34356267221403636
migraine_RA	migraine	RA	0.22709446594684685	0.20901488970699816	0.018079576239848683	0.07961257956889334	0.018079576239848683	OK	3.604215819927177e-11	3.771484502054351e-08
migraine_raynauds	migraine	raynauds	0.1342389696160256	0.11620513808461182	0.018033831531413788	0.13434125413058062	0.018033831531413788	OK	0.04431196837973253	0.13903815995783458
migraine_retinal_detach	migraine	retinal_detach	0.11008058776523628	0.11739655700177198	-0.007315969236535699	-0.0664601214897047	-0.007315969236535699	ENHANCED	0.03854888063728971	0.045727088304808136
migraine_schizo	migraine	schizo	0.0010254985526233131	-0.004960992871684656	-0.003935494319061343	nan	0.005986491424307969	PROPORTIONAL_ATTENUATION_UNSTABLE	0.9706147252406077	0.8814127678201539
migraine_scoliosis	migraine	scoliosis	0.15450126153122604	0.14133815777294212	0.013163103758283917	0.08519738691987022	0.013163103758283917	OK	0.003843989340871716	0.016870944496708035
migraine_sinusitis	migraine	sinusitis	0.2890608597389047	0.27207963322148165	0.016981226517423065	0.05874619805933401	0.016981226517423065	OK	1.0731835679806636e-05	0.00017241259554083482
migraine_sleep_apnoea	migraine	sleep_apnoea	0.2576597648614398	0.27946164497050713	-0.021801880109067306	-0.0846149965276557	-0.021801880109067306	ENHANCED	7.924281441102757e-21	8.681558859297515e-17
migraine_spondylolisthesis	migraine	spondylolisthesis	0.21445054969724042	0.19341547114689084	0.021035078550349584	0.0980882472907938	0.021035078550349584	OK	0.0003088184027926086	0.0038332726097569897
migraine_spondylosis	migraine	spondylosis	0.41137001178364296	0.4230292034253273	-0.01165919164168433	-0.028342347054253425	-0.01165919164168433	ENHANCED	4.701370281407494e-28	2.5403428369308522e-18
migraine_stroke_all	migraine	stroke_all	0.2606733408298979	0.2639786258829561	-0.0033052850530582156	-0.012679797030779039	-0.0033052850530582156	ENHANCED	2.2161534454817829e-10	3.742816937382563e-08
migraine_tendon	migraine	tendon	0.3588150393025956	0.35154224057551536	0.007272798727080254	0.020268935051373282	0.007272798727080254	OK	5.151944213957308e-25	2.2556013980268353e-19
migraine_thromboembolic	migraine	thromboembolic	0.24670581677620004	0.2548665600245538	-0.00816074324835378	-0.03307884408642381	-0.00816074324835378	ENHANCED	5.402293280677757e-09	2.6508122699939585e-08
migraine_TIA	migraine	TIA	0.42310788360052015	0.425314460923787	-0.002206577323266845	-0.005215164757719881	-0.002206577323266845	ENHANCED	4.227183288949472e-21	4.738874885564303e-18
migraine_tinnitus	migraine	tinnitus	0.23841323128836753	0.2305614036956132	0.007851827592754324	0.03293369059394746	0.007851827592754324	OK	6.70659670423534e-05	0.00018939712740244645
migraine_ulc_colitis	migraine	ulc_colitis	0.08703297470051156	0.0894103796541753	-0.002377404953663731	-0.027316140369148645	-0.002377404953663731	ENHANCED	0.010348399416811002	0.012737629341606315
migraine_ulcer_peptic	migraine	ulcer_peptic	0.25333014536654774	0.2292043500767766	0.024125795289771157	0.09523460089940394	0.024125795289771157	OK	3.5448299002552646e-08	3.1007215915025804e-05
migraine_urine_incont	migraine	urine_incont	0.30813042242072364	0.30141570513281335	0.006714717287910288	0.021791802429498408	0.006714717287910288	OK	5.820630828286336e-16	1.8153502433567815e-13
migraine_urolithiasis	migraine	urolithiasis	0.19498386233147594	0.19104434740325488	0.003939514928221061	0.020204312711396666	0.003939514928221061	OK	1.9298639660785917e-08	2.081028723996751e-07
migraine_valve_nonrheumatic	migraine	valve_nonrheumatic	0.09398566808012825	0.0865208533191813	0.0074648147609469445	0.07942503270373902	0.0074648147609469445	OK	0.03922517514013442	0.0901480445542073
OA_osteoporosis	OA	osteoporosis	0.0545064783249517	0.11988092628873348	-0.06537444796378178	nan	-0.06537444796378178	PROPORTIONAL_ATTENUATION_UNSTABLE	0.14089624417176744	0.0054742586921580575
OA_periph_neuro	OA	periph_neuro	0.6593716174603824	0.6133559322196396	0.04601568524074284	0.06978717922068833	0.04601568524074284	OK	2.0622831251179472e-32	1.953930064656499e-11
OA_peripheral_arterial	OA	peripheral_arterial	0.3520853536579532	0.1860518792186063	0.16603347443934688	0.4715716592989735	0.16603347443934688	OK	2.004339374683134e-10	0.06316631629425426
OA_PMR	OA	PMR	0.21911620666221773	0.1913901915196021	0.027726015142615634	0.12653566600556	0.027726015142615634	OK	1.28811008172005e-05	0.0016910378765770634
OA_pri_bladder	OA	pri_bladder	0.02484507752364321	-0.029571628790959627	-0.004726551267316418	nan	0.05441670631460284	PROPORTIONAL_ATTENUATION_UNSTABLE	0.7335470996587703	0.7493256005466986
OA_pri_breast	OA	pri_breast	-0.023862280165971344	0.004779485820686134	0.01908279434528521	nan	-0.028641765986657478	PROPORTIONAL_ATTENUATION_UNSTABLE	0.40128636521518507	0.9060123695072139
OA_pri_colorectal	OA	pri_colorectal	-0.03506606276304136	-0.0455990631462057	-0.010533000383164341	nan	0.010533000383164341	PROPORTIONAL_ATTENUATION_UNSTABLE	0.434367138620515	0.4291882455723931
OA_pri_prost	OA	pri_prost	-0.05543351279128794	-0.00781804233516951	0.047615470456118435	nan	-0.047615470456118435	PROPORTIONAL_ATTENUATION_UNSTABLE	0.1182634211484869	0.8763724512830148
OA_pri_skin	OA	pri_skin	0.06380884471132604	0.1260020883738218	-0.06219324366249575	-0.9746806096217642	-0.06219324366249575	ENHANCED	0.058216526401657274	0.0019700112618668553
OA_psoriasis	OA	psoriasis	0.17354016708063014	0.0721866973725318	0.10135346970809833	0.5840346440429987	0.10135346970809833	OK	7.421995449672335e-06	0.15293506050861672
OA_RA	OA	RA	0.33796489271227526	0.27350742654307725	0.06445746616919801	0.1907223725278281	0.06445746616919801	OK	4.544420758771594e-26	7.010016039129848e-13
OA_raynauds	OA	raynauds	0.10635811110869073	0.13462608497659467	-0.028267973867903945	-0.26578108216886265	-0.028267973867903945	ENHANCED	0.05477030710112036	0.07051017779637243
OA_retinal_detach	OA	retinal_detach	-0.02533330165046747	0.006707470013298363	0.018625831637169108	nan	-0.03204077166376584	PROPORTIONAL_ATTENUATION_UNSTABLE	0.5758718281474758	0.9199899292591719
OA_schizo	OA	schizo	-0.10884890747571364	-0.06769769979250151	0.041151207683212135	0.37805806817485776	-0.041151207683212135	OK	3.484557831344394e-07	0.011958569618094361
OA_scoliosis	OA	scoliosis	0.38563553753498936	0.44257191580424804	-0.05693637826925868	-0.14764297562719508	-0.05693637826925868	ENHANCED	2.7000064732501047e-17	1.3272454088985138e-14
OA_sinusitis	OA	sinusitis	0.339214591317963	0.31138108550912236	0.027833505808840642	0.08205279643395669	0.027833505808840642	OK	2.640966103795096e-10	5.260877189186993e-06
OA_sleep_apnoea	OA	sleep_apnoea	0.3747395395624272	0.1730004538913592	0.20173908567106802	0.5383448085212279	0.20173908567106802	OK	1.5171754025856757e-50	3.296587311094103e-06
OA_spondylolisthesis	OA	spondylolisthesis	0.5456306552391482	0.5048436366275694	0.04078701861157885	0.07475206574253423	0.04078701861157885	OK	7.503768303941225e-18	1.4162291735956219e-11
OA_spondylosis	OA	spondylosis	0.7382033095426269	0.6714426541558262	0.06676065538680076	0.0904366785190438	0.06676065538680076	OK	3.6582188152212034e-123	1.222544274408139e-57
OA_stroke_all	OA	stroke_all	0.22698470505820167	0.14288799785031217	0.0840967072078895	0.37049503924207616	0.0840967072078895	OK	3.1786134241477876e-07	0.012539163310759636
OA_tendon	OA	tendon	0.613742362193551	0.5534953630180673	0.060246999175483706	0.09816333837566205	0.060246999175483706	OK	4.2198749593954494e-89	5.962131338441285e-47
OA_thromboembolic	OA	thromboembolic	0.2656518131482988	0.13347971205108958	0.1321721010972092	0.4975388631111085	0.1321721010972092	OK	2.547143066203544e-09	0.009909918278539263
OA_TIA	OA	TIA	0.21019405272355549	0.13420738031220633	0.07598667241134915	0.36150724260160605	0.07598667241134915	OK	2.3801695655336178e-06	0.0168741681800977
OA_tinnitus	OA	tinnitus	0.1651653692390629	0.19653303424463725	-0.03136766500557436	-0.18991671892291362	-0.03136766500557436	ENHANCED	0.021172957221938873	0.006940618592671911
OA_ulc_colitis	OA	ulc_colitis	0.026641908323277584	0.047123235151540495	-0.02048132682826291	nan	-0.02048132682826291	PROPORTIONAL_ATTENUATION_UNSTABLE	0.40239271528086024	0.20859812168130773
OA_ulcer_peptic	OA	ulcer_peptic	0.39386822181854636	0.2683040702814532	0.12556415153709316	0.31879736567054173	0.12556415153709316	OK	1.4619867516214425e-20	3.3347537347059917e-06
OA_urine_incont	OA	urine_incont	0.3981370740564854	0.2790585048455752	0.1190785692109102	0.2990893764242011	0.1190785692109102	OK	4.3701600413395395e-29	1.8553480556171054e-09
OA_urolithiasis	OA	urolithiasis	0.05948016262560831	0.0010368262254042738	0.058443336400204035	nan	0.058443336400204035	PROPORTIONAL_ATTENUATION_UNSTABLE	0.07943236785829103	0.9876860691640796
OA_valve_nonrheumatic	OA	valve_nonrheumatic	0.2705892799191193	0.2230202923591646	0.0475689875599547	0.17579775360713978	0.0475689875599547	OK	4.353958861821193e-13	9.686063029549309e-07
osteoporosis_periph_neuro	osteoporosis	periph_neuro	0.08734264897723727	0.1943731559716978	-0.10703050699446053	nan	-0.10703050699446053	PROPORTIONAL_ATTENUATION_UNSTABLE	0.24471687351783236	0.07525629439881638
osteoporosis_peripheral_arterial	osteoporosis	peripheral_arterial	0.15930434311565983	0.3221278442253045	-0.16282350110964466	-1.022090785004084	-0.16282350110964466	ENHANCED	0.03927195032720273	0.0039067337463839415
osteoporosis_PMR	osteoporosis	PMR	0.1645815542732864	0.1768755486682623	-0.012293994394975888	-0.07469849491493918	-0.012293994394975888	ENHANCED	0.029207785073882178	0.03692352373836011
osteoporosis_pri_bladder	osteoporosis	pri_bladder	0.08740025523591782	0.07033636292096777	0.01706389231495005	nan	0.01706389231495005	PROPORTIONAL_ATTENUATION_UNSTABLE	0.3245238866367081	0.4898336868667544
osteoporosis_pri_breast	osteoporosis	pri_breast	0.04015675450115196	0.036921324043781664	0.003235430457370299	nan	0.003235430457370299	PROPORTIONAL_ATTENUATION_UNSTABLE	0.18619816607194925	0.28028972665551705
osteoporosis_pri_colorectal	osteoporosis	pri_colorectal	0.06869962067505539	0.08183078063568139	-0.013131159960625999	nan	-0.013131159960625999	PROPORTIONAL_ATTENUATION_UNSTABLE	0.24218163010422336	0.2085894544582936
osteoporosis_pri_prost	osteoporosis	pri_prost	0.010121216093470331	0.011125881802423151	-0.0010046657089528201	nan	-0.0010046657089528201	PROPORTIONAL_ATTENUATION_UNSTABLE	0.8446283535813507	0.8549380866976718
osteoporosis_pri_skin	osteoporosis	pri_skin	0.01166470300143981	-0.008776423757705605	0.0028882792437342052	nan	0.020441126759145417	PROPORTIONAL_ATTENUATION_UNSTABLE	0.8189599484640301	0.883299220676012
osteoporosis_psoriasis	osteoporosis	psoriasis	0.13385106358989146	0.1538601395767871	-0.020009075986895636	-0.1494876129501801	-0.020009075986895636	ENHANCED	0.007381752060585712	0.006081845961001658
osteoporosis_RA	osteoporosis	RA	0.18503248814150866	0.21613109805316266	-0.031098609911654	-0.16807107889005146	-0.031098609911654	ENHANCED	4.8927530391479835e-05	7.197392850083651e-06
osteoporosis_raynauds	osteoporosis	raynauds	0.3410815472662516	0.30787397024597196	0.033207577020279655	0.09735964107831807	0.033207577020279655	OK	3.7998281840100375e-06	0.0001420481172797909
osteoporosis_retinal_detach	osteoporosis	retinal_detach	-0.003709430501982147	-0.01976972557114731	-0.016060295069165162	nan	0.016060295069165162	PROPORTIONAL_ATTENUATION_UNSTABLE	0.9581140564092151	0.8049836087823199
osteoporosis_schizo	osteoporosis	schizo	0.07515927368622029	0.05946289112598091	0.015696382560239378	0.2088415945285692	0.015696382560239378	OK	0.00724563842415028	0.058781303170037165
osteoporosis_scoliosis	osteoporosis	scoliosis	0.12239367058047627	0.10167825800450969	0.020715412575966582	0.16925231899427173	0.020715412575966582	OK	0.0677158446470095	0.17565785172502132
osteoporosis_sinusitis	osteoporosis	sinusitis	0.16921081775802568	0.15836333929827323	0.010847478459752452	0.06410629416887836	0.010847478459752452	OK	0.02729710347084205	0.07730120298842275
osteoporosis_sleep_apnoea	osteoporosis	sleep_apnoea	0.02907246637410947	0.14994484003508818	-0.12087237366097871	nan	-0.12087237366097871	PROPORTIONAL_ATTENUATION_UNSTABLE	0.4581461409172883	0.00037437389077190616
osteoporosis_spondylolisthesis	osteoporosis	spondylolisthesis	0.2090773518099561	0.2418407552026097	-0.0327634033926536	-0.1567046985674201	-0.0327634033926536	ENHANCED	0.002868586156805258	0.0029182870852070713
osteoporosis_spondylosis	osteoporosis	spondylosis	0.1221534145375617	0.19014729239064737	-0.06799387785308567	-0.5566269114170181	-0.06799387785308567	ENHANCED	0.04094514289874102	0.0066785080581841134
osteoporosis_stroke_all	osteoporosis	stroke_all	0.08285962474911328	0.14460628503674317	-0.06174666028762989	nan	-0.06174666028762989	PROPORTIONAL_ATTENUATION_UNSTABLE	0.18824803469033938	0.026311579918071447
osteoporosis_tendon	osteoporosis	tendon	0.17672401895291373	0.2152445556402916	-0.03852053668737787	-0.21797001288003348	-0.03852053668737787	ENHANCED	7.756298861045876e-05	1.4064080806161578e-05
osteoporosis_thromboembolic	osteoporosis	thromboembolic	0.048699198051374515	0.1099113684733502	-0.06121217042197569	nan	-0.06121217042197569	PROPORTIONAL_ATTENUATION_UNSTABLE	0.3808990340680279	0.06620270869101892
osteoporosis_TIA	osteoporosis	TIA	0.22222153018941318	0.27148300444206275	-0.04926147425264957	-0.22167732447284005	-0.04926147425264957	ENHANCED	0.0007306954400019952	3.7026504248576224e-05
osteoporosis_tinnitus	osteoporosis	tinnitus	0.19765986764980376	0.16040424194364827	0.03725562570615548	0.18848351033079558	0.03725562570615548	OK	0.0030019522350859746	0.0288544384155349
osteoporosis_ulc_colitis	osteoporosis	ulc_colitis	0.14808736054233038	0.1434975364484332	0.004589824093897188	0.030994029990731087	0.004589824093897188	OK	6.863707396971294e-05	0.0004316448408912895
osteoporosis_ulcer_peptic	osteoporosis	ulcer_peptic	0.15230245082124824	0.20749435237929736	-0.05519190155804912	-0.36238354183036625	-0.05519190155804912	ENHANCED	0.00472290303525164	0.0024572788066160433
osteoporosis_urine_incont	osteoporosis	urine_incont	0.15566693043600882	0.20808378148540052	-0.0524168510493917	-0.3367243826455426	-0.0524168510493917	ENHANCED	0.002585466569844873	0.00023380094028570584
osteoporosis_urolithiasis	osteoporosis	urolithiasis	0.12451257261378489	0.15133671856963712	-0.02682414595585224	-0.21543323210464704	-0.02682414595585224	ENHANCED	0.0029548181099514704	0.0009036765455099415
osteoporosis_valve_nonrheumatic	osteoporosis	valve_nonrheumatic	0.18152843958839032	0.23347195661501996	-0.05194351702662964	-0.28614533978482837	-0.05194351702662964	ENHANCED	4.932953344113503e-05	2.624887843366943e-06
periph_neuro_peripheral_arterial	periph_neuro	peripheral_arterial	0.46555202923018957	0.26166769048022087	0.2038843387499687	0.43794103762602066	0.2038843387499687	OK	3.7956540038909885e-06	0.17683438890752623
periph_neuro_PMR	periph_neuro	PMR	0.30212419715562655	0.3060468030327028	-0.003922605877076268	-0.012983421764976022	-0.003922605877076268	ENHANCED	0.010534993655909873	0.05272407795934939
periph_neuro_pri_bladder	periph_neuro	pri_bladder	0.0715289518317113	0.04245801407511727	0.029070937756594036	nan	0.029070937756594036	PROPORTIONAL_ATTENUATION_UNSTABLE	0.6131797585241164	0.85252337939558
periph_neuro_pri_breast	periph_neuro	pri_breast	0.13081733873953036	0.1766875694561736	-0.04587023071664323	-0.35064335629067633	-0.04587023071664323	ENHANCED	0.010869236638785437	0.010176945531430276
periph_neuro_pri_colorectal	periph_neuro	pri_colorectal	-0.13685670591388308	-0.1715211548688217	-0.034664448954938615	nan	0.034664448954938615	PROPORTIONAL_ATTENUATION_UNSTABLE	0.09880171204589296	0.13682799753804517
periph_neuro_pri_prost	periph_neuro	pri_prost	-0.04677080867705805	-0.014562798014021728	0.03220801066303632	nan	-0.03220801066303632	PROPORTIONAL_ATTENUATION_UNSTABLE	0.5210654612550731	0.906638356200323
periph_neuro_pri_skin	periph_neuro	pri_skin	-0.010074985922458089	0.05304508387613201	-0.042970097953673916	nan	-0.0631200697985901	PROPORTIONAL_ATTENUATION_UNSTABLE	0.879581871745745	0.5576785136183794
periph_neuro_psoriasis	periph_neuro	psoriasis	0.34497499957198985	0.2809945007680834	0.06398049880390644	0.18546416083277628	0.06398049880390644	OK	2.5897457920811895e-05	0.011533000788018591
periph_neuro_RA	periph_neuro	RA	0.4172648801126641	0.32755053048014454	0.08971434963251956	0.21500575272066058	0.08971434963251956	OK	1.9437212166843806e-09	0.0013228078083948132
periph_neuro_raynauds	periph_neuro	raynauds	-0.011964581656867423	0.04727875538936757	-0.03531417373250015	nan	-0.059243337046234995	PROPORTIONAL_ATTENUATION_UNSTABLE	0.9338522028017439	0.8167465845184682
periph_neuro_retinal_detach	periph_neuro	retinal_detach	-0.060365068565245976	-0.00044924424782744586	0.05991582431741853	nan	-0.05991582431741853	PROPORTIONAL_ATTENUATION_UNSTABLE	0.5408300069716484	0.9966387739845969
periph_neuro_schizo	periph_neuro	schizo	-0.03806153737238337	-0.021100394280709485	0.01696114309167388	nan	-0.01696114309167388	PROPORTIONAL_ATTENUATION_UNSTABLE	0.46770280017437477	0.7961178070586055
periph_neuro_scoliosis	periph_neuro	scoliosis	0.310208119023616	0.4133796032744706	-0.1031714842508546	-0.3325879560328342	-0.1031714842508546	ENHANCED	0.003684483807281586	0.00480262024339815
periph_neuro_sinusitis	periph_neuro	sinusitis	0.378748180819863	0.3845058754182735	-0.005757694598410523	-0.01520190693971668	-0.005757694598410523	ENHANCED	0.001400339328819626	0.020380342519767516
periph_neuro_sleep_apnoea	periph_neuro	sleep_apnoea	0.36571286128127545	0.17864806258457203	0.18706479869670342	0.5115073012234836	0.18706479869670342	OK	2.8004701094740418e-12	0.061667734191997364
periph_neuro_spondylolisthesis	periph_neuro	spondylolisthesis	0.6186233576380691	0.6098382631736687	0.008785094464400345	0.014201039058632126	0.008785094464400345	OK	5.827392413548957e-07	0.0005449354654545568
periph_neuro_spondylosis	periph_neuro	spondylosis	0.7311645485039054	0.6667020567236629	0.06446249178024255	0.088164137487443	0.06446249178024255	OK	5.610830495257619e-28	4.1542775082435857e-10
periph_neuro_stroke_all	periph_neuro	stroke_all	0.3075723987215125	0.24979154560650502	0.05778085311500747	0.18786098282936115	0.05778085311500747	OK	0.00011289323391862609	0.053170815514916175
periph_neuro_tendon	periph_neuro	tendon	0.6410744036612611	0.5641709144152885	0.07690348924597257	0.11996031787693673	0.07690348924597257	OK	1.0436513609175983e-22	1.769562073411938e-08
periph_neuro_thromboembolic	periph_neuro	thromboembolic	0.28892294418830317	0.12299588238155715	0.16592706180674602	0.5742952061938162	0.16592706180674602	OK	2.8120925465093247e-06	0.18937547601542656
periph_neuro_TIA	periph_neuro	TIA	0.268328486655731	0.17007743797291472	0.09825104868281628	0.3661595900880762	0.09825104868281628	OK	0.007476046213051388	0.28253789613548697
periph_neuro_tinnitus	periph_neuro	tinnitus	0.16924678722337466	0.2808314307945633	-0.11158464357118864	nan	-0.11158464357118864	PROPORTIONAL_ATTENUATION_UNSTABLE	0.07650686288176305	0.033149244515740015
periph_neuro_ulc_colitis	periph_neuro	ulc_colitis	0.019237816537078928	0.03832535655982565	-0.01908754002274672	nan	-0.01908754002274672	PROPORTIONAL_ATTENUATION_UNSTABLE	0.7898625225309052	0.6829145824038153
periph_neuro_ulcer_peptic	periph_neuro	ulcer_peptic	0.4463150734030704	0.26867199783236806	0.17764307557070236	0.39802168055003506	0.17764307557070236	OK	7.995880510777781e-08	0.04923783448646933
periph_neuro_urine_incont	periph_neuro	urine_incont	0.41036655393807187	0.2801078872489031	0.13025866668916875	0.3174202805739037	0.13025866668916875	OK	9.182450258881631e-08	0.01956985984949532
periph_neuro_urolithiasis	periph_neuro	urolithiasis	0.17371850167421662	0.15203443791711022	0.02168406375710641	0.1248229955250919	0.02168406375710641	OK	0.01547270036653073	0.13733816270779373
periph_neuro_valve_nonrheumatic	periph_neuro	valve_nonrheumatic	0.16176361120281157	0.06256237764331232	0.09920123355949925	0.6132481391944535	0.09920123355949925	OK	0.03927195032720273	0.6285898677191673
peripheral_arterial_PMR	peripheral_arterial	PMR	0.2271423420812337	0.2092590964226006	0.017883245658633112	0.0787314487240669	0.017883245658633112	OK	0.052108450126918456	0.23058971256727503
peripheral_arterial_pri_bladder	peripheral_arterial	pri_bladder	0.1261626093593582	0.12246631315274452	0.0036962962066136723	nan	0.0036962962066136723	PROPORTIONAL_ATTENUATION_UNSTABLE	0.47146457073206505	0.6240149703521349
peripheral_arterial_pri_breast	peripheral_arterial	pri_breast	0.01809221621552381	0.04048711829389618	-0.022394902078372372	nan	-0.022394902078372372	PROPORTIONAL_ATTENUATION_UNSTABLE	0.7329542671933161	0.6285898677191673
peripheral_arterial_pri_colorectal	peripheral_arterial	pri_colorectal	-0.047510638583502435	-0.048247401222597276	-0.0007367626390948415	nan	0.0007367626390948415	PROPORTIONAL_ATTENUATION_UNSTABLE	0.6224907403921465	0.7507587952150478
peripheral_arterial_pri_prost	peripheral_arterial	pri_prost	0.09939487645590976	0.2098234990728579	-0.11042862261694815	nan	-0.11042862261694815	PROPORTIONAL_ATTENUATION_UNSTABLE	0.17276638744624528	0.0499343706728531
peripheral_arterial_pri_skin	peripheral_arterial	pri_skin	-0.06594030186086923	-0.0123156930557747	0.05362460880509453	nan	-0.05362460880509453	PROPORTIONAL_ATTENUATION_UNSTABLE	0.33131863558610253	0.9227076388782633
peripheral_arterial_psoriasis	peripheral_arterial	psoriasis	0.36923643762025476	0.30865682153936275	0.06057961608089202	0.1640672748099573	0.06057961608089202	OK	2.8358694866996894e-05	0.020329021834005385
peripheral_arterial_RA	peripheral_arterial	RA	0.2972352135121083	0.1336011381447001	0.1636340753674082	0.5505204899309224	0.1636340753674082	OK	0.00014170324162917229	0.31620082094244106
peripheral_arterial_raynauds	peripheral_arterial	raynauds	0.2920081201595937	0.4251449568952733	-0.1331368367356796	-0.4559353920120961	-0.1331368367356796	ENHANCED	0.019591838481848745	0.03574476439793795
peripheral_arterial_retinal_detach	peripheral_arterial	retinal_detach	0.03477470436708412	0.12603259600043298	-0.09125789163334887	nan	-0.09125789163334887	PROPORTIONAL_ATTENUATION_UNSTABLE	0.7569621858890362	0.4245947253674806
peripheral_arterial_schizo	peripheral_arterial	schizo	0.08694208015098952	0.15075412092171045	-0.06381204077072093	nan	-0.06381204077072093	PROPORTIONAL_ATTENUATION_UNSTABLE	0.08231864209446725	0.06196617839729663
peripheral_arterial_scoliosis	peripheral_arterial	scoliosis	0.1026460645031116	0.1325058858322726	-0.029859821329161	nan	-0.029859821329161	PROPORTIONAL_ATTENUATION_UNSTABLE	0.34074153104608984	0.4135369436780647
peripheral_arterial_sinusitis	peripheral_arterial	sinusitis	0.2972826620250907	0.2648821173516397	0.03240054467345099	0.10898901554748719	0.03240054467345099	OK	0.015094206453045348	0.1772932941779938
peripheral_arterial_sleep_apnoea	peripheral_arterial	sleep_apnoea	0.377738507818556	0.16935021143850174	0.20838829638005427	0.5516734250460694	0.20838829638005427	OK	1.9703923201251268e-10	0.11190459250296773
peripheral_arterial_spondylolisthesis	peripheral_arterial	spondylolisthesis	0.31029143249448293	0.2212648741240435	0.08902655837043943	0.2869127183265763	0.08902655837043943	OK	0.009572156811974977	0.2519313782454347
peripheral_arterial_spondylosis	peripheral_arterial	spondylosis	0.6282510632731423	0.5297686059564101	0.09848245731673222	0.15675653106521747	0.09848245731673222	OK	7.6083736027097415e-16	0.0001225613148060159
peripheral_arterial_stroke_all	peripheral_arterial	stroke_all	0.6076890202678026	0.5373972946619315	0.07029172560587105	0.11567055395355696	0.07029172560587105	OK	1.3689173103673711e-14	2.382807396226509e-05
peripheral_arterial_tendon	peripheral_arterial	tendon	0.525906397245472	0.4493261429362844	0.07658025430918752	0.14561574970430136	0.07658025430918752	OK	4.550812286873972e-12	0.0006276748480209192
peripheral_arterial_thromboembolic	peripheral_arterial	thromboembolic	0.32321749316136916	0.2644792016003435	0.05873829156102567	0.18172992738267435	0.05873829156102567	OK	1.5288370190147486e-07	0.011149909755199706
peripheral_arterial_TIA	peripheral_arterial	TIA	0.49210008532981203	0.3829979742229324	0.10910211110687962	0.22170715746525005	0.10910211110687962	OK	6.029210995294988e-08	0.005561857572049661
peripheral_arterial_tinnitus	peripheral_arterial	tinnitus	-0.0047676292256108345	0.034837742830667144	-0.03007011360505631	nan	-0.03960537205627798	PROPORTIONAL_ATTENUATION_UNSTABLE	0.9742577524567291	0.8549380866976718
peripheral_arterial_ulc_colitis	peripheral_arterial	ulc_colitis	0.03425482002914451	0.05220539575350143	-0.017950575724356918	nan	-0.017950575724356918	PROPORTIONAL_ATTENUATION_UNSTABLE	0.619959701895192	0.6208371963250446
peripheral_arterial_ulcer_peptic	peripheral_arterial	ulcer_peptic	0.6787149619021984	0.5708281258984953	0.10788683600370308	0.15895750360554062	0.10788683600370308	OK	1.0451732888444434e-11	0.0005088323608552216
peripheral_arterial_urine_incont	peripheral_arterial	urine_incont	0.3741468817446526	0.25280692985620135	0.12133995188845126	0.3243110067432373	0.12133995188845126	OK	3.443564663831803e-07	0.04274531263737262
peripheral_arterial_urolithiasis	peripheral_arterial	urolithiasis	0.06803243517342784	0.020171487383273873	0.04786094779015397	nan	0.04786094779015397	PROPORTIONAL_ATTENUATION_UNSTABLE	0.3838676083454691	0.8898193034671509
peripheral_arterial_valve_nonrheumatic	peripheral_arterial	valve_nonrheumatic	0.48859203502727455	0.4135235096817734	0.07506852534550112	0.153642548309881	0.07506852534550112	OK	1.8466782122059498e-10	0.0002891483643750342
PMR_pri_bladder	PMR	pri_bladder	0.23870817092305685	0.24186798236854762	-0.0031598114454907678	nan	-0.0031598114454907678	PROPORTIONAL_ATTENUATION_UNSTABLE	0.1202351456825387	0.15876284432430046
PMR_pri_breast	PMR	pri_breast	-0.04601568394517547	-0.04147931313813221	0.0045363708070432565	nan	-0.0045363708070432565	PROPORTIONAL_ATTENUATION_UNSTABLE	0.4257695737382797	0.5197203319566398
PMR_pri_colorectal	PMR	pri_colorectal	-0.13786969882094374	-0.13846961713136938	-0.0005999183104256345	nan	0.0005999183104256345	PROPORTIONAL_ATTENUATION_UNSTABLE	0.12631098284797054	0.15903787042495063
PMR_pri_prost	PMR	pri_prost	0.03526793086277693	0.046826485583543735	-0.011558554720766806	nan	-0.011558554720766806	PROPORTIONAL_ATTENUATION_UNSTABLE	0.61266687984222	0.5411915720579057
PMR_pri_skin	PMR	pri_skin	-0.11311990869313818	-0.10523722376031766	0.007882684932820516	0.06968432899114141	-0.007882684932820516	OK	0.06351761117651261	0.1205048997288271
PMR_psoriasis	PMR	psoriasis	0.21121434701813765	0.18894370933629095	0.0222706376818467	0.10544093238104824	0.0222706376818467	OK	0.0635066384460375	0.14266785605031182
PMR_RA	PMR	RA	0.48082007678277655	0.4782312199011976	0.0025888568815789492	0.005384252876671214	0.0025888568815789492	OK	6.236509903322046e-07	9.753414727406051e-06
PMR_raynauds	PMR	raynauds	0.17995199164103587	0.18042955900289004	-0.0004775673618541698	nan	-0.0004775673618541698	PROPORTIONAL_ATTENUATION_UNSTABLE	0.2022770827830105	0.2500518644147001
PMR_retinal_detach	PMR	retinal_detach	0.05115060447107382	0.05769029878964046	-0.006539694318566637	nan	-0.006539694318566637	PROPORTIONAL_ATTENUATION_UNSTABLE	0.6277451148026545	0.6176420238082027
PMR_schizo	PMR	schizo	0.052922294397217275	0.07215806488643205	-0.019235770489214772	nan	-0.019235770489214772	PROPORTIONAL_ATTENUATION_UNSTABLE	0.29564410855300766	0.2190028958079054
PMR_scoliosis	PMR	scoliosis	0.19994699631333804	0.19767091844897505	0.0022760778643629853	0.011383406134274354	0.0022760778643629853	OK	0.050453377114006846	0.07633434347420362
PMR_sinusitis	PMR	sinusitis	0.412612619160097	0.4024550914984629	0.01015752766163408	0.024617588483625275	0.01015752766163408	OK	0.0016802080976658076	0.005677642103096096
PMR_sleep_apnoea	PMR	sleep_apnoea	0.25164698712246314	0.2449830566321963	0.0066639304902668395	0.02648126475292889	0.0066639304902668395	OK	1.8064103520843284e-05	0.0006617408631202416
PMR_spondylolisthesis	PMR	spondylolisthesis	0.30363665882645724	0.28810562895554703	0.015531029870910207	0.051150048650044355	0.015531029870910207	OK	0.019591838481848745	0.049108015004917634
PMR_spondylosis	PMR	spondylosis	0.21983930302190213	0.18626023876041417	0.03357906426148796	0.1527436804971245	0.03357906426148796	OK	0.008276456581680566	0.07230991870602622
PMR_stroke_all	PMR	stroke_all	0.2844084038879615	0.2740079827237261	0.010400421164235396	0.03656861408473877	0.010400421164235396	OK	0.005333694569401784	0.01648301264054933
PMR_tendon	PMR	tendon	0.2628739653158419	0.234851695516268	0.028022269799573896	0.10659963897872227	0.028022269799573896	OK	0.0013621882259719994	0.01573677922048581
PMR_thromboembolic	PMR	thromboembolic	0.1119669710091644	0.08977669143439265	0.02219027957477175	nan	0.02219027957477175	PROPORTIONAL_ATTENUATION_UNSTABLE	0.10749127537180664	0.31028849317950113
PMR_TIA	PMR	TIA	0.2728447074789545	0.25361104201483137	0.01923366546412314	0.0704930861288805	0.01923366546412314	OK	0.006210069439259689	0.023055805238833466
PMR_tinnitus	PMR	tinnitus	0.28009625993855447	0.2852440616175993	-0.005147801679044828	-0.018378687670353555	-0.005147801679044828	ENHANCED	0.009837142843996548	0.01377799988752904
PMR_ulc_colitis	PMR	ulc_colitis	0.11025251429278082	0.11209179332834905	-0.0018392790355682281	nan	-0.0018392790355682281	PROPORTIONAL_ATTENUATION_UNSTABLE	0.12959889705708766	0.1614159474353623
PMR_ulcer_peptic	PMR	ulcer_peptic	0.19188613261380214	0.15847760271845437	0.03340852989534776	0.1741060150635645	0.03340852989534776	OK	0.05876591628662813	0.22858208675403882
PMR_urine_incont	PMR	urine_incont	0.2861977030036315	0.2692289208299144	0.016968782173717112	0.05929042055764433	0.016968782173717112	OK	0.0012531965125867053	0.008360966479496622
PMR_urolithiasis	PMR	urolithiasis	0.10554810406175816	0.0965164211355807	0.009031682926177453	nan	0.009031682926177453	PROPORTIONAL_ATTENUATION_UNSTABLE	0.1665125340002532	0.25358846918574157
PMR_valve_nonrheumatic	PMR	valve_nonrheumatic	0.20510886168366635	0.17941417982473282	0.025694681858933532	0.12527338725404136	0.025694681858933532	OK	0.021172957221938873	0.07265936907178071
pri_bladder_pri_breast	pri_bladder	pri_breast	0.08545178211976848	0.09312580302512728	-0.007674020905358805	nan	-0.007674020905358805	PROPORTIONAL_ATTENUATION_UNSTABLE	0.14819155974348217	0.16072582469470514
pri_bladder_pri_colorectal	pri_bladder	pri_colorectal	0.028390667020673648	0.041330518963243926	-0.012939851942570278	nan	-0.012939851942570278	PROPORTIONAL_ATTENUATION_UNSTABLE	0.8316897355860129	0.7881789186301952
pri_bladder_pri_prost	pri_bladder	pri_prost	0.018496620448474877	0.043785871842028125	-0.025289251393553248	nan	-0.025289251393553248	PROPORTIONAL_ATTENUATION_UNSTABLE	0.8341194449705922	0.6479924381156614
pri_bladder_pri_skin	pri_bladder	pri_skin	-0.010030941616482927	-0.005931380978062331	0.004099560638420596	nan	-0.004099560638420596	PROPORTIONAL_ATTENUATION_UNSTABLE	0.9116861948835542	0.9593770230161843
pri_bladder_psoriasis	pri_bladder	psoriasis	0.15664076652910044	0.12715197114145016	0.029488795387650285	nan	0.029488795387650285	PROPORTIONAL_ATTENUATION_UNSTABLE	0.0833691485895926	0.242501485456642
pri_bladder_RA	pri_bladder	RA	-0.043905319004350164	-0.0957956572574061	-0.05189033825305594	nan	0.05189033825305594	PROPORTIONAL_ATTENUATION_UNSTABLE	0.6709230521286245	0.38198480555973696
pri_bladder_raynauds	pri_bladder	raynauds	0.15353028957638223	0.13076734513188623	0.022762944444496003	nan	0.022762944444496003	PROPORTIONAL_ATTENUATION_UNSTABLE	0.3057649463254082	0.47313969193509703
pri_bladder_retinal_detach	pri_bladder	retinal_detach	0.04976406171718991	0.060117564774491164	-0.010353503057301254	nan	-0.010353503057301254	PROPORTIONAL_ATTENUATION_UNSTABLE	0.6920192756571633	0.6690414559661657
pri_bladder_schizo	pri_bladder	schizo	0.008814471981217925	-0.018865058486449694	-0.010050586505231768	nan	0.02767953046766762	PROPORTIONAL_ATTENUATION_UNSTABLE	0.8921042013614621	0.7959966139133052
pri_bladder_scoliosis	pri_bladder	scoliosis	0.08060834368576426	0.0704484827591656	0.010159860926598666	nan	0.010159860926598666	PROPORTIONAL_ATTENUATION_UNSTABLE	0.5458823263031356	0.6539787969856067
pri_bladder_sinusitis	pri_bladder	sinusitis	0.03485777517442033	-0.0058956998637488866	0.028962075310671447	nan	0.04075347503816922	PROPORTIONAL_ATTENUATION_UNSTABLE	0.8274749650066758	0.9783766111076792
pri_bladder_sleep_apnoea	pri_bladder	sleep_apnoea	0.017129315957371972	-0.019653482260097516	-0.002524166302725544	nan	0.03678279821746949	PROPORTIONAL_ATTENUATION_UNSTABLE	0.8465190328216565	0.8473550761486501
pri_bladder_spondylolisthesis	pri_bladder	spondylolisthesis	-0.08421525114467154	-0.1343937118421427	-0.050178460697471144	nan	0.050178460697471144	PROPORTIONAL_ATTENUATION_UNSTABLE	0.6046265787647821	0.47145956703545316
pri_bladder_spondylosis	pri_bladder	spondylosis	-0.033821611756626714	-0.11351127962099125	-0.07968966786436454	nan	0.07968966786436454	PROPORTIONAL_ATTENUATION_UNSTABLE	0.7952238696916124	0.43673428201458203
pri_bladder_stroke_all	pri_bladder	stroke_all	0.01329564798179193	-0.005734301024884138	0.007561346956907792	nan	0.019029949006676067	PROPORTIONAL_ATTENUATION_UNSTABLE	0.9285228826917659	0.9764583530117446
pri_bladder_tendon	pri_bladder	tendon	0.06669261849248564	0.023777412067411706	0.04291520642507394	nan	0.04291520642507394	PROPORTIONAL_ATTENUATION_UNSTABLE	0.5472508288598923	0.8776218584743994
pri_bladder_thromboembolic	pri_bladder	thromboembolic	-0.05890494801891235	-0.09995930578416681	-0.041054357765254464	nan	0.041054357765254464	PROPORTIONAL_ATTENUATION_UNSTABLE	0.5172500624788542	0.34425914957143156
pri_bladder_TIA	pri_bladder	TIA	0.10118070849144109	0.08797269535852402	0.01320801313291707	nan	0.01320801313291707	PROPORTIONAL_ATTENUATION_UNSTABLE	0.4348499835807038	0.5348613341309171
pri_bladder_tinnitus	pri_bladder	tinnitus	0.05918749696150164	0.03904561841010573	0.02014187855139591	nan	0.02014187855139591	PROPORTIONAL_ATTENUATION_UNSTABLE	0.6698803964432755	0.8065400152907141
pri_bladder_ulc_colitis	pri_bladder	ulc_colitis	-0.025619614036108705	-0.027855707763275665	-0.00223609372716696	nan	0.00223609372716696	PROPORTIONAL_ATTENUATION_UNSTABLE	0.7496222363120201	0.7562087121140363
pri_bladder_ulcer_peptic	pri_bladder	ulcer_peptic	0.14658570450393296	0.09489982984613902	0.05168587465779394	nan	0.05168587465779394	PROPORTIONAL_ATTENUATION_UNSTABLE	0.26714700223229104	0.5820603106229052
pri_bladder_urine_incont	pri_bladder	urine_incont	0.0065055920777781565	-0.051502601291937566	-0.04499700921415941	nan	0.05800819336971572	PROPORTIONAL_ATTENUATION_UNSTABLE	0.9568001816521169	0.6989882523947071
pri_bladder_urolithiasis	pri_bladder	urolithiasis	0.006251643055212527	0.0013076982899260874	0.004943944765286439	nan	0.004943944765286439	PROPORTIONAL_ATTENUATION_UNSTABLE	0.9493486026161809	0.9927925549769002
pri_bladder_valve_nonrheumatic	pri_bladder	valve_nonrheumatic	-0.004406349325000277	0.0013789510072016874	0.0030273983177985897	nan	-0.005785300332201964	PROPORTIONAL_ATTENUATION_UNSTABLE	0.9715925103121567	0.9928660012807342
pri_breast_pri_colorectal	pri_breast	pri_colorectal	0.09449382304918817	0.09622642908960655	-0.0017326060404183746	-0.018335653956094822	-0.0017326060404183746	ENHANCED	0.03339834807154717	0.037414808853280405
pri_breast_pri_prost	pri_breast	pri_prost	0.12213863474114912	0.1158791094688271	0.006259525272322028	0.051249346986626865	0.006259525272322028	OK	0.00013543307497671287	0.0006052597621502533
pri_breast_pri_skin	pri_breast	pri_skin	0.16750598385427	0.16448749130982898	0.0030184925444410315	0.018020207248638398	0.0030184925444410315	OK	8.970402639684611e-09	5.6960367635758925e-08
pri_breast_psoriasis	pri_breast	psoriasis	0.015766949462997056	0.025468894309809618	-0.009701944846812562	nan	-0.009701944846812562	PROPORTIONAL_ATTENUATION_UNSTABLE	0.7034175583402964	0.5754951338155258
pri_breast_RA	pri_breast	RA	-0.00846412619271269	-0.006431481433358084	0.0020326447593546062	nan	-0.0020326447593546062	PROPORTIONAL_ATTENUATION_UNSTABLE	0.8320582101773248	0.8944816087562921
pri_breast_raynauds	pri_breast	raynauds	0.06216858987083025	0.06865192197110988	-0.006483332100279626	nan	-0.006483332100279626	PROPORTIONAL_ATTENUATION_UNSTABLE	0.25829292335932524	0.2830345346216574
pri_breast_retinal_detach	pri_breast	retinal_detach	0.018476023396365986	0.019990052645012104	-0.0015140292486461177	nan	-0.0015140292486461177	PROPORTIONAL_ATTENUATION_UNSTABLE	0.7167081016197225	0.7204276158199922
pri_breast_schizo	pri_breast	schizo	0.10790956686289312	0.09764470040411838	0.010264866458774738	0.09512471189711091	0.010264866458774738	OK	1.5039687563885942e-06	0.0001397507504450483
pri_breast_scoliosis	pri_breast	scoliosis	0.06007565458498848	0.06222169126578738	-0.0021460366807989004	nan	-0.0021460366807989004	PROPORTIONAL_ATTENUATION_UNSTABLE	0.1887699441007043	0.21530110688854728
pri_breast_sinusitis	pri_breast	sinusitis	0.08202564115066316	0.0927628530057341	-0.010737211855070941	nan	-0.010737211855070941	PROPORTIONAL_ATTENUATION_UNSTABLE	0.15162159756689236	0.1432168837553933
pri_breast_sleep_apnoea	pri_breast	sleep_apnoea	-0.0078071106075732755	0.024316011610957495	-0.01650890100338422	nan	-0.03212312221853077	PROPORTIONAL_ATTENUATION_UNSTABLE	0.8119756682731416	0.5506824249113851
pri_breast_spondylolisthesis	pri_breast	spondylolisthesis	0.026373130029608467	0.035824477333104635	-0.009451347303496168	nan	-0.009451347303496168	PROPORTIONAL_ATTENUATION_UNSTABLE	0.6737770497108291	0.6034419522836997
pri_breast_spondylosis	pri_breast	spondylosis	0.011687651399082646	0.0360589785397189	-0.024371327140636254	nan	-0.024371327140636254	PROPORTIONAL_ATTENUATION_UNSTABLE	0.7916565233879196	0.48500077178074613
pri_breast_stroke_all	pri_breast	stroke_all	-0.000451943520406572	0.008905835120351955	-0.008453891599945383	nan	-0.009357778640758527	PROPORTIONAL_ATTENUATION_UNSTABLE	0.992809591375618	0.8814127678201539
pri_breast_tendon	pri_breast	tendon	-0.0917561132335103	-0.0899254629583678	0.0018306502751424952	0.019951262217087096	-0.0018306502751424952	OK	0.0046377274234343045	0.017329070710221117
pri_breast_thromboembolic	pri_breast	thromboembolic	0.043749278006502565	0.061855145196342845	-0.01810586718984028	nan	-0.01810586718984028	PROPORTIONAL_ATTENUATION_UNSTABLE	0.15586506752996093	0.08154092334108662
pri_breast_TIA	pri_breast	TIA	-0.003552144353054269	-0.0005499603500807875	0.0030021840029734815	nan	-0.0030021840029734815	PROPORTIONAL_ATTENUATION_UNSTABLE	0.9453234644881559	0.9928660012807342
pri_breast_tinnitus	pri_breast	tinnitus	-0.0378606003585134	-0.032794851102169204	0.005065749256344197	nan	-0.005065749256344197	PROPORTIONAL_ATTENUATION_UNSTABLE	0.4584971671109931	0.5738446117525674
pri_breast_ulc_colitis	pri_breast	ulc_colitis	0.10441405633803857	0.10316901309102376	0.0012450432470148126	0.011924096148357766	0.0012450432470148126	OK	0.0008205745228297443	0.0014365155756679406
pri_breast_ulcer_peptic	pri_breast	ulcer_peptic	-0.06934702497324083	-0.07204488368539794	-0.0026978587121571085	nan	0.0026978587121571085	PROPORTIONAL_ATTENUATION_UNSTABLE	0.13629881470079985	0.23365896284001306
pri_breast_urine_incont	pri_breast	urine_incont	-0.04181882917079418	-0.0296518921526953	0.01216693701809888	nan	-0.01216693701809888	PROPORTIONAL_ATTENUATION_UNSTABLE	0.29743852238164875	0.5471730802862705
pri_breast_urolithiasis	pri_breast	urolithiasis	0.08442078187853053	0.09237801889017482	-0.007957237011644289	-0.094256850441087	-0.007957237011644289	ENHANCED	0.009982353150398734	0.008363484024709336
pri_breast_valve_nonrheumatic	pri_breast	valve_nonrheumatic	0.02602050317891289	0.03480372183695257	-0.008783218658039684	nan	-0.008783218658039684	PROPORTIONAL_ATTENUATION_UNSTABLE	0.5112849955029305	0.43673428201458203
pri_colorectal_pri_prost	pri_colorectal	pri_prost	0.0907801395320059	0.08253559837547551	0.00824454115653038	nan	0.00824454115653038	PROPORTIONAL_ATTENUATION_UNSTABLE	0.14153873527320762	0.23074877098463317
pri_colorectal_pri_skin	pri_colorectal	pri_skin	0.1449398590658155	0.1468631362618613	-0.0019232771960457917	-0.013269484380914465	-0.0019232771960457917	ENHANCED	0.003024661763296613	0.00533083079232862
pri_colorectal_psoriasis	pri_colorectal	psoriasis	0.011991483307845953	0.018061564652968633	-0.00607008134512268	nan	-0.00607008134512268	PROPORTIONAL_ATTENUATION_UNSTABLE	0.8694801747255104	0.8298793870312061
pri_colorectal_RA	pri_colorectal	RA	-0.04537694634743478	-0.03352978199179384	0.011847164355640934	nan	-0.011847164355640934	PROPORTIONAL_ATTENUATION_UNSTABLE	0.4764843070024464	0.6614930716287786
pri_colorectal_raynauds	pri_colorectal	raynauds	-0.08501272850087847	-0.07065432456983844	0.014358403931040029	nan	-0.014358403931040029	PROPORTIONAL_ATTENUATION_UNSTABLE	0.42327980342520755	0.5768910267224345
pri_colorectal_retinal_detach	pri_colorectal	retinal_detach	-0.05219578301457684	-0.051018676525327426	0.001177106489249416	nan	-0.001177106489249416	PROPORTIONAL_ATTENUATION_UNSTABLE	0.49898171555438775	0.5512218125062603
pri_colorectal_schizo	pri_colorectal	schizo	-0.011668606063423083	-0.0028360003590415365	0.008832605704381546	nan	-0.008832605704381546	PROPORTIONAL_ATTENUATION_UNSTABLE	0.7898625225309052	0.9601177007356249
pri_colorectal_scoliosis	pri_colorectal	scoliosis	0.04896507743741451	0.05124808032068368	-0.0022830028832691723	nan	-0.0022830028832691723	PROPORTIONAL_ATTENUATION_UNSTABLE	0.6084171740010897	0.6298912382733475
pri_colorectal_sinusitis	pri_colorectal	sinusitis	-0.10376193169584388	-0.08969766814243203	0.014064263553411852	nan	-0.014064263553411852	PROPORTIONAL_ATTENUATION_UNSTABLE	0.271119719934877	0.4114414789466272
pri_colorectal_sleep_apnoea	pri_colorectal	sleep_apnoea	-0.03596707824032649	-0.05853491334852875	-0.02256783510820226	nan	0.02256783510820226	PROPORTIONAL_ATTENUATION_UNSTABLE	0.49898171555438775	0.3951827836124112
pri_colorectal_spondylolisthesis	pri_colorectal	spondylolisthesis	-0.040042532311998794	-0.04073786371729981	-0.0006953314053010154	nan	0.0006953314053010154	PROPORTIONAL_ATTENUATION_UNSTABLE	0.7148090452841446	0.7477868327921344
pri_colorectal_spondylosis	pri_colorectal	spondylosis	0.01024642260373272	0.016312204306697616	-0.006065781702964896	nan	-0.006065781702964896	PROPORTIONAL_ATTENUATION_UNSTABLE	0.9052141235956852	0.883739517275193
pri_colorectal_stroke_all	pri_colorectal	stroke_all	-0.15176481540717396	-0.15098091281723594	0.0007839025899380181	0.005165245895992876	-0.0007839025899380181	OK	0.03591722732231447	0.081267938601227
pri_colorectal_tendon	pri_colorectal	tendon	-0.04370261947531353	-0.04510755309524925	-0.001404933619935718	nan	0.001404933619935718	PROPORTIONAL_ATTENUATION_UNSTABLE	0.49962319260460203	0.5736836011504342
pri_colorectal_thromboembolic	pri_colorectal	thromboembolic	-0.00202092768910011	-0.002700872062898457	-0.0006799443737983469	nan	0.0006799443737983469	PROPORTIONAL_ATTENUATION_UNSTABLE	0.9766965623127727	0.9775143844262434
pri_colorectal_TIA	pri_colorectal	TIA	-0.14783187167148615	-0.1457512377514277	0.0020806339200584445	0.014074325762999607	-0.0020806339200584445	OK	0.057625595880584544	0.0989832897482584
pri_colorectal_tinnitus	pri_colorectal	tinnitus	-0.010595133097712045	-0.0009195610304275936	0.009675572067284451	nan	-0.009675572067284451	PROPORTIONAL_ATTENUATION_UNSTABLE	0.9099379454294745	0.9928660012807342
pri_colorectal_ulc_colitis	pri_colorectal	ulc_colitis	0.026694072918769726	0.03422963716579606	-0.0075355642470263315	nan	-0.0075355642470263315	PROPORTIONAL_ATTENUATION_UNSTABLE	0.6767399950376054	0.6185792250251785
pri_colorectal_ulcer_peptic	pri_colorectal	ulcer_peptic	-0.07940093436768865	-0.07829169443394492	0.001109239933743733	nan	-0.001109239933743733	PROPORTIONAL_ATTENUATION_UNSTABLE	0.33730445820106897	0.4607656875246029
pri_colorectal_urine_incont	pri_colorectal	urine_incont	-0.1169008347116187	-0.11914992272427138	-0.0022490880126526808	-0.01923928103850514	0.0022490880126526808	ENHANCED	0.04269745635681518	0.07944673705803099
pri_colorectal_urolithiasis	pri_colorectal	urolithiasis	0.13763437343750107	0.13077098165999257	0.0068633917775084985	0.049866843624097434	0.0068633917775084985	OK	0.007095997816936323	0.020894228239128117
pri_colorectal_valve_nonrheumatic	pri_colorectal	valve_nonrheumatic	-0.05595252621208274	-0.0456497474077901	0.010302778804292645	nan	-0.010302778804292645	PROPORTIONAL_ATTENUATION_UNSTABLE	0.4558073773754659	0.6098816281978787
pri_prost_pri_skin	pri_prost	pri_skin	0.1538264110244176	0.1475080502104123	0.006318360814005303	0.0410746163284168	0.006318360814005303	OK	7.208141866596612e-05	0.0003580434547769197
pri_prost_psoriasis	pri_prost	psoriasis	-0.11864354045515059	-0.0969375435278244	0.021705996927326193	0.18295135870065726	-0.021705996927326193	OK	0.008015178423427503	0.05909412797088344
pri_prost_RA	pri_prost	RA	0.012586100808039452	0.042654379332438666	-0.030068278524399215	nan	-0.030068278524399215	PROPORTIONAL_ATTENUATION_UNSTABLE	0.806883902358159	0.42186714223962335
pri_prost_raynauds	pri_prost	raynauds	-0.08939780359022098	-0.07656576687422706	0.012832036715993922	nan	-0.012832036715993922	PROPORTIONAL_ATTENUATION_UNSTABLE	0.21741330977692377	0.3510978757699105
pri_prost_retinal_detach	pri_prost	retinal_detach	0.01733874313906484	0.01532560455247822	0.002013138586586619	nan	0.002013138586586619	PROPORTIONAL_ATTENUATION_UNSTABLE	0.7967685311234309	0.8474702867178389
pri_prost_schizo	pri_prost	schizo	0.0035505118610278134	-0.0019603898475136715	0.0015901220135141419	nan	0.0055109017085414845	PROPORTIONAL_ATTENUATION_UNSTABLE	0.9116861948835542	0.9619346688377328
pri_prost_scoliosis	pri_prost	scoliosis	0.038971627791615886	0.0435764571203902	-0.004604829328774311	nan	-0.004604829328774311	PROPORTIONAL_ATTENUATION_UNSTABLE	0.6133294928418791	0.6034419522836997
pri_prost_sinusitis	pri_prost	sinusitis	0.0188226900835343	0.049622527326715384	-0.030799837243181083	nan	-0.030799837243181083	PROPORTIONAL_ATTENUATION_UNSTABLE	0.822681262326876	0.5851796766922712
pri_prost_sleep_apnoea	pri_prost	sleep_apnoea	-0.008241208907644041	0.042905739516887385	-0.03466453060924334	nan	-0.05114694842453143	PROPORTIONAL_ATTENUATION_UNSTABLE	0.8597596392678332	0.39983259304181856
pri_prost_spondylolisthesis	pri_prost	spondylolisthesis	0.038716717858834716	0.06660399128634466	-0.02788727342750994	nan	-0.02788727342750994	PROPORTIONAL_ATTENUATION_UNSTABLE	0.6008241280009213	0.4291882455723931
pri_prost_spondylosis	pri_prost	spondylosis	-0.010328955495677635	0.04421448841981349	-0.03388553292413586	nan	-0.054543443915491124	PROPORTIONAL_ATTENUATION_UNSTABLE	0.8701630611595889	0.5450068731026286
pri_prost_stroke_all	pri_prost	stroke_all	0.07774639059933475	0.1192288310894714	-0.04148244049013665	nan	-0.04148244049013665	PROPORTIONAL_ATTENUATION_UNSTABLE	0.22239373001243465	0.08805490754027255
pri_prost_tendon	pri_prost	tendon	-0.007797514665489513	0.028956425036989916	-0.021158910371500403	nan	-0.03675393970247943	PROPORTIONAL_ATTENUATION_UNSTABLE	0.8809824725273326	0.6374614192564867
pri_prost_thromboembolic	pri_prost	thromboembolic	-0.018596293569746833	0.012078939362381443	0.00651735420736539	nan	-0.030675232932128274	PROPORTIONAL_ATTENUATION_UNSTABLE	0.7667380535726331	0.8742684543934337
pri_prost_TIA	pri_prost	TIA	0.043205110620743455	0.0703554179164744	-0.027150307295730945	nan	-0.027150307295730945	PROPORTIONAL_ATTENUATION_UNSTABLE	0.5394257907491098	0.3591615301777393
pri_prost_tinnitus	pri_prost	tinnitus	0.04429035484634985	0.05925704400132419	-0.014966689154974344	nan	-0.014966689154974344	PROPORTIONAL_ATTENUATION_UNSTABLE	0.5382821044866424	0.45348832319683874
pri_prost_ulc_colitis	pri_prost	ulc_colitis	-0.008557869969699873	-0.007085892030299295	0.0014719779394005783	nan	-0.0014719779394005783	PROPORTIONAL_ATTENUATION_UNSTABLE	0.8496656958739994	0.8909302444189743
pri_prost_ulcer_peptic	pri_prost	ulcer_peptic	-0.07881743958219495	-0.043577744508078664	0.035239695074116284	nan	-0.035239695074116284	PROPORTIONAL_ATTENUATION_UNSTABLE	0.16825395265450602	0.5738446117525674
pri_prost_urine_incont	pri_prost	urine_incont	0.09102270081382785	0.1428117449102066	-0.051789044096378745	-0.5689684401070985	-0.051789044096378745	ENHANCED	0.062047582123882256	0.008238133052995273
pri_prost_urolithiasis	pri_prost	urolithiasis	0.026294284303283292	0.03323176674662612	-0.006937482443342826	nan	-0.006937482443342826	PROPORTIONAL_ATTENUATION_UNSTABLE	0.5858002091021142	0.5373964604465038
pri_prost_valve_nonrheumatic	pri_prost	valve_nonrheumatic	-0.0599975181343369	-0.04250973482939809	0.01748778330493881	nan	-0.01748778330493881	PROPORTIONAL_ATTENUATION_UNSTABLE	0.2986590697596506	0.5411334436341191
pri_skin_psoriasis	pri_skin	psoriasis	-0.0446834698567724	-0.02498168669510577	0.01970178316166663	nan	-0.01970178316166663	PROPORTIONAL_ATTENUATION_UNSTABLE	0.3257214881987032	0.6514744257421426
pri_skin_RA	pri_skin	RA	-0.12793547669208366	-0.11043696069638345	0.01749851599570021	0.13677610345577407	-0.01749851599570021	OK	0.0014468179459253521	0.02057795296940359
pri_skin_raynauds	pri_skin	raynauds	0.043747657144815516	0.032969472992702364	0.010778184152113152	nan	0.010778184152113152	PROPORTIONAL_ATTENUATION_UNSTABLE	0.541287211331267	0.6977097916434645
pri_skin_retinal_detach	pri_skin	retinal_detach	-0.020945401679300545	-0.030316375561885656	-0.00937097388258511	nan	0.00937097388258511	PROPORTIONAL_ATTENUATION_UNSTABLE	0.7279421407133314	0.6392723928148742
pri_skin_schizo	pri_skin	schizo	-0.04666568259758526	-0.05740906360354739	-0.01074338100596213	nan	0.01074338100596213	PROPORTIONAL_ATTENUATION_UNSTABLE	0.10771537204544464	0.07513405976993091
pri_skin_scoliosis	pri_skin	scoliosis	0.026171540879258517	0.0203106734279196	0.005860867451338916	nan	0.005860867451338916	PROPORTIONAL_ATTENUATION_UNSTABLE	0.7056830414533497	0.8041456820724651
pri_skin_sinusitis	pri_skin	sinusitis	-0.016273013481055438	-0.0074907466329843485	0.00878226684807109	nan	-0.00878226684807109	PROPORTIONAL_ATTENUATION_UNSTABLE	0.839541538471248	0.9391597669801187
pri_skin_sleep_apnoea	pri_skin	sleep_apnoea	-0.007040982557323524	0.06264546078117447	-0.05560447822385095	nan	-0.069686443338498	PROPORTIONAL_ATTENUATION_UNSTABLE	0.8490500728671408	0.1338562250583272
pri_skin_spondylolisthesis	pri_skin	spondylolisthesis	-0.003305259280515423	0.020684737807391513	-0.017379478526876088	nan	-0.023989997087906938	PROPORTIONAL_ATTENUATION_UNSTABLE	0.9651571663213704	0.8069403567397013
pri_skin_spondylosis	pri_skin	spondylosis	0.05874656026399332	0.12177971493453729	-0.06303315467054398	nan	-0.06303315467054398	PROPORTIONAL_ATTENUATION_UNSTABLE	0.20866803142511464	0.027926431947164473
pri_skin_stroke_all	pri_skin	stroke_all	0.0068819630165738764	0.04563004865513026	-0.03874808563855638	nan	-0.03874808563855638	PROPORTIONAL_ATTENUATION_UNSTABLE	0.913051630835468	0.5157867096783808
pri_skin_tendon	pri_skin	tendon	0.006143212004474531	0.039890387425371585	-0.03374717542089705	nan	-0.03374717542089705	PROPORTIONAL_ATTENUATION_UNSTABLE	0.8948387831238347	0.43325475409235625
pri_skin_thromboembolic	pri_skin	thromboembolic	-0.020927316572484853	0.016528154621488957	0.004399161950995895	nan	-0.03745547119397381	PROPORTIONAL_ATTENUATION_UNSTABLE	0.6590976354862158	0.7816539292271453
pri_skin_TIA	pri_skin	TIA	-0.0024081606734485854	0.02536233083962118	-0.022954170166172596	nan	-0.027770491513069765	PROPORTIONAL_ATTENUATION_UNSTABLE	0.9715925103121567	0.74017211261848
pri_skin_tinnitus	pri_skin	tinnitus	0.019039710731427757	0.007213750505191123	0.011825960226236634	nan	0.011825960226236634	PROPORTIONAL_ATTENUATION_UNSTABLE	0.7795756177112646	0.931053370295567
pri_skin_ulc_colitis	pri_skin	ulc_colitis	0.005100338899730686	0.002260254810647161	0.002840084089083525	nan	0.002840084089083525	PROPORTIONAL_ATTENUATION_UNSTABLE	0.9089519473531954	0.966789654986777
pri_skin_ulcer_peptic	pri_skin	ulcer_peptic	-0.10189129756778946	-0.07464034031992962	0.027250957247859836	0.26745127305626326	-0.027250957247859836	OK	0.06785861373490976	0.3059971145991829
pri_skin_urine_incont	pri_skin	urine_incont	-0.02814202036060104	0.007989430497531896	0.020152589863069142	nan	-0.036131450858132935	PROPORTIONAL_ATTENUATION_UNSTABLE	0.5296303259763059	0.892978614223304
pri_skin_urolithiasis	pri_skin	urolithiasis	0.05149269005412779	0.06465680132605932	-0.013164111271931525	nan	-0.013164111271931525	PROPORTIONAL_ATTENUATION_UNSTABLE	0.18699000791617523	0.12150574174803248
pri_skin_valve_nonrheumatic	pri_skin	valve_nonrheumatic	0.008289984669969174	0.0359416227802578	-0.027651638110288628	nan	-0.027651638110288628	PROPORTIONAL_ATTENUATION_UNSTABLE	0.879581871745745	0.5459786205364806
psoriasis_RA	psoriasis	RA	0.32957728896732763	0.274370053056518	0.055207235910809616	0.16750922396319168	0.055207235910809616	OK	2.837580086514878e-09	2.1462182549065357e-05
psoriasis_raynauds	psoriasis	raynauds	-0.015385133756600056	-0.029760102428471692	-0.014374968671871637	nan	0.014374968671871637	PROPORTIONAL_ATTENUATION_UNSTABLE	0.8701630611595889	0.7849790509917296
psoriasis_retinal_detach	psoriasis	retinal_detach	-0.07803315677865717	-0.06135643796975145	0.01667671880890572	nan	-0.01667671880890572	PROPORTIONAL_ATTENUATION_UNSTABLE	0.23470016645694902	0.4372926824421928
psoriasis_schizo	psoriasis	schizo	0.012558881332189338	0.020122227284763473	-0.007563345952574135	nan	-0.007563345952574135	PROPORTIONAL_ATTENUATION_UNSTABLE	0.6960755780634497	0.5973260621642946
psoriasis_scoliosis	psoriasis	scoliosis	0.06726432521376761	0.061020688042348774	0.006243637171418841	nan	0.006243637171418841	PROPORTIONAL_ATTENUATION_UNSTABLE	0.38909614671214704	0.512478572890492
psoriasis_sinusitis	psoriasis	sinusitis	0.3230480715107848	0.2873977552448629	0.03565031626592191	0.11035607208301113	0.03565031626592191	OK	3.666959562328332e-05	0.0010851732270010892
psoriasis_sleep_apnoea	psoriasis	sleep_apnoea	0.18596237004272786	0.09323162881575585	0.09273074122697202	0.4986532555251131	0.09273074122697202	OK	2.5188831707533688e-06	0.06767935287688107
psoriasis_spondylolisthesis	psoriasis	spondylolisthesis	0.14302662477253594	0.0767171869812464	0.06630943779128955	nan	0.06630943779128955	PROPORTIONAL_ATTENUATION_UNSTABLE	0.11897666670602032	0.49200779811268625
psoriasis_spondylosis	psoriasis	spondylosis	0.26567889703372183	0.1621031301195438	0.10357576691417802	0.3898531952315033	0.10357576691417802	OK	1.4699194286880223e-06	0.024300113540217667
psoriasis_stroke_all	psoriasis	stroke_all	0.10626402321702863	0.03607230957055823	0.0701917136464704	nan	0.0701917136464704	PROPORTIONAL_ATTENUATION_UNSTABLE	0.12546641426365174	0.6831541833849317
psoriasis_tendon	psoriasis	tendon	0.15689612823363433	0.0584719397498011	0.09842418848383323	0.6273206967686901	0.09842418848383323	OK	0.0011853447530516112	0.3627957864544031
psoriasis_thromboembolic	psoriasis	thromboembolic	0.14319572710858341	0.07911792134017508	0.06407780576840834	0.4474840629833807	0.06407780576840834	OK	0.00532976168170034	0.22730082042438857
psoriasis_TIA	psoriasis	TIA	0.11845060224516091	0.05045326080093565	0.06799734144422526	nan	0.06799734144422526	PROPORTIONAL_ATTENUATION_UNSTABLE	0.09375458187986507	0.5828076830862255
psoriasis_tinnitus	psoriasis	tinnitus	0.12509772926747462	0.12851416383175177	-0.0034164345642771488	nan	-0.0034164345642771488	PROPORTIONAL_ATTENUATION_UNSTABLE	0.1441631631503209	0.20404570903953473
psoriasis_ulc_colitis	psoriasis	ulc_colitis	0.25344072043114985	0.2658544106580635	-0.012413690226913632	-0.04898064606901231	-0.012413690226913632	ENHANCED	2.62970657499194e-07	3.103252131044076e-07
psoriasis_ulcer_peptic	psoriasis	ulcer_peptic	0.11455375152329296	-0.01810580674322945	0.09644794478006351	nan	0.1326595582665224	PROPORTIONAL_ATTENUATION_UNSTABLE	0.08571396668448404	0.862552373385946
psoriasis_urine_incont	psoriasis	urine_incont	0.2141283624572643	0.13421330629050296	0.07991505616676134	0.37321098078593284	0.07991505616676134	OK	0.000487623130045358	0.07730120298842275
psoriasis_urolithiasis	psoriasis	urolithiasis	0.09326438625613434	0.07285268211565635	0.020411704140477993	0.21885850494336412	0.020411704140477993	OK	0.037947419183996606	0.1712960510168699
psoriasis_valve_nonrheumatic	psoriasis	valve_nonrheumatic	0.14566866901003478	0.097770075933359	0.04789859307667578	0.3288187734685497	0.04789859307667578	OK	0.025090582424638297	0.23724496482027074
RA_raynauds	RA	raynauds	0.2085805489592911	0.22157182662001032	-0.012991277660719225	-0.06228422413086432	-0.012991277660719225	ENHANCED	0.006752931768835229	0.01476203159989871
RA_retinal_detach	RA	retinal_detach	-0.08218106312109184	-0.056341274718075415	0.025839788403016428	nan	-0.025839788403016428	PROPORTIONAL_ATTENUATION_UNSTABLE	0.1710282769588431	0.4599745421672852
RA_schizo	RA	schizo	0.12741538030386165	0.12544384216758117	0.001971538136280482	0.01547331359509918	0.001971538136280482	OK	3.7473092489224195e-06	8.461196093617452e-05
RA_scoliosis	RA	scoliosis	0.15549670998505574	0.1615849997869823	-0.00608828980192655	-0.03915381748277302	-0.00608828980192655	ENHANCED	0.03591722732231447	0.05874858048806097
RA_sinusitis	RA	sinusitis	0.3575109545458467	0.32021097254063596	0.03729998200521073	0.10433241703766427	0.03729998200521073	OK	1.4403285980856037e-06	0.00022769579984431403
RA_sleep_apnoea	RA	sleep_apnoea	0.1952117899366467	0.10229795890185693	0.09291383103478977	0.4759642389680647	0.09291383103478977	OK	1.4996094477411012e-06	0.043391933541305536
RA_spondylolisthesis	RA	spondylolisthesis	0.29761060379356785	0.23370565967611473	0.06390494411745312	0.2147267043004275	0.06390494411745312	OK	0.0005117194030582558	0.015329216074373582
RA_spondylosis	RA	spondylosis	0.429744810519895	0.3435782132694763	0.0861665972504187	0.20050642879474545	0.0861665972504187	OK	5.407643636962535e-17	8.480620201706868e-08
RA_stroke_all	RA	stroke_all	0.27908859106443995	0.21049116668559975	0.0685974243788402	0.24579085844107995	0.0685974243788402	OK	2.425921733215362e-05	0.0052390094089114865
RA_tendon	RA	tendon	0.35235458603894243	0.26678331823090246	0.08557126780803997	0.24285555289631622	0.08557126780803997	OK	2.183477655709479e-12	7.123134222174767e-06
RA_thromboembolic	RA	thromboembolic	0.2701767047533073	0.21004071219372766	0.06013599255957963	0.22258022805662891	0.06013599255957963	OK	1.0780477898803737e-11	4.6339186417180146e-06
RA_TIA	RA	TIA	0.27049445505753916	0.19317385635122084	0.07732059870631833	0.28584910803391816	0.07732059870631833	OK	0.00017471855787417188	0.01746951127924647
RA_tinnitus	RA	tinnitus	0.15886878008126643	0.18203928253790835	-0.023170502456641928	nan	-0.023170502456641928	PROPORTIONAL_ATTENUATION_UNSTABLE	0.09237421513449036	0.05454311628407815
RA_ulc_colitis	RA	ulc_colitis	0.16928260969027634	0.17874424135479544	-0.009461631664519105	-0.055892520098965504	-0.009461631664519105	ENHANCED	5.492877152796306e-05	8.014629154845401e-05
RA_ulcer_peptic	RA	ulcer_peptic	0.4224692695828431	0.31606324340801045	0.10640602617483264	0.2518669021297115	0.10640602617483264	OK	4.821409527253373e-15	2.069630893732635e-06
RA_urine_incont	RA	urine_incont	0.2875458098318447	0.20103283376983264	0.08651297606201205	0.30086675967423904	0.08651297606201205	OK	2.3022864959909724e-09	0.000381633008224975
RA_urolithiasis	RA	urolithiasis	0.0315608431362291	0.012205522006677894	0.01935532112955121	nan	0.01935532112955121	PROPORTIONAL_ATTENUATION_UNSTABLE	0.5263567769213782	0.8431272931283504
RA_valve_nonrheumatic	RA	valve_nonrheumatic	0.2539546339826786	0.20154143014863268	0.05241320383404591	0.20638805841842145	0.05241320383404591	OK	8.328692101825416e-07	0.0011683250160251931
raynauds_retinal_detach	raynauds	retinal_detach	0.004161591647389268	-0.01428423361521266	-0.010122641967823393	nan	0.01844582526260193	PROPORTIONAL_ATTENUATION_UNSTABLE	0.9723101713096932	0.9245683641494229
raynauds_schizo	raynauds	schizo	0.07401729342802182	0.07451133747653754	-0.0004940440485157183	nan	-0.0004940440485157183	PROPORTIONAL_ATTENUATION_UNSTABLE	0.16238842018565505	0.2115278518053692
raynauds_scoliosis	raynauds	scoliosis	0.22291575291919222	0.2002858357698999	0.022629917149292328	0.10151780146957923	0.022629917149292328	OK	0.028261805424077423	0.08583916284484082
raynauds_sinusitis	raynauds	sinusitis	0.17990375965179414	0.14364421807491548	0.03625954157687866	nan	0.03625954157687866	PROPORTIONAL_ATTENUATION_UNSTABLE	0.17325544128056128	0.3797626278833533
raynauds_sleep_apnoea	raynauds	sleep_apnoea	0.10028312610248531	0.1887138996344414	-0.0884307735319561	nan	-0.0884307735319561	PROPORTIONAL_ATTENUATION_UNSTABLE	0.1029259693125177	0.022046968257378553
raynauds_spondylolisthesis	raynauds	spondylolisthesis	0.17462099745109944	0.18958226392739022	-0.014961266476290785	nan	-0.014961266476290785	PROPORTIONAL_ATTENUATION_UNSTABLE	0.19721310744062473	0.22258863704715487
raynauds_spondylosis	raynauds	spondylosis	0.28801377086921215	0.3443702731047959	-0.05635650223558375	-0.19567294322595208	-0.05635650223558375	ENHANCED	0.0007865441833878986	0.0017779920849648576
raynauds_stroke_all	raynauds	stroke_all	0.10524129924306506	0.1192176537943395	-0.01397635455127444	nan	-0.01397635455127444	PROPORTIONAL_ATTENUATION_UNSTABLE	0.3221279738352379	0.38357543560891655
raynauds_tendon	raynauds	tendon	0.20533845951241905	0.22125253664808645	-0.015914077135667393	-0.07750168757209797	-0.015914077135667393	ENHANCED	0.00730729166111665	0.025436021238373793
raynauds_thromboembolic	raynauds	thromboembolic	0.11319188091436921	0.16906900263664967	-0.05587712172228046	nan	-0.05587712172228046	PROPORTIONAL_ATTENUATION_UNSTABLE	0.10149340754730939	0.04727330505041455
raynauds_TIA	raynauds	TIA	0.12580985854260138	0.13236188537748267	-0.0065520268348812916	nan	-0.0065520268348812916	PROPORTIONAL_ATTENUATION_UNSTABLE	0.27913601140272115	0.341502400446412
raynauds_tinnitus	raynauds	tinnitus	0.15769639176329764	0.1037028957644034	0.053993495998894234	nan	0.053993495998894234	PROPORTIONAL_ATTENUATION_UNSTABLE	0.0927622827104523	0.3851143976057316
raynauds_ulc_colitis	raynauds	ulc_colitis	0.03803071684281633	0.028131972582061314	0.009898744260755016	nan	0.009898744260755016	PROPORTIONAL_ATTENUATION_UNSTABLE	0.598008320829127	0.7374726400684829
raynauds_ulcer_peptic	raynauds	ulcer_peptic	0.16307058598681679	0.17811269770455687	-0.015042111717740086	nan	-0.015042111717740086	PROPORTIONAL_ATTENUATION_UNSTABLE	0.0929006004989963	0.18540709517230833
raynauds_urine_incont	raynauds	urine_incont	0.24882677989544014	0.2842218259025521	-0.03539504600711199	-0.14224773564157922	-0.03539504600711199	ENHANCED	0.002911370561735007	0.003812005657009774
raynauds_urolithiasis	raynauds	urolithiasis	-0.047676413412782635	-0.034313339377839515	0.01336307403494312	nan	-0.01336307403494312	PROPORTIONAL_ATTENUATION_UNSTABLE	0.5805416109654041	0.7380944603580605
raynauds_valve_nonrheumatic	raynauds	valve_nonrheumatic	0.1098337863353024	0.11440146383530392	-0.0045676775000015185	nan	-0.0045676775000015185	PROPORTIONAL_ATTENUATION_UNSTABLE	0.22163073598907698	0.2804025696574604
retinal_detach_schizo	retinal_detach	schizo	-0.040352701103349604	-0.03333703913535346	0.007015661967996141	nan	-0.007015661967996141	PROPORTIONAL_ATTENUATION_UNSTABLE	0.3245238866367081	0.48344416997035483
retinal_detach_scoliosis	retinal_detach	scoliosis	-0.09223663417060687	-0.10026848753964497	-0.008031853369038097	nan	0.008031853369038097	PROPORTIONAL_ATTENUATION_UNSTABLE	0.347175339711337	0.34826122532694603
retinal_detach_sinusitis	retinal_detach	sinusitis	0.017157462988864853	0.023170816728875936	-0.006013353740011083	nan	-0.006013353740011083	PROPORTIONAL_ATTENUATION_UNSTABLE	0.887529616957642	0.8742684543934337
retinal_detach_sleep_apnoea	retinal_detach	sleep_apnoea	-0.02328762235779399	0.02348517832931891	-0.00019755597152492158	nan	-0.0467728006871129	PROPORTIONAL_ATTENUATION_UNSTABLE	0.67862680447694	0.7345938519528012
retinal_detach_spondylolisthesis	retinal_detach	spondylolisthesis	-0.020879198521741107	0.0051215459782555485	0.01575765254348556	nan	-0.026000744499996654	PROPORTIONAL_ATTENUATION_UNSTABLE	0.8690412936791134	0.9764583530117446
retinal_detach_spondylosis	retinal_detach	spondylosis	-0.13802832459591158	-0.114255540736481	0.023772783859430574	0.17223119913269402	-0.023772783859430574	OK	0.04619813535687856	0.2073067153882959
retinal_detach_stroke_all	retinal_detach	stroke_all	0.08832177728292263	0.12255002626795473	-0.0342282489850321	nan	-0.0342282489850321	PROPORTIONAL_ATTENUATION_UNSTABLE	0.18399178187512377	0.10853547491380447
retinal_detach_tendon	retinal_detach	tendon	0.03859948696839508	0.07836394887725981	-0.03976446190886473	nan	-0.03976446190886473	PROPORTIONAL_ATTENUATION_UNSTABLE	0.5549657244905274	0.304974129813117
retinal_detach_thromboembolic	retinal_detach	thromboembolic	0.0573159535820427	0.09822016807282787	-0.040904214490785164	nan	-0.040904214490785164	PROPORTIONAL_ATTENUATION_UNSTABLE	0.3856186024002799	0.18535237603137064
retinal_detach_TIA	retinal_detach	TIA	0.17398812410484385	0.21183327343755973	-0.03784514933271588	-0.21751570417479016	-0.03784514933271588	ENHANCED	0.02866852119566465	0.021543787040926007
retinal_detach_tinnitus	retinal_detach	tinnitus	-0.009374654243264292	-0.029121847442024115	-0.019747193198759824	nan	0.019747193198759824	PROPORTIONAL_ATTENUATION_UNSTABLE	0.9209951703559127	0.7866453183319965
retinal_detach_ulc_colitis	retinal_detach	ulc_colitis	0.04707599009156342	0.04419441439871438	0.0028815756928490394	nan	0.0028815756928490394	PROPORTIONAL_ATTENUATION_UNSTABLE	0.44043197933834566	0.5177726718679075
retinal_detach_ulcer_peptic	retinal_detach	ulcer_peptic	0.09833477922968845	0.16688162580381363	-0.06854684657412519	nan	-0.06854684657412519	PROPORTIONAL_ATTENUATION_UNSTABLE	0.2404898633721237	0.12403427909586219
retinal_detach_urine_incont	retinal_detach	urine_incont	0.09536045688191642	0.13915479971855887	-0.04379434283664245	nan	-0.04379434283664245	PROPORTIONAL_ATTENUATION_UNSTABLE	0.19023846810891967	0.0970574436025737
retinal_detach_urolithiasis	retinal_detach	urolithiasis	-0.045056297756451556	-0.03597450418046721	0.009081793575984348	nan	-0.009081793575984348	PROPORTIONAL_ATTENUATION_UNSTABLE	0.41423645642536155	0.5737855115155612
retinal_detach_valve_nonrheumatic	retinal_detach	valve_nonrheumatic	0.03482715846597023	0.050688434853142735	-0.015861276387172503	nan	-0.015861276387172503	PROPORTIONAL_ATTENUATION_UNSTABLE	0.6159126406088646	0.51647766667585
schizo_scoliosis	schizo	scoliosis	0.04304802287704987	0.04514243705974761	-0.0020944141826977417	nan	-0.0020944141826977417	PROPORTIONAL_ATTENUATION_UNSTABLE	0.37408886761877325	0.4066105614503886
schizo_sinusitis	schizo	sinusitis	0.07981304455539304	0.09016220490872387	-0.010349160353330833	nan	-0.010349160353330833	PROPORTIONAL_ATTENUATION_UNSTABLE	0.10788319455693622	0.13199531138907708
schizo_sleep_apnoea	schizo	sleep_apnoea	0.05314284551730262	0.12826756650050278	-0.07512472098320017	-1.4136375320501142	-0.07512472098320017	ENHANCED	0.02435999788145845	9.37495734759898e-06
schizo_spondylolisthesis	schizo	spondylolisthesis	0.05986655192026411	0.06703170821963396	-0.007165156299369847	nan	-0.007165156299369847	PROPORTIONAL_ATTENUATION_UNSTABLE	0.20051816380041926	0.24510167283435202
schizo_spondylosis	schizo	spondylosis	0.03453993759400832	0.07446823783646815	-0.03992830024245983	nan	-0.03992830024245983	PROPORTIONAL_ATTENUATION_UNSTABLE	0.3086626179328102	0.07074988127815343
schizo_stroke_all	schizo	stroke_all	0.016831377438735508	0.027939320853888727	-0.01110794341515322	nan	-0.01110794341515322	PROPORTIONAL_ATTENUATION_UNSTABLE	0.6831029411385967	0.5836399712101422
schizo_tendon	schizo	tendon	-0.18930990403105522	-0.19082710648269957	-0.001517202451644356	-0.008014384981123168	0.001517202451644356	ENHANCED	1.6251680574762008e-08	1.6731352743119172e-07
schizo_thromboembolic	schizo	thromboembolic	0.0013572167067740205	0.023041981073992395	-0.021684764367218376	nan	-0.021684764367218376	PROPORTIONAL_ATTENUATION_UNSTABLE	0.9695927034585369	0.5328594963024087
schizo_TIA	schizo	TIA	-4.962214295241647e-05	0.0007109244914724265	-0.0006613023485200101	nan	-0.0007605466344248429	PROPORTIONAL_ATTENUATION_UNSTABLE	0.9989464527691279	0.9927925549769002
schizo_tinnitus	schizo	tinnitus	0.1255966937585244	0.14235508229535734	-0.016758388536832952	-0.1334301726847451	-0.016758388536832952	ENHANCED	0.003476795246253701	0.003982288812990353
schizo_ulc_colitis	schizo	ulc_colitis	0.08272560201035098	0.08053610900609451	0.002189493004256471	0.026466933464956988	0.002189493004256471	OK	0.0009953066619620777	0.0043362570127266535
schizo_ulcer_peptic	schizo	ulcer_peptic	0.09573966022017988	0.1058764933582199	-0.010136833138040022	-0.10587914261161524	-0.010136833138040022	ENHANCED	0.015941696853987868	0.03631524789756516
schizo_urine_incont	schizo	urine_incont	0.07777495802159193	0.09926425251774726	-0.02148929449615533	-0.2763009462530275	-0.02148929449615533	ENHANCED	0.022953592129197786	0.014500455043370943
schizo_urolithiasis	schizo	urolithiasis	-0.020002300203922765	-0.005247551561649508	0.014754748642273257	nan	-0.014754748642273257	PROPORTIONAL_ATTENUATION_UNSTABLE	0.5458823263031356	0.9051330987423849
schizo_valve_nonrheumatic	schizo	valve_nonrheumatic	0.011277009827633069	0.044217673208145285	-0.032940663380512214	nan	-0.032940663380512214	PROPORTIONAL_ATTENUATION_UNSTABLE	0.7683216099563465	0.31028849317950113
scoliosis_sinusitis	scoliosis	sinusitis	0.030891472917652773	0.011088500352157893	0.019802972565494882	nan	0.019802972565494882	PROPORTIONAL_ATTENUATION_UNSTABLE	0.8189599484640301	0.9484671866214357
scoliosis_sleep_apnoea	scoliosis	sleep_apnoea	0.09822551231255716	0.14129703349383127	-0.04307152118127411	nan	-0.04307152118127411	PROPORTIONAL_ATTENUATION_UNSTABLE	0.10881774636977516	0.045727088304808136
scoliosis_spondylolisthesis	scoliosis	spondylolisthesis	0.4575373443151352	0.47651571876726045	-0.018978374452125246	-0.04147939985212146	-0.018978374452125246	ENHANCED	5.98023282623963e-05	0.0001420481172797909
scoliosis_spondylosis	scoliosis	spondylosis	0.3872556368601063	0.4443834386298098	-0.0571278017697035	-0.14751961322732288	-0.0571278017697035	ENHANCED	8.267127080821977e-08	6.3175630094537e-07
scoliosis_stroke_all	scoliosis	stroke_all	0.10747807817390542	0.12287606672598908	-0.015397988552083658	nan	-0.015397988552083658	PROPORTIONAL_ATTENUATION_UNSTABLE	0.2404898633721237	0.2527180080750531
scoliosis_tendon	scoliosis	tendon	0.22599659732397231	0.23577550872972583	-0.009778911405753515	-0.04327017097401331	-0.009778911405753515	ENHANCED	0.0003397259004071839	0.0022591838497329707
scoliosis_thromboembolic	scoliosis	thromboembolic	-0.011030931648053676	0.0069113273303872845	0.004119604317666391	nan	-0.01794225897844096	PROPORTIONAL_ATTENUATION_UNSTABLE	0.9152125393781831	0.9583530859182404
scoliosis_TIA	scoliosis	TIA	0.19534414973208816	0.2055092161081735	-0.01016506637608533	-0.052036707472563615	-0.01016506637608533	ENHANCED	0.0371245887400564	0.058530810508259375
scoliosis_tinnitus	scoliosis	tinnitus	0.19212168094483273	0.17095642256589336	0.021165258378939372	nan	0.021165258378939372	PROPORTIONAL_ATTENUATION_UNSTABLE	0.07300613681178132	0.15293506050861672
scoliosis_ulc_colitis	scoliosis	ulc_colitis	0.12052390653933394	0.11958048639450507	0.0009434201448288715	0.007827659855358049	0.0009434201448288715	OK	0.03647729529513738	0.05526548939326807
scoliosis_ulcer_peptic	scoliosis	ulcer_peptic	0.17408897119478428	0.18808350818449152	-0.013994536989707235	-0.08038726918576056	-0.013994536989707235	ENHANCED	0.03232118206536868	0.0700224961871139
scoliosis_urine_incont	scoliosis	urine_incont	0.1322340209440948	0.14502933756679812	-0.012795316622703307	nan	-0.012795316622703307	PROPORTIONAL_ATTENUATION_UNSTABLE	0.11363906751485311	0.14266785605031182
scoliosis_urolithiasis	scoliosis	urolithiasis	-0.024679763364419537	-0.022566198936854253	0.0021135644275652836	nan	-0.0021135644275652836	PROPORTIONAL_ATTENUATION_UNSTABLE	0.7432113649150738	0.7918509596704599
scoliosis_valve_nonrheumatic	scoliosis	valve_nonrheumatic	0.19348072374767272	0.20711867142680473	-0.013637947679132012	-0.07048737163562557	-0.013637947679132012	ENHANCED	0.015047679517836133	0.020548254058769314
sinusitis_sleep_apnoea	sinusitis	sleep_apnoea	0.22564540236304517	0.22183097610435557	0.003814426258689607	0.016904515752341864	0.003814426258689607	OK	0.00010631125351083066	0.003908965526645537
sinusitis_spondylolisthesis	sinusitis	spondylolisthesis	0.2903725233253843	0.25745940261111633	0.032913120714267996	0.11334791714223713	0.032913120714267996	OK	0.03202592071261194	0.1029459238901956
sinusitis_spondylosis	sinusitis	spondylosis	0.5027558829615457	0.488089977012668	0.014665905948877733	0.029171028019575607	0.014665905948877733	OK	1.586502842695641e-09	3.917540707509382e-06
sinusitis_stroke_all	sinusitis	stroke_all	-0.004697862822672085	-0.06382982958915503	-0.05913196676648295	nan	0.05913196676648295	PROPORTIONAL_ATTENUATION_UNSTABLE	0.9629025949183729	0.5768910267224345
sinusitis_tendon	sinusitis	tendon	0.453981281081178	0.4190142668947251	0.03496701418645293	0.07702303078042627	0.03496701418645293	OK	1.1129045744341224e-09	2.5105118195108516e-06
sinusitis_thromboembolic	sinusitis	thromboembolic	0.15726832019578862	0.13309437037760533	0.0241739498181833	0.1537115026604744	0.0241739498181833	OK	0.04518175287884232	0.160442024372547
sinusitis_TIA	sinusitis	TIA	0.20414373388217638	0.16283582634931018	0.0413079075328662	0.20234717347095976	0.0413079075328662	OK	0.036893532890105156	0.17374746962512388
sinusitis_tinnitus	sinusitis	tinnitus	0.34664872793478035	0.33311073647088	0.013537991463900334	0.03905391935102509	0.013537991463900334	OK	0.00034833909402740454	0.0020222622534441267
sinusitis_ulc_colitis	sinusitis	ulc_colitis	0.14496712632423198	0.14411607528522147	0.0008510510390105086	0.005870648474517348	0.0008510510390105086	OK	0.06249176454043882	0.09621396782568922
sinusitis_ulcer_peptic	sinusitis	ulcer_peptic	0.2780417188544438	0.2106793572887477	0.06736236156569608	0.24227429553821966	0.06736236156569608	OK	0.003141916447996675	0.08772640934924256
sinusitis_urine_incont	sinusitis	urine_incont	0.4022708631050089	0.3735837245352723	0.028687138569736648	0.07131299132208879	0.028687138569736648	OK	3.502829750836239e-07	3.2833827020004185e-05
sinusitis_urolithiasis	sinusitis	urolithiasis	0.047180564416184165	0.04327105370774477	0.003909510708439395	nan	0.003909510708439395	PROPORTIONAL_ATTENUATION_UNSTABLE	0.5385833506702199	0.6339538211393123
sinusitis_valve_nonrheumatic	sinusitis	valve_nonrheumatic	-0.012459952599813695	-0.06857431400536879	-0.05611436140555509	nan	0.05611436140555509	PROPORTIONAL_ATTENUATION_UNSTABLE	0.9089519473531954	0.5709826170374537
sleep_apnoea_spondylolisthesis	sleep_apnoea	spondylolisthesis	0.275100464343805	0.18921036930858537	0.0858900950352196	0.31221355892689096	0.0858900950352196	OK	1.5773448268131795e-05	0.01672733679821697
sleep_apnoea_spondylosis	sleep_apnoea	spondylosis	0.43977847025468286	0.28096475394982545	0.1588137163048574	0.3611220808805984	0.1588137163048574	OK	5.112599267849794e-29	1.5196400782157836e-07
sleep_apnoea_stroke_all	sleep_apnoea	stroke_all	0.33702339324119973	0.2367344265697182	0.10028896667148154	0.2975727165612717	0.10028896667148154	OK	1.1404404206838753e-10	0.00011087719994393729
sleep_apnoea_tendon	sleep_apnoea	tendon	0.3927888971213446	0.3126025146714636	0.08018638244988102	0.20414625524689656	0.08018638244988102	OK	1.3517437813998737e-25	4.8104213161871946e-11
sleep_apnoea_thromboembolic	sleep_apnoea	thromboembolic	0.2838364964737845	0.13561991814998423	0.14821657832380028	0.5221899937645607	0.14821657832380028	OK	2.1380280948907695e-11	0.014385890856775427
sleep_apnoea_TIA	sleep_apnoea	TIA	0.3710992393347021	0.32031994163770033	0.05077929769700179	0.1368348202169255	0.05077929769700179	OK	6.920068084287958e-12	3.917788075182129e-07
sleep_apnoea_tinnitus	sleep_apnoea	tinnitus	0.060379685170530356	0.13091448632338776	-0.0705348011528574	nan	-0.0705348011528574	PROPORTIONAL_ATTENUATION_UNSTABLE	0.4795078800407411	0.08152128665918812
sleep_apnoea_ulc_colitis	sleep_apnoea	ulc_colitis	0.019166340805518944	0.0480468173604648	-0.02888047655494586	nan	-0.02888047655494586	PROPORTIONAL_ATTENUATION_UNSTABLE	0.5460063138373832	0.22957795260088631
sleep_apnoea_ulcer_peptic	sleep_apnoea	ulcer_peptic	0.3937164004305152	0.2776739197028721	0.11604248072764312	0.2947362126666674	0.11604248072764312	OK	2.6231370367315756e-14	2.7134621428548934e-05
sleep_apnoea_urine_incont	sleep_apnoea	urine_incont	0.3832336880758014	0.26271536156033504	0.12051832651546635	0.31447738094368294	0.12051832651546635	OK	3.0341352335917695e-19	3.0860193725974735e-06
sleep_apnoea_urolithiasis	sleep_apnoea	urolithiasis	0.19951761463580772	0.1559491035509432	0.04356851108486451	0.21836924606578167	0.04356851108486451	OK	1.0425585417749849e-08	0.0004556026324908785
sleep_apnoea_valve_nonrheumatic	sleep_apnoea	valve_nonrheumatic	0.27641374208478275	0.2157978500042913	0.06061589208049145	0.2192940612261568	0.06061589208049145	OK	4.179041628822645e-11	8.896727334588878e-06
spondylolisthesis_spondylosis	spondylolisthesis	spondylosis	0.7093630037950245	0.6886210957550792	0.020741908039945245	0.02924018863258726	0.020741908039945245	OK	2.621120417923433e-17	7.186932453707895e-12
spondylolisthesis_stroke_all	spondylolisthesis	stroke_all	0.3084690196290305	0.27501296562871325	0.03345605400031726	0.10845839248476885	0.03345605400031726	OK	0.0019487090646017218	0.01868773085590737
spondylolisthesis_tendon	spondylolisthesis	tendon	0.31731395267390916	0.23223967726293918	0.08507427541096999	0.26810757829611553	0.08507427541096999	OK	4.0807398910854724e-05	0.01566871349689806
spondylolisthesis_thromboembolic	spondylolisthesis	thromboembolic	0.05966990436483395	-0.031390871171906275	0.028279033192927676	nan	0.09106077553674022	PROPORTIONAL_ATTENUATION_UNSTABLE	0.43215452566566664	0.7423773075411118
spondylolisthesis_TIA	spondylolisthesis	TIA	0.24523266456509957	0.19300545615018505	0.05222720841491452	0.21297003197977427	0.05222720841491452	OK	0.035368926125690925	0.16164495795553677
spondylolisthesis_tinnitus	spondylolisthesis	tinnitus	0.11664378553958596	0.13022949286119262	-0.01358570732160666	nan	-0.01358570732160666	PROPORTIONAL_ATTENUATION_UNSTABLE	0.324522386225975	0.3155575762612761
spondylolisthesis_ulc_colitis	spondylolisthesis	ulc_colitis	-0.01957890790316818	-0.014514096028058459	0.00506481187510972	nan	-0.00506481187510972	PROPORTIONAL_ATTENUATION_UNSTABLE	0.7931675189097964	0.8716484583086979
spondylolisthesis_ulcer_peptic	spondylolisthesis	ulcer_peptic	0.27843221543235963	0.16919755918201088	0.10923465625034876	0.39232046507522567	0.10923465625034876	OK	0.0008870730464112279	0.12664522983058904
spondylolisthesis_urine_incont	spondylolisthesis	urine_incont	0.21071866102299208	0.11941098699402393	0.09130767402896815	0.4333155572728574	0.09130767402896815	OK	0.01994626486184814	0.28930079741823134
spondylolisthesis_urolithiasis	spondylolisthesis	urolithiasis	0.14241260034497488	0.1202513254464677	0.02216127489850718	0.1556131609480098	0.02216127489850718	OK	0.03241205849032014	0.11275518631039277
spondylolisthesis_valve_nonrheumatic	spondylolisthesis	valve_nonrheumatic	0.2860220404385438	0.2634764061083397	0.022545634330204067	0.07882481467384794	0.022545634330204067	OK	0.0007764758985276888	0.006678145000952022
spondylosis_stroke_all	spondylosis	stroke_all	0.3358048592084301	0.2503187535569169	0.08548610565151321	0.25457078212931095	0.08548610565151321	OK	4.165835916067506e-08	0.001086903870427254
spondylosis_tendon	spondylosis	tendon	0.7748190960291125	0.7274859294514152	0.04733316657769726	0.06108931338976553	0.04733316657769726	OK	2.0457283610646552e-61	1.2221111847738862e-33
spondylosis_thromboembolic	spondylosis	thromboembolic	0.2920131509388607	0.16774163943286957	0.12427151150599114	0.425568201659555	0.12427151150599114	OK	2.627726088626559e-08	0.009645634177053981
spondylosis_TIA	spondylosis	TIA	0.3451248218120768	0.25783204601267706	0.08729277579939976	0.2529310275078718	0.08729277579939976	OK	3.7958382829173103e-06	0.005095366173291389
spondylosis_tinnitus	spondylosis	tinnitus	0.2407414768963794	0.2929099036228953	-0.05216842672651592	-0.21669895607133127	-0.05216842672651592	ENHANCED	0.028749647924350495	0.009673229033873352
spondylosis_ulc_colitis	spondylosis	ulc_colitis	0.06155397265554384	0.08286684047922703	-0.02131286782368319	nan	-0.02131286782368319	PROPORTIONAL_ATTENUATION_UNSTABLE	0.23764054589776668	0.17888018376069553
spondylosis_ulcer_peptic	spondylosis	ulcer_peptic	0.5447539334305391	0.4030249296391759	0.14172900379136322	0.26017068458567616	0.14172900379136322	OK	8.944176100444727e-19	1.1761245104979938e-06
spondylosis_urine_incont	spondylosis	urine_incont	0.5471305583362728	0.4505887099549407	0.09654184838133206	0.17645120878442389	0.09654184838133206	OK	4.9387330119504e-25	2.665444376821056e-11
spondylosis_urolithiasis	spondylosis	urolithiasis	0.19517827818240482	0.166985238838856	0.02819303934354883	0.1444476281177196	0.02819303934354883	OK	0.00018503670111166514	0.01027904781857578
spondylosis_valve_nonrheumatic	spondylosis	valve_nonrheumatic	0.2475854596093487	0.1681123732919197	0.079473086317429	0.3209925431114782	0.079473086317429	OK	5.916523794954034e-05	0.028642917061226802
stroke_all_tendon	stroke_all	tendon	0.21148642221701966	0.14934337804624767	0.06214304417077199	0.2938394035859335	0.06214304417077199	OK	0.0005117194030582558	0.05392932992957845
stroke_all_thromboembolic	stroke_all	thromboembolic	0.3619321220683732	0.340790031096456	0.021142090971917216	0.058414519416221444	0.021142090971917216	OK	9.101541240045172e-07	0.00018611270975983432
stroke_all_TIA	stroke_all	TIA	0.8421431113359662	0.8301336445650727	0.01200946677089354	0.01426060085184555	0.01200946677089354	OK	5.3938898145186705e-68	2.0076101392018124e-49
stroke_all_tinnitus	stroke_all	tinnitus	-0.00522002665386216	0.019460852086782145	-0.014240825432919985	nan	-0.024680878740644306	PROPORTIONAL_ATTENUATION_UNSTABLE	0.9703458884663748	0.8898193034671509
stroke_all_ulc_colitis	stroke_all	ulc_colitis	0.029535350012671695	0.03081219582895538	-0.0012768458162836852	nan	-0.0012768458162836852	PROPORTIONAL_ATTENUATION_UNSTABLE	0.5846117876314626	0.6285898677191673
stroke_all_ulcer_peptic	stroke_all	ulcer_peptic	0.25570793291803445	0.13034808230907372	0.12535985060896074	0.49024623201324	0.12535985060896074	OK	0.000665013442874726	0.22244330092372927
stroke_all_urine_incont	stroke_all	urine_incont	0.2841533677987076	0.21638102956679886	0.06777233823190873	0.23850619388019434	0.06777233823190873	OK	3.1421479568994874e-06	0.0028607698139734195
stroke_all_urolithiasis	stroke_all	urolithiasis	0.12454115939871478	0.10994144567673703	0.014599713721977756	0.11722802158310741	0.014599713721977756	OK	0.018880299707786145	0.07813397863081531
stroke_all_valve_nonrheumatic	stroke_all	valve_nonrheumatic	0.4457878840848646	0.37252147255243084	0.07326641153243374	0.16435263080969253	0.07326641153243374	OK	5.650083249736097e-16	3.1088913907934513e-09
tendon_thromboembolic	tendon	thromboembolic	0.25152822629765065	0.1596593619749055	0.09186886432274516	0.36524276290975954	0.09186886432274516	OK	1.7367721707965027e-08	0.005967691242244299
tendon_TIA	tendon	TIA	0.3205345676415683	0.2539722762151304	0.06656229142643788	0.2076602592855754	0.06656229142643788	OK	1.3873373938285088e-07	0.0007864167504180543
tendon_tinnitus	tendon	tinnitus	0.19667183399353066	0.2145816683476908	-0.01790983435416013	-0.09106456166341159	-0.01790983435416013	ENHANCED	0.02201113945121448	0.020170166379157622
tendon_ulc_colitis	tendon	ulc_colitis	0.032737689375057055	0.042066543807342344	-0.009328854432285288	nan	-0.009328854432285288	PROPORTIONAL_ATTENUATION_UNSTABLE	0.38874681321662186	0.3376864183489876
tendon_ulcer_peptic	tendon	ulcer_peptic	0.514786014834526	0.4013488406336952	0.11343717420083083	0.22035791752675005	0.11343717420083083	OK	2.945722563657271e-22	2.2450648635175856e-08
tendon_urine_incont	tendon	urine_incont	0.45608361395373825	0.37192513435879604	0.08415847959494221	0.18452423419772024	0.08415847959494221	OK	4.4274477282726715e-21	2.8581381060279886e-10
tendon_urolithiasis	tendon	urolithiasis	0.1963882595277295	0.17911366428419828	0.017274595243531227	0.08796144578638676	0.017274595243531227	OK	1.2468400514572512e-06	0.00034725119165788604
tendon_valve_nonrheumatic	tendon	valve_nonrheumatic	0.1138765206724481	0.032616359191216124	0.08126016148123198	0.7135813511107079	0.08126016148123198	OK	0.06477339924702574	0.6947777974787568
thromboembolic_TIA	thromboembolic	TIA	0.2321485184033399	0.19085423376963365	0.04129428463370624	0.17787873434522916	0.04129428463370624	OK	0.0002600825025933572	0.00988631707731879
thromboembolic_tinnitus	thromboembolic	tinnitus	0.07098129481998172	0.11347613807714409	-0.042494843257162365	nan	-0.042494843257162365	PROPORTIONAL_ATTENUATION_UNSTABLE	0.4090213136651069	0.2075991153158298
thromboembolic_ulc_colitis	thromboembolic	ulc_colitis	0.095212523831923	0.11398950829178933	-0.018776984459866336	-0.19721128801304566	-0.018776984459866336	ENHANCED	0.011239982927152503	0.005860690225673335
thromboembolic_ulcer_peptic	thromboembolic	ulcer_peptic	0.16653084812102809	0.04379744322056747	0.12273340490046061	0.7370010198426588	0.12273340490046061	OK	0.001773735268000822	0.5635656591534277
thromboembolic_urine_incont	thromboembolic	urine_incont	0.2664476687411191	0.16165186846793797	0.10479580027318111	0.39330725154514623	0.10479580027318111	OK	2.3598235326388075e-10	0.0044001895053524575
thromboembolic_urolithiasis	thromboembolic	urolithiasis	0.10324613680774208	0.0694337484665917	0.033812388341150384	0.32749301219970595	0.033812388341150384	OK	0.014880237266286905	0.15703969833859546
thromboembolic_valve_nonrheumatic	thromboembolic	valve_nonrheumatic	0.2021378031491801	0.1733322564954705	0.0288055466537096	0.1425045004197002	0.0288055466537096	OK	8.292823670351415e-05	0.0045515571427649105
TIA_tinnitus	TIA	tinnitus	0.04415373239589313	0.06339071323398843	-0.019236980838095295	nan	-0.019236980838095295	PROPORTIONAL_ATTENUATION_UNSTABLE	0.736439611912398	0.6188747202281802
TIA_ulc_colitis	TIA	ulc_colitis	0.0416079793015274	0.04244091512916133	-0.0008329358276339335	nan	-0.0008329358276339335	PROPORTIONAL_ATTENUATION_UNSTABLE	0.4591608840796459	0.5131500197168823
TIA_ulcer_peptic	TIA	ulcer_peptic	0.38628446105508146	0.2863033197529292	0.09998114130215224	0.2588277587689338	0.09998114130215224	OK	2.7750429126796273e-07	0.0020683930943964112
TIA_urine_incont	TIA	urine_incont	0.2881792895923195	0.22251500438947788	0.0656642852028416	0.22785914038352761	0.0656642852028416	OK	2.2996227226502125e-05	0.004862710315478335
TIA_urolithiasis	TIA	urolithiasis	0.1727984470974369	0.16359604614978168	0.009202400947655232	0.05325511370172331	0.009202400947655232	OK	0.002821091706229004	0.013615183927994162
TIA_valve_nonrheumatic	TIA	valve_nonrheumatic	0.5398070769129432	0.49211087195760556	0.04769620495533761	0.08835787264610051	0.04769620495533761	OK	1.602507761590373e-19	6.157251054501332e-14
tinnitus_ulc_colitis	tinnitus	ulc_colitis	0.08238196782177641	0.0779219474644987	0.004460020357277716	nan	0.004460020357277716	PROPORTIONAL_ATTENUATION_UNSTABLE	0.13509491071246918	0.2076432863019018
tinnitus_ulcer_peptic	tinnitus	ulcer_peptic	0.0966891303412799	0.12238867269380367	-0.025699542352523766	nan	-0.025699542352523766	PROPORTIONAL_ATTENUATION_UNSTABLE	0.3856186024002799	0.32998304349312735
tinnitus_urine_incont	tinnitus	urine_incont	0.260380351283326	0.29999572495532445	-0.039615373671998466	-0.15214425157945977	-0.039615373671998466	ENHANCED	0.004109726869249027	0.0013594094441851305
tinnitus_urolithiasis	tinnitus	urolithiasis	0.12222928644075602	0.13786841672724637	-0.015639130286490346	-0.12794912530288371	-0.015639130286490346	ENHANCED	0.0331492102521993	0.030366162368080023
tinnitus_valve_nonrheumatic	tinnitus	valve_nonrheumatic	0.11137131902984099	0.13201088157471355	-0.020639562544872564	nan	-0.020639562544872564	PROPORTIONAL_ATTENUATION_UNSTABLE	0.25829292335932524	0.17599080582703536
ulc_colitis_ulcer_peptic	ulc_colitis	ulcer_peptic	0.08941152089825903	0.10747297442520282	-0.018061453526943785	nan	-0.018061453526943785	PROPORTIONAL_ATTENUATION_UNSTABLE	0.12419063877851726	0.15126675850061017
ulc_colitis_urine_incont	ulc_colitis	urine_incont	0.032522962268845074	0.042078254235353024	-0.00955529196650795	nan	-0.00955529196650795	PROPORTIONAL_ATTENUATION_UNSTABLE	0.532545542641699	0.4829846303455034
ulc_colitis_urolithiasis	ulc_colitis	urolithiasis	0.09022471144178608	0.09888167795476531	-0.00865696651297923	-0.09594895206248233	-0.00865696651297923	ENHANCED	0.016841042749717122	0.012883124351532748
ulc_colitis_valve_nonrheumatic	ulc_colitis	valve_nonrheumatic	0.047715360961748755	0.0464361176016984	0.001279243360050357	nan	0.001279243360050357	PROPORTIONAL_ATTENUATION_UNSTABLE	0.2916641019891637	0.38500933582203956
ulcer_peptic_urine_incont	ulcer_peptic	urine_incont	0.40591099817643966	0.2888969912988538	0.11701400687758584	0.28827503419043277	0.11701400687758584	OK	2.279288615013566e-09	0.0010611337954294158
ulcer_peptic_urolithiasis	ulcer_peptic	urolithiasis	0.1914961189188969	0.17891703017067137	0.012579088748225525	0.06568847880177175	0.012579088748225525	OK	0.0006434671824224649	0.010510095339408146
ulcer_peptic_valve_nonrheumatic	ulcer_peptic	valve_nonrheumatic	0.2604143208807188	0.17621868917544564	0.08419563170527317	0.32331413810317466	0.08419563170527317	OK	8.01756068456558e-05	0.052715902973962114
urine_incont_urolithiasis	urine_incont	urolithiasis	0.1320961312391766	0.10301348159124353	0.02908264964793307	0.22016276612428032	0.02908264964793307	OK	0.004451407251021955	0.06248918361856648
urine_incont_valve_nonrheumatic	urine_incont	valve_nonrheumatic	0.11216467601329057	0.044838944254987266	0.06732573175830331	nan	0.06732573175830331	PROPORTIONAL_ATTENUATION_UNSTABLE	0.07180075926524261	0.5786370636674071
urolithiasis_valve_nonrheumatic	urolithiasis	valve_nonrheumatic	0.06032665078675451	0.047464377786380865	0.012862273000373646	nan	0.012862273000373646	PROPORTIONAL_ATTENUATION_UNSTABLE	0.19640743701555768	0.4066105614503886
