pair_id	baseline_rg	partial_BMI	partial_SBP	partial_ApoB	partial_FG	partial_SMK	partial_SLEEP	best_single_exposure	best_single_rg	best_single_attenuation	joint_rg	joint_attenuation	additional_joint_attenuation	joint_vs_best_single_ratio	disease1	disease2
AAA_AF	0.14633514128370315	0.09678	0.14833	0.174037	0.144579	0.119933	0.145548	BMI	0.09678	0.04955514128370314	0.11136513207090257	0.03497000921280058	-0.014585132070902562	-0.09966937499056393	AAA	AF
AAA_alc_problems	0.11655333265926685	0.091312	0.116562	0.116536	0.115753	-0.036454	0.114285	SMK	-0.036454	0.08009933265926684	-0.03920282858898534	0.0773505040702815	-0.0027488285889853414	-0.023584298503255104	AAA	alc_problems
AAA_allergic_rhinitis	0.059204903577827955	0.051571	0.059278	0.05687	0.061004	0.073889	0.057376	BMI	0.051571	0.0076339035778279565	0.06418872748513232	-0.004983823907304369	-0.012617727485132325	-0.21311963575019863	AAA	allergic_rhinitis
AAA_anxiety	0.19191974459296876	0.205392	0.191848	0.203846	0.190355	0.123144	0.190733	SMK	0.123144	0.06877574459296876	0.16053028710070505	0.03138945749226371	-0.037386287100705046	-0.19480167181336872	AAA	anxiety
AAA_asthma	0.1134310473381138	0.054972	0.113299	0.115404	0.110595	0.051563	0.111661	SMK	0.051563	0.061868047338113796	0.014297496661474448	0.09913355067663934	0.037265503338525546	0.32853001195911574	AAA	asthma
AAA_b12_def	0.1321707521622043	0.05942	0.132231	0.123552	0.128506	0.072989	0.129902	BMI	0.05942	0.07275075216220431	0.014863296154320913	0.11730745600788339	0.044556703845679085	0.33711470288825796	AAA	b12_def
AAA_BPH	-0.033464077631544145	-0.033388	-0.033314	-0.023611	-0.034221	-0.024301	-0.035209	ApoB	-0.023611	0.009853077631544145	-0.01354016090936754	0.019923916722176603	0.01007083909063246	0.3009447683428577	AAA	BPH
AAA_bursitis	0.019100015498997695	-0.03089	0.019034	0.014559	0.014736	-0.074885	0.012166	SLEEP	0.012166	0.0069340154989976956	-0.10758262374831826	-0.08848260824932055	-0.09541662374831826	-4.995630697437152	AAA	bursitis
AAA_carpal_tunnel	0.051948375076273944	-0.038628	0.051613	0.043873	0.045995	-0.004393	0.047829	SMK	-0.004393	0.04755537507627394	-0.0775122087689466	-0.025563833692672656	-0.0731192087689466	-1.4075360136209898	AAA	carpal_tunnel
AAA_cataract	0.09888283497418751	0.075368	0.098696	0.104095	0.096822	0.065071	0.097951	SMK	0.065071	0.03381183497418751	0.05656862349118208	0.04231421148300543	0.008502376508817924	0.08598435219861358	AAA	cataract
AAA_cholelithiasis	0.13591932787897565	0.044941	0.135781	0.140119	0.132213	0.094837	0.135507	BMI	0.044941	0.09097832787897564	0.03194267669756427	0.10397665118141138	0.012998323302435728	0.09563263374881904	AAA	cholelithiasis
AAA_CKD	0.10661306916704026	0.04141	0.108319	0.108875	0.103324	0.090943	0.106082	BMI	0.04141	0.06520306916704026	0.04263566533494153	0.06397740383209874	-0.0012256653349415267	-0.011496389181153456	AAA	CKD
AAA_COPD	0.31037648791781813	0.252732	0.311481	0.305782	0.309079	0.174689	0.309841	SMK	0.174689	0.13568748791781812	0.13408473509438987	0.17629175282342827	0.04060426490561014	0.13082261861395053	AAA	COPD
AAA_coronary_heart	0.27118101580180703	0.215301	0.285437	0.255776	0.269159	0.219029	0.270186	BMI	0.215301	0.05588001580180704	0.16985761249247305	0.10132340330933398	0.04544338750752694	0.1675758436598648	AAA	coronary_heart
AAA_deaf	0.06629806041887361	0.049677	0.067168	0.064638	0.067553	0.024281	0.065913	SMK	0.024281	0.04201706041887361	0.014854787930419588	0.05144327248845402	0.009426212069580412	0.14217930373868035	AAA	deaf
AAA_depression	0.15758184338936007	0.137703	0.157716	0.162079	0.155387	0.073412	0.155895	SMK	0.073412	0.08416984338936007	0.07674095747183665	0.08084088591752342	-0.0033289574718366466	-0.021125260374136593	AAA	depression
AAA_diabetes_type_2	0.16305776879434247	0.035609	0.167486	0.1552	0.18002	0.125629	0.162614	BMI	0.035609	0.12744876879434247	0.036714609519529096	0.12634315927481338	-0.0011056095195290938	-0.006780477420389274	AAA	diabetes_type_2
AAA_diverticuli	0.13372130833207252	0.099942	0.133842	0.133434	0.130883	0.096314	0.132643	SMK	0.096314	0.03740730833207252	0.0768697359430741	0.05685157238899842	0.019444264056925897	0.145408867886931	AAA	diverticuli
AAA_ED	0.14671531355252454	0.065252	0.147064	0.153313	0.143242	0.063481	0.144818	SMK	0.063481	0.08323431355252454	0.018529602789170405	0.12818571076335414	0.044951397210829594	0.30638517631451506	AAA	ED
AAA_enthesopathy_lower	0.26857170016723975	0.203234	0.269673	0.286727	0.266652	0.200662	0.269994	SMK	0.200662	0.06790970016723974	0.18005873746411313	0.08851296270312661	0.020603262535886874	0.07671419782150246	AAA	enthesopathy_lower
AAA_enthesopathy_shoulder	0.15005411964118495	0.096549	0.149926	0.141742	0.14665	0.076615	0.148205	SMK	0.076615	0.07343911964118495	0.0381275137872192	0.11192660585396574	0.0384874862127808	0.2564907001874625	AAA	enthesopathy_shoulder
AAA_enthesopathy_upper	0.1162273642200094	0.066204	0.116132	0.09548	0.113319	0.030289	0.114024	SMK	0.030289	0.0859383642200094	-0.018476125419148726	0.09775123880086067	0.011812874580851274	0.10163591560495527	AAA	enthesopathy_upper
AAA_essential_tremor	0.09788107757366435	0.086826	0.097788	0.096552	0.100541	0.104006	0.095814	BMI	0.086826	0.011055077573664349	0.0936139771893222	0.004267100384342151	-0.006787977189322197	-0.06934922824295259	AAA	essential_tremor
AAA_female_genital_prolapse	0.08891196749669909	0.07651	0.089221	0.087589	0.086513	0.068728	0.088162	SMK	0.068728	0.020183967496699096	0.06335454806674197	0.025557419429957123	0.005373451933258028	0.06043564308097805	AAA	female_genital_prolapse
AAA_fibromatosis	0.045240880983091494	0.065503	0.045296	0.042355	0.046044	0.01734	0.045398	SMK	0.01734	0.027900880983091493	0.03414716588564106	0.011093715097450434	-0.01680716588564106	-0.371503947766239	AAA	fibromatosis
AAA_fibromyalgia	0.19270311901877926	0.131753	0.192876	0.198933	0.190955	0.100502	0.192065	SMK	0.100502	0.09220111901877927	0.06957144235095851	0.12313167666782075	0.030930557649041485	0.16050885842707738	AAA	fibromyalgia
AAA_gastritis_duodenitis	0.1197921476005593	0.05615	0.119631	0.106042	0.116882	0.027222	0.117328	SMK	0.027222	0.0925701476005593	-0.02837229100907861	0.09141985659148069	-0.0011502910090786106	-0.009602390741955777	AAA	gastritis_duodenitis
AAA_glaucoma	0.007908021552155371	0.019563	0.007514	0.011852	0.005611	0.01892	0.008513	FG	0.005611	0.0022970215521553716	0.031736024953295146	-0.023828003401139775	-0.026125024953295148	-3.303610742711575	AAA	glaucoma
AAA_GORD	0.19605163708317108	0.13568	0.196082	0.181763	0.19322	0.124707	0.194559	SMK	0.124707	0.07134463708317108	0.07077248162871351	0.12527915545445756	0.05393451837128649	0.2751036368464795	AAA	GORD
AAA_gout	0.17554071657615813	0.083974	0.178899	0.165333	0.172216	0.15021	0.174288	BMI	0.083974	0.09156671657615814	0.071980027641026	0.10356068893513214	0.011993972358973995	0.06832587101677019	AAA	gout
AAA_HF	0.29342127366891246	0.194286	0.314326	0.312454	0.293695	0.229622	0.292998	BMI	0.194286	0.09913527366891248	0.19155869088595165	0.10186258278296081	0.0027273091140483374	0.009294858140128412	AAA	HF
AAA_hypertension	0.30710779409146016	0.235866	0.436374	0.334001	0.308139	0.277733	0.306274	BMI	0.235866	0.07124179409146017	0.3691986027100228	-0.06209080861856264	-0.1333326027100228	-0.4341557110410388	AAA	hypertension
AAA_hyperthyroid	0.2750396929090442	0.268193	0.276408	0.282396	0.273411	0.261861	0.276807	SMK	0.261861	0.013178692909044165	0.2735557058234283	0.0014839870856158677	-0.011694705823428297	-0.042520065739368555	AAA	hyperthyroid
AAA_hypothyroid	0.0571179327626086	0.020155	0.057112	0.061281	0.056596	0.028025	0.056917	BMI	0.020155	0.0369629327626086	0.005726887173630099	0.0513910455889785	0.0144281128263699	0.25260215362372235	AAA	hypothyroid
AAA_IBS	0.056394050549958295	0.055012	0.056636	0.067194	0.056086	0.023876	0.054024	SMK	0.023876	0.032518050549958294	0.0404799723887356	0.015914078161222693	-0.0166039723887356	-0.2944277317697989	AAA	IBS
AAA_IDA	0.1313619721814539	0.047142	0.132843	0.125162	0.126848	0.067533	0.129067	BMI	0.047142	0.0842199721814539	0.0027655504609600218	0.12859642172049388	0.044376449539039985	0.3378180823727401	AAA	IDA
AAA_insomnia	0.2915691347569911	0.277087	0.292691	0.30504	0.289865	0.208808	0.308455	SMK	0.208808	0.0827611347569911	0.2555049731383382	0.03606416161865289	-0.046696973138338205	-0.16015746377701431	AAA	insomnia
AAA_intervert_disc	0.17011943360769388	0.115945	0.17005	0.16569	0.167584	0.091795	0.168378	SMK	0.091795	0.07832443360769388	0.05376907890450486	0.11635035470318902	0.038025921095495144	0.22352485127116817	AAA	intervert_disc
AAA_isch_stroke_tia	0.2840297219800206	0.239255	0.297278	0.301263	0.282177	0.23226	0.283296	SMK	0.23226	0.05176972198002058	0.22800355529878033	0.05602616668124025	0.004256444701219664	0.014985912993708009	AAA	isch_stroke_tia
AAA_migraine	0.2536168303063142	0.254869	0.253729	0.248203	0.256359	0.228535	0.252629	SMK	0.228535	0.025081830306314223	0.22816308990119377	0.02545374040512044	0.0003719100988062163	0.0014664251515052427	AAA	migraine
AAA_OA	0.2619573036539439	0.176052	0.26192	0.26438	0.260151	0.210639	0.262925	BMI	0.176052	0.08590530365394389	0.1553165317991617	0.10664077185478218	0.020735468200838297	0.07915590789646654	AAA	OA
AAA_osteoporosis	0.031851323392206775	0.080375	0.032313	0.042412	0.036309	0.02004	0.029893	SMK	0.02004	0.011811323392206776	0.07187188843429484	-0.04002056504208807	-0.05183188843429484	-1.6273072172246636	AAA	osteoporosis
AAA_periph_neuro	0.26923413042095584	0.186396	0.269435	0.257673	0.279846	0.192524	0.271693	BMI	0.186396	0.08283813042095584	0.1415318328500511	0.12770229757090473	0.0448641671499489	0.16663625477127433	AAA	periph_neuro
AAA_peripheral_arterial	0.4629748488149627	0.406475	0.505452	0.446303	0.465923	0.38762	0.46467	SMK	0.38762	0.07535484881496268	0.37057731317250353	0.09239753564245917	0.01704268682749649	0.03681125847574486	AAA	peripheral_arterial
AAA_PMR	0.12365779739407692	0.106876	0.123508	0.123348	0.122817	0.111419	0.121934	BMI	0.106876	0.016781797394076925	0.10081584988221307	0.022841947511863858	0.006060150117786933	0.04900742408078189	AAA	PMR
AAA_pri_bladder	0.017928288092982116	0.008887	0.018599	0.03312	0.020142	-0.042878	0.01719	BMI	0.008887	0.009041288092982115	-0.027658794833848484	-0.009730506740866368	-0.018771794833848485	-1.047048928290959	AAA	pri_bladder
AAA_pri_breast	-0.03983238851932375	-0.027365	-0.039866	-0.045802	-0.040746	-0.042665	-0.039168	BMI	-0.027365	0.012467388519323747	-0.037994387664941266	0.0018380008543824808	-0.010629387664941266	-0.2668528817895183	AAA	pri_breast
AAA_pri_colorectal	-0.06712204206165526	-0.075155	-0.066904	-0.093485	-0.066645	-0.056906	-0.066918	SMK	-0.056906	0.010216042061655259	-0.09114354745802354	-0.024021505396368284	-0.03423754745802354	-0.5100790501363842	AAA	pri_colorectal
AAA_pri_prost	0.0039973178953299285	0.023731	0.004068	-0.015125	0.003558	0.027003	0.005148	FG	0.003558	0.0004393178953299285	0.021319965561909734	-0.017322647666579805	-0.017761965561909735	-4.443470853959616	AAA	pri_prost
AAA_pri_skin	-0.08843116255338204	-0.064299	-0.088275	-0.09198	-0.086877	-0.081521	-0.088399	BMI	-0.064299	0.024132162553382047	-0.06716981223974165	0.02126135031364039	-0.0028708122397416574	-0.032463807518177464	AAA	pri_skin
AAA_psoriasis	0.13109426069704322	0.091307	0.130949	0.13031	0.129761	0.076914	0.129181	SMK	0.076914	0.05418026069704322	0.051765191860092874	0.07932906883695034	0.025148808139907122	0.19183759842870332	AAA	psoriasis
AAA_RA	0.2704702050840726	0.237766	0.271032	0.2766	0.268427	0.205603	0.269427	SMK	0.205603	0.0648672050840726	0.19786037670613113	0.07260982837794147	0.007742623293868878	0.028626529459916557	AAA	RA
AAA_raynauds	-0.03444173645282694	-0.007303	-0.034588	-0.014788	-0.028975	-0.062932	-0.037755	BMI	-0.007303	0.027138736452826943	-0.021228994141062038	0.013212742311764905	-0.013925994141062038	-0.4043348441544389	AAA	raynauds
AAA_retinal_detach	0.08046461998008324	0.10133	0.080443	0.091727	0.083398	0.105936	0.080137	SLEEP	0.080137	0.000327619980083238	0.12986532717614155	-0.04940070719605831	-0.04972832717614155	-0.6180148143177759	AAA	retinal_detach
AAA_schizo	0.03253033595851277	0.062507	0.032935	0.034156	0.032493	-0.004866	0.036014	SMK	-0.004866	0.02766433595851277	0.025339377340437372	0.007190958618075397	-0.020473377340437374	-0.6293626160685178	AAA	schizo
AAA_scoliosis	0.11504661943645285	0.130921	0.115097	0.11311	0.118669	0.106401	0.113554	SMK	0.106401	0.008645619436452853	0.11848370959380775	-0.0034370901573548968	-0.01208270959380775	-0.10502446445618296	AAA	scoliosis
AAA_sinusitis	0.17993514299112137	0.169528	0.179876	0.20176	0.180205	0.134239	0.178424	SMK	0.134239	0.045696142991121375	0.15783141345427254	0.022103729536848832	-0.023592413454272543	-0.13111620699596563	AAA	sinusitis
AAA_sleep_apnoea	0.3048542086570067	0.207868	0.305282	0.298634	0.303173	0.263714	0.304091	BMI	0.207868	0.09698620865700669	0.18466614107077955	0.12018806758622713	0.023201858929220442	0.07610804860275029	AAA	sleep_apnoea
AAA_spondylolisthesis	0.3229922636455038	0.287863	0.323009	0.32123	0.321426	0.277276	0.322349	SMK	0.277276	0.045716263645503796	0.25640642937300523	0.06658583427249859	0.020869570626994793	0.06461322135535709	AAA	spondylolisthesis
AAA_spondylosis	0.26785049438755476	0.190291	0.268097	0.261755	0.265794	0.186044	0.269738	SMK	0.186044	0.08180649438755477	0.12794738185626686	0.1399031125312879	0.058096618143733125	0.21689942472039167	AAA	spondylosis
AAA_stroke_all	0.3515922212051168	0.306858	0.365585	0.365161	0.350214	0.311794	0.352753	BMI	0.306858	0.044734221205116775	0.3030050662959576	0.048587154909159214	0.0038529337040424383	0.010958529431726705	AAA	stroke_all
AAA_tendon	0.1729018959463464	0.117028	0.172797	0.160228	0.169789	0.097984	0.173207	SMK	0.097984	0.07491789594634639	0.055182351099406626	0.11771954484693976	0.042801648900593375	0.24754875397014303	AAA	tendon
AAA_thromboembolic	0.2898008786847804	0.228409	0.290029	0.30237	0.288792	0.258157	0.288842	BMI	0.228409	0.06139187868478038	0.23486293572236264	0.054937942962417746	-0.006453935722362636	-0.022270242076742126	AAA	thromboembolic
AAA_TIA	0.4685103377380105	0.443548	0.4788	0.473159	0.467688	0.43273	0.46801	SMK	0.43273	0.03578033773801048	0.43151532163945056	0.03699501609855993	0.0012146783605494482	0.0025926393991944157	AAA	TIA
AAA_tinnitus	-0.018101630711903884	0.004456	-0.017917	-0.002181	-0.012815	-0.027203	-0.021798	ApoB	-0.002181	0.015920630711903885	0.006875846085377745	0.011225784626526139	-0.004694846085377746	-0.2593603946571703	AAA	tinnitus
AAA_ulc_colitis	-0.06446423182092617	-0.05688	-0.064676	-0.056566	-0.064477	-0.069564	-0.064641	ApoB	-0.056566	0.007898231820926173	-0.055368486546196444	0.009095745274729727	0.0011975134538035545	0.018576401517202624	AAA	ulc_colitis
AAA_ulcer_peptic	0.3121522502064216	0.257285	0.313939	0.303981	0.310655	0.21656	0.312804	SMK	0.21656	0.09559225020642162	0.17632450617537962	0.135827744031042	0.04023549382462038	0.12889701675388612	AAA	ulcer_peptic
AAA_urine_incont	0.17596512513618598	0.108037	0.175869	0.185468	0.173084	0.107313	0.174294	SMK	0.107313	0.06865212513618597	0.07253426325411741	0.10343086188206857	0.034778736745882596	0.19764562278443545	AAA	urine_incont
AAA_urolithiasis	0.10582417865351819	0.077642	0.105913	0.095308	0.105332	0.101054	0.105353	BMI	0.077642	0.028182178653518186	0.06913192808716155	0.03669225056635664	0.008510071912838452	0.08041708446140186	AAA	urolithiasis
AAA_valve_nonrheumatic	0.22861515967109697	0.192394	0.237346	0.238	0.226366	0.208647	0.227427	BMI	0.192394	0.03622115967109696	0.19931042817724468	0.029304731493852293	-0.006916428177244666	-0.030253585051818792	AAA	valve_nonrheumatic
AF_alc_problems	0.12519319320280295	0.102988	0.10545	0.127139	0.123857	0.080303	0.121224	SMK	0.080303	0.04489019320280295	0.05492365457565225	0.0702695386271507	0.02537934542434775	0.20272144814802545	AF	alc_problems
AF_allergic_rhinitis	0.06565303756215957	0.058917	0.069502	0.067627	0.068861	0.070552	0.062772	BMI	0.058917	0.006736037562159569	0.06483809911542487	0.0008149384467346921	-0.005921099115424877	-0.09018774051115071	AF	allergic_rhinitis
AF_anxiety	0.11609775176011958	0.125355	0.115331	0.113932	0.112958	0.089833	0.11384	SMK	0.089833	0.02626475176011958	0.10686929919838963	0.009228452561729952	-0.01703629919838963	-0.14674099144994573	AF	anxiety
AF_asthma	0.11994320734420566	0.069001	0.105609	0.120983	0.114604	0.09794	0.117018	BMI	0.069001	0.05094220734420565	0.04722264346873033	0.07272056387547533	0.02177835653126968	0.18157223750713525	AF	asthma
AF_b12_def	0.05546042837571849	-0.014143	0.034807	0.060981	0.046842	0.031824	0.048854	BMI	-0.014143	0.04131742837571849	-0.0384334460330443	0.01702698234267419	-0.0242904460330443	-0.43797797356500523	AF	b12_def
AF_BPH	0.11215784845262455	0.116012	0.120289	0.108306	0.111099	0.116886	0.109939	ApoB	0.108306	0.003851848452624554	0.1226207444270718	-0.010462895974447245	-0.014314744427071799	-0.12763034085054104	AF	BPH
AF_bursitis	0.1391780603098336	0.100653	0.140049	0.141992	0.13258	0.111426	0.134084	BMI	0.100653	0.03852506030983359	0.09121124154399457	0.047966818765839025	0.009441758456005436	0.06783941689506598	AF	bursitis
AF_carpal_tunnel	0.08864208597265662	0.012737	0.073648	0.093119	0.078114	0.068808	0.082547	BMI	0.012737	0.07590508597265662	-0.0007271756521695661	0.08791491032048705	0.012009824347830433	0.13548670720063039	AF	carpal_tunnel
AF_cataract	0.11843858825335332	0.098112	0.104825	0.117961	0.114767	0.105695	0.117013	BMI	0.098112	0.020326588253353317	0.08010809473049017	0.03833049352286315	0.01800390526950983	0.15201046833653128	AF	cataract
AF_cholelithiasis	0.1565441185632619	0.079749	0.149012	0.157084	0.14905	0.141428	0.155949	BMI	0.079749	0.07679511856326189	0.07602494035653173	0.08051917820673016	0.0037240596434682666	0.023789201904530936	AF	cholelithiasis
AF_CKD	0.12431476865787419	0.068317	0.077486	0.125176	0.118141	0.117719	0.123526	BMI	0.068317	0.05599776865787419	0.028927657437333845	0.09538711122054035	0.03938934256266616	0.3168516740844307	AF	CKD
AF_COPD	0.11961374889433432	0.054706	0.100088	0.126049	0.111291	0.065063	0.115823	BMI	0.054706	0.06490774889433432	0.003601614540471424	0.1160121343538629	0.05110438545952857	0.42724507786035293	AF	COPD
AF_coronary_heart	0.263373627302607	0.214206	0.209772	0.276173	0.258568	0.245717	0.261503	SBP	0.209772	0.05360162730260701	0.16812786838585897	0.09524575891674802	0.04164413161414102	0.15811807750323226	AF	coronary_heart
AF_deaf	-0.001961214587012465	-0.018682	0.017966	-0.000522	0.000123	-0.018943	-0.0026	FG	0.000123	0.0018382145870124648	-0.011359832419459497	-0.009398617832447033	-0.011236832419459497	-5.7295272500377745	AF	deaf
AF_depression	0.10803595403091011	0.088624	0.114222	0.108464	0.10361	0.077475	0.104689	SMK	0.077475	0.03056095403091011	0.07769225414735641	0.030343699883553704	-0.00021725414735640491	-0.002010943017120453	AF	depression
AF_diabetes_type_2	0.16705407974195208	0.058949	0.117723	0.173323	0.164455	0.152784	0.166395	BMI	0.058949	0.10810507974195208	0.050075481309730156	0.11697859843222191	0.008873518690269845	0.05311764132894415	AF	diabetes_type_2
AF_diverticuli	0.11175602046168566	0.080986	0.117785	0.113953	0.10608	0.097054	0.109984	BMI	0.080986	0.030770020461685657	0.08518003012722995	0.026575990334455707	-0.00419403012722995	-0.03752844911534612	AF	diverticuli
AF_ED	0.2213430742113148	0.157537	0.201515	0.221331	0.213322	0.197892	0.218482	BMI	0.157537	0.06380607421131479	0.14167460322633357	0.07966847098498123	0.015862396773666437	0.07166430135746063	AF	ED
AF_enthesopathy_lower	0.11495428487895042	0.045132	0.09328	0.111207	0.10982	0.08662	0.109306	BMI	0.045132	0.06982228487895042	0.002576125459555845	0.11237815941939457	0.042555874540444155	0.3701982452003116	AF	enthesopathy_lower
AF_enthesopathy_shoulder	0.053479670334567596	0.001117	0.045641	0.059079	0.045022	0.023968	0.046651	BMI	0.001117	0.052362670334567596	-0.016091668350443556	0.037388001984124036	-0.014974668350443556	-0.2800067438105428	AF	enthesopathy_shoulder
AF_enthesopathy_upper	0.07532887891199781	0.029269	0.073019	0.086355	0.06947	0.04361	0.067227	BMI	0.029269	0.04605987891199781	0.017635944250332887	0.057692934661664926	0.011633055749667113	0.15443022540209725	AF	enthesopathy_upper
AF_essential_tremor	0.035167404852268734	0.023457	0.032208	0.037013	0.039525	0.036031	0.031296	BMI	0.023457	0.011710404852268735	0.019012853628129538	0.016154551224139196	0.004444146371870461	0.12637117781478147	AF	essential_tremor
AF_female_genital_prolapse	0.09095279282639487	0.079828	0.101379	0.092967	0.086564	0.082761	0.089797	BMI	0.079828	0.011124792826394878	0.08983368813815781	0.0011191046882370603	-0.010005688138157817	-0.11000968554375304	AF	female_genital_prolapse
AF_fibromatosis	-0.02454039024087222	-0.008822	-0.023297	-0.022941	-0.023235	-0.035983	-0.024339	BMI	-0.008822	0.01571839024087222	-0.01658127771658287	0.007959112524289349	-0.007759277716582871	-0.3161839579738928	AF	fibromatosis
AF_fibromyalgia	0.10095399716606257	0.041406	0.085243	0.101025	0.097311	0.066136	0.094976	BMI	0.041406	0.05954799716606257	0.001969980920845642	0.09898401624521692	0.03943601907915436	0.390633557721194	AF	fibromyalgia
AF_gastritis_duodenitis	0.0692010300854412	0.010129	0.059438	0.076962	0.06324	0.034745	0.063641	BMI	0.010129	0.05907203008544121	-0.011829086688305422	0.057371943397135784	-0.0017000866883054213	-0.02456736100902481	AF	gastritis_duodenitis
AF_glaucoma	-0.0002442525868640571	0.009758	-0.01435	-0.001802	-0.004363	0.003698	0.00068	SLEEP	0.00068	-0.00043574741313594294	0.0007536448404673679	-0.0005093922536033109	-7.364484046736789e-05	-0.30151099487988703	AF	glaucoma
AF_GORD	0.16080177935260734	0.105652	0.150258	0.170686	0.153953	0.135763	0.157248	BMI	0.105652	0.05514977935260734	0.09559355507080132	0.06520822428180602	0.010058444929198676	0.06255182604131788	AF	GORD
AF_gout	0.20563968306939828	0.13021	0.165376	0.213482	0.197723	0.195531	0.203618	BMI	0.13021	0.07542968306939829	0.10461324552184063	0.10102643754755765	0.02559675447815936	0.12447380824605284	AF	gout
AF_HF	0.5946769746803872	0.580116	0.569289	0.593667	0.598116	0.591031	0.595813	SBP	0.569289	0.025387974680387115	0.5614091762229195	0.033267798457467634	0.007879823777080519	0.013250595050053148	AF	HF
AF_hypertension	0.3824167994340854	0.330287	0.340913	0.377964	0.379616	0.372026	0.381105	BMI	0.330287	0.05212979943408541	0.2794981754972799	0.10291862393680551	0.0507888245027201	0.1328101290996611	AF	hypertension
AF_hyperthyroid	0.1733857719056214	0.163731	0.151837	0.174266	0.165457	0.165293	0.175754	SBP	0.151837	0.021548771905621406	0.15137358649202826	0.02201218541359315	0.00046341350797174385	0.0026727308871917843	AF	hyperthyroid
AF_hypothyroid	0.09914887377339256	0.068119	0.101174	0.098542	0.098347	0.088484	0.098885	BMI	0.068119	0.031029873773392558	0.06531111602902596	0.03383775774436659	0.0028078839709740344	0.02831987761546873	AF	hypothyroid
AF_IBS	0.042207773641358796	0.040445	0.050381	0.038592	0.041678	0.029639	0.038293	SMK	0.029639	0.012568773641358798	0.034143924818913624	0.008063848822445173	-0.004504924818913625	-0.10673211188991293	AF	IBS
AF_IDA	0.1442873972202999	0.072176	0.106342	0.149236	0.133675	0.12214	0.139667	BMI	0.072176	0.0721113972202999	0.0357539035455389	0.108533493674761	0.0364220964544611	0.25242742717751965	AF	IDA
AF_insomnia	0.09844026674633273	0.07906	0.115668	0.096658	0.093805	0.06257	0.090932	SMK	0.06257	0.03587026674633273	0.07208587490756047	0.026354391838772265	-0.009515874907560465	-0.0966664884409709	AF	insomnia
AF_intervert_disc	0.13787580466390345	0.088469	0.128554	0.142478	0.132607	0.110384	0.134049	BMI	0.088469	0.049406804663903445	0.07007674078585008	0.06779906387805337	0.018392259214149928	0.13339729373826176	AF	intervert_disc
AF_isch_stroke_tia	0.4515748903844633	0.421482	0.415298	0.450217	0.448585	0.440405	0.450653	SBP	0.415298	0.0362768903844633	0.3823971473224888	0.0691777430619745	0.032900852677511194	0.07285802062532741	AF	isch_stroke_tia
AF_migraine	0.0808314140202473	0.076661	0.085568	0.086634	0.08489	0.067709	0.078608	SMK	0.067709	0.013122414020247289	0.07401003020400926	0.006821383816238036	-0.006301030204009253	-0.07795274003781402	AF	migraine
AF_OA	0.18344437695896332	0.099588	0.185856	0.186345	0.179343	0.163468	0.179615	BMI	0.099588	0.08385637695896332	0.09825469385066189	0.08518968310830143	0.0013333061493381038	0.007268176716238981	AF	OA
AF_osteoporosis	0.05808711622783132	0.101788	0.073147	0.054379	0.066088	0.053594	0.055134	SMK	0.053594	0.004493116227831315	0.09839039990726728	-0.04030328367943596	-0.044796399907267276	-0.7711933870424084	AF	osteoporosis
AF_periph_neuro	0.1778750860297378	0.095388	0.167747	0.187661	0.167819	0.150525	0.174024	BMI	0.095388	0.08248708602973781	0.10421626733521024	0.07365881869452758	-0.008828267335210235	-0.049631837331813256	AF	periph_neuro
AF_peripheral_arterial	0.25928996012713407	0.185635	0.193852	0.277623	0.252588	0.235833	0.256685	BMI	0.185635	0.07365496012713407	0.12235077221643376	0.1369391879107003	0.06328422778356624	0.24406740528070178	AF	peripheral_arterial
AF_PMR	0.1343671919397391	0.11956	0.124679	0.136566	0.132963	0.128781	0.131513	BMI	0.11956	0.01480719193973909	0.10985042052305863	0.02451677141668046	0.009709579476941371	0.07226153450684537	AF	PMR
AF_pri_bladder	0.10788869034271836	0.102218	0.131084	0.102493	0.112153	0.087865	0.106859	SMK	0.087865	0.020023690342718364	0.10216836971292025	0.005720320629798117	-0.014303369712920247	-0.13257524646452076	AF	pri_bladder
AF_pri_breast	0.04182808102150366	0.055092	0.041683	0.044074	0.040363	0.041702	0.042939	FG	0.040363	0.00146508102150366	0.05761854292938706	-0.0157904619078834	-0.01725554292938706	-0.4125348930187844	AF	pri_breast
AF_pri_colorectal	-0.020508488156693688	-0.026155	-0.010959	-0.010624	-0.019618	-0.015736	-0.020175	ApoB	-0.010624	0.009884488156693688	-0.004435767411629217	0.01607272074506447	0.006188232588370783	0.30174006689766786	AF	pri_colorectal
AF_pri_prost	-0.018201779503782167	-0.001498	-0.01621	-0.010316	-0.019021	-0.009921	-0.016472	BMI	-0.001498	0.016703779503782167	0.013918727608549874	0.004283051895232292	-0.012420727608549875	-0.6823908401905956	AF	pri_prost
AF_pri_skin	0.023168805800236957	0.048083	0.030735	0.023758	0.026287	0.027376	0.023277	SLEEP	0.023277	-0.00010819419976304187	0.053991511015649564	-0.030822705215412607	-0.030714511015649565	-1.325683821620855	AF	pri_skin
AF_psoriasis	0.11179980517875898	0.075838	0.105289	0.11418	0.109385	0.09159	0.108306	BMI	0.075838	0.03596180517875898	0.060580797435273406	0.051219007743485576	0.015257202564726596	0.13646895484595473	AF	psoriasis
AF_RA	0.1620764860371242	0.128436	0.146821	0.163367	0.155484	0.137061	0.159297	BMI	0.128436	0.03364048603712422	0.10515261174963866	0.05692387428748555	0.02328338825036133	0.14365679328109437	AF	RA
AF_raynauds	-0.0197810818494662	0.00462	-0.024934	-0.028606	-0.009458	-0.029907	-0.024626	BMI	0.00462	0.015161081849466202	-0.029431809667297523	-0.009650727817831321	-0.024811809667297523	-1.2543201557991166	AF	raynauds
AF_retinal_detach	0.035218111471600776	0.052051	0.035214	0.03165	0.04009	0.043545	0.034692	ApoB	0.03165	0.003568111471600778	0.049168376676448224	-0.013950265204847448	-0.017518376676448226	-0.49742521516449617	AF	retinal_detach
AF_schizo	-0.03141331650181335	-0.007177	-0.020084	-0.031873	-0.031572	-0.046362	-0.026774	BMI	-0.007177	0.024236316501813352	-0.007116867981994783	0.02429644851981857	6.0132018005217176e-05	0.0019142206141063145	AF	schizo
AF_scoliosis	0.08400318856089405	0.096761	0.087455	0.086551	0.089988	0.079462	0.081453	SMK	0.079462	0.004541188560894041	0.09294629021560834	-0.008943101654714292	-0.013484290215608333	-0.16052117123903636	AF	scoliosis
AF_sinusitis	0.02628853312478425	0.012375	0.014573	0.0196	0.026623	0.005791	0.019968	SMK	0.005791	0.02049753312478425	-0.022783328196016944	0.0035052049287673075	-0.016992328196016943	-0.6463779517616732	AF	sinusitis
AF_sleep_apnoea	0.24292074930416976	0.149722	0.23264	0.250922	0.237167	0.226719	0.241494	BMI	0.149722	0.09319874930416977	0.14951262423951378	0.09340812506465598	0.00020937576048621342	0.0008619097425228445	AF	sleep_apnoea
AF_spondylolisthesis	0.02223476215999158	-0.022891	0.023078	0.026916	0.017244	-0.002524	0.01813	SMK	-0.002524	0.019710762159991582	-0.03009048811553412	-0.007855725955542538	-0.027566488115534117	-1.2397923538456486	AF	spondylolisthesis
AF_spondylosis	0.16079562645840814	0.082078	0.149441	0.167631	0.153987	0.130964	0.156367	BMI	0.082078	0.07871762645840814	0.06267232494073488	0.09812330151767326	0.019405675059265118	0.12068534130363705	AF	spondylosis
AF_stroke_all	0.4259888026099685	0.391533	0.390103	0.426437	0.423442	0.414473	0.427849	SBP	0.390103	0.03588580260996854	0.355705045086716	0.0702837575232525	0.03439795491328396	0.08074849550629717	AF	stroke_all
AF_tendon	0.05265493680679535	-0.003552	0.044482	0.060529	0.044326	0.021772	0.043583	BMI	-0.003552	0.04910293680679535	-0.022302521343780926	0.030352415463014426	-0.018750521343780926	-0.3561018677618295	AF	tendon
AF_thromboembolic	0.1551418221867716	0.090935	0.163686	0.153981	0.146265	0.140152	0.152726	BMI	0.090935	0.06420682218677161	0.10179015194563214	0.05335167024113947	-0.010855151945632135	-0.06996921779456652	AF	thromboembolic
AF_TIA	0.3388745539707951	0.310697	0.30698	0.34422	0.335038	0.324138	0.337703	SBP	0.30698	0.0318945539707951	0.2814891730580436	0.05738538091275147	0.025490826941956368	0.07522201547228956	AF	TIA
AF_tinnitus	0.03971860041878103	0.061293	0.047271	0.033136	0.050112	0.036916	0.034749	ApoB	0.033136	0.006582600418781032	0.04866813772755938	-0.00894953730877835	-0.015532137727559382	-0.39105450755548216	AF	tinnitus
AF_ulc_colitis	0.03345826961282067	0.042877	0.027968	0.029595	0.033567	0.03285	0.033243	SBP	0.027968	0.005490269612820668	0.032627788062739624	0.0008304815500810442	-0.004659788062739624	-0.13927163946799176	AF	ulc_colitis
AF_ulcer_peptic	0.12857115483408485	0.067444	0.104877	0.136875	0.121037	0.089749	0.123906	BMI	0.067444	0.061127154834084846	0.029356879949609765	0.09921427488447508	0.038087120050390236	0.2962337866494231	AF	ulcer_peptic
AF_urine_incont	0.09761487717005576	0.032336	0.094717	0.096147	0.090745	0.071014	0.093604	BMI	0.032336	0.06527887717005576	0.016917732787914707	0.08069714438214105	0.01541826721208529	0.1579499729864433	AF	urine_incont
AF_urolithiasis	0.13435055274913937	0.110279	0.140114	0.140886	0.13361	0.131717	0.133666	BMI	0.110279	0.02407155274913937	0.12270246172053896	0.011648091028600413	-0.012423461720538959	-0.09247049205473806	AF	urolithiasis
AF_valve_nonrheumatic	0.569712767815304	0.552133	0.543531	0.571179	0.567479	0.564713	0.568925	SBP	0.543531	0.026181767815304013	0.5306738009156499	0.03903896689965414	0.012857199084350124	0.02256786193094117	AF	valve_nonrheumatic
alc_problems_allergic_rhinitis	0.09666509962560298	0.093049	0.09843	0.096458	0.098105	0.135415	0.086432	SLEEP	0.086432	0.010233099625602982	0.13082446520852484	-0.03415936558292186	-0.04439246520852484	-0.4592398433401804	alc_problems	allergic_rhinitis
alc_problems_anxiety	0.37373293592180784	0.379611	0.374248	0.374301	0.372964	0.285034	0.368655	SMK	0.285034	0.08869893592180783	0.28458228557487963	0.0891506503469282	0.0004517144251203753	0.0012086556514111528	alc_problems	anxiety
alc_problems_asthma	0.19409481157513336	0.171969	0.187036	0.19405	0.192493	0.095097	0.183935	SMK	0.095097	0.09899781157513336	0.0841297283949009	0.10996508318023246	0.010967271605099096	0.05650471290858647	alc_problems	asthma
alc_problems_b12_def	0.1560000626362702	0.127269	0.146506	0.155513	0.153842	0.052428	0.132344	SMK	0.052428	0.1035720626362702	0.027324736108683145	0.12867532652758706	0.025103263891316858	0.1609182936666355	alc_problems	b12_def
alc_problems_BPH	-0.010056607785256891	-0.009598	-0.007316	-0.009442	-0.010618	0.009052	-0.019473	SBP	-0.007316	0.0027406077852568916	0.007339545989811864	0.0027170617954450273	-2.3545989811864232e-05	-0.002341345144869122	alc_problems	BPH
alc_problems_bursitis	0.27594584649108295	0.260199	0.276419	0.275742	0.274954	0.149803	0.248246	SMK	0.149803	0.12614284649108295	0.13285078128418049	0.14309506520690246	0.016952218715819506	0.06143313599890444	alc_problems	bursitis
alc_problems_carpal_tunnel	0.1202823778910987	0.085977	0.112619	0.11984	0.117429	0.026354	0.094339	SMK	0.026354	0.0939283778910987	0.004211991044715763	0.11607038684638295	0.022142008955284235	0.18408356521959662	alc_problems	carpal_tunnel
alc_problems_cataract	0.19712722367327346	0.187246	0.190441	0.197303	0.195861	0.154649	0.193288	SMK	0.154649	0.042478223673273446	0.1458252867432298	0.051301936930043646	0.0088237132567702	0.04476151539269368	alc_problems	cataract
alc_problems_cholelithiasis	0.14542254844514008	0.110272	0.140749	0.145466	0.143113	0.075752	0.144148	SMK	0.075752	0.06967054844514008	0.08392039238762727	0.0615021560575128	-0.008168392387627274	-0.056170053921925034	alc_problems	cholelithiasis
alc_problems_CKD	0.05542857389918893	0.025062	0.030344	0.055397	0.05271	0.024265	0.052641	SMK	0.024265	0.031163573899188935	-0.0073730685366901316	0.0480555053624988	0.01689193146330987	0.30475132724923026	alc_problems	CKD
alc_problems_COPD	0.4863636459998471	0.477278	0.480396	0.486433	0.488826	0.256243	0.477318	SMK	0.256243	0.2301206459998471	0.2475087683721397	0.2388548776277074	0.0087342316278603	0.017958232897742208	alc_problems	COPD
alc_problems_coronary_heart	0.19094609711564944	0.165925	0.16527	0.190574	0.189245	0.087489	0.183246	SMK	0.087489	0.10345709711564945	0.04018948051502392	0.15075661660062553	0.04729951948497608	0.24771137090237774	alc_problems	coronary_heart
alc_problems_deaf	0.08225123749087286	0.074472	0.093211	0.082067	0.083225	0.007686	0.080725	SMK	0.007686	0.07456523749087286	0.02127187212142479	0.06097936536944807	-0.013585872121424791	-0.1651752914104468	alc_problems	deaf
alc_problems_depression	0.3311811615067254	0.323429	0.33506	0.331224	0.330248	0.210535	0.321526	SMK	0.210535	0.12064616150672539	0.21153172471822337	0.11964943678850201	-0.000996724718223374	-0.0030096057205932993	alc_problems	depression
alc_problems_diabetes_type_2	0.13620365595260947	0.088616	0.112007	0.135683	0.152302	0.069135	0.134553	SMK	0.069135	0.06706865595260947	0.07480849004157708	0.06139516591103239	-0.005673490041577078	-0.04165446222347442	alc_problems	diabetes_type_2
alc_problems_diverticuli	0.21152292686062926	0.19753	0.214553	0.211344	0.209989	0.160826	0.206516	SMK	0.160826	0.050696926860629266	0.16790162898460784	0.043621297876021425	-0.00707562898460784	-0.03345088444842632	alc_problems	diverticuli
alc_problems_ED	0.2602046687173806	0.236241	0.250268	0.260396	0.265667	0.127778	0.247461	SMK	0.127778	0.13242666871738062	0.12304215963294268	0.13716250908443794	0.00473584036705732	0.01820044348320713	alc_problems	ED
alc_problems_enthesopathy_lower	0.19302246497127853	0.165092	0.182775	0.19385	0.19145	0.054049	0.16813	SMK	0.054049	0.13897346497127855	0.024529122695910892	0.16849334227536764	0.029519877304089108	0.1529349307008468	alc_problems	enthesopathy_lower
alc_problems_enthesopathy_shoulder	0.22963752440010576	0.209599	0.226588	0.229258	0.228331	0.109306	0.207636	SMK	0.109306	0.12033152440010576	0.09443560224777152	0.13520192215233423	0.014870397752228481	0.0647559574206141	alc_problems	enthesopathy_shoulder
alc_problems_enthesopathy_upper	0.259103250382013	0.241529	0.258631	0.259117	0.257853	0.126952	0.231274	SMK	0.126952	0.13215125038201297	0.10707270306265215	0.15203054731936083	0.019879296937347857	0.07672345641375977	alc_problems	enthesopathy_upper
alc_problems_essential_tremor	0.007973049050735474	0.001543	0.006114	0.007743	0.009802	0.012615	-0.006841	BMI	0.001543	0.006430049050735474	-0.001675503537509066	0.006297545513226408	-0.00013250353750906586	-0.01661892917827253	alc_problems	essential_tremor
alc_problems_female_genital_prolapse	0.14087554442918873	0.135101	0.146006	0.140689	0.139283	0.116429	0.137661	SMK	0.116429	0.024446544429188727	0.1243885238084895	0.016487020620699233	-0.007959523808489494	-0.05650039430719189	alc_problems	female_genital_prolapse
alc_problems_fibromatosis	0.1779343493654527	0.18802	0.179903	0.177739	0.178622	0.14885	0.180432	SMK	0.14885	0.029084349365452677	0.15203263417757718	0.025901715187875513	-0.003182634177577165	-0.017886564280179942	alc_problems	fibromatosis
alc_problems_fibromyalgia	0.34299630818596083	0.325796	0.336969	0.343089	0.342123	0.202674	0.32367	SMK	0.202674	0.14032230818596084	0.18479924099234818	0.15819706719361265	0.017874759007651814	0.05211356093652394	alc_problems	fibromyalgia
alc_problems_gastritis_duodenitis	0.3753841508929464	0.359931	0.372339	0.375436	0.374821	0.256661	0.360467	SMK	0.256661	0.11872315089294644	0.2503395566610932	0.1250445942318532	0.006321443338906774	0.016839931371288898	alc_problems	gastritis_duodenitis
alc_problems_glaucoma	-0.024140162274960793	-0.019188	-0.031474	-0.023929	-0.025971	-0.00735	-0.021012	SMK	-0.00735	0.016790162274960795	-0.014120409894321506	0.010019752380639287	-0.006770409894321506	-0.28046248476730684	alc_problems	glaucoma
alc_problems_GORD	0.3283113531695357	0.310423	0.32362	0.328394	0.32801	0.2246	0.315757	SMK	0.2246	0.1037113531695357	0.2202285653011927	0.108082787868343	0.004371434698807297	0.0133149056729389	alc_problems	GORD
alc_problems_gout	0.139922160307776	0.102556	0.118928	0.139343	0.137484	0.096626	0.131834	SMK	0.096626	0.043296160307775985	0.07508458879695423	0.06483757151082176	0.02154141120304577	0.15395282030854004	alc_problems	gout
alc_problems_HF	0.293394487040488	0.276801	0.274376	0.294352	0.295577	0.179906	0.279251	SMK	0.179906	0.11348848704048797	0.15968038899660117	0.13371409804388681	0.02022561100339884	0.06893657480553729	alc_problems	HF
alc_problems_hypertension	0.21232747941588453	0.183095	0.195012	0.213971	0.212372	0.158051	0.20646	SMK	0.158051	0.05427647941588454	0.09225393310235415	0.12007354631353039	0.06579706689764585	0.3098848395820191	alc_problems	hypertension
alc_problems_hyperthyroid	0.06592358795008936	0.059114	0.053216	0.065923	0.062263	0.025133	0.073936	SMK	0.025133	0.04079058795008936	0.017995859916729074	0.04792772803336029	0.007137140083270925	0.10826382946077574	alc_problems	hyperthyroid
alc_problems_hypothyroid	0.08297368087855947	0.066684	0.083344	0.083138	0.082584	0.03472	0.082529	SMK	0.03472	0.04825368087855947	0.038107299131942704	0.044866381746616765	-0.003387299131942703	-0.040823778047166116	alc_problems	hypothyroid
alc_problems_IBS	0.13541639251665086	0.134882	0.13993	0.136068	0.135208	0.08935	0.122233	SMK	0.08935	0.04606639251665086	0.08663249134877246	0.048783901167878396	0.0027175086512275376	0.020067796820782916	alc_problems	IBS
alc_problems_IDA	0.10763313470686042	0.07174	0.088096	0.107165	0.104401	-0.014527	0.083271	SMK	-0.014527	0.09310613470686042	-0.05943499482840569	0.048198139878454734	-0.04490799482840569	-0.41723206288391507	alc_problems	IDA
alc_problems_insomnia	0.4574218245184386	0.451261	0.468668	0.457905	0.456983	0.340122	0.444001	SMK	0.340122	0.11729982451843862	0.3485140518612455	0.10890777265719309	-0.00839205186124553	-0.01834641770772625	alc_problems	insomnia
alc_problems_intervert_disc	0.2743122878064108	0.255458	0.269975	0.274015	0.273145	0.150136	0.260498	SMK	0.150136	0.12417628780641082	0.139762326439441	0.1345499613669698	0.010373673560558988	0.0378170210438402	alc_problems	intervert_disc
alc_problems_isch_stroke_tia	0.3538118504014545	0.338346	0.3389	0.35466	0.353047	0.280446	0.351344	SMK	0.280446	0.07336585040145455	0.2562077671746137	0.09760408322684083	0.024238232825386286	0.0685059949175932	alc_problems	isch_stroke_tia
alc_problems_migraine	0.03957363290793411	0.03665	0.041272	0.038899	0.041274	-0.028578	0.031111	SMK	-0.028578	0.010995632907934108	-0.035017420014209634	0.004556212893724473	-0.006439420014209635	-0.16271996127296662	alc_problems	migraine
alc_problems_OA	0.17583364060538204	0.140508	0.175976	0.17561	0.174317	0.072891	0.151166	SMK	0.072891	0.10294264060538204	0.0677965786123399	0.10803706199304214	0.0050944213876601	0.028972962000447636	alc_problems	OA
alc_problems_osteoporosis	0.2102081536930732	0.236293	0.218767	0.210967	0.215036	0.218244	0.201302	SLEEP	0.201302	0.008906153693073182	0.2233781880347495	-0.013170034341676295	-0.022076188034749478	-0.10502060765436871	alc_problems	osteoporosis
alc_problems_periph_neuro	0.3764429201890211	0.36417	0.372142	0.376671	0.40106	0.257934	0.356866	SMK	0.257934	0.1185089201890211	0.2894535299360239	0.08698939025299718	-0.031519529936023916	-0.08372990497522757	alc_problems	periph_neuro
alc_problems_peripheral_arterial	0.5145630978017438	0.519647	0.518977	0.518088	0.520207	0.366498	0.504424	SMK	0.366498	0.14806509780174382	0.37759170105558576	0.13697139674615805	-0.01109370105558577	-0.021559457145253865	alc_problems	peripheral_arterial
alc_problems_PMR	-0.04289895827595898	-0.052916	-0.049815	-0.043122	-0.043664	-0.084752	-0.056353	ApoB	-0.043122	-0.0002230417240410218	-0.10332384672464881	-0.06042488844868983	-0.06020184672464881	-1.4033405272310902	alc_problems	PMR
alc_problems_pri_bladder	0.22384705273048333	0.221159	0.236417	0.225155	0.226018	0.144714	0.221866	SMK	0.144714	0.07913305273048332	0.1605200966223222	0.06332695610816114	-0.015806096622322185	-0.07061114466114086	alc_problems	pri_bladder
alc_problems_pri_breast	0.07592963138886444	0.082785	0.075822	0.07567	0.075312	0.086011	0.080558	FG	0.075312	0.0006176313888644341	0.08907357038274313	-0.013143938993878695	-0.01376157038274313	-0.18124110615347136	alc_problems	pri_breast
alc_problems_pri_colorectal	0.07088557151864343	0.068749	0.076465	0.069865	0.071318	0.108048	0.072837	BMI	0.068749	0.0021365715186434237	0.11706324989853206	-0.046177678379888634	-0.04831424989853206	-0.6815808755357929	alc_problems	pri_colorectal
alc_problems_pri_prost	-0.01543708274632809	-0.006747	-0.01431	-0.016607	-0.01578	0.026294	-0.009183	BMI	-0.006747	0.008690082746328088	0.030952741349428364	-0.015515658603100274	-0.024205741349428364	-1.5680256268099628	alc_problems	pri_prost
alc_problems_pri_skin	-0.008098105781441106	0.004222	-0.004593	-0.008165	-0.006803	0.011806	-0.007842	BMI	0.004222	0.0038761057814411057	0.014031404326786975	-0.005933298545345869	-0.009809404326786975	-1.211320843606137	alc_problems	pri_skin
alc_problems_psoriasis	0.19496415438313164	0.178564	0.191652	0.194762	0.194051	0.108759	0.182463	SMK	0.108759	0.08620515438313164	0.0982882100823713	0.09667594430076033	0.01047078991762869	0.05370623102876713	alc_problems	psoriasis
alc_problems_RA	0.2349043951843723	0.219502	0.227329	0.234858	0.233575	0.111433	0.224971	SMK	0.111433	0.1234713951843723	0.09781934837161678	0.13708504681275552	0.013613651628383225	0.05795400983322645	alc_problems	RA
alc_problems_raynauds	0.12358225240323828	0.138019	0.121962	0.125277	0.130054	0.091874	0.108656	SMK	0.091874	0.03170825240323828	0.07542706766928747	0.04815518473395081	0.016446932330712524	0.13308490508044468	alc_problems	raynauds
alc_problems_retinal_detach	0.000974008724768682	0.009123	0.000571	0.001498	0.002996	0.043121	-0.00104	SBP	0.000571	0.000403008724768682	0.03907518082010639	-0.038101172095337706	-0.038504180820106385	-39.53165905084759	alc_problems	retinal_detach
alc_problems_schizo	0.22156419988700418	0.237388	0.229349	0.221629	0.221598	0.183152	0.243483	SMK	0.183152	0.03841219988700417	0.2109229252082521	0.010641274678752088	-0.027770925208252084	-0.12534030868892634	alc_problems	schizo
alc_problems_scoliosis	0.16083913231519245	0.167508	0.162568	0.160597	0.163896	0.159688	0.152458	SLEEP	0.152458	0.008381132315192441	0.15375189010808882	0.007087242207103633	-0.0012938901080888077	-0.008044622533483974	alc_problems	scoliosis
alc_problems_sinusitis	0.23896253927638744	0.233557	0.234511	0.240529	0.23917	0.171293	0.220429	SMK	0.171293	0.06766953927638744	0.15239090010637157	0.08657163917001587	0.018902099893628427	0.07910068226955855	alc_problems	sinusitis
alc_problems_sleep_apnoea	0.11133134292170792	0.058007	0.103936	0.110694	0.10877	0.012917	0.10558	SMK	0.012917	0.09841434292170792	0.010611895433330616	0.1007194474883773	0.002305104566669384	0.020704902197132516	alc_problems	sleep_apnoea
alc_problems_spondylolisthesis	0.23873334710763858	0.2216	0.240311	0.23838	0.23745	0.150468	0.227	SMK	0.150468	0.08826534710763859	0.14986018869547102	0.08887315841216756	0.0006078113045289713	0.0025459840943583183	alc_problems	spondylolisthesis
alc_problems_spondylosis	0.39581162239727524	0.383898	0.391352	0.395733	0.396195	0.271439	0.377593	SMK	0.271439	0.12437262239727526	0.27321274490381864	0.1225988774934566	-0.0017737449038186526	-0.004481285549615187	alc_problems	spondylosis
alc_problems_stroke_all	0.25840079747909894	0.2382	0.238612	0.258691	0.257254	0.182893	0.265758	SMK	0.182893	0.07550779747909894	0.1622738059619081	0.09612699151719084	0.020619194038091898	0.07979539629617322	alc_problems	stroke_all
alc_problems_tendon	0.19135318146930433	0.168694	0.187894	0.190888	0.189605	0.055942	0.160053	SMK	0.055942	0.13541118146930434	0.029522809872240346	0.16183037159706398	0.026419190127759652	0.13806506860716947	alc_problems	tendon
alc_problems_thromboembolic	0.09084608709038916	0.057039	0.09392	0.091141	0.087416	0.012649	0.081011	SMK	0.012649	0.07819708709038917	0.020920523960225954	0.06992556313016321	-0.008271523960225954	-0.0910498649435064	alc_problems	thromboembolic
alc_problems_TIA	0.2938683030283945	0.279088	0.278535	0.293596	0.292807	0.214815	0.290461	SMK	0.214815	0.0790533030283945	0.1917525473315815	0.102115755696813	0.0230624526684185	0.07847887108188775	alc_problems	TIA
alc_problems_tinnitus	0.19183738018211882	0.204387	0.196416	0.193281	0.198558	0.206463	0.17595	SLEEP	0.17595	0.015887380182118827	0.20140693929369372	-0.009569559111574893	-0.02545693929369372	-0.13270062002267982	alc_problems	tinnitus
alc_problems_ulc_colitis	0.08973858358258434	0.094795	0.087132	0.090387	0.089789	0.099772	0.08972	SBP	0.087132	0.0026065835825843375	0.09631581240942719	-0.006577228826842849	-0.009183812409427186	-0.10233961850952926	alc_problems	ulc_colitis
alc_problems_ulcer_peptic	0.3846561279882634	0.369445	0.376099	0.384747	0.385157	0.213193	0.369707	SMK	0.213193	0.17146312798826338	0.1948268263630159	0.18982930162524747	0.01836617363698409	0.04774699348490421	alc_problems	ulcer_peptic
alc_problems_urine_incont	0.24775397160850993	0.224661	0.246678	0.248098	0.246491	0.136273	0.234378	SMK	0.136273	0.11148097160850992	0.1368046940475877	0.11094927756092224	-0.000531694047587683	-0.002146056606623618	alc_problems	urine_incont
alc_problems_urolithiasis	0.0437538359875546	0.029738	0.045377	0.043044	0.043341	0.032208	0.041223	BMI	0.029738	0.014015835987554598	0.034702138104683894	0.009051697882870705	-0.004964138104683893	-0.11345606602575142	alc_problems	urolithiasis
alc_problems_valve_nonrheumatic	0.24634428408267192	0.230711	0.225758	0.246572	0.245019	0.226099	0.238155	SBP	0.225758	0.020586284082671935	0.1932304425466047	0.05311384153606721	0.03252755745339528	0.13204104805808764	alc_problems	valve_nonrheumatic
allergic_rhinitis_anxiety	0.2664073729288386	0.267734	0.266632	0.267027	0.270013	0.288108	0.262234	SLEEP	0.262234	0.00417337292883857	0.29929032064400013	-0.03288294771516154	-0.03705632064400011	-0.13909645306212454	allergic_rhinitis	anxiety
allergic_rhinitis_asthma	0.6994700532591706	0.713023	0.702714	0.699497	0.708777	0.727709	0.697184	SLEEP	0.697184	0.0022860532591705285	0.739583128003492	-0.040113074744321464	-0.04239912800349199	-0.06061607327709581	allergic_rhinitis	asthma
allergic_rhinitis_b12_def	0.1716538086487815	0.168519	0.173712	0.171028	0.181337	0.185121	0.158766	SLEEP	0.158766	0.012887808648781501	0.1729999243414281	-0.0013461156926466156	-0.014233924341428117	-0.08292227509237476	allergic_rhinitis	b12_def
allergic_rhinitis_BPH	0.16316779105945164	0.163452	0.16295	0.164138	0.164435	0.162	0.158514	SLEEP	0.158514	0.004653791059451656	0.15942212319892263	0.0037456678605290172	-0.000908123198922639	-0.005565578800976452	allergic_rhinitis	BPH
allergic_rhinitis_bursitis	0.36463235744249006	0.364586	0.364793	0.364406	0.374645	0.395301	0.357573	SLEEP	0.357573	0.0070593574424900885	0.39353960525993026	-0.028907247817440196	-0.035966605259930284	-0.09863799667203958	allergic_rhinitis	bursitis
allergic_rhinitis_carpal_tunnel	0.1601904062763332	0.157158	0.161601	0.159661	0.173705	0.171218	0.146497	SLEEP	0.146497	0.013693406276333225	0.16065753116563367	-0.00046712488930045204	-0.014160531165633677	-0.08839812255177341	allergic_rhinitis	carpal_tunnel
allergic_rhinitis_cataract	0.13931040090752253	0.136227	0.140588	0.139519	0.143129	0.145693	0.136375	BMI	0.136227	0.0030834009075225433	0.14492846339855453	-0.005618062491032	-0.008701463398554543	-0.06246097449917452	allergic_rhinitis	cataract
allergic_rhinitis_cholelithiasis	0.041099032056089904	0.029004	0.041735	0.041141	0.049466	0.04808	0.039634	BMI	0.029004	0.012095032056089906	0.03902869965514123	0.002070332400948671	-0.010024699655141234	-0.24391571172430596	allergic_rhinitis	cholelithiasis
allergic_rhinitis_CKD	0.0021758498570676544	-0.008338	0.00497	0.002131	0.008012	0.004891	0.000182	SLEEP	0.000182	0.0019938498570676545	-0.004903006756202043	-0.002727156899134389	-0.0047210067562020435	-2.1697300210614907	allergic_rhinitis	CKD
allergic_rhinitis_COPD	0.2517248393989677	0.252906	0.254342	0.251207	0.263623	0.351311	0.244033	SLEEP	0.244033	0.007691839398967726	0.3603339264521251	-0.10860908705315736	-0.11630092645212509	-0.46201609157765944	allergic_rhinitis	COPD
allergic_rhinitis_coronary_heart	0.025105587307997886	0.015048	0.0305	0.023503	0.030914	0.035285	0.019237	BMI	0.015048	0.010057587307997886	0.025078315091019952	2.7272216977933944e-05	-0.010030315091019952	-0.3995252119764031	allergic_rhinitis	coronary_heart
allergic_rhinitis_deaf	0.09305645075118611	0.090621	0.092446	0.092831	0.091553	0.100176	0.091996	BMI	0.090621	0.002435450751186119	0.09570834803444436	-0.0026518972832582505	-0.0050873480344443694	-0.054669482807235964	allergic_rhinitis	deaf
allergic_rhinitis_depression	0.2590631642534751	0.256798	0.258928	0.259115	0.264214	0.286124	0.252594	SLEEP	0.252594	0.0064691642534751015	0.2862781887604839	-0.0272150245070088	-0.0336841887604839	-0.1300230731665359	allergic_rhinitis	depression
allergic_rhinitis_diabetes_type_2	0.06162613187168971	0.049328	0.066994	0.060824	0.116541	0.068522	0.060063	BMI	0.049328	0.01229813187168971	0.11420235924215853	-0.052576227370468825	-0.06487435924215854	-1.052708603831113	allergic_rhinitis	diabetes_type_2
allergic_rhinitis_diverticuli	0.11741039857642421	0.113115	0.117256	0.117161	0.123419	0.124667	0.113583	BMI	0.113115	0.00429539857642422	0.12263942204797869	-0.005229023471554475	-0.009524422047978695	-0.08112077093221946	allergic_rhinitis	diverticuli
allergic_rhinitis_ED	0.0746778857039017	0.065804	0.076608	0.07488	0.095237	0.091289	0.065149	SLEEP	0.065149	0.009528885703901702	0.09516352920847904	-0.020485643504577336	-0.030014529208479038	-0.40191991143786315	allergic_rhinitis	ED
allergic_rhinitis_enthesopathy_lower	0.39695536964080946	0.408108	0.400958	0.398173	0.40395	0.427685	0.389615	SLEEP	0.389615	0.007340369640809474	0.4309443291359549	-0.03398895949514541	-0.041329329135954884	-0.10411580821630477	allergic_rhinitis	enthesopathy_lower
allergic_rhinitis_enthesopathy_shoulder	0.2756380745527164	0.274834	0.276366	0.27517	0.286336	0.298186	0.265116	SLEEP	0.265116	0.010522074552716365	0.2927992734456806	-0.01716119889296419	-0.027683273445680556	-0.10043341614036007	allergic_rhinitis	enthesopathy_shoulder
allergic_rhinitis_enthesopathy_upper	0.3079234965266869	0.307304	0.308202	0.307886	0.315096	0.336408	0.297698	SLEEP	0.297698	0.010225496526686861	0.32820764758933474	-0.02028415106264786	-0.03050964758933472	-0.09908190811509096	allergic_rhinitis	enthesopathy_upper
allergic_rhinitis_essential_tremor	0.026122550085727187	0.024091	0.02632	0.025843	0.022853	0.025916	0.017392	SLEEP	0.017392	0.008730550085727186	0.007994094886744492	0.018128455198982693	0.009397905113255509	0.35976216266842675	allergic_rhinitis	essential_tremor
allergic_rhinitis_female_genital_prolapse	0.14821519717325643	0.146342	0.147912	0.147986	0.152725	0.152016	0.146025	SLEEP	0.146025	0.002190197173256442	0.15392537692775188	-0.005710179754495448	-0.00790037692775189	-0.05330342015142165	allergic_rhinitis	female_genital_prolapse
allergic_rhinitis_fibromatosis	0.004626528674349075	0.007352	0.004535	0.004332	0.003549	0.008599	0.005124	FG	0.003549	0.0010775286743490752	0.014348077378737329	-0.009721548704388253	-0.010799077378737329	-2.33416415175611	allergic_rhinitis	fibromatosis
allergic_rhinitis_fibromyalgia	0.3233186901078718	0.326267	0.325458	0.323438	0.327652	0.361103	0.313826	SLEEP	0.313826	0.009492690107871793	0.3530159682840541	-0.02969727817618234	-0.03918996828405413	-0.12121157694588836	allergic_rhinitis	fibromyalgia
allergic_rhinitis_gastritis_duodenitis	0.320359239999271	0.32252	0.321415	0.320034	0.327701	0.353232	0.311791	SLEEP	0.311791	0.008568239999271032	0.34791992158089824	-0.027560681581627222	-0.036128921580898254	-0.11277627447543098	allergic_rhinitis	gastritis_duodenitis
allergic_rhinitis_glaucoma	0.10531152272003359	0.107142	0.106263	0.105607	0.108965	0.104066	0.107727	SMK	0.104066	0.0012455227200335872	0.11476045409493887	-0.009448931374905281	-0.010694454094938868	-0.10155065484495596	allergic_rhinitis	glaucoma
allergic_rhinitis_GORD	0.30143839917485316	0.303367	0.302894	0.301153	0.311923	0.325987	0.293998	SLEEP	0.293998	0.007440399174853174	0.3253134169525672	-0.023875017777714058	-0.03131541695256723	-0.10388662173860048	allergic_rhinitis	GORD
allergic_rhinitis_gout	0.019962538241767285	0.005254	0.023098	0.018906	0.030486	0.024603	0.014211	BMI	0.005254	0.014708538241767285	0.009266694159655642	0.010695844082111643	-0.004012694159655642	-0.2010112196684462	allergic_rhinitis	gout
allergic_rhinitis_HF	0.018726324395547025	-0.001887	0.024683	0.019519	0.031126	0.031369	0.006957	BMI	-0.001887	0.016839324395547025	0.00877494780132174	0.009951376594225285	-0.00688794780132174	-0.3678216640826558	allergic_rhinitis	HF
allergic_rhinitis_hypertension	0.038911002007642255	0.026542	0.067479	0.040293	0.052449	0.045553	0.034146	BMI	0.026542	0.012369002007642255	0.061884320135321656	-0.0229733181276794	-0.03534232013532165	-0.9082860453806947	allergic_rhinitis	hypertension
allergic_rhinitis_hyperthyroid	-0.022645458569000958	-0.025084	-0.021454	-0.022657	-0.014206	-0.01927	-0.018374	FG	-0.014206	0.008439458569000958	-0.004346171807419137	0.01829928676158182	0.009859828192580862	0.43539980268175443	allergic_rhinitis	hyperthyroid
allergic_rhinitis_hypothyroid	0.06774600407003799	0.062852	0.067762	0.067947	0.068636	0.072361	0.067239	BMI	0.062852	0.004894004070037983	0.06648971169637033	0.0012562923736676584	-0.0036377116963703243	-0.053696328607212636	allergic_rhinitis	hypothyroid
allergic_rhinitis_IBS	0.44691513738514393	0.446794	0.446826	0.447985	0.447962	0.454959	0.441998	SLEEP	0.441998	0.004917137385143933	0.4542354530794538	-0.0073203156943098535	-0.012237453079453786	-0.027382050988592394	allergic_rhinitis	IBS
allergic_rhinitis_IDA	0.0928169720710423	0.085168	0.09704	0.092203	0.108038	0.105251	0.078432	SLEEP	0.078432	0.014384972071042293	0.09586101898002775	-0.003044046908985451	-0.017429018980027744	-0.1877783619862921	allergic_rhinitis	IDA
allergic_rhinitis_insomnia	0.2687712157307073	0.266578	0.268669	0.269274	0.274179	0.304249	0.258283	SLEEP	0.258283	0.010488215730707295	0.3021019161750699	-0.03333070044436259	-0.04381891617506989	-0.16303425966184498	allergic_rhinitis	insomnia
allergic_rhinitis_intervert_disc	0.23941375131024534	0.2377	0.240495	0.238972	0.245925	0.263329	0.231068	SLEEP	0.231068	0.008345751310245342	0.25631011183565955	-0.01689636052541421	-0.025242111835659553	-0.10543300749232844	allergic_rhinitis	intervert_disc
allergic_rhinitis_isch_stroke_tia	0.11504879209230948	0.109403	0.124905	0.115821	0.120525	0.127991	0.11184	BMI	0.109403	0.005645792092309476	0.13187662492167865	-0.01682783282936917	-0.022473624921678648	-0.19533994675621558	allergic_rhinitis	isch_stroke_tia
allergic_rhinitis_migraine	0.18973757105952732	0.188911	0.189619	0.189131	0.187321	0.196471	0.185427	SLEEP	0.185427	0.004310571059527313	0.18903720746811112	0.0007003635914162032	-0.0036102074681111096	-0.01902737263869822	allergic_rhinitis	migraine
allergic_rhinitis_OA	0.27050627471739597	0.282642	0.270622	0.270259	0.27581	0.287137	0.259612	SLEEP	0.259612	0.010894274717395958	0.2807276283102596	-0.010221353592863636	-0.021115628310259593	-0.07805966176688348	allergic_rhinitis	OA
allergic_rhinitis_osteoporosis	0.09347616266217042	0.101902	0.092976	0.094262	0.088316	0.095375	0.087126	SLEEP	0.087126	0.006350162662170422	0.09578787210786933	-0.0023117094456989173	-0.00866187210786934	-0.09266396759539615	allergic_rhinitis	osteoporosis
allergic_rhinitis_periph_neuro	0.11345793612668423	0.107894	0.11447	0.112454	0.146592	0.134	0.096238	SLEEP	0.096238	0.017219936126684224	0.1421002705077897	-0.028642334381105472	-0.045862270507789696	-0.4042226755877267	allergic_rhinitis	periph_neuro
allergic_rhinitis_peripheral_arterial	0.05029745595971917	0.037803	0.060178	0.048378	0.061572	0.077482	0.038444	BMI	0.037803	0.012494455959719167	0.0728664802061976	-0.022569024246478428	-0.035063480206197595	-0.6971223402288629	allergic_rhinitis	peripheral_arterial
allergic_rhinitis_PMR	0.09200038630790162	0.089294	0.092837	0.09176	0.093512	0.094591	0.084991	SLEEP	0.084991	0.007009386307901627	0.08554750168571719	0.006452884622184435	-0.0005565016857171923	-0.006048905967141532	allergic_rhinitis	PMR
allergic_rhinitis_pri_bladder	0.0004136673334794169	-0.000985	-0.000616	0.001467	-0.00266	0.008533	-0.002118	SBP	-0.000616	-0.00020233266652058314	0.004147591997313045	-0.003733924663833628	-0.0035315919973130444	-8.537275514622593	allergic_rhinitis	pri_bladder
allergic_rhinitis_pri_breast	0.02559277521719833	0.027654	0.025651	0.025252	0.026876	0.02575	0.028019	ApoB	0.025252	0.00034077521719833026	0.03355383789647094	-0.007961062679272612	-0.008301837896470942	-0.3243820893207436	allergic_rhinitis	pri_breast
allergic_rhinitis_pri_colorectal	-0.06117215507217971	-0.062077	-0.061754	-0.063239	-0.061997	-0.063018	-0.060621	SLEEP	-0.060621	0.0005511550721797112	-0.06814403459665136	-0.006971879524471647	-0.007523034596651358	-0.1229813562686258	allergic_rhinitis	pri_colorectal
allergic_rhinitis_pri_prost	0.03883273727282765	0.041817	0.038715	0.037588	0.039509	0.035989	0.042864	SMK	0.035989	0.0028437372728276483	0.043658227604149884	-0.004825490331322235	-0.007669227604149884	-0.19749387096428705	allergic_rhinitis	pri_prost
allergic_rhinitis_pri_skin	0.022104234505656642	0.026243	0.02176	0.022026	0.019724	0.020706	0.022381	FG	0.019724	0.0023802345056566435	0.02368882597653589	-0.0015845914708792486	-0.003964825976535892	-0.17936952195839503	allergic_rhinitis	pri_skin
allergic_rhinitis_psoriasis	0.10507104508891801	0.100118	0.10564	0.104791	0.107488	0.115646	0.096727	SLEEP	0.096727	0.00834404508891802	0.10366933989775645	0.001401705191161562	-0.006942339897756458	-0.06607281665354518	allergic_rhinitis	psoriasis
allergic_rhinitis_RA	0.19443546059770186	0.190981	0.196259	0.194378	0.203223	0.214446	0.188036	SLEEP	0.188036	0.006399460597701856	0.21535752395653926	-0.020922063358837395	-0.02732152395653925	-0.1405171868986854	allergic_rhinitis	RA
allergic_rhinitis_raynauds	-0.035906824726033286	-0.032017	-0.035678	-0.034565	-0.045004	-0.032569	-0.046544	BMI	-0.032017	0.003889824726033289	-0.04683425238908911	-0.010927427663055822	-0.014817252389089111	-0.4126583874275649	allergic_rhinitis	raynauds
allergic_rhinitis_retinal_detach	-0.037365359078594965	-0.034864	-0.037327	-0.036752	-0.041277	-0.040322	-0.038713	BMI	-0.034864	0.0025013590785949655	-0.04393294531967737	-0.006567586241082404	-0.00906894531967737	-0.24270997371125452	allergic_rhinitis	retinal_detach
allergic_rhinitis_schizo	0.05544013457534301	0.059991	0.054915	0.055501	0.055587	0.061065	0.066873	SBP	0.054915	0.0005251345753430128	0.08501587546836796	-0.02957574089302495	-0.03010087546836796	-0.5429437662612623	allergic_rhinitis	schizo
allergic_rhinitis_scoliosis	0.07713091245473985	0.079011	0.077059	0.076795	0.073145	0.079095	0.071386	SLEEP	0.071386	0.005744912454739848	0.07112009499965302	0.006010817455086831	0.00026590500034698317	0.003447450469395332	allergic_rhinitis	scoliosis
allergic_rhinitis_sinusitis	0.5613956341878851	0.560546	0.562988	0.564039	0.561848	0.579201	0.557393	SLEEP	0.557393	0.004002634187885046	0.5787293395315187	-0.017333705343633654	-0.0213363395315187	-0.03800588788401223	allergic_rhinitis	sinusitis
allergic_rhinitis_sleep_apnoea	0.19140659583764325	0.204481	0.192829	0.190745	0.200359	0.203453	0.188131	SLEEP	0.188131	0.0032755958376432526	0.20960446756748458	-0.01819787172984133	-0.021473467567484583	-0.11218770948572229	allergic_rhinitis	sleep_apnoea
allergic_rhinitis_spondylolisthesis	0.2855462594924287	0.284018	0.285547	0.285113	0.290962	0.302058	0.279006	SLEEP	0.279006	0.006540259492428702	0.2961854438754448	-0.010639184383016143	-0.017179443875444844	-0.06016343518553554	allergic_rhinitis	spondylolisthesis
allergic_rhinitis_spondylosis	0.3626266311122904	0.379071	0.364372	0.362315	0.373708	0.401896	0.354277	SLEEP	0.354277	0.008349631112290368	0.4077897059807562	-0.045163074868465825	-0.05351270598075619	-0.14756970776419764	allergic_rhinitis	spondylosis
allergic_rhinitis_stroke_all	0.14750777868073323	0.142813	0.157508	0.147834	0.151667	0.159159	0.150953	BMI	0.142813	0.00469477868073323	0.16860476826549217	-0.021096989584758946	-0.025791768265492176	-0.1748502248231671	allergic_rhinitis	stroke_all
allergic_rhinitis_tendon	0.37922645891353945	0.382556	0.380094	0.379097	0.390925	0.408004	0.372409	SLEEP	0.372409	0.006817458913539465	0.4083602120065817	-0.029133753093042225	-0.03595121200658169	-0.09480143371214052	allergic_rhinitis	tendon
allergic_rhinitis_thromboembolic	0.1861121646276913	0.184045	0.18592	0.186507	0.19977	0.194976	0.18074	SLEEP	0.18074	0.0053721646276913	0.1968510328509613	-0.010738868223269998	-0.0161110328509613	-0.08656625365241798	allergic_rhinitis	thromboembolic
allergic_rhinitis_TIA	0.12260488513577336	0.117791	0.128129	0.122098	0.128339	0.134989	0.119239	BMI	0.117791	0.004813885135773355	0.13638466427781004	-0.01377977914203668	-0.018593664277810035	-0.1516551665720277	allergic_rhinitis	TIA
allergic_rhinitis_tinnitus	0.18945473727607964	0.193729	0.189219	0.191127	0.184254	0.190758	0.180208	SLEEP	0.180208	0.009246737276079636	0.18111568919334928	0.008339048082730366	-0.0009076891933492703	-0.004791060948909163	allergic_rhinitis	tinnitus
allergic_rhinitis_ulc_colitis	0.14056860021239606	0.14218	0.140956	0.141405	0.140701	0.140972	0.14053	SLEEP	0.14053	3.86002123960727e-05	0.1449299340073242	-0.004361333794928146	-0.004399934007324219	-0.03130097333740263	allergic_rhinitis	ulc_colitis
allergic_rhinitis_ulcer_peptic	0.15997165108918737	0.156051	0.162719	0.159182	0.169335	0.196537	0.148182	SLEEP	0.148182	0.011789651089187364	0.18965763426347046	-0.029685983174283087	-0.04147563426347045	-0.25926865154593526	allergic_rhinitis	ulcer_peptic
allergic_rhinitis_urine_incont	0.16422838296367778	0.160631	0.164548	0.16462	0.17204	0.181388	0.155462	SLEEP	0.155462	0.008766382963677793	0.17304351350034622	-0.008815130536668436	-0.01758151350034623	-0.10705526768923197	allergic_rhinitis	urine_incont
allergic_rhinitis_urolithiasis	0.08731173740480845	0.08335	0.087187	0.086496	0.088236	0.088675	0.085856	BMI	0.08335	0.0039617374048084575	0.08107412471043446	0.006237612694373992	0.002275875289565535	0.026066086384397127	allergic_rhinitis	urolithiasis
allergic_rhinitis_valve_nonrheumatic	0.095674162073884	0.09045	0.10352	0.095922	0.101545	0.100387	0.089496	SLEEP	0.089496	0.006178162073883997	0.09812090352318027	-0.002446741449296269	-0.008624903523180266	-0.09014872287587654	allergic_rhinitis	valve_nonrheumatic
anxiety_asthma	0.29997868339315903	0.316927	0.299709	0.300236	0.29617	0.25472	0.295582	SMK	0.25472	0.04525868339315903	0.2774464398864597	0.022532243506699356	-0.02272643988645967	-0.07576018278830123	anxiety	asthma
anxiety_b12_def	0.22799685070439396	0.249088	0.227591	0.229898	0.22218	0.179081	0.21915	SMK	0.179081	0.04891585070439397	0.20623413084557085	0.02176271985882311	-0.02715313084557086	-0.11909432416141512	anxiety	b12_def
anxiety_BPH	0.17981886564113947	0.179764	0.180313	0.178781	0.178937	0.196849	0.17602	SLEEP	0.17602	0.0037988656411394595	0.19436776088342334	-0.014548895242283866	-0.018347760883423325	-0.10203468261244371	anxiety	BPH
anxiety_bursitis	0.22826294360459273	0.238308	0.228133	0.229017	0.223	0.159653	0.218183	SMK	0.159653	0.06860994360459274	0.16440887846457813	0.0638540651400146	-0.004755878464578145	-0.020835087769727922	anxiety	bursitis
anxiety_carpal_tunnel	0.13099600882723123	0.150218	0.130151	0.132303	0.122092	0.083194	0.119444	SMK	0.083194	0.04780200882723122	0.10657470342425064	0.024421305402980584	-0.023380703424250637	-0.17848408996252027	anxiety	carpal_tunnel
anxiety_cataract	0.16466970478880397	0.168611	0.163946	0.164442	0.16139	0.136138	0.162272	SMK	0.136138	0.028531704788803958	0.1397015979409475	0.02496810684785647	-0.0035635979409474883	-0.021640883764976426	anxiety	cataract
anxiety_cholelithiasis	0.14528184419284518	0.169005	0.14466	0.145279	0.138137	0.107319	0.144315	SMK	0.107319	0.03796284419284518	0.14958798879815802	-0.004306144605312839	-0.04226898879815802	-0.2909447428410306	anxiety	cholelithiasis
anxiety_CKD	0.020858272685559016	0.029584	0.017518	0.020943	0.014162	0.00247	0.019254	SMK	0.00247	0.018388272685559016	0.021125218396799084	-0.0002669457112400679	-0.018655218396799084	-0.8943798308723238	anxiety	CKD
anxiety_COPD	0.36569376911285617	0.394297	0.366116	0.368082	0.361704	0.262102	0.360738	SMK	0.262102	0.10359176911285617	0.28571303057325	0.07998073853960619	-0.02361103057324998	-0.06456503382742465	anxiety	COPD
anxiety_coronary_heart	0.18739630413049999	0.204005	0.193151	0.191389	0.182302	0.132967	0.183339	SMK	0.132967	0.054429304130499984	0.1648410802255822	0.022555223904917793	-0.03187408022558219	-0.17008916143503855	anxiety	coronary_heart
anxiety_deaf	0.17522286756347508	0.177816	0.177488	0.175729	0.177592	0.141544	0.174507	SMK	0.141544	0.03367886756347507	0.1542895063757988	0.020933361187676275	-0.012745506375798799	-0.07273882999992393	anxiety	deaf
anxiety_depression	0.8368980003026921	0.844223	0.837405	0.837206	0.836357	0.822657	0.836282	SMK	0.822657	0.014241000302692153	0.8299749837395225	0.006923016563169626	-0.007317983739522527	-0.008744176395302335	anxiety	depression
anxiety_diabetes_type_2	0.10370306405220213	0.140801	0.103205	0.1054	0.086562	0.065544	0.102489	SMK	0.065544	0.038159064052202124	0.11302654375418748	-0.009323479701985354	-0.04748254375418748	-0.45787021037570963	anxiety	diabetes_type_2
anxiety_diverticuli	0.2918373164880058	0.299719	0.29217	0.292469	0.287817	0.264725	0.289292	SMK	0.264725	0.027112316488005828	0.2767645432788608	0.015072773209145018	-0.01203954327886081	-0.041254296824496814	anxiety	diverticuli
anxiety_ED	0.3080479348038573	0.339608	0.308464	0.307877	0.305996	0.24552	0.302574	SMK	0.24552	0.0625279348038573	0.2755045625684172	0.03254337223544007	-0.029984562568417222	-0.09733732702187804	anxiety	ED
anxiety_enthesopathy_lower	0.3612744430506761	0.393137	0.361913	0.360513	0.357986	0.306252	0.355738	SMK	0.306252	0.05502244305067605	0.34741524997341516	0.013859193077260912	-0.04116324997341514	-0.11393900334002081	anxiety	enthesopathy_lower
anxiety_enthesopathy_shoulder	0.33980004893381	0.356775	0.339472	0.341944	0.335494	0.28676	0.333568	SMK	0.28676	0.05304004893380998	0.3054116169125135	0.03438843202129649	-0.01865161691251349	-0.05488997712341901	anxiety	enthesopathy_shoulder
anxiety_enthesopathy_upper	0.3080663454168581	0.321709	0.30786	0.312826	0.304209	0.245731	0.301827	SMK	0.245731	0.06233534541685812	0.26477666333821887	0.04328968207863926	-0.01904566333821886	-0.06182325210644913	anxiety	enthesopathy_upper
anxiety_essential_tremor	0.0937379799949275	0.095477	0.093484	0.094271	0.098091	0.098995	0.087064	SLEEP	0.087064	0.006673979994927498	0.10902289140372184	-0.015284911408794344	-0.021958891403721842	-0.2342582100116742	anxiety	essential_tremor
anxiety_female_genital_prolapse	0.16909499858193233	0.171137	0.169858	0.169636	0.165331	0.153486	0.167281	SMK	0.153486	0.01560899858193232	0.15522085188452225	0.013874146697410078	-0.0017348518845222427	-0.010259628605642333	anxiety	female_genital_prolapse
anxiety_fibromatosis	0.07624812408556866	0.074461	0.076395	0.076786	0.077677	0.051562	0.076829	SMK	0.051562	0.024686124085568667	0.04371059404450004	0.03253753004106862	0.007851405955499956	0.10297179176091988	anxiety	fibromatosis
anxiety_fibromyalgia	0.6155967776397435	0.650099	0.616561	0.615729	0.614146	0.577229	0.61712	SMK	0.577229	0.03836777763974353	0.6230237115654789	-0.007426933925735346	-0.045794711565478874	-0.07439075906319742	anxiety	fibromyalgia
anxiety_gastritis_duodenitis	0.5593781680771792	0.589127	0.559392	0.563213	0.557314	0.517375	0.557185	SMK	0.517375	0.04200316807717919	0.5549144981684214	0.004463669908757795	-0.03753949816842139	-0.06710933731550629	anxiety	gastritis_duodenitis
anxiety_glaucoma	0.09740369024687179	0.096306	0.096577	0.097006	0.093897	0.111151	0.09934	FG	0.093897	0.0035066902468717936	0.10203078359458807	-0.004627093347716285	-0.008133783594588079	-0.08350590797918257	anxiety	glaucoma
anxiety_GORD	0.493499360062928	0.522511	0.493615	0.498004	0.491078	0.451743	0.489854	SMK	0.451743	0.04175636006292799	0.4887269911660602	0.0047723688968677735	-0.036983991166060215	-0.07494232851962411	anxiety	GORD
anxiety_gout	0.024168171009960982	0.038826	0.021064	0.026078	0.012799	-0.006687	0.019417	SMK	-0.006687	0.01748117100996098	0.022377984800446882	0.0017901862095140997	-0.01569098480044688	-0.6492417152286698	anxiety	gout
anxiety_HF	0.1446705085049804	0.190552	0.149743	0.143587	0.135088	0.072893	0.136548	SMK	0.072893	0.0717775085049804	0.1313011820136162	0.013369326491364186	-0.05840818201361621	-0.4037324719267539	anxiety	HF
anxiety_hypertension	0.21839418187754814	0.248682	0.298389	0.216974	0.211008	0.185922	0.215182	SMK	0.185922	0.032472181877548134	0.31067182307113717	-0.09227764119358903	-0.12474982307113716	-0.5712140405877817	anxiety	hypertension
anxiety_hyperthyroid	0.10952721535605436	0.111561	0.108397	0.109585	0.101038	0.089483	0.113573	SMK	0.089483	0.02004421535605437	0.08418286965060143	0.025344345705452936	0.005300130349398566	0.04839098969300683	anxiety	hyperthyroid
anxiety_hypothyroid	0.15918115605640754	0.165382	0.159184	0.158941	0.158524	0.13655	0.158949	SMK	0.13655	0.02263115605640753	0.15412414461527546	0.0050570114411320755	-0.017574144615275455	-0.11040342368821515	anxiety	hypothyroid
anxiety_IBS	0.6222635440106725	0.622901	0.623226	0.621882	0.622761	0.617891	0.619921	SMK	0.617891	0.004372544010672552	0.6206906937971736	0.0015728502134989553	-0.002799693797173597	-0.004499209095761488	anxiety	IBS
anxiety_IDA	0.23701005296981334	0.264327	0.238744	0.238505	0.230232	0.184875	0.228518	SMK	0.184875	0.05213505296981333	0.21557790894193316	0.021432144027880184	-0.030702908941933144	-0.12954264410819571	anxiety	IDA
anxiety_insomnia	0.6379765481112624	0.644087	0.640657	0.637746	0.636429	0.601608	0.669704	SMK	0.601608	0.03636854811126233	0.6429663131429841	-0.004989765031721771	-0.041358313142984104	-0.06482732518213391	anxiety	insomnia
anxiety_intervert_disc	0.37552511718565124	0.394638	0.375285	0.377068	0.372203	0.320892	0.37048	SMK	0.320892	0.054633117185651225	0.34366236645398834	0.03186275073166289	-0.022770366453988333	-0.06063606776728911	anxiety	intervert_disc
anxiety_isch_stroke_tia	0.26058363529538886	0.275052	0.269364	0.259774	0.256603	0.2106	0.258377	SMK	0.2106	0.04998363529538885	0.23613396447792467	0.024449670817464186	-0.025533964477924664	-0.09798759791258657	anxiety	isch_stroke_tia
anxiety_migraine	0.41478488755383913	0.415871	0.41509	0.417083	0.419805	0.398505	0.412187	SMK	0.398505	0.016279887553839134	0.40878222738558123	0.006002660168257901	-0.010277227385581233	-0.024777246457049977	anxiety	migraine
anxiety_OA	0.22891442750428456	0.267838	0.228819	0.229625	0.225289	0.178744	0.219753	SMK	0.178744	0.050170427504284576	0.24065691792932856	-0.011742490425043994	-0.06191291792932857	-0.2704631534339169	anxiety	OA
anxiety_osteoporosis	0.2325177534336187	0.231377	0.234027	0.231644	0.241673	0.229442	0.228086	SLEEP	0.228086	0.004431753433618679	0.21994723937362873	0.012570514059989962	0.008138760626371283	0.03500274927907736	anxiety	osteoporosis
anxiety_periph_neuro	0.24604550667753383	0.284935	0.245559	0.249414	0.244184	0.17273	0.23694	SMK	0.17273	0.07331550667753384	0.21340407696607738	0.03264142971145645	-0.04067407696607739	-0.16531119594630378	anxiety	periph_neuro
anxiety_peripheral_arterial	0.2652695046143661	0.308674	0.28403	0.272323	0.259356	0.163905	0.258487	SMK	0.163905	0.10136450461436611	0.23524659030188322	0.030022914312482885	-0.07134159030188322	-0.26894003668305416	anxiety	peripheral_arterial
anxiety_PMR	0.1862563884228672	0.189258	0.185654	0.186797	0.185027	0.177091	0.181096	SMK	0.177091	0.00916538842286721	0.18208628710980904	0.004170101313058172	-0.004995287109809038	-0.02681941356270684	anxiety	PMR
anxiety_pri_bladder	0.11324655257266564	0.114411	0.115269	0.111748	0.117295	0.062452	0.111467	SMK	0.062452	0.05079455257266564	0.0679057642860265	0.045340788286639136	-0.005453764286026501	-0.04815832501856554	anxiety	pri_bladder
anxiety_pri_breast	0.056269336908230494	0.054878	0.056196	0.056891	0.054912	0.05748	0.058356	BMI	0.054878	0.0013913369082304908	0.0511578059126396	0.0051115309955908905	0.0037201940873603997	0.06611405592761212	anxiety	pri_breast
anxiety_pri_colorectal	-0.0006152274715467777	1.5e-05	0.000131	0.00229	0.000264	0.011715	1.8e-05	BMI	1.5e-05	0.0006002274715467777	0.021269659848805186	-0.02065443237725841	-0.021254659848805185	-34.54764429710471	anxiety	pri_colorectal
anxiety_pri_prost	0.039873472954698175	0.037887	0.04006	0.042339	0.039203	0.062748	0.043209	BMI	0.037887	0.0019864729546981777	0.05948236059057471	-0.019608887635876537	-0.021595360590574715	-0.5415971820440636	anxiety	pri_prost
anxiety_pri_skin	0.024506828582281575	0.021681	0.025045	0.024655	0.027455	0.035638	0.024731	BMI	0.021681	0.002825828582281576	0.02836862894675567	-0.0038618003644740953	-0.006687628946755671	-0.2728883879977364	anxiety	pri_skin
anxiety_psoriasis	0.17271681468058275	0.180547	0.172215	0.173342	0.170594	0.124714	0.166449	SMK	0.124714	0.04800281468058275	0.13696807065089187	0.03574874402969089	-0.01225407065089186	-0.07094891527240221	anxiety	psoriasis
anxiety_RA	0.27435715380461606	0.283768	0.274077	0.274618	0.269442	0.214389	0.269663	SMK	0.214389	0.059968153804616064	0.21944467219152058	0.054912481613095476	-0.005055672191520588	-0.01842733867665428	anxiety	RA
anxiety_raynauds	0.18837917768931686	0.186526	0.188099	0.186693	0.201588	0.171541	0.181761	SMK	0.171541	0.016838177689316863	0.16802792047962584	0.020351257209691026	0.0035130795203741627	0.018648980017144393	anxiety	raynauds
anxiety_retinal_detach	-0.010524266642356122	-0.012504	-0.010586	-0.011621	-0.006132	0.009166	-0.011558	FG	-0.006132	0.004392266642356122	0.006114364713849056	0.004409901928507066	1.7635286150944306e-05	0.0016756783869356813	anxiety	retinal_detach
anxiety_schizo	0.4401079086052972	0.439909	0.441761	0.440196	0.440752	0.424621	0.453784	SMK	0.424621	0.015486908605297167	0.4280872042530983	0.012020704352198874	-0.003466204253098293	-0.00787580542254444	anxiety	schizo
anxiety_scoliosis	0.17332763736837375	0.172286	0.173468	0.17405	0.179498	0.167302	0.169061	SMK	0.167302	0.0060256373683737485	0.16776648439623434	0.00556115297213941	-0.0004644843962343381	-0.002679805732580131	anxiety	scoliosis
anxiety_sinusitis	0.46042243325312476	0.463364	0.460324	0.459757	0.461468	0.433676	0.456501	SMK	0.433676	0.026746433253124757	0.43908511314344034	0.02133732010968442	-0.005409113143440336	-0.01174815289781197	anxiety	sinusitis
anxiety_sleep_apnoea	0.24952332803243824	0.31653	0.249065	0.251967	0.244272	0.207524	0.246966	SMK	0.207524	0.04199932803243825	0.30879823738267603	-0.0592749093502378	-0.10127423738267605	-0.40587081849722006	anxiety	sleep_apnoea
anxiety_spondylolisthesis	0.20827300461514295	0.218331	0.208325	0.209892	0.204519	0.157927	0.202345	SMK	0.157927	0.050346004615142936	0.17299759200538226	0.03527541260976069	-0.015070592005382244	-0.07235979541962445	anxiety	spondylolisthesis
anxiety_spondylosis	0.46684447811544194	0.520566	0.466962	0.469511	0.464096	0.412801	0.464832	SMK	0.412801	0.05404347811544197	0.4798266272972451	-0.012982149181803182	-0.06702562729724515	-0.14357163989132793	anxiety	spondylosis
anxiety_stroke_all	0.24007619394361132	0.256127	0.246103	0.23973	0.236882	0.19575	0.243151	SMK	0.19575	0.044326193943611314	0.23073706066177696	0.00933913328183436	-0.03498706066177695	-0.14573315282561775	anxiety	stroke_all
anxiety_tendon	0.3040885258808485	0.321827	0.303719	0.307244	0.299362	0.245535	0.29759	SMK	0.245535	0.0585535258808485	0.26746358001455456	0.036624945866293945	-0.021928580014554555	-0.07211248747723834	anxiety	tendon
anxiety_thromboembolic	0.16400343083420985	0.182842	0.164437	0.163543	0.155963	0.127469	0.159435	SMK	0.127469	0.03653443083420985	0.15620690616466704	0.007796524669542809	-0.028737906164667038	-0.17522746944067302	anxiety	thromboembolic
anxiety_TIA	0.3132532100286048	0.324261	0.31752	0.314588	0.309518	0.269268	0.31109	SMK	0.269268	0.04398521002860478	0.2869619263377316	0.02629128369087319	-0.01769392633773159	-0.056484421456098936	anxiety	TIA
anxiety_tinnitus	0.4604896346273949	0.460032	0.46126	0.459824	0.476397	0.470849	0.456426	SLEEP	0.456426	0.0040636346273948964	0.481732693867887	-0.02124305924049208	-0.025306693867886976	-0.05495605539170036	anxiety	tinnitus
anxiety_ulc_colitis	0.14171385822153054	0.140818	0.141326	0.140723	0.141995	0.145166	0.141617	ApoB	0.140723	0.000990858221530555	0.1399029991394871	0.0018108590820434534	0.0008200008605128983	0.005786313849638142	anxiety	ulc_colitis
anxiety_ulcer_peptic	0.4132998156980726	0.441887	0.41472	0.416731	0.409937	0.34124	0.408532	SMK	0.34124	0.07205981569807263	0.37161714549271824	0.04168267020535438	-0.03037714549271825	-0.07349905404968685	anxiety	ulcer_peptic
anxiety_urine_incont	0.28382241218814735	0.307255	0.283557	0.283429	0.279203	0.228312	0.277974	SMK	0.228312	0.05551041218814737	0.2577789642322669	0.026043447955880428	-0.02946696423226694	-0.10382183706032748	anxiety	urine_incont
anxiety_urolithiasis	0.23241594395926174	0.237866	0.232664	0.23453	0.231882	0.232668	0.231547	SLEEP	0.231547	0.0008689439592617365	0.2518826380515428	-0.01946669409228108	-0.020335638051542815	-0.08749674271532455	anxiety	urolithiasis
anxiety_valve_nonrheumatic	0.1649115119373993	0.172941	0.16769	0.164613	0.159956	0.142957	0.160194	SMK	0.142957	0.021954511937399307	0.15508801245380252	0.009823499483596787	-0.01213101245380252	-0.07356073758154297	anxiety	valve_nonrheumatic
asthma_b12_def	0.2162945811894714	0.151036	0.209749	0.216348	0.204539	0.175162	0.202664	BMI	0.151036	0.06525858118947139	0.11151911395329511	0.10477546723617628	0.03951688604670489	0.182699380767605	asthma	b12_def
asthma_BPH	0.11750821266986838	0.122472	0.120033	0.117852	0.116003	0.128867	0.112034	SLEEP	0.112034	0.005474212669868389	0.12887146660951584	-0.01136325393964746	-0.01683746660951585	-0.14328757307218695	asthma	BPH
asthma_bursitis	0.31968208913891616	0.285611	0.319882	0.319658	0.310838	0.270886	0.30736	SMK	0.270886	0.04879608913891614	0.2428497432714885	0.07683234586742765	0.02803625672851151	0.08770043014930531	asthma	bursitis
asthma_carpal_tunnel	0.24798271375153338	0.177641	0.243051	0.247997	0.233827	0.213765	0.234717	BMI	0.177641	0.07034171375153339	0.1464696950982923	0.10151301865324108	0.03117130490170769	0.1256995071557279	asthma	carpal_tunnel
asthma_cataract	0.1761028459433854	0.1556	0.170897	0.176166	0.170562	0.152351	0.17306	SMK	0.152351	0.02375184594338542	0.13358421551080327	0.04251863043258214	0.01876678448919672	0.10656718458275216	asthma	cataract
asthma_cholelithiasis	0.17301436165812184	0.08673	0.169537	0.173027	0.160061	0.142402	0.171987	BMI	0.08673	0.08628436165812184	0.07330582856885473	0.09970853308926711	0.013424171431145271	0.07758992549804375	asthma	cholelithiasis
asthma_CKD	0.07943639771391463	0.012453	0.061847	0.079425	0.068451	0.065887	0.077563	BMI	0.012453	0.06698339771391462	-0.0027906733337028514	0.07664572438021178	0.009662326666297148	0.1216360125127455	asthma	CKD
asthma_COPD	0.5905860684287597	0.557475	0.587216	0.591304	0.584987	0.58888	0.58608	BMI	0.557475	0.03311106842875966	0.5662838342851937	0.024302234143566026	-0.008808834285193634	-0.014915411581972005	asthma	COPD
asthma_coronary_heart	0.17301494080710722	0.109704	0.155345	0.173449	0.163498	0.127298	0.167481	BMI	0.109704	0.06331094080710722	0.061802318532134616	0.11121262227497261	0.04790168146786538	0.27686442132919914	asthma	coronary_heart
asthma_deaf	0.16477241939053272	0.151658	0.173601	0.164722	0.169128	0.136035	0.163946	SMK	0.136035	0.02873741939053273	0.13874281000120067	0.026029609389332048	-0.0027078100012006834	-0.016433636231211794	asthma	deaf
asthma_depression	0.30730873190960256	0.2931	0.309775	0.307317	0.301699	0.255714	0.300499	SMK	0.255714	0.051594731909602565	0.25200767864578066	0.0553010532638219	0.003706321354219333	0.012060579376278765	asthma	depression
asthma_diabetes_type_2	0.21371808547294766	0.098126	0.199947	0.213772	0.193951	0.186205	0.212687	BMI	0.098126	0.11559208547294765	0.08424167603106747	0.12947640944188019	0.013884323968932535	0.06496560147545402	asthma	diabetes_type_2
asthma_diverticuli	0.21794293304444154	0.18802	0.220005	0.217897	0.209586	0.191788	0.214271	BMI	0.18802	0.029922933044441546	0.17068166572149293	0.04726126732294861	0.01733833427850706	0.0795544688525025	asthma	diverticuli
asthma_ED	0.21363064490485065	0.139313	0.205895	0.213699	0.192742	0.155745	0.204619	BMI	0.139313	0.07431764490485065	0.08594424327833713	0.1276864016265135	0.05336875672166286	0.24981788893364465	asthma	ED
asthma_enthesopathy_lower	0.3936576277937747	0.34042	0.388138	0.394275	0.387814	0.351624	0.384303	BMI	0.34042	0.05323762779377472	0.3030196826022028	0.09063794519157192	0.0374003173977972	0.09500722139541544	asthma	enthesopathy_lower
asthma_enthesopathy_shoulder	0.317471074153851	0.274652	0.315356	0.317678	0.307592	0.272774	0.306219	SMK	0.272774	0.04469707415385099	0.23477247988980599	0.08269859426404502	0.03800152011019403	0.11970073245721263	asthma	enthesopathy_shoulder
asthma_enthesopathy_upper	0.30145183474829396	0.262164	0.300971	0.302605	0.294106	0.250601	0.288176	SMK	0.250601	0.05085083474829394	0.21799495290669754	0.08345688184159641	0.032606047093302476	0.10816337250203785	asthma	enthesopathy_upper
asthma_essential_tremor	0.13155724512549027	0.121671	0.130585	0.131497	0.139437	0.13637	0.122856	BMI	0.121671	0.009886245125490273	0.12400556405319957	0.007551681072290706	-0.002334564053199567	-0.01774561371342692	asthma	essential_tremor
asthma_female_genital_prolapse	0.15071499989113324	0.140458	0.154464	0.15066	0.144001	0.136487	0.148335	SMK	0.136487	0.014227999891133242	0.1312790371395817	0.019435962751551544	0.005207962860418303	0.034555040070200035	asthma	female_genital_prolapse
asthma_fibromatosis	0.043401894207357315	0.063531	0.04423	0.043326	0.045859	0.021695	0.044128	SMK	0.021695	0.021706894207357316	0.043582944455583965	-0.0001810502482266496	-0.021887944455583966	-0.5043085066981617	asthma	fibromatosis
asthma_fibromyalgia	0.4394170113232348	0.397433	0.435515	0.439446	0.435949	0.39456	0.431444	SMK	0.39456	0.044857011323234774	0.3588266720683646	0.08059033925487019	0.03573332793163542	0.08131985565153738	asthma	fibromyalgia
asthma_gastritis_duodenitis	0.3985134286188936	0.355254	0.396063	0.399254	0.392127	0.352548	0.390035	SMK	0.352548	0.04596542861889363	0.3164636334712352	0.08204979514765842	0.03608436652876479	0.09054742936472786	asthma	gastritis_duodenitis
asthma_glaucoma	0.020241465230208058	0.03227	0.01501	0.020319	0.013634	0.02894	0.022596	FG	0.013634	0.006607465230208057	0.03296123106525854	-0.012719765835050485	-0.019327231065258542	-0.954833597540897	asthma	glaucoma
asthma_GORD	0.4204435645156989	0.377233	0.417278	0.421618	0.412456	0.381839	0.413534	BMI	0.377233	0.043210564515698935	0.34556247378539634	0.07488109073030258	0.031670526214603645	0.07532646206889701	asthma	GORD
asthma_gout	0.1300729558572326	0.032924	0.11487	0.130043	0.112767	0.108074	0.124393	BMI	0.032924	0.0971489558572326	0.013141400193383715	0.1169315556638489	0.019782599806616286	0.15208849277116115	asthma	gout
asthma_HF	0.2595615037968792	0.153075	0.248058	0.260053	0.244069	0.208951	0.249943	BMI	0.153075	0.10648650379687921	0.09856290272336568	0.16099860107351352	0.05451209727663431	0.2100161097821846	asthma	HF
asthma_hypertension	0.23848455102457947	0.159292	0.260505	0.239517	0.22188	0.211787	0.234382	BMI	0.159292	0.07919255102457948	0.14959238739953915	0.08889216362504032	0.009699612600460844	0.04067186976594199	asthma	hypertension
asthma_hyperthyroid	0.10138374077092213	0.088554	0.092326	0.101382	0.085402	0.08411	0.106862	SMK	0.08411	0.017273740770922127	0.07120968038015307	0.03017406039076906	0.012900319619846931	0.12724248998658838	asthma	hyperthyroid
asthma_hypothyroid	0.16144707698715502	0.129235	0.161892	0.161511	0.160642	0.142172	0.161318	BMI	0.129235	0.03221207698715503	0.12084202013652065	0.04060505685063437	0.008392979863479338	0.05198595118663621	asthma	hypothyroid
asthma_IBS	0.35247459953543764	0.360691	0.356561	0.352937	0.35327	0.337154	0.34587	SMK	0.337154	0.015320599535437629	0.34680134406940455	0.005673255466033089	-0.00964734406940454	-0.02737032422228371	asthma	IBS
asthma_IDA	0.2789751540857677	0.2105	0.269	0.279026	0.263858	0.238324	0.26718	BMI	0.2105	0.06847515408576768	0.16844398172340697	0.11053117236236071	0.04205601827659303	0.1507518417344915	asthma	IDA
asthma_insomnia	0.30851632117496963	0.294689	0.315852	0.308714	0.302692	0.249523	0.297861	SMK	0.249523	0.05899332117496964	0.25256785038470836	0.05594847079026127	-0.003044850384708364	-0.009869333243415445	asthma	insomnia
asthma_intervert_disc	0.30070054822184045	0.255194	0.297406	0.300749	0.293541	0.251105	0.292053	SMK	0.251105	0.049595548221840424	0.21260881016298291	0.08809173805885753	0.03849618983701711	0.12802168158541807	asthma	intervert_disc
asthma_isch_stroke_tia	0.24980634121739811	0.203032	0.237067	0.250192	0.24243	0.207917	0.246972	BMI	0.203032	0.046774341217398124	0.16349576753573927	0.08631057368165884	0.03953623246426072	0.15826752944535405	asthma	isch_stroke_tia
asthma_migraine	0.2510051632471093	0.252143	0.252951	0.251118	0.258906	0.230209	0.246615	SMK	0.230209	0.02079616324710931	0.23679684842660756	0.01420831482050175	-0.006587848426607562	-0.026245868178105817	asthma	migraine
asthma_OA	0.35606252783477876	0.284305	0.356578	0.356044	0.350758	0.321405	0.345679	BMI	0.284305	0.07175752783477879	0.26370659640918465	0.09235593142559412	0.02059840359081533	0.05785052337878549	asthma	OA
asthma_osteoporosis	0.15638828110296704	0.210909	0.162379	0.156718	0.17058	0.150528	0.149785	SLEEP	0.149785	0.00660328110296704	0.1996769357672398	-0.04328865466427276	-0.0498919357672398	-0.3190260511552693	asthma	osteoporosis
asthma_periph_neuro	0.3381694851570916	0.265327	0.334537	0.338981	0.327414	0.286959	0.326788	BMI	0.265327	0.07284248515709163	0.22851669318936746	0.10965279196772415	0.03681030681063252	0.10885165109895364	asthma	periph_neuro
asthma_peripheral_arterial	0.25402681401133925	0.166862	0.24294	0.256036	0.23989	0.173205	0.243943	BMI	0.166862	0.08716481401133924	0.0785388780317242	0.17548793597961504	0.08832312196827581	0.3476921218416464	asthma	peripheral_arterial
asthma_PMR	0.13165561741888376	0.115203	0.127406	0.131599	0.129568	0.121602	0.124153	BMI	0.115203	0.016452617418883764	0.10218595330275355	0.02946966411613021	0.013017046697246445	0.09887194297096032	asthma	PMR
asthma_pri_bladder	0.04408901262208556	0.03594	0.052102	0.044472	0.050713	-0.001238	0.041467	SMK	-0.001238	0.04285101262208556	0.006854009486193887	0.037235003135891676	-0.005616009486193887	-0.12737888993641588	asthma	pri_bladder
asthma_pri_breast	-0.0011150648715983283	0.012627	-0.001535	-0.001214	-0.003675	-0.001947	0.001484	ApoB	-0.001214	-9.893512840167176e-05	0.00982079657603703	-0.008705731704438701	-0.00860679657603703	-7.71865099086127	asthma	pri_breast
asthma_pri_colorectal	-0.0879720413458762	-0.096653	-0.084555	-0.088926	-0.086898	-0.080219	-0.087499	SMK	-0.080219	0.007753041345876205	-0.08588461062561838	0.002087430720257827	-0.005665610625618378	-0.06440240034152578	asthma	pri_colorectal
asthma_pri_prost	-0.061370888494780756	-0.044009	-0.060665	-0.061966	-0.062972	-0.045719	-0.057389	BMI	-0.044009	0.017361888494780757	-0.032408216449496645	0.02896267204528411	0.011600783550503355	0.18902746619824373	asthma	pri_prost
asthma_pri_skin	-0.062041555168597357	-0.036969	-0.059618	-0.062066	-0.057434	-0.055361	-0.062085	BMI	-0.036969	0.025072555168597355	-0.034213739935862054	0.027827815232735302	0.0027552600641379474	0.04440991294706513	asthma	pri_skin
asthma_psoriasis	0.1779459436394894	0.140568	0.175225	0.177891	0.174533	0.138378	0.169361	SMK	0.138378	0.0395679436394894	0.10726564089577106	0.07068030274371834	0.031112359104228937	0.17484163149715398	asthma	psoriasis
asthma_RA	0.2931646770494271	0.261654	0.287919	0.293147	0.283594	0.245606	0.28687	SMK	0.245606	0.04755867704942712	0.21893192840048964	0.07423274864893747	0.02667407159951035	0.09098664910102094	asthma	RA
asthma_raynauds	0.05188437739459005	0.082276	0.050289	0.052505	0.070412	0.032957	0.041048	SMK	0.032957	0.01892737739459005	0.05756360501704823	-0.005679227622458177	-0.024606605017048228	-0.47425846184701337	asthma	raynauds
asthma_retinal_detach	0.0169670825200485	0.035545	0.016717	0.017162	0.024818	0.034025	0.015683	SLEEP	0.015683	0.0012840825200484997	0.046181758452549425	-0.029214675932500926	-0.030498758452549426	-1.7975252030814222	asthma	retinal_detach
asthma_schizo	0.07586975251639756	0.107429	0.080824	0.075886	0.076089	0.048583	0.088887	SMK	0.048583	0.02728675251639756	0.0922618218786965	-0.016392069362298936	-0.0436788218786965	-0.5757079788715047	asthma	schizo
asthma_scoliosis	0.05051327910139319	0.064166	0.051263	0.050423	0.059979	0.04125	0.043907	SMK	0.04125	0.009263279101393185	0.05244670107575965	-0.0019334219743664602	-0.011196701075759645	-0.22165856731029035	asthma	scoliosis
asthma_sinusitis	0.4723685843928716	0.472068	0.470031	0.473869	0.475226	0.44975	0.465322	SMK	0.44975	0.02261858439287162	0.45196445325500306	0.020404131137868542	-0.0022144532550030793	-0.004687977414605765	asthma	sinusitis
asthma_sleep_apnoea	0.2899889233534785	0.189984	0.285537	0.29029	0.280214	0.256833	0.286934	BMI	0.189984	0.10000492335347849	0.17773122222072765	0.11225770113275083	0.012252777779272334	0.0422525717105993	asthma	sleep_apnoea
asthma_spondylolisthesis	0.20721991221920508	0.165978	0.208032	0.207226	0.200605	0.165496	0.198991	SMK	0.165496	0.04172391221920507	0.13383793120095744	0.07338198101824764	0.031658068799042566	0.15277522541151095	asthma	spondylolisthesis
asthma_spondylosis	0.38393170728671583	0.321081	0.380343	0.384325	0.375432	0.334358	0.374226	BMI	0.321081	0.06285070728671582	0.27771180997622164	0.1062198973104942	0.04336919002377837	0.11296068858254198	asthma	spondylosis
asthma_stroke_all	0.2376859386347535	0.185251	0.224511	0.237802	0.23216	0.200667	0.242038	BMI	0.185251	0.052434938634753514	0.1567271072012608	0.08095883143349272	0.02852389279873921	0.12000664811127601	asthma	stroke_all
asthma_tendon	0.3659336435265946	0.32324	0.363925	0.366638	0.356961	0.322777	0.355836	SMK	0.322777	0.043156643526594596	0.2865754404110951	0.07935820311549946	0.036201559588904864	0.0989293010613108	asthma	tendon
asthma_thromboembolic	0.21212769606441784	0.143899	0.214767	0.212265	0.197335	0.183421	0.206329	BMI	0.143899	0.06822869606441784	0.13018201184134398	0.08194568422307386	0.013716988158656018	0.06466382472984816	asthma	thromboembolic
asthma_TIA	0.27304025781248203	0.238204	0.262488	0.273048	0.265637	0.234379	0.270132	SMK	0.234379	0.03866125781248203	0.2021580074333976	0.07088225037908444	0.03222099256660241	0.11800821177341206	asthma	TIA
asthma_tinnitus	0.1608607820029969	0.189888	0.16398	0.16159	0.179829	0.158842	0.149968	SLEEP	0.149968	0.010892782002996898	0.18460629176786336	-0.023745509764866474	-0.03463829176786337	-0.21533086770160081	asthma	tinnitus
asthma_ulc_colitis	0.07449023316006258	0.086654	0.072394	0.074751	0.074942	0.074773	0.074225	SBP	0.072394	0.002096233160062577	0.08272761518788452	-0.00823738202782194	-0.010333615187884518	-0.1387244307005984	asthma	ulc_colitis
asthma_ulcer_peptic	0.3407420521244777	0.288397	0.334202	0.341343	0.331181	0.276854	0.331003	SMK	0.276854	0.06388805212447773	0.22923390660833476	0.11150814551614296	0.04762009339166523	0.1397540840490946	asthma	ulcer_peptic
asthma_urine_incont	0.3032374572293261	0.246298	0.302375	0.303396	0.294375	0.259063	0.295097	BMI	0.246298	0.05693945722932611	0.21223571791122245	0.09100173931810365	0.03406228208877754	0.1123287419700846	asthma	urine_incont
asthma_urolithiasis	0.07714119903213613	0.047877	0.078421	0.076997	0.075882	0.071903	0.075504	BMI	0.047877	0.02926419903213613	0.0498549607156093	0.027286238316526837	-0.001977960715609295	-0.02564078262233517	asthma	urolithiasis
asthma_valve_nonrheumatic	0.11554775547259125	0.073784	0.096199	0.115623	0.106078	0.095146	0.108795	BMI	0.073784	0.041763755472591244	0.043286058017931436	0.07226169745465981	0.030497941982068566	0.263942314217457	asthma	valve_nonrheumatic
b12_def_BPH	-0.010105308253805855	-0.00915	-0.007495	-0.0077	-0.013449	-0.002367	-0.024163	SMK	-0.002367	0.007738308253805855	-0.013017879575076144	-0.002912571321270289	-0.010650879575076145	-1.0539885877370259	b12_def	BPH
b12_def_bursitis	-0.10926924869887332	-0.182104	-0.110972	-0.110587	-0.131552	-0.18928	-0.182866	ApoB	-0.110587	-0.001317751301126685	-0.31290468524098436	-0.20363543654211103	-0.20231768524098437	-1.8515519018396114	b12_def	bursitis
b12_def_carpal_tunnel	0.23787385708751552	0.145113	0.23158	0.236257	0.214402	0.203889	0.204015	BMI	0.145113	0.09276085708751552	0.08737202286543916	0.15050183422207636	0.057740977134560834	0.24273780162953135	b12_def	carpal_tunnel
b12_def_cataract	0.07844232806146917	0.048252	0.071062	0.079123	0.069156	0.051818	0.07139	BMI	0.048252	0.030190328061469165	0.02060433799176307	0.057837990069706094	0.027647662008236932	0.35245845822642596	b12_def	cataract
b12_def_cholelithiasis	0.30188348669752163	0.207809	0.298461	0.302419	0.284918	0.276863	0.304263	BMI	0.207809	0.09407448669752164	0.20348219479461283	0.0984012919029088	0.004326805205387169	0.014332699190408187	b12_def	cholelithiasis
b12_def_CKD	0.14367474041418776	0.064224	0.123061	0.143732	0.128226	0.132156	0.141769	BMI	0.064224	0.07945074041418776	0.04699532918149399	0.09667941123269377	0.017228670818506014	0.1199144036651045	b12_def	CKD
b12_def_COPD	0.33552308371224365	0.263936	0.328178	0.333499	0.318691	0.25944	0.319065	SMK	0.25944	0.07608308371224365	0.18776038428638478	0.14776269942585887	0.07167961571361522	0.2136354223994024	b12_def	COPD
b12_def_coronary_heart	0.22754904162480943	0.151964	0.206054	0.223621	0.214196	0.18576	0.218016	BMI	0.151964	0.07558504162480945	0.09596324016881981	0.13158580145598964	0.05600075983118018	0.24610413399813885	b12_def	coronary_heart
b12_def_deaf	0.08079824308320231	0.061113	0.091207	0.080139	0.086986	0.049509	0.07905	SMK	0.049509	0.031289243083202314	0.05138895868949546	0.029409284393706853	-0.0018799586894954617	-0.023267321389149102	b12_def	deaf
b12_def_depression	0.19770542255851303	0.176208	0.200576	0.198029	0.18824	0.138619	0.18114	SMK	0.138619	0.05908642255851304	0.12373588565354314	0.0739695369049699	0.014883114346456852	0.07527924198463518	b12_def	depression
b12_def_diabetes_type_2	0.2916247706175281	0.155156	0.275547	0.289628	0.255025	0.267555	0.293366	BMI	0.155156	0.13646877061752813	0.13253057775249213	0.15909419286503598	0.022625422247507854	0.07758402072498005	b12_def	diabetes_type_2
b12_def_diverticuli	0.17097436077071346	0.131426	0.17358	0.17035	0.157704	0.143585	0.163914	BMI	0.131426	0.03954836077071347	0.1102512705036466	0.06072309026706686	0.021174729496353392	0.12384739677284089	b12_def	diverticuli
b12_def_ED	0.24646339482582055	0.154124	0.236855	0.247407	0.211805	0.192448	0.227912	BMI	0.154124	0.09233939482582054	0.08957879966514062	0.15688459516067993	0.06454520033485939	0.26188554442526635	b12_def	ED
b12_def_enthesopathy_lower	0.2875910585042964	0.205289	0.279003	0.290664	0.27762	0.238915	0.253969	BMI	0.205289	0.0823020585042964	0.14246317764163047	0.14512788086266593	0.06282582235836953	0.21845540916714892	b12_def	enthesopathy_lower
b12_def_enthesopathy_shoulder	0.34741719047950664	0.296222	0.345198	0.345565	0.332546	0.305743	0.318947	BMI	0.296222	0.05119519047950666	0.23860785162575296	0.10880933885375368	0.057614148374247026	0.16583562918900974	b12_def	enthesopathy_shoulder
b12_def_enthesopathy_upper	0.1899868465389035	0.132567	0.189088	0.185764	0.17727	0.131778	0.140044	SMK	0.131778	0.058208846538903486	0.04031190072769296	0.14967494581121055	0.09146609927230705	0.48143385154602053	b12_def	enthesopathy_upper
b12_def_essential_tremor	-0.08916816525581227	-0.112292	-0.091473	-0.090207	-0.079933	-0.09013	-0.113771	FG	-0.079933	0.009235165255812264	-0.13006562923817286	-0.04089746398236059	-0.050132629238172854	-0.5622256451542839	b12_def	essential_tremor
b12_def_female_genital_prolapse	0.10539625727448639	0.091422	0.110029	0.104712	0.094888	0.090097	0.10077	SMK	0.090097	0.015299257274486389	0.07858933369584334	0.026806923578643047	0.011507666304156658	0.10918477184808303	b12_def	female_genital_prolapse
b12_def_fibromatosis	0.09793870386262774	0.127075	0.099334	0.097163	0.102479	0.078332	0.10118	SMK	0.078332	0.019606703862627736	0.1127678396386248	-0.014829135775997065	-0.0344358396386248	-0.3516060380677053	b12_def	fibromatosis
b12_def_fibromyalgia	0.2210969716022503	0.146224	0.21423	0.22163	0.214054	0.156471	0.184774	BMI	0.146224	0.07487297160225032	0.06774135803426427	0.15335561356798605	0.07848264196573572	0.3549693213660324	b12_def	fibromyalgia
b12_def_gastritis_duodenitis	0.4150039799321183	0.361554	0.412299	0.412813	0.406023	0.37169	0.394056	BMI	0.361554	0.05344997993211831	0.3116025741250535	0.1034014058070648	0.0499514258749465	0.12036372731441514	b12_def	gastritis_duodenitis
b12_def_glaucoma	-0.09987175791773364	-0.090694	-0.107415	-0.099185	-0.111512	-0.094491	-0.096988	BMI	-0.090694	0.009177757917733648	-0.09621566992527601	0.0036560879924576323	-0.005521669925276015	-0.05528760122380468	b12_def	glaucoma
b12_def_GORD	0.35893853326409364	0.297761	0.354657	0.356205	0.344904	0.317073	0.341987	BMI	0.297761	0.06117753326409364	0.2500715361681511	0.10886699709594255	0.04768946383184891	0.13286248037560452	b12_def	GORD
b12_def_gout	0.13922213933816235	0.014747	0.11937	0.136257	0.112365	0.117928	0.12796	BMI	0.014747	0.12447513933816236	-0.02037275558713451	0.11884938375102784	-0.005625755587134511	-0.04040848398019429	b12_def	gout
b12_def_HF	0.2812463201198327	0.140415	0.263159	0.284351	0.255796	0.233317	0.260353	BMI	0.140415	0.14083132011983268	0.06965087936676596	0.21159544075306674	0.07076412063323405	0.25160905430898817	b12_def	HF
b12_def_hypertension	0.23275199713891245	0.12808	0.229929	0.237708	0.204446	0.206334	0.225748	BMI	0.12808	0.10467199713891245	0.0814929032514493	0.15125909388746317	0.0465870967485507	0.20015766704999016	b12_def	hypertension
b12_def_hyperthyroid	0.2558313337067412	0.248895	0.246251	0.256161	0.235441	0.243405	0.272389	FG	0.235441	0.020390333706741204	0.24386172805634268	0.011969605650398535	-0.008420728056342669	-0.032915155209233785	b12_def	hyperthyroid
b12_def_hypothyroid	0.3671956785649723	0.340612	0.369043	0.368317	0.36901	0.354654	0.373053	BMI	0.340612	0.02658367856497229	0.34707726504397607	0.020118413520996248	-0.006465265043976043	-0.01760713815925823	b12_def	hypothyroid
b12_def_IBS	0.2210067907605834	0.228461	0.225774	0.223561	0.222059	0.201615	0.20425	SMK	0.201615	0.01939179076058342	0.2060237579552966	0.014983032805286817	-0.004408757955296605	-0.019948518052880154	b12_def	IBS
b12_def_IDA	0.5157095748866222	0.455971	0.508035	0.514661	0.499563	0.489039	0.495908	BMI	0.455971	0.05973857488662215	0.4123340708741662	0.10337550401245599	0.043636929125833834	0.08461531693575272	b12_def	IDA
b12_def_insomnia	0.283833912917651	0.267733	0.293126	0.285536	0.275268	0.2239	0.225478	SMK	0.2239	0.05993391291765099	0.1806702287456885	0.10316368417196248	0.04322977125431149	0.15230657538394218	b12_def	insomnia
b12_def_intervert_disc	0.36535463294225623	0.313542	0.361823	0.364077	0.355958	0.321729	0.348212	BMI	0.313542	0.05181263294225624	0.26796177319060493	0.0973928597516513	0.04558022680939505	0.12475612103870308	b12_def	intervert_disc
b12_def_isch_stroke_tia	0.3825380927456387	0.33462	0.370886	0.38546	0.373891	0.348817	0.381724	BMI	0.33462	0.04791809274563874	0.31063277138003964	0.07190532136559907	0.023987228619960332	0.06270546404357742	b12_def	isch_stroke_tia
b12_def_migraine	0.1896526983333017	0.19059	0.192073	0.187339	0.201563	0.167138	0.180757	SMK	0.167138	0.02251469833330169	0.1715455088923364	0.018107189440965288	-0.004407508892336404	-0.02323989550937212	b12_def	migraine
b12_def_OA	0.2880547763095011	0.178367	0.288746	0.287446	0.279755	0.25055	0.25565	BMI	0.178367	0.1096877763095011	0.13647500189290632	0.1515797744165948	0.04189199810709368	0.14543066649963385	b12_def	OA
b12_def_osteoporosis	0.09468657942928325	0.161012	0.101944	0.097075	0.115074	0.087244	0.079675	SLEEP	0.079675	0.015011579429283259	0.14596992561951003	-0.05128334619022677	-0.06629492561951003	-0.700151235994563	b12_def	osteoporosis
b12_def_periph_neuro	0.34412414656287055	0.246394	0.339724	0.341365	0.31301	0.294733	0.309985	BMI	0.246394	0.09773014656287055	0.16839697791942188	0.17572716864344867	0.07799702208057813	0.2266537319732322	b12_def	periph_neuro
b12_def_peripheral_arterial	0.49827203537633913	0.423781	0.50307	0.496547	0.483117	0.458014	0.483323	BMI	0.423781	0.07449103537633911	0.3942941043337835	0.10397793104255565	0.02948689566621654	0.059178307375699755	b12_def	peripheral_arterial
b12_def_PMR	0.14049001905753059	0.121297	0.135233	0.139874	0.137919	0.130823	0.12493	BMI	0.121297	0.019193019057530583	0.09917939208095325	0.041310626976577336	0.022117607919046753	0.15743188069459657	b12_def	PMR
b12_def_pri_bladder	0.007365980857387332	-0.004508	0.017193	0.010692	0.017051	-0.038722	0.001255	SLEEP	0.001255	0.006110980857387332	-0.025691385867145172	-0.01832540500975784	-0.024436385867145173	-3.3174652962392583	b12_def	pri_bladder
b12_def_pri_breast	-0.07447619603557845	-0.060886	-0.075404	-0.075694	-0.079241	-0.077151	-0.070302	BMI	-0.060886	0.013590196035578449	-0.06596401232070155	0.0085121837148769	-0.0050780123207015485	-0.06818302479191743	b12_def	pri_breast
b12_def_pri_colorectal	-0.031855516199359384	-0.040947	-0.027223	-0.037509	-0.029908	-0.022742	-0.03063	SMK	-0.022742	0.009113516199359385	-0.03308094931989691	-0.0012254331205375293	-0.010338949319896915	-0.3245575822784762	b12_def	pri_colorectal
b12_def_pri_prost	-0.0010784762817667634	0.023793	7.6e-05	-0.005414	-0.003043	0.015977	0.008439	SBP	7.6e-05	0.0010024762817667635	0.03505308725453641	-0.033974610972769645	-0.03497708725453641	-32.43194852392751	b12_def	pri_prost
b12_def_pri_skin	-0.0896272405544244	-0.059809	-0.086769	-0.090011	-0.083192	-0.083773	-0.091007	BMI	-0.059809	0.029818240554424405	-0.05896558043600289	0.030661660118421516	0.0008434195639971109	0.009410303818122804	b12_def	pri_skin
b12_def_psoriasis	0.25184323183538077	0.210415	0.249003	0.251254	0.248202	0.216592	0.235542	BMI	0.210415	0.041428231835380774	0.17465804362270607	0.0771851882126747	0.035756956377293925	0.14198100983975115	b12_def	psoriasis
b12_def_RA	0.3731360948154574	0.340382	0.36723	0.373386	0.360034	0.332175	0.36298	SMK	0.332175	0.0409610948154574	0.30005099297419086	0.07308510184126654	0.03212400702580914	0.0860919312608896	b12_def	RA
b12_def_raynauds	0.24849852462843397	0.299304	0.247622	0.254478	0.281687	0.235725	0.230272	SLEEP	0.230272	0.018226524628433965	0.28699129897858083	-0.03849277435014686	-0.05671929897858083	-0.22824803110356506	b12_def	raynauds
b12_def_retinal_detach	0.02559930523491278	0.049962	0.025347	0.027683	0.037683	0.042531	0.02313	SLEEP	0.02313	0.0024693052349127782	0.06154189711500435	-0.03594259188009157	-0.038411897115004354	-1.5005054536643259	b12_def	retinal_detach
b12_def_schizo	-0.010952823192453708	0.024937	-0.005201	-0.010801	-0.011329	-0.040634	0.015392	SBP	-0.005201	0.005751823192453708	0.024750034393266025	-0.013797211200812317	-0.019549034393266024	-1.7848397668589178	b12_def	schizo
b12_def_scoliosis	0.07744427733469243	0.096846	0.078599	0.076425	0.092329	0.069063	0.063873	SLEEP	0.063873	0.013571277334692433	0.08095060303470503	-0.003506325700012594	-0.017077603034705027	-0.2205147187428765	b12_def	scoliosis
b12_def_sinusitis	0.24316607329900058	0.235204	0.238914	0.247813	0.246698	0.210988	0.215585	SMK	0.210988	0.032178073299000576	0.19317561766337107	0.04999045563562951	0.017812382336628935	0.07325192242063541	b12_def	sinusitis
b12_def_sleep_apnoea	0.23856718346379546	0.085791	0.232575	0.235986	0.222316	0.203704	0.233528	BMI	0.085791	0.15277618346379546	0.07132047719457864	0.16724670626921684	0.014470522805421368	0.060655965314765886	b12_def	sleep_apnoea
b12_def_spondylolisthesis	0.11260188883946774	0.054085	0.113365	0.110427	0.101577	0.066883	0.092607	BMI	0.054085	0.05851688883946774	0.008223492195986346	0.10437839664348139	0.04586150780401366	0.4072889742497719	b12_def	spondylolisthesis
b12_def_spondylosis	0.30854401147543803	0.212431	0.303551	0.306394	0.293515	0.253259	0.274178	BMI	0.212431	0.09611301147543802	0.13743875298747837	0.17110525848795965	0.07499224701252163	0.24305202571883808	b12_def	spondylosis
b12_def_stroke_all	0.21018991277038704	0.141153	0.189405	0.211404	0.202017	0.17262	0.221767	BMI	0.141153	0.06903691277038704	0.11893014204704498	0.09125977072334206	0.02222285795295502	0.10572751879502147	b12_def	stroke_all
b12_def_tendon	0.29253381643007065	0.232276	0.289837	0.289765	0.276697	0.245263	0.24992	BMI	0.232276	0.06025781643007064	0.1543534280328933	0.13818038839717736	0.07792257196710672	0.2663711598133609	b12_def	tendon
b12_def_thromboembolic	0.1794845974130597	0.087861	0.182883	0.180813	0.154691	0.150071	0.167479	BMI	0.087861	0.0916235974130597	0.06838722239643799	0.1110973750166217	0.019473777603562004	0.10849832177379388	b12_def	thromboembolic
b12_def_TIA	0.22162606255602949	0.175186	0.205112	0.220188	0.209883	0.181105	0.216799	BMI	0.175186	0.04644006255602948	0.13120359696036332	0.09042246559566616	0.043982403039636686	0.19845320776981026	b12_def	TIA
b12_def_tinnitus	0.0396190741007446	0.071408	0.043043	0.043476	0.065026	0.034436	0.011625	SLEEP	0.011625	0.027994074100744597	0.05370096654412876	-0.014081892443384161	-0.04207596654412876	-1.0620128687797374	b12_def	tinnitus
b12_def_ulc_colitis	0.10627888561207312	0.124288	0.103872	0.108703	0.107626	0.107323	0.107204	SBP	0.103872	0.002406885612073112	0.1235501532030688	-0.017271267590995676	-0.019678153203068788	-0.18515581048615531	b12_def	ulc_colitis
b12_def_ulcer_peptic	0.3654121640180126	0.300513	0.357056	0.362993	0.350836	0.306839	0.342127	BMI	0.300513	0.0648991640180126	0.22925104983366437	0.1361611141843482	0.0712619501663356	0.19501800209043624	b12_def	ulcer_peptic
b12_def_urine_incont	0.2930366179873851	0.218506	0.292204	0.294558	0.279302	0.249217	0.275174	BMI	0.218506	0.07453061798738511	0.1794493450860388	0.11358727290134632	0.03905665491396121	0.13328250640553924	b12_def	urine_incont
b12_def_urolithiasis	0.1353181458458213	0.102162	0.137347	0.132679	0.134388	0.131656	0.133783	BMI	0.102162	0.0331561458458213	0.10395689229407938	0.03136125355174192	-0.0017948922940793782	-0.013264239491756275	b12_def	urolithiasis
b12_def_valve_nonrheumatic	0.17867910189775246	0.13053	0.156045	0.179653	0.165516	0.16061	0.166124	BMI	0.13053	0.048149101897752455	0.09279971775074036	0.0858793841470121	0.037730282249259645	0.21116225595789298	b12_def	valve_nonrheumatic
BPH_bursitis	0.1163458557738602	0.119511	0.116669	0.117489	0.114598	0.133288	0.100928	SLEEP	0.100928	0.015417855773860192	0.11854084796825556	-0.0021949921943953676	-0.01761284796825556	-0.15138354392690537	BPH	bursitis
BPH_carpal_tunnel	0.060975916475395485	0.066765	0.063272	0.062959	0.057936	0.069155	0.047993	SLEEP	0.047993	0.012982916475395484	0.0607074892681055	0.0002684272072899854	-0.012714489268105499	-0.20851657511758676	BPH	carpal_tunnel
BPH_cataract	0.0507502352269083	0.051517	0.052922	0.050313	0.049444	0.055764	0.048045	SLEEP	0.048045	0.002705235226908305	0.055049643041034796	-0.0042994078141264935	-0.0070046430410347985	-0.13802188324283596	BPH	cataract
BPH_cholelithiasis	0.07119701381107417	0.079009	0.072679	0.071174	0.068749	0.077887	0.070065	FG	0.068749	0.002448013811074165	0.08212838657988937	-0.0109313727688152	-0.013379386579889366	-0.1879206144149869	BPH	cholelithiasis
BPH_CKD	0.04723012322486764	0.050384	0.055122	0.047405	0.045066	0.049785	0.045731	FG	0.045066	0.0021641232248676354	0.058403497680426825	-0.011173374455559187	-0.013337497680426823	-0.28239387851955366	BPH	CKD
BPH_COPD	0.04055671100564215	0.04419	0.043556	0.043325	0.037614	0.07929	0.032392	SLEEP	0.032392	0.008164711005642152	0.08154598974832504	-0.04098927874268289	-0.04915398974832504	-1.211981655551084	BPH	COPD
BPH_coronary_heart	0.00213113439106939	0.003581	0.011379	0.006899	-0.000273	0.010621	-0.002731	FG	-0.000273	0.0018581343910693898	0.024208839887319242	-0.022077705496249853	-0.023935839887319243	-11.231501864745558	BPH	coronary_heart
BPH_deaf	0.11726776974431412	0.117922	0.115415	0.118085	0.118081	0.124014	0.116421	SBP	0.115415	0.0018527697443141145	0.12369953913640233	-0.006431769392088213	-0.008284539136402327	-0.07064634344513927	BPH	deaf
BPH_depression	0.16220582338061523	0.163478	0.161839	0.162336	0.161061	0.182593	0.156346	SLEEP	0.156346	0.00585982338061522	0.17648277433102003	-0.014276950950404793	-0.020136774331020013	-0.12414335016671481	BPH	depression
BPH_diabetes_type_2	0.04374582886597888	0.054785	0.052568	0.04631	0.039029	0.049745	0.042407	FG	0.039029	0.004716828865978878	0.06802127745076333	-0.024275448584784455	-0.028992277450763333	-0.6627438135778614	BPH	diabetes_type_2
BPH_diverticuli	0.16434412918476946	0.167	0.164004	0.165313	0.163063	0.171488	0.161388	SLEEP	0.161388	0.0029561291847694515	0.16931356758280136	-0.004969438398031906	-0.007925567582801357	-0.04822543781829145	BPH	diverticuli
BPH_ED	0.24847589370075027	0.267116	0.253652	0.248244	0.255009	0.272612	0.242579	SLEEP	0.242579	0.0058968937007502775	0.28724185457966456	-0.03876596087891429	-0.04466285457966457	-0.179747233884402	BPH	ED
BPH_enthesopathy_lower	0.13237670315361275	0.142001	0.136334	0.130579	0.130989	0.149381	0.120674	SLEEP	0.120674	0.011702703153612742	0.1458543451719134	-0.01347764201830065	-0.025180345171913393	-0.19021734619492361	BPH	enthesopathy_lower
BPH_enthesopathy_shoulder	0.10226939811259877	0.1064	0.103488	0.104997	0.100274	0.116504	0.090515	SLEEP	0.090515	0.011754398112598777	0.10900104482595774	-0.006731646713358963	-0.01848604482595774	-0.18075832230482647	BPH	enthesopathy_shoulder
BPH_enthesopathy_upper	0.10338770644524159	0.106869	0.103925	0.108875	0.101767	0.120006	0.087823	SLEEP	0.087823	0.015564706445241591	0.11107795893854003	-0.007690252493298438	-0.02325495893854003	-0.22492963368770366	BPH	enthesopathy_upper
BPH_essential_tremor	0.049431710532380636	0.049763	0.049908	0.050276	0.051008	0.049261	0.04257	SLEEP	0.04257	0.00686171053238064	0.0457152820251495	0.003716428507231133	-0.0031452820251495067	-0.0636288324088879	BPH	essential_tremor
BPH_female_genital_prolapse	0.164114291831014	0.164685	0.163297	0.165044	0.162995	0.167606	0.162324	SLEEP	0.162324	0.001790291831014007	0.16488373012011573	-0.000769438289101726	-0.002559730120115733	-0.01559724074946165	BPH	female_genital_prolapse
BPH_fibromatosis	0.03262197926722828	0.032379	0.032417	0.03347	0.033104	0.036322	0.033085	BMI	0.032379	0.0002429792672282785	0.03886609196127449	-0.0062441126940462124	-0.006487091961274491	-0.1988564798026023	BPH	fibromatosis
BPH_fibromyalgia	0.13538576833456215	0.142456	0.138134	0.135336	0.134316	0.158287	0.123879	SLEEP	0.123879	0.011506768334562142	0.15415991674927465	-0.018774148414712505	-0.030280916749274647	-0.22366395760627628	BPH	fibromyalgia
BPH_gastritis_duodenitis	0.1169336499323735	0.122747	0.118512	0.120775	0.115381	0.136165	0.107183	SLEEP	0.107183	0.009750649932373498	0.1347545350496163	-0.017820885117242793	-0.02757153504961629	-0.23578785974406682	BPH	gastritis_duodenitis
BPH_glaucoma	0.0464648793652938	0.04631	0.048273	0.045789	0.045162	0.04528	0.04822	FG	0.045162	0.001302879365293802	0.04698911074395025	-0.0005242313786564465	-0.0018271107439502485	-0.039322403693034864	BPH	glaucoma
BPH_GORD	0.17552556214276085	0.184209	0.17774	0.180365	0.174333	0.193381	0.168434	SLEEP	0.168434	0.007091562142760854	0.19781690062460666	-0.022291338481845807	-0.02938290062460666	-0.1673995528965095	BPH	GORD
BPH_gout	0.013945433076582385	0.017279	0.020425	0.017001	0.009897	0.018053	0.009261	SLEEP	0.009261	0.0046844330765823845	0.02318750292868083	-0.009242069852098444	-0.013926502928680829	-0.9986425557530125	BPH	gout
BPH_HF	0.07372576217808344	0.090824	0.090155	0.071776	0.070763	0.087516	0.064929	SLEEP	0.064929	0.008796762178083437	0.1099469910457822	-0.03622122886769877	-0.045017991045782205	-0.6106141152809237	BPH	HF
BPH_hypertension	0.07634125000078501	0.084718	0.13691	0.073178	0.073428	0.082782	0.072629	SLEEP	0.072629	0.0037122500007850112	0.15514143080993725	-0.07880018080915224	-0.08251243080993725	-1.080836779710691	BPH	hypertension
BPH_hyperthyroid	0.03936856694728448	0.039737	0.042916	0.039434	0.036207	0.042648	0.043057	FG	0.036207	0.0031615669472844776	0.048303195612305595	-0.008934628665021115	-0.012096195612305592	-0.30725516700932265	BPH	hyperthyroid
BPH_hypothyroid	0.03573654854900322	0.036853	0.035777	0.035266	0.035405	0.039688	0.035217	SLEEP	0.035217	0.0005195485490032195	0.03975737757058972	-0.0040208290215865	-0.0045403775705897195	-0.12705137331222105	BPH	hypothyroid
BPH_IBS	0.2900557324315743	0.290138	0.289452	0.288779	0.289924	0.296354	0.285045	SLEEP	0.285045	0.005010732431574294	0.2893805187455605	0.0006752136860138092	-0.004335518745560485	-0.014947192076554656	BPH	IBS
BPH_IDA	0.035826356350173436	0.040067	0.041918	0.037834	0.031659	0.045496	0.023235	SLEEP	0.023235	0.012591356350173437	0.04087848962203507	-0.005052133271861638	-0.017643489622035075	-0.49247234213784796	BPH	IDA
BPH_insomnia	0.14955247787829842	0.150732	0.148184	0.14868	0.148337	0.174452	0.134131	SLEEP	0.134131	0.015421477878298423	0.1552603018230304	-0.005707823944731988	-0.02112930182303041	-0.14128352885082143	BPH	insomnia
BPH_intervert_disc	0.1833747409101297	0.190342	0.185283	0.18551	0.182214	0.203213	0.176268	SLEEP	0.176268	0.007106740910129694	0.20357724494983748	-0.020202504039707775	-0.02730924494983747	-0.14892588158159406	BPH	intervert_disc
BPH_isch_stroke_tia	0.11995985009327297	0.124563	0.135057	0.118361	0.118495	0.131991	0.11734	SLEEP	0.11734	0.0026198500932729657	0.14893369306905407	-0.02897384297578111	-0.031593693069054074	-0.2633688942132628	BPH	isch_stroke_tia
BPH_migraine	0.12941137659679997	0.129587	0.12912	0.132224	0.130975	0.135041	0.125636	SLEEP	0.125636	0.0037753765967999675	0.1364574493749812	-0.007046072778181228	-0.010821449374981196	-0.0836205414049261	BPH	migraine
BPH_OA	0.13060194542279294	0.147275	0.130863	0.131698	0.129331	0.142372	0.119174	SLEEP	0.119174	0.011427945422792934	0.14411743053370696	-0.013515485110914022	-0.024943430533706956	-0.1909882004663751	BPH	OA
BPH_osteoporosis	0.08296223359424437	0.083506	0.081522	0.081226	0.086161	0.084641	0.077776	SLEEP	0.077776	0.005186233594244374	0.08028198390347817	0.002680249690766204	-0.0025059839034781706	-0.030206321538238178	BPH	osteoporosis
BPH_periph_neuro	0.13055498101949994	0.146342	0.132653	0.135054	0.133687	0.150601	0.11785	SLEEP	0.11785	0.012704981019499947	0.15718409597930963	-0.026629114959809685	-0.03933409597930963	-0.3012837631482985	BPH	periph_neuro
BPH_peripheral_arterial	-0.02531333537953925	-0.025947	-0.01612	-0.018885	-0.030228	-0.010134	-0.03586	SMK	-0.010134	0.01517933537953925	0.0014850564513856726	0.023828278928153576	0.008648943548614329	0.3416753825181514	BPH	peripheral_arterial
BPH_PMR	0.1416174815278297	0.142475	0.143485	0.142507	0.141116	0.144056	0.136298	SLEEP	0.136298	0.005319481527829684	0.1420411461379141	-0.0004236646100844177	-0.005743146137914101	-0.04055393498002221	BPH	PMR
BPH_pri_bladder	0.10572316049008268	0.105968	0.103797	0.103167	0.10728	0.115217	0.103961	ApoB	0.103167	0.0025561604900826845	0.11148682725354736	-0.005763666763464681	-0.008319827253547366	-0.07869446216874876	BPH	pri_bladder
BPH_pri_breast	0.07800033990346295	0.07787	0.078159	0.079056	0.077507	0.078172	0.080091	FG	0.077507	0.0004933399034629388	0.08119229289908522	-0.003191952995622277	-0.0036852928990852157	-0.0472471389694752	BPH	pri_breast
BPH_pri_colorectal	0.05819180100952253	0.05831	0.05707	0.063299	0.058532	0.056734	0.058945	SMK	0.056734	0.0014578010095225302	0.061269643812963716	-0.003077842803441186	-0.004535643812963716	-0.07794300458618734	BPH	pri_colorectal
BPH_pri_prost	0.19447673097964277	0.194697	0.194264	0.199107	0.194266	0.192489	0.198245	SMK	0.192489	0.0019877309796427767	0.20040066069994802	-0.005923929720305254	-0.007911660699948031	-0.040681785733925155	BPH	pri_prost
BPH_pri_skin	0.07878218197829805	0.078748	0.078007	0.079091	0.079946	0.077608	0.079122	SMK	0.077608	0.00117418197829805	0.07843882349993883	0.0003433584783592153	-0.0008308234999388348	-0.010545830022424358	BPH	pri_skin
BPH_psoriasis	0.06031561612384226	0.062097	0.06149	0.061247	0.059447	0.068992	0.053249	SLEEP	0.053249	0.007066616123842261	0.06535598404464048	-0.005040367920798219	-0.01210698404464048	-0.20072718845782778	BPH	psoriasis
BPH_RA	-0.022433042575038826	-0.021979	-0.020176	-0.022217	-0.025547	-0.013024	-0.029031	SMK	-0.013024	0.009409042575038825	-0.017734118824906143	0.004698923750132682	-0.004710118824906143	-0.20996344161300157	BPH	RA
BPH_raynauds	0.0703874821545033	0.070317	0.070991	0.066674	0.075127	0.073833	0.062793	SLEEP	0.062793	0.007594482154503299	0.06948503417310375	0.0009024479813995456	-0.006692034173103753	-0.09507420876931602	BPH	raynauds
BPH_retinal_detach	0.11440433644455521	0.114369	0.11454	0.112843	0.116384	0.112243	0.113691	SMK	0.112243	0.002161336444555212	0.11183234401844547	0.00257199242610974	0.000410655981554528	0.003589514124349192	BPH	retinal_detach
BPH_schizo	0.034688609230305534	0.034398	0.033303	0.03458	0.034662	0.039564	0.043778	SBP	0.033303	0.0013856092303055345	0.048559020397618675	-0.013870411167313142	-0.015256020397618676	-0.4397991368385657	BPH	schizo
BPH_scoliosis	0.05151795114122871	0.051363	0.051352	0.052582	0.053626	0.053229	0.04674	SLEEP	0.04674	0.004777951141228712	0.05197682045655616	-0.0004588693153274523	-0.005236820456556164	-0.10165040224911524	BPH	scoliosis
BPH_sinusitis	0.20221111033124856	0.20293	0.204096	0.199694	0.202356	0.212559	0.193892	SLEEP	0.193892	0.008319110331248547	0.20515015286811172	-0.002939042536863168	-0.011258152868111715	-0.05567524380667992	BPH	sinusitis
BPH_sleep_apnoea	0.16485526077197932	0.199997	0.167387	0.168344	0.163544	0.175446	0.162056	SLEEP	0.162056	0.0027992607719793117	0.20893034712189154	-0.044075086349912224	-0.046874347121891535	-0.28433637423755687	BPH	sleep_apnoea
BPH_spondylolisthesis	0.05499037004832614	0.057052	0.054968	0.057244	0.053434	0.064451	0.047917	SLEEP	0.047917	0.007073370048326137	0.05985501418562662	-0.004864644137300485	-0.011938014185626622	-0.21709281416246817	BPH	spondylolisthesis
BPH_spondylosis	0.14039486113399144	0.154843	0.142658	0.143503	0.138836	0.162999	0.128464	SLEEP	0.128464	0.011930861133991444	0.16552012242675737	-0.025125261292765932	-0.037056122426757376	-0.26394215662488807	BPH	spondylosis
BPH_stroke_all	0.041561560522378145	0.044249	0.051291	0.040835	0.040137	0.049908	0.043986	FG	0.040137	0.001424560522378146	0.06700832919200413	-0.02544676866962598	-0.026871329192004127	-0.6465428355977081	BPH	stroke_all
BPH_tendon	0.10783228123116365	0.112682	0.109103	0.111765	0.105914	0.123192	0.092606	SLEEP	0.092606	0.015226281231163652	0.11389045826432023	-0.0060581770331565865	-0.02128445826432024	-0.19738484636796322	BPH	tendon
BPH_thromboembolic	0.11494729739974845	0.123004	0.11442	0.114183	0.113026	0.122141	0.110228	SLEEP	0.110228	0.00471929739974844	0.11876023013700297	-0.0038129327372545263	-0.008532230137002966	-0.07422732269494522	BPH	thromboembolic
BPH_TIA	0.042555350924952	0.044178	0.049425	0.044273	0.040645	0.051798	0.039522	SLEEP	0.039522	0.003033350924952001	0.059897872115691635	-0.017342521190739632	-0.020375872115691633	-0.4788086967400473	BPH	TIA
BPH_tinnitus	0.22917972914623375	0.229705	0.228569	0.22676	0.235525	0.230374	0.222449	SLEEP	0.222449	0.006730729146233738	0.22770309462068272	0.0014766345255510238	-0.005254094620682714	-0.022925651584701064	BPH	tinnitus
BPH_ulc_colitis	0.090992305380505	0.090887	0.091814	0.089264	0.091028	0.091309	0.090774	ApoB	0.089264	0.001728305380505002	0.09057381558458717	0.00041848979591782576	-0.0013098155845871762	-0.01439479502261081	BPH	ulc_colitis
BPH_ulcer_peptic	0.037005773168125346	0.04019	0.040652	0.040588	0.034255	0.057993	0.025621	SLEEP	0.025621	0.011384773168125344	0.05625910419848447	-0.019253331030359123	-0.030638104198484468	-0.8279276873716119	BPH	ulcer_peptic
BPH_urine_incont	0.2088340292954023	0.220864	0.209582	0.208179	0.207882	0.226475	0.20238	SLEEP	0.20238	0.006454029295402286	0.2266556930977299	-0.01782166380232761	-0.024275693097729895	-0.11624395305513723	BPH	urine_incont
BPH_urolithiasis	0.17423727551363205	0.176197	0.173986	0.177373	0.173952	0.175549	0.173233	SLEEP	0.173233	0.0010042755136320525	0.17873415930255346	-0.0044968837889214075	-0.00550115930255346	-0.03157280373178848	BPH	urolithiasis
BPH_valve_nonrheumatic	0.02563216070765117	0.02691	0.0348	0.025044	0.023536	0.029461	0.020248	SLEEP	0.020248	0.005384160707651173	0.034011945800272926	-0.008379785092621755	-0.013763945800272927	-0.5369795374357342	BPH	valve_nonrheumatic
bursitis_carpal_tunnel	0.3858307460567065	0.34587	0.386237	0.385362	0.370345	0.350046	0.345314	SLEEP	0.345314	0.040516746056706465	0.2839928606860864	0.10183788537062005	0.061321139313913586	0.1589327443202286	bursitis	carpal_tunnel
bursitis_cataract	0.13269037712135795	0.114982	0.132262	0.13296	0.125211	0.099441	0.125803	SMK	0.099441	0.03324937712135795	0.08407676415688108	0.048613612964476874	0.015364235843118926	0.11579012869235328	bursitis	cataract
bursitis_cholelithiasis	0.1970129120352882	0.135009	0.196731	0.197106	0.180296	0.158068	0.200667	BMI	0.135009	0.06200391203528821	0.1247563749667689	0.0722565370685193	0.010252625033231086	0.05204037099555523	bursitis	cholelithiasis
bursitis_CKD	0.16323715814834797	0.116696	0.165563	0.163217	0.150197	0.149964	0.163726	BMI	0.116696	0.04654115814834797	0.12476377434738048	0.03847338380096749	-0.008067774347380485	-0.04942363882645267	bursitis	CKD
bursitis_COPD	0.3203986092882162	0.278608	0.321092	0.319761	0.305754	0.178762	0.298274	SMK	0.178762	0.14163660928821617	0.1339513096582384	0.18644729962997778	0.044810690341761605	0.13985919115351692	bursitis	COPD
bursitis_coronary_heart	0.18537268468105347	0.137919	0.192833	0.184173	0.173138	0.12432	0.171954	SMK	0.12432	0.06105268468105347	0.0914290000837213	0.09394368459733217	0.032890999916278696	0.17743175038366593	bursitis	coronary_heart
bursitis_deaf	0.10143768904288057	0.089072	0.102883	0.101153	0.106844	0.059731	0.101147	SMK	0.059731	0.04170668904288057	0.06212150865809734	0.03931618038478323	-0.00239050865809734	-0.02356627680158215	bursitis	deaf
bursitis_depression	0.20863344860561647	0.193855	0.208862	0.208702	0.200439	0.125896	0.186312	SMK	0.125896	0.08273744860561646	0.10207284718366261	0.10656060142195387	0.0238231528163374	0.11418664157428914	bursitis	depression
bursitis_diabetes_type_2	0.18597457366837483	0.098385	0.190028	0.185131	0.135397	0.148483	0.188409	BMI	0.098385	0.08758957366837483	0.06911071988265818	0.11686385378571665	0.029274280117341817	0.15741012085632186	bursitis	diabetes_type_2
bursitis_diverticuli	0.2255675704214696	0.20203	0.225784	0.22529	0.214828	0.192201	0.220229	SMK	0.192201	0.033366570421469594	0.1720194071941661	0.05354816322730349	0.020181592805833898	0.08947027610451669	bursitis	diverticuli
bursitis_ED	0.20661847939504766	0.150554	0.206877	0.206918	0.175793	0.125649	0.178704	SMK	0.125649	0.08096947939504764	0.050464034572184534	0.15615444482286311	0.07518496542781547	0.3638830643219686	bursitis	ED
bursitis_enthesopathy_lower	0.7050156136815464	0.692229	0.708597	0.706867	0.70174	0.676399	0.685947	SMK	0.676399	0.028616613681546443	0.6642476842525583	0.0407679294289881	0.01215131574744166	0.017235527145261744	bursitis	enthesopathy_lower
bursitis_enthesopathy_shoulder	0.6592604616317188	0.643401	0.659435	0.659206	0.652683	0.628749	0.639696	SMK	0.628749	0.030511461631718806	0.6006231552757408	0.05863730635597797	0.028125844724259164	0.0426627203679796	bursitis	enthesopathy_shoulder
bursitis_enthesopathy_upper	0.7646016156634103	0.754494	0.764579	0.766696	0.76164	0.740663	0.741705	SMK	0.740663	0.02393861566341038	0.7155320864217841	0.04906952924162622	0.02513091357821584	0.032867983879959345	bursitis	enthesopathy_upper
bursitis_essential_tremor	-0.035634899568814736	-0.047486	-0.035831	-0.036016	-0.02701	-0.035561	-0.072167	FG	-0.02701	0.008624899568814737	-0.07020312568494623	-0.034568226116131494	-0.04319312568494623	-1.2121017936794172	bursitis	essential_tremor
bursitis_female_genital_prolapse	0.28637758372787847	0.28056	0.287022	0.286136	0.279362	0.275771	0.290113	SMK	0.275771	0.010606583727878482	0.27364362368262424	0.012733960045254233	0.002127376317375751	0.007428571362614838	bursitis	female_genital_prolapse
bursitis_fibromatosis	0.0571651148123414	0.072822	0.057261	0.056808	0.060578	0.02871	0.061869	SMK	0.02871	0.0284551148123414	0.04762330669740402	0.009541808114937378	-0.01891330669740402	-0.3308539965237824	bursitis	fibromatosis
bursitis_fibromyalgia	0.5530818395287005	0.529413	0.554217	0.553306	0.550368	0.500375	0.522835	SMK	0.500375	0.05270683952870048	0.4657816824203646	0.08730015710833589	0.03459331757963541	0.0625464716200292	bursitis	fibromyalgia
bursitis_gastritis_duodenitis	0.5282563124793853	0.503668	0.528463	0.528225	0.521885	0.476535	0.506929	SMK	0.476535	0.05172131247938533	0.4453876585178419	0.08286865396154341	0.031147341482158086	0.0589625542494082	bursitis	gastritis_duodenitis
bursitis_glaucoma	0.044045905082460916	0.053728	0.043437	0.044404	0.035704	0.057371	0.054038	FG	0.035704	0.008341905082460917	0.06526331133132089	-0.021217406248859975	-0.029559311331320892	-0.6711023709464291	bursitis	glaucoma
bursitis_GORD	0.41971304027993084	0.387814	0.419974	0.419516	0.408804	0.36595	0.401433	SMK	0.36595	0.05376304027993084	0.33094002668153477	0.08877301359839607	0.035009973318465226	0.083414070945032	bursitis	GORD
bursitis_gout	0.2700400720289069	0.213107	0.27495	0.269269	0.251037	0.249116	0.261622	BMI	0.213107	0.056933072028906906	0.2101001581001481	0.0599399139287588	0.0030068418998518975	0.011134798910622513	bursitis	gout
bursitis_HF	0.2576360174028761	0.184447	0.273857	0.258953	0.235588	0.187563	0.227008	BMI	0.184447	0.07318901740287612	0.11958075168489708	0.13805526571797905	0.06486624831510292	0.2517747672433116	bursitis	HF
bursitis_hypertension	0.20808685949213157	0.146769	0.288914	0.210346	0.183433	0.171745	0.199731	BMI	0.146769	0.06131785949213156	0.18485220541630107	0.023234654075830502	-0.03808320541630106	-0.1830159074400424	bursitis	hypertension
bursitis_hyperthyroid	0.048039133126741095	0.036451	0.04707	0.048039	0.025554	0.022752	0.067368	SMK	0.022752	0.025287133126741093	0.02347498300279463	0.024564150123946464	-0.0007229830027946291	-0.015049876126765054	bursitis	hyperthyroid
bursitis_hypothyroid	0.04338717071701292	0.014288	0.043378	0.04364	0.041621	0.012309	0.042692	SMK	0.012309	0.031078170717012917	-0.0005817393413540701	0.04280543137565885	0.011727260658645931	0.2702932794381878	bursitis	hypothyroid
bursitis_IBS	0.2549290457558326	0.257429	0.255447	0.256033	0.255824	0.23215	0.233886	SMK	0.23215	0.02277904575583259	0.21929691502613402	0.03563213072969856	0.012853084973865975	0.05041828378464366	bursitis	IBS
bursitis_IDA	0.1999490481074863	0.142581	0.201958	0.199264	0.175031	0.138747	0.150414	SMK	0.138747	0.06120204810748628	0.04613447183226117	0.1538145762752251	0.09261252816773884	0.4631806404897375	bursitis	IDA
bursitis_insomnia	0.5160192982925529	0.50902	0.518003	0.516781	0.511224	0.457421	0.450467	SLEEP	0.450467	0.06555229829255288	0.3930526062753483	0.12296669201720456	0.05741439372465168	0.11126404364067226	bursitis	insomnia
bursitis_intervert_disc	0.4996722119180012	0.475225	0.499939	0.499327	0.4932	0.450283	0.485527	SMK	0.450283	0.04938921191800122	0.4264494866465568	0.07322272527144441	0.023833513353443192	0.04769829657318305	bursitis	intervert_disc
bursitis_isch_stroke_tia	0.3042511105207882	0.270982	0.317106	0.305413	0.295488	0.251927	0.305427	SMK	0.251927	0.05232411052078817	0.2525602229296882	0.051690887591099965	-0.0006332229296882042	-0.002081251005474765	bursitis	isch_stroke_tia
bursitis_migraine	0.2410604442355616	0.240372	0.241241	0.240302	0.251631	0.214536	0.23298	SMK	0.214536	0.026524444235561606	0.21791513393986695	0.023145310295694665	-0.0033791339398669407	-0.014017786910592798	bursitis	migraine
bursitis_OA	0.6444645239847492	0.633931	0.644435	0.64431	0.641354	0.620425	0.622163	SMK	0.620425	0.024039523984749178	0.6132238161245718	0.031240707860177408	0.00720118387542823	0.011173902685756899	bursitis	OA
bursitis_osteoporosis	0.12349655881976311	0.164171	0.124434	0.124519	0.141461	0.115782	0.103157	SLEEP	0.103157	0.020339558819763112	0.13383814383661524	-0.010341585016852131	-0.030681143836615243	-0.24843723687388566	bursitis	osteoporosis
bursitis_periph_neuro	0.5913852136724418	0.572933	0.592054	0.591812	0.594927	0.546638	0.559004	SMK	0.546638	0.04474721367244183	0.5169208404509382	0.07446437322150357	0.029717159549061734	0.05025008887949904	bursitis	periph_neuro
bursitis_peripheral_arterial	0.3579378441484631	0.309325	0.388112	0.358671	0.341468	0.258195	0.331581	SMK	0.258195	0.09974284414846307	0.231242693979603	0.12669515016886007	0.026952306020397	0.07529884436924167	bursitis	peripheral_arterial
bursitis_PMR	0.19618770345328224	0.184313	0.195907	0.195919	0.19429	0.187314	0.17713	SLEEP	0.17713	0.019057703453282226	0.16433457796737952	0.03185312548590272	0.01279542203262049	0.06522030589785377	bursitis	PMR
bursitis_pri_bladder	0.26760321377575164	0.265574	0.26982	0.269536	0.278678	0.221674	0.271333	SMK	0.221674	0.045929213775751626	0.24173629583311104	0.025866917942640594	-0.020062295833111032	-0.074970309773346	bursitis	pri_bladder
bursitis_pri_breast	-0.0641602227306182	-0.054847	-0.06422	-0.064637	-0.068067	-0.068395	-0.058426	BMI	-0.054847	0.009313222730618194	-0.06089803206518644	0.0032621906654317565	-0.0060510320651864374	-0.09431126962560865	bursitis	pri_breast
bursitis_pri_colorectal	-0.06870671141529455	-0.074558	-0.068283	-0.071308	-0.067309	-0.058236	-0.069193	SMK	-0.058236	0.01047071141529455	-0.06482893378546709	0.003877777629827467	-0.0065929337854670825	-0.09595763863032823	bursitis	pri_colorectal
bursitis_pri_prost	-0.08526218821845012	-0.07207	-0.085152	-0.087337	-0.087681	-0.065824	-0.074773	SMK	-0.065824	0.019438188218450128	-0.055322720156579235	0.029939468061870887	0.010501279843420759	0.12316455937672449	bursitis	pri_prost
bursitis_pri_skin	-0.0017048974943082462	0.019477	-0.001354	-0.00181	0.004804	0.009645	-0.001019	SLEEP	-0.001019	0.0006858974943082462	0.024210204300337504	-0.022505306806029256	-0.023191204300337505	-13.602697157899938	bursitis	pri_skin
bursitis_psoriasis	0.1784963780794098	0.149252	0.17821	0.178167	0.174347	0.125357	0.152507	SMK	0.125357	0.0531393780794098	0.08945294712584952	0.08904343095356028	0.03590405287415048	0.20114723480931035	bursitis	psoriasis
bursitis_RA	0.2199750209971345	0.1924	0.219922	0.219917	0.205908	0.147473	0.201356	SMK	0.147473	0.07250202099713451	0.11472996024907503	0.10524506074805948	0.03274303975092496	0.14884889930912423	bursitis	RA
bursitis_raynauds	0.05329236291666609	0.076615	0.053073	0.055417	0.077385	0.02808	0.016958	SLEEP	0.016958	0.03633436291666609	0.02849208567328367	0.024800277243382424	-0.011534085673283668	-0.2164303671676119	bursitis	raynauds
bursitis_retinal_detach	0.03327589802911062	0.047917	0.033238	0.034137	0.043733	0.057639	0.030262	SLEEP	0.030262	0.003013898029110621	0.06740086106776347	-0.034124963038652846	-0.03713886106776347	-1.1160889192313737	bursitis	retinal_detach
bursitis_schizo	-0.21254195817477925	-0.195893	-0.212285	-0.212524	-0.214583	-0.265729	-0.183539	SLEEP	-0.183539	0.029002958174779242	-0.2283520241521275	-0.015810065977348242	-0.044813024152127484	-0.2108431885024625	bursitis	schizo
bursitis_scoliosis	0.2067345180416293	0.22024	0.206829	0.206363	0.221106	0.202509	0.193685	SLEEP	0.193685	0.013049518041629293	0.2088124266335501	-0.0020779085919208073	-0.0151274266335501	-0.07317320192510837	bursitis	scoliosis
bursitis_sinusitis	0.315574732916458	0.309554	0.315496	0.31794	0.3189	0.277152	0.279652	SMK	0.277152	0.03842273291645798	0.2512746476817807	0.06430008523467728	0.025877352318219304	0.08200071051020998	bursitis	sinusitis
bursitis_sleep_apnoea	0.15607253624203093	0.060384	0.155715	0.155041	0.140566	0.102956	0.147987	BMI	0.060384	0.09568853624203094	0.039971622029242225	0.1161009142127887	0.020412377970757775	0.1307877635761816	bursitis	sleep_apnoea
bursitis_spondylolisthesis	0.3846630030515997	0.359752	0.384703	0.384165	0.378367	0.341815	0.370503	SMK	0.341815	0.04284800305159969	0.3165724310971631	0.06809057195443657	0.02524256890283688	0.06562255455446225	bursitis	spondylolisthesis
bursitis_spondylosis	0.7074301751462164	0.69989	0.708525	0.707553	0.701997	0.673961	0.686602	SMK	0.673961	0.03346917514621639	0.6576059282428066	0.04982424690340981	0.016355071757193418	0.02311899086551269	bursitis	spondylosis
bursitis_stroke_all	0.2952480780930539	0.258434	0.305337	0.295723	0.288966	0.249962	0.321127	SMK	0.249962	0.04528607809305393	0.27302225419515164	0.022225823897902286	-0.023060254195151647	-0.07810467165135518	bursitis	stroke_all
bursitis_tendon	0.7477683035365058	0.736104	0.748059	0.748467	0.742995	0.723974	0.723549	SLEEP	0.723549	0.02421930353650581	0.6944128298282797	0.05335547370822613	0.02913617017172032	0.03896416849166154	bursitis	tendon
bursitis_thromboembolic	0.13389850740029577	0.076572	0.134191	0.134382	0.111517	0.091523	0.115612	BMI	0.076572	0.05732650740029577	0.0326997507024071	0.10119875669788866	0.043872249297592904	0.3276530123404198	bursitis	thromboembolic
bursitis_TIA	0.2963511698947094	0.269854	0.301343	0.295838	0.287128	0.246232	0.296371	SMK	0.246232	0.05011916989470938	0.23944507069381052	0.05690609920089887	0.0067869293061894875	0.022901645060489608	bursitis	TIA
bursitis_tinnitus	0.10442066064984645	0.12479	0.104808	0.106214	0.127678	0.100906	0.065274	SLEEP	0.065274	0.039146660649846454	0.0940724150718166	0.010348245578029852	-0.028798415071816602	-0.2757923086541873	bursitis	tinnitus
bursitis_ulc_colitis	-0.05828261446324759	-0.051959	-0.058625	-0.057454	-0.058685	-0.063447	-0.063213	BMI	-0.051959	0.006323614463247591	-0.06365783553316987	-0.005375221069922276	-0.011698835533169867	-0.20072599077632372	bursitis	ulc_colitis
bursitis_ulcer_peptic	0.3458938928701848	0.307469	0.347394	0.345327	0.33303	0.250567	0.311582	SMK	0.250567	0.09532689287018481	0.19559868641569184	0.15029520645449296	0.05496831358430815	0.1589166930013938	bursitis	ulcer_peptic
bursitis_urine_incont	0.46974487572886653	0.439252	0.469649	0.470378	0.46083	0.423862	0.456094	SMK	0.423862	0.04588287572886651	0.3968329083909429	0.07291196733792366	0.027029091609057143	0.05753993924280325	bursitis	urine_incont
bursitis_urolithiasis	0.11791186810339928	0.096111	0.118063	0.116889	0.116775	0.113736	0.116983	BMI	0.096111	0.021800868103399276	0.10098154850235198	0.016930319601047294	-0.004870548502351982	-0.04130668592309046	bursitis	urolithiasis
bursitis_valve_nonrheumatic	0.2469471918603636	0.219283	0.255154	0.247316	0.236493	0.227477	0.233844	BMI	0.219283	0.02766419186036359	0.20717350335659468	0.03977368850376892	0.012109496643405326	0.049036786173509705	bursitis	valve_nonrheumatic
carpal_tunnel_cataract	0.11309390660664878	0.081796	0.107542	0.113629	0.101814	0.090744	0.106596	BMI	0.081796	0.03129790660664879	0.060092911875309435	0.053000994731339346	0.02170308812469056	0.19190324904219586	carpal_tunnel	cataract
carpal_tunnel_cholelithiasis	0.16183934937654018	0.031891	0.15834	0.16206	0.134747	0.135154	0.161409	BMI	0.031891	0.12994834937654018	0.021009885934086082	0.1408294634424541	0.010881114065913921	0.06723404479708826	carpal_tunnel	cholelithiasis
carpal_tunnel_CKD	0.11991059713471389	0.02719	0.103883	0.1199	0.098991	0.10901	0.117508	BMI	0.02719	0.0927205971347139	0.015143302155065737	0.10476729497964815	0.012046697844934262	0.10046399678420721	carpal_tunnel	CKD
carpal_tunnel_COPD	0.3211369125337047	0.238107	0.315399	0.319592	0.298323	0.261256	0.303616	BMI	0.238107	0.08302991253370468	0.181642915895634	0.1394939966380707	0.056464084104366014	0.17582558061879563	carpal_tunnel	COPD
carpal_tunnel_coronary_heart	0.2156941573617374	0.128712	0.201022	0.212825	0.198186	0.178925	0.205588	BMI	0.128712	0.0869821573617374	0.09107148828275058	0.12462266907898681	0.037640511717249414	0.17450872187568384	carpal_tunnel	coronary_heart
carpal_tunnel_deaf	0.06323769454089913	0.040184	0.071216	0.062697	0.07154	0.035351	0.06108	SMK	0.035351	0.027886694540899128	0.03347081241198692	0.02976688212891221	0.0018801875880130811	0.02973207043145865	carpal_tunnel	deaf
carpal_tunnel_depression	0.1837675684237839	0.159676	0.185782	0.183956	0.171573	0.132093	0.166113	SMK	0.132093	0.0516745684237839	0.11263743530103802	0.07113013312274587	0.019455564698961966	0.10587050188363897	carpal_tunnel	depression
carpal_tunnel_diabetes_type_2	0.2416978561203827	0.068125	0.229278	0.240074	0.153484	0.218802	0.242682	BMI	0.068125	0.1735728561203827	0.00046180238717716623	0.24123605373320553	0.06766319761282284	0.27994951506364113	carpal_tunnel	diabetes_type_2
carpal_tunnel_diverticuli	0.18441852145687693	0.14151	0.186342	0.183915	0.167584	0.160746	0.177503	BMI	0.14151	0.04290852145687693	0.12013587201692767	0.06428264943994925	0.021374127983072325	0.11590011574878771	carpal_tunnel	diverticuli
carpal_tunnel_ED	0.22880191319251766	0.120868	0.221313	0.229454	0.177906	0.181426	0.208928	BMI	0.120868	0.10793391319251766	0.05244380733510688	0.1763581058574108	0.06842419266489312	0.2990542854740899	carpal_tunnel	ED
carpal_tunnel_enthesopathy_lower	0.5124448768223507	0.448308	0.508186	0.515217	0.505845	0.485824	0.488244	BMI	0.448308	0.06413687682235075	0.4179150296671919	0.09452984715515883	0.030392970332808078	0.0593097359491105	carpal_tunnel	enthesopathy_lower
carpal_tunnel_enthesopathy_shoulder	0.4550446411184296	0.408715	0.453513	0.453895	0.439103	0.426017	0.430048	BMI	0.408715	0.04632964111842963	0.3646758426357574	0.09036879848267221	0.044039157364242576	0.09677986154501482	carpal_tunnel	enthesopathy_shoulder
carpal_tunnel_enthesopathy_upper	0.56605945936998	0.536449	0.566479	0.56537	0.559542	0.542629	0.539535	BMI	0.536449	0.02961045936998008	0.5004643894948138	0.06559506987516628	0.0359846105051862	0.06357037217474787	carpal_tunnel	enthesopathy_upper
carpal_tunnel_essential_tremor	0.061926146064902675	0.045323	0.060723	0.061293	0.077371	0.064254	0.040379	SLEEP	0.040379	0.021547146064902677	0.0381594206735325	0.023766725391370175	0.002219579326467498	0.035842361708433024	carpal_tunnel	essential_tremor
carpal_tunnel_female_genital_prolapse	0.08756278996538482	0.071208	0.091021	0.086997	0.073517	0.073591	0.08239	BMI	0.071208	0.016354789965384822	0.054812566449250755	0.03275022351613406	0.01639543355074924	0.1872420186386324	carpal_tunnel	female_genital_prolapse
carpal_tunnel_fibromatosis	-0.06080384827460525	-0.038007	-0.060326	-0.061576	-0.057554	-0.081944	-0.060958	BMI	-0.038007	0.02279684827460525	-0.05417705948368841	0.0066267887909168405	-0.01617005948368841	-0.26593809343547486	carpal_tunnel	fibromatosis
carpal_tunnel_fibromyalgia	0.3809936629335274	0.314182	0.376726	0.381482	0.376209	0.340493	0.350628	BMI	0.314182	0.06681166293352736	0.26834233732916146	0.11265132560436592	0.045839662670838555	0.12031607643520381	carpal_tunnel	fibromyalgia
carpal_tunnel_gastritis_duodenitis	0.36596986098271517	0.300877	0.363383	0.36427	0.354034	0.326316	0.342186	BMI	0.300877	0.06509286098271516	0.2552963437758864	0.11067351720682878	0.045580656224113614	0.12454756821154296	carpal_tunnel	gastritis_duodenitis
carpal_tunnel_glaucoma	-0.06314857925952035	-0.050952	-0.068782	-0.062564	-0.078313	-0.057462	-0.059366	BMI	-0.050952	0.012196579259520349	-0.056897703878325136	0.00625087538119521	-0.005945703878325138	-0.09415419868577261	carpal_tunnel	glaucoma
carpal_tunnel_GORD	0.3335353726076671	0.261827	0.329913	0.331541	0.314598	0.296426	0.315124	BMI	0.261827	0.0717083726076671	0.21857763404737784	0.11495773856028924	0.04324936595262213	0.1296695028610826	carpal_tunnel	GORD
carpal_tunnel_gout	0.15371218972876152	0.013729	0.139412	0.15151	0.118149	0.135275	0.142381	BMI	0.013729	0.13998318972876153	-0.016353457704430172	0.13735873202433135	-0.0026244577044301724	-0.017073842413287167	carpal_tunnel	gout
carpal_tunnel_HF	0.24537105466971418	0.070303	0.232979	0.247688	0.208296	0.202134	0.222358	BMI	0.070303	0.17506805466971417	0.006856119046388751	0.23851493562332543	0.06344688095361126	0.2585752465343355	carpal_tunnel	HF
carpal_tunnel_hypertension	0.220987719943812	0.099134	0.235969	0.224848	0.181319	0.197324	0.213567	BMI	0.099134	0.121853719943812	0.07380020250298962	0.14718751744082237	0.025333797497010382	0.11463893787153293	carpal_tunnel	hypertension
carpal_tunnel_hyperthyroid	0.09400325061556872	0.076795	0.084954	0.09406	0.060675	0.07884	0.107706	FG	0.060675	0.03332825061556872	0.06134410901381752	0.0326591416017512	-0.0006691090138175176	-0.007117934852634772	carpal_tunnel	hyperthyroid
carpal_tunnel_hypothyroid	0.10880386000848553	0.06021	0.109068	0.109351	0.107731	0.09067	0.109387	BMI	0.06021	0.048593860008485534	0.05894076733330142	0.049863092675184115	0.0012692326666985804	0.011665327559147202	carpal_tunnel	hypothyroid
carpal_tunnel_IBS	0.22785173523669852	0.238517	0.231416	0.229811	0.230534	0.210725	0.210612	SLEEP	0.210612	0.017239735236698528	0.21712623691405883	0.010725498322639693	-0.006514236914058835	-0.028589806030187438	carpal_tunnel	IBS
carpal_tunnel_IDA	0.2559174144429403	0.150225	0.24552	0.254645	0.218175	0.220419	0.223952	BMI	0.150225	0.10569241444294031	0.08191709998907956	0.17400031445386074	0.06830790001092044	0.26691384077792196	carpal_tunnel	IDA
carpal_tunnel_insomnia	0.28114673995722084	0.264638	0.288257	0.2824	0.27075	0.23058	0.21843	SLEEP	0.21843	0.06271673995722082	0.1797412527823652	0.10140548717485565	0.03868874721763482	0.13761051336935895	carpal_tunnel	insomnia
carpal_tunnel_intervert_disc	0.40009027726949326	0.345907	0.397319	0.399137	0.389675	0.365645	0.383437	BMI	0.345907	0.054183277269493235	0.3116600102793941	0.08843026699009915	0.034246989720605914	0.08559815538216088	carpal_tunnel	intervert_disc
carpal_tunnel_isch_stroke_tia	0.19997804403614727	0.128954	0.184619	0.201905	0.185116	0.16209	0.195121	BMI	0.128954	0.07102404403614726	0.1007373691436241	0.09924067489252317	0.028216630856375907	0.1410986440655234	carpal_tunnel	isch_stroke_tia
carpal_tunnel_migraine	0.16181015684400013	0.162459	0.163433	0.159985	0.177967	0.14111	0.151945	SMK	0.14111	0.020700156844000117	0.1498099168370246	0.012000240006975527	-0.00869991683702459	-0.053766197417459465	carpal_tunnel	migraine
carpal_tunnel_OA	0.5394799784861325	0.459244	0.540581	0.539213	0.535602	0.51868	0.517428	BMI	0.459244	0.08023597848613251	0.4400537330899065	0.09942624539622602	0.019190266910093512	0.03557178704563696	carpal_tunnel	OA
carpal_tunnel_osteoporosis	0.011663698266918215	0.080692	0.016835	0.013355	0.036846	0.00325	-0.006249	SMK	0.00325	0.008413698266918216	0.06543492047426012	-0.05377122220734191	-0.06218492047426012	-5.331492555035945	carpal_tunnel	osteoporosis
carpal_tunnel_periph_neuro	0.5205217136244161	0.438711	0.517935	0.519377	0.490658	0.493106	0.49436	BMI	0.438711	0.08181071362441611	0.3871687081764519	0.13335300544796425	0.051542291823548136	0.09902044520805259	carpal_tunnel	periph_neuro
carpal_tunnel_peripheral_arterial	0.3393109635619365	0.221288	0.337204	0.337264	0.311368	0.287129	0.318327	BMI	0.221288	0.1180229635619365	0.1628208501409605	0.176490113420976	0.0584671498590395	0.17231140793470745	carpal_tunnel	peripheral_arterial
carpal_tunnel_PMR	0.1436243751025292	0.123015	0.139474	0.143123	0.140956	0.134914	0.127477	BMI	0.123015	0.020609375102529207	0.10362949607452578	0.03999487902800343	0.019385503925474223	0.1349736346050974	carpal_tunnel	PMR
carpal_tunnel_pri_bladder	0.08329466789048913	0.074988	0.091534	0.086063	0.098	0.046249	0.078668	SMK	0.046249	0.03704566789048913	0.06540634303269226	0.017888324857796872	-0.01915734303269226	-0.22999483061603887	carpal_tunnel	pri_bladder
carpal_tunnel_pri_breast	-0.06006826416003231	-0.044164	-0.060676	-0.060974	-0.066513	-0.06191	-0.055422	BMI	-0.044164	0.015904264160032308	-0.0489061596467505	0.011162104513281812	-0.004742159646750496	-0.07894617420800704	carpal_tunnel	pri_breast
carpal_tunnel_pri_colorectal	-0.09434278324678419	-0.109162	-0.090984	-0.099101	-0.093198	-0.087591	-0.094535	SMK	-0.087591	0.006751783246784188	-0.10537177507619913	-0.011028991829414941	-0.01778077507619913	-0.18846990161068003	carpal_tunnel	pri_colorectal
carpal_tunnel_pri_prost	-0.04143425037197631	-0.015951	-0.040667	-0.044936	-0.044904	-0.027481	-0.032406	BMI	-0.015951	0.02548325037197631	-0.008956557731591003	0.0324776926403853	0.0069944422684089964	0.16880822521504157	carpal_tunnel	pri_prost
carpal_tunnel_pri_skin	-0.06541136686307081	-0.030303	-0.063022	-0.065664	-0.056698	-0.059589	-0.066401	BMI	-0.030303	0.03510836686307081	-0.028608272246362816	0.03680309461670799	0.001694727753637184	0.0259087653249144	carpal_tunnel	pri_skin
carpal_tunnel_psoriasis	0.17480052504568097	0.122546	0.172088	0.174219	0.169473	0.140929	0.155582	BMI	0.122546	0.05225452504568097	0.08900536860810496	0.08579515643757601	0.033540631391895045	0.1918794659405617	carpal_tunnel	psoriasis
carpal_tunnel_RA	0.25351235575945563	0.208271	0.248024	0.253513	0.233128	0.211353	0.239837	BMI	0.208271	0.04524135575945562	0.16490344522404382	0.08860891053541181	0.04336755477595619	0.1710668288574674	carpal_tunnel	RA
carpal_tunnel_raynauds	0.03779889792300813	0.081859	0.036168	0.041563	0.074653	0.021205	0.01232	SLEEP	0.01232	0.025478897923008136	0.06535207528242543	-0.027553177359417293	-0.05303207528242543	-1.4030058598651598	carpal_tunnel	raynauds
carpal_tunnel_retinal_detach	-0.06345681561454614	-0.041738	-0.063966	-0.061997	-0.049296	-0.050732	-0.068091	BMI	-0.041738	0.02171881561454614	-0.03338822556684714	0.030068590047698997	0.008349774433152858	0.13158199560267328	carpal_tunnel	retinal_detach
carpal_tunnel_schizo	-0.11056895380391558	-0.077124	-0.106563	-0.110532	-0.113186	-0.13915	-0.086035	BMI	-0.077124	0.033444953803915586	-0.07923885012878329	0.031330103675132295	-0.002114850128783291	-0.019126979645061975	carpal_tunnel	schizo
carpal_tunnel_scoliosis	0.09844836966411331	0.122574	0.099346	0.097672	0.11917	0.091374	0.084801	SLEEP	0.084801	0.013647369664113312	0.11336209240958978	-0.014913722745476463	-0.028561092409589775	-0.2901123960410382	carpal_tunnel	scoliosis
carpal_tunnel_sinusitis	0.23696082832430823	0.229284	0.233484	0.24059	0.242806	0.208584	0.2078	SLEEP	0.2078	0.02916082832430822	0.19404134015111588	0.042919488173192355	0.013758659848884136	0.05806301381616468	carpal_tunnel	sinusitis
carpal_tunnel_sleep_apnoea	0.3013074613069669	0.14033	0.296968	0.299562	0.281946	0.273413	0.297787	BMI	0.14033	0.16097746130696688	0.13405359938672015	0.16725386192024674	0.006276400613279859	0.02083055157696732	carpal_tunnel	sleep_apnoea
carpal_tunnel_spondylolisthesis	0.358588595400418	0.314463	0.359878	0.357385	0.350243	0.32998	0.344917	BMI	0.314463	0.044125595400417994	0.2878874065686999	0.07070118883171811	0.026575593431300115	0.07411165266319883	carpal_tunnel	spondylolisthesis
carpal_tunnel_spondylosis	0.5595297226656574	0.48956	0.556997	0.558569	0.54775	0.535104	0.536571	BMI	0.48956	0.06996972266565737	0.45393355576684163	0.10559616689881574	0.03562644423315836	0.06367212105092523	carpal_tunnel	spondylosis
carpal_tunnel_stroke_all	0.17233747389058945	0.09039	0.156206	0.173189	0.161415	0.138057	0.183836	BMI	0.09039	0.08194747389058946	0.08225726320274276	0.09008021068784669	0.008132736797257234	0.04719076248280395	carpal_tunnel	stroke_all
carpal_tunnel_tendon	0.6588950890766289	0.629124	0.658131	0.658256	0.649742	0.641982	0.638911	BMI	0.629124	0.029771089076628843	0.6000773250346493	0.05881776404197958	0.02904667496535074	0.0440839147944729	carpal_tunnel	tendon
carpal_tunnel_thromboembolic	0.11243176420228841	-0.000423	0.11469	0.113348	0.076291	0.084453	0.098215	BMI	-0.000423	0.1120087642022884	-0.03061208057088604	0.08181968363140238	-0.03018908057088604	-0.268510245170302	carpal_tunnel	thromboembolic
carpal_tunnel_TIA	0.19108104054851588	0.136752	0.178368	0.189909	0.175348	0.154522	0.185498	BMI	0.136752	0.05432904054851587	0.10377771755216736	0.08730332299634852	0.032974282447832653	0.1725670027396591	carpal_tunnel	TIA
carpal_tunnel_tinnitus	0.10817282540148966	0.149572	0.111063	0.111375	0.144495	0.1049	0.081055	SLEEP	0.081055	0.02711782540148966	0.14196346282386904	-0.03379063742237938	-0.06090846282386904	-0.5630662100005596	carpal_tunnel	tinnitus
carpal_tunnel_ulc_colitis	0.02425450138841669	0.040006	0.021991	0.025974	0.024909	0.023282	0.023448	SBP	0.021991	0.002263501388416689	0.03689238427549648	-0.012637882887079791	-0.01490138427549648	-0.6143760301175677	carpal_tunnel	ulc_colitis
carpal_tunnel_ulcer_peptic	0.3074902742224285	0.227278	0.300644	0.305567	0.286647	0.252982	0.280838	BMI	0.227278	0.08021227422242846	0.16187303261351627	0.1456172416089122	0.06540496738648374	0.2127058085068795	carpal_tunnel	ulcer_peptic
carpal_tunnel_urine_incont	0.29769801032825915	0.213706	0.296816	0.298813	0.280176	0.260386	0.279269	BMI	0.213706	0.08399201032825915	0.1780901284940777	0.11960788183418145	0.0356158715059223	0.11963758664913536	carpal_tunnel	urine_incont
carpal_tunnel_urolithiasis	0.08480952372976236	0.044132	0.086101	0.082673	0.083205	0.080252	0.082165	BMI	0.044132	0.04067752372976236	0.04431588040308609	0.04049364332667627	-0.00018388040308608966	-0.0021681574780682347	carpal_tunnel	urolithiasis
carpal_tunnel_valve_nonrheumatic	0.148060631118739	0.091593	0.130568	0.148741	0.130231	0.131196	0.134216	BMI	0.091593	0.056467631118738995	0.061500910033391094	0.0865597210853479	0.0300920899666089	0.2032416702484281	carpal_tunnel	valve_nonrheumatic
cataract_cholelithiasis	0.11951208170564935	0.08598	0.115943	0.119496	0.110479	0.101152	0.118815	BMI	0.08598	0.03353208170564935	0.07651279836205721	0.04299928334359214	0.00946720163794279	0.07921543581894847	cataract	cholelithiasis
cataract_CKD	0.0639049860846669	0.036659	0.046691	0.063938	0.056433	0.055749	0.062954	BMI	0.036659	0.0272459860846669	0.021050435060058586	0.042854551024608306	0.015608564939941411	0.24424643359223683	cataract	CKD
cataract_COPD	0.20165341936000564	0.178541	0.195112	0.202621	0.193599	0.157085	0.198031	SMK	0.157085	0.044568419360005634	0.132861914273191	0.06879150508681464	0.024223085726809007	0.12012236541134112	cataract	COPD
cataract_coronary_heart	0.16798832198669125	0.144559	0.151252	0.170001	0.161692	0.143301	0.165492	SMK	0.143301	0.02468732198669124	0.11305099813320262	0.05493732385348864	0.030250001866797396	0.1800720520870131	cataract	coronary_heart
cataract_deaf	0.057060741270912846	0.049708	0.064706	0.057229	0.059541	0.038652	0.056405	SMK	0.038652	0.018408741270912847	0.043921028025655076	0.01313971324525777	-0.005269028025655077	-0.09234068657886513	cataract	deaf
cataract_depression	0.11094198340916085	0.101466	0.112633	0.110939	0.10604	0.075136	0.107139	SMK	0.075136	0.03580598340916086	0.07057460598764718	0.04036737742151367	0.00456139401235281	0.04111512947745046	cataract	depression
cataract_diabetes_type_2	0.15847650590777754	0.121299	0.143407	0.159284	0.148466	0.141733	0.157739	BMI	0.121299	0.03717750590777753	0.10822345521627906	0.05025305069149848	0.013075544783720944	0.08250778062541343	cataract	diabetes_type_2
cataract_diverticuli	0.07519425583496782	0.060097	0.076684	0.075389	0.068572	0.057474	0.073112	SMK	0.057474	0.01772025583496782	0.04777640443442733	0.02741785140054049	0.009697595565572668	0.12896723902496507	cataract	diverticuli
cataract_ED	0.12579579698750054	0.095262	0.117517	0.125692	0.11022	0.091622	0.121566	SMK	0.091622	0.034173796987500546	0.057040636595447954	0.0687551603920526	0.03458136340455204	0.27490078550071234	cataract	ED
cataract_enthesopathy_lower	0.1450482832761849	0.117185	0.137399	0.14472	0.139536	0.113351	0.139164	SMK	0.113351	0.031697283276184915	0.0855006375726209	0.05954764570356401	0.027850362427379094	0.19200752879197827	cataract	enthesopathy_lower
cataract_enthesopathy_shoulder	0.15236460601748636	0.131753	0.149667	0.15317	0.144267	0.122883	0.146852	SMK	0.122883	0.029481606017486353	0.10429608586239458	0.048068520155091776	0.018586914137605423	0.12198971023147112	cataract	enthesopathy_shoulder
cataract_enthesopathy_upper	0.1430612394177117	0.123917	0.142056	0.144973	0.137068	0.110002	0.1367	SMK	0.110002	0.0330592394177117	0.09554194895718106	0.04751929046053065	0.014460051042818944	0.10107595251987393	cataract	enthesopathy_upper
cataract_essential_tremor	0.014269427428319792	0.008428	0.012952	0.014455	0.018999	0.01513	0.009761	BMI	0.008428	0.0058414274283197926	0.010059002125148856	0.0042104253031709366	-0.001631002125148856	-0.11430046043136186	cataract	essential_tremor
cataract_female_genital_prolapse	-0.01592702247327911	-0.022428	-0.012991	-0.015759	-0.02138	-0.026556	-0.017379	SBP	-0.012991	0.0029360224732791085	-0.029862086647374504	-0.013935064174095395	-0.0168710866473745	-1.059274366924468	cataract	female_genital_prolapse
cataract_fibromatosis	0.02470075934309569	0.032611	0.025428	0.024894	0.026268	0.012156	0.02497	SMK	0.012156	0.01254475934309569	0.02003672441367212	0.00466403492942357	-0.00788072441367212	-0.3190478601976633	cataract	fibromatosis
cataract_fibromyalgia	0.09958047471162797	0.073152	0.093595	0.099542	0.095537	0.058377	0.092527	SMK	0.058377	0.04120347471162797	0.033264211950684755	0.06631626276094321	0.025112788049315243	0.2521858639661901	cataract	fibromyalgia
cataract_gastritis_duodenitis	0.2496334750113778	0.230914	0.246603	0.251121	0.244425	0.221563	0.246197	SMK	0.221563	0.0280704750113778	0.20702589908055954	0.042607575930818264	0.014537100919440465	0.05823378022029254	cataract	gastritis_duodenitis
cataract_glaucoma	0.19023874428515677	0.196197	0.186123	0.190103	0.186544	0.196485	0.191505	SBP	0.186123	0.004115744285156764	0.1952461607877781	-0.00500741650262132	-0.009123160787778084	-0.047956376194867006	cataract	glaucoma
cataract_GORD	0.1538517428346433	0.130142	0.149394	0.15537	0.146035	0.123781	0.149629	SMK	0.123781	0.03007074283464331	0.10308003669057965	0.050771706144063664	0.020700963309420353	0.13455137347172805	cataract	GORD
cataract_gout	0.08250514513205412	0.04358	0.06668	0.083389	0.070447	0.069054	0.079773	BMI	0.04358	0.03892514513205412	0.02568064281982968	0.05682450231222444	0.01789935718017032	0.21694837517734675	cataract	gout
cataract_HF	0.22226449826337277	0.19755	0.209085	0.222019	0.212769	0.195332	0.218613	SMK	0.195332	0.026932498263372767	0.1635923520731349	0.05867214619023786	0.031739647926865094	0.14280124884926576	cataract	HF
cataract_hypertension	0.18230249786014316	0.154235	0.182987	0.182021	0.171341	0.165968	0.180244	BMI	0.154235	0.028067497860143148	0.13948404464816172	0.04281845321198144	0.01475095535183829	0.0809147188051958	cataract	hypertension
cataract_hyperthyroid	0.06378441436707374	0.057514	0.054752	0.063794	0.052714	0.053205	0.066179	FG	0.052714	0.011070414367073747	0.039576009033571564	0.02420840533350218	0.013137990966428433	0.20597494069351235	cataract	hyperthyroid
cataract_hypothyroid	0.0746316844863326	0.05962	0.074771	0.074521	0.073705	0.06202	0.074321	BMI	0.05962	0.015011684486332603	0.05418852079418646	0.020443163692146146	0.005431479205813543	0.07277712198507615	cataract	hypothyroid
cataract_IBS	0.09214980283455047	0.091345	0.095078	0.091805	0.09169	0.078421	0.088078	SMK	0.078421	0.013728802834550469	0.07932222010956037	0.0128275827249901	-0.0009012201095603689	-0.009779946151143224	cataract	IBS
cataract_IDA	0.186174799320765	0.159894	0.174637	0.186803	0.175359	0.161743	0.181514	BMI	0.159894	0.02628079932076499	0.12955831018726022	0.05661648913350478	0.03033568981273979	0.16294197669832697	cataract	IDA
cataract_insomnia	0.17192089009105094	0.163229	0.178178	0.171728	0.1672	0.135639	0.169434	SMK	0.135639	0.03628189009105093	0.1391897301640876	0.03273115992696335	-0.003550730164087579	-0.02065327932054725	cataract	insomnia
cataract_intervert_disc	0.115930524697434	0.09333	0.111886	0.116446	0.109883	0.08216	0.111261	SMK	0.08216	0.03377052469743401	0.06262067374155106	0.05330985095588295	0.01953932625844894	0.16854341261237663	cataract	intervert_disc
cataract_isch_stroke_tia	0.1668816835559833	0.146884	0.15056	0.166597	0.161422	0.141935	0.165291	SMK	0.141935	0.024946683555983284	0.11321609261372079	0.0536655909422625	0.02871890738627922	0.172091428935309	cataract	isch_stroke_tia
cataract_migraine	0.06433058179542447	0.061785	0.065574	0.065008	0.06876	0.04892	0.061772	SMK	0.04892	0.015410581795424476	0.05138211259641126	0.012948469199013213	-0.002462112596411263	-0.03827281718422732	cataract	migraine
cataract_OA	0.10954764412343099	0.071015	0.109239	0.109794	0.104553	0.083376	0.102859	BMI	0.071015	0.03853264412343099	0.057050550853244404	0.05249709327018658	0.01396444914675559	0.12747375133892774	cataract	OA
cataract_osteoporosis	0.09071357214417951	0.11211	0.096094	0.090354	0.099861	0.085891	0.087524	SMK	0.085891	0.004822572144179513	0.10664570509973414	-0.015932132955554637	-0.02075470509973415	-0.22879382444279417	cataract	osteoporosis
cataract_periph_neuro	0.20483356512949835	0.177714	0.200643	0.206486	0.194551	0.173732	0.200719	SMK	0.173732	0.031101565129498354	0.15319694760706976	0.051636617522428596	0.020535052392930242	0.10025237992585699	cataract	periph_neuro
cataract_peripheral_arterial	0.3375990885898983	0.3259	0.336561	0.342774	0.331485	0.316572	0.335304	SMK	0.316572	0.02102708858989827	0.3239529274789884	0.013646161110909882	-0.007380927478988386	-0.02186299586831657	cataract	peripheral_arterial
cataract_PMR	0.09121916659804989	0.083276	0.086959	0.091404	0.089572	0.084454	0.087732	BMI	0.083276	0.007943166598049889	0.07428614747462924	0.016933019123420656	0.008989852525370767	0.09855223261339197	cataract	PMR
cataract_pri_bladder	0.04170338271726392	0.037989	0.049337	0.041117	0.046146	0.016461	0.040461	SMK	0.016461	0.02524238271726392	0.024657405491954082	0.017045977225309837	-0.008196405491954082	-0.19654054318622508	cataract	pri_bladder
cataract_pri_breast	-0.015679966775400324	-0.010084	-0.016125	-0.015461	-0.017446	-0.016258	-0.014506	BMI	-0.010084	0.005595966775400325	-0.013195366331481807	0.0024846004439185165	-0.003111366331481808	-0.19842939567723492	cataract	pri_breast
cataract_pri_colorectal	0.0031955568696216945	0.000807	0.00684	0.004317	0.004236	0.008898	0.003591	BMI	0.000807	0.0023885568696216945	0.01158470531176595	-0.008389148442144256	-0.01077770531176595	-3.3727158525086325	cataract	pri_colorectal
cataract_pri_prost	-0.009305971099887882	-0.001297	-0.008464	-0.008458	-0.010197	0.000328	-0.007346	SMK	0.000328	0.008977971099887882	0.006181787440394658	0.0031241836594932248	-0.005853787440394657	-0.6290356350306292	cataract	pri_prost
cataract_pri_skin	-0.03764079097343989	-0.026703	-0.035233	-0.037591	-0.034399	-0.033312	-0.037572	BMI	-0.026703	0.01093779097343989	-0.023801450759183232	0.01383934021425666	0.002901549240816769	0.07708523561218895	cataract	pri_skin
cataract_psoriasis	0.12168572841267003	0.105249	0.118849	0.121914	0.119056	0.098441	0.117758	SMK	0.098441	0.02324472841267003	0.08529149532647214	0.036394233086197894	0.013149504673527865	0.10806119045393926	cataract	psoriasis
cataract_RA	0.11635539125191788	0.099902	0.110089	0.11642	0.108388	0.084325	0.112908	SMK	0.084325	0.03203039125191788	0.06619122289124837	0.0501641683606695	0.018133777108751623	0.1558481898745085	cataract	RA
cataract_raynauds	0.05878556449886655	0.071233	0.057278	0.05807	0.071612	0.048065	0.054029	SMK	0.048065	0.010720564498866554	0.0585462427644567	0.00023932173440985305	-0.010481242764456701	-0.17829619999071014	cataract	raynauds
cataract_retinal_detach	0.4540951980888949	0.465218	0.455174	0.454044	0.461688	0.46828	0.453933	SLEEP	0.453933	0.00016219808889494924	0.47813633679603534	-0.02404113870714042	-0.02420333679603537	-0.05330013816023057	cataract	retinal_detach
cataract_schizo	-0.024532601653793472	-0.012972	-0.020271	-0.024568	-0.0247	-0.041647	-0.019231	BMI	-0.012972	0.011560601653793473	-0.026410159213692174	-0.0018775575598987022	-0.013438159213692175	-0.5477673914627084	cataract	schizo
cataract_scoliosis	0.013421800962598934	0.018466	0.014017	0.013658	0.01959	0.007603	0.010276	SMK	0.007603	0.0058188009625989336	0.012862541537842866	0.0005592594247560683	-0.005259541537842865	-0.3918655590631283	cataract	scoliosis
cataract_sinusitis	0.12604673354346585	0.120146	0.122166	0.125611	0.126654	0.104975	0.120559	SMK	0.104975	0.02107173354346585	0.09745926920993316	0.028587464333532694	0.0075157307900668435	0.059626541511883964	cataract	sinusitis
cataract_sleep_apnoea	0.16743965207235495	0.131749	0.162454	0.168491	0.159953	0.146109	0.16566	BMI	0.131749	0.035690652072354945	0.12389876451383694	0.04354088755851801	0.007850235486163065	0.04688396917338778	cataract	sleep_apnoea
cataract_spondylolisthesis	0.13324571680306527	0.115077	0.133769	0.133895	0.128354	0.108417	0.12942	SMK	0.108417	0.024828716803065268	0.09665829012345455	0.03658742667961072	0.011758709876545453	0.08824831415725438	cataract	spondylolisthesis
cataract_spondylosis	0.1010344966322537	0.064868	0.096014	0.101849	0.092609	0.060661	0.093706	SMK	0.060661	0.040373496632253696	0.027458272720305255	0.07357622391194844	0.03320272727969474	0.32862763102137615	cataract	spondylosis
cataract_stroke_all	0.16167196432210598	0.13984	0.145875	0.161523	0.157504	0.139442	0.163377	SMK	0.139442	0.02222996432210597	0.11364185696949416	0.04803010735261182	0.025800143030505845	0.15958328420568402	cataract	stroke_all
cataract_tendon	0.14520401741982053	0.123085	0.142373	0.146451	0.137132	0.114165	0.138944	SMK	0.114165	0.031039017419820528	0.0943835801190984	0.050820437300722124	0.019781419880901596	0.13623190482194886	cataract	tendon
cataract_thromboembolic	0.13546073062682035	0.107704	0.1377	0.135283	0.124898	0.117632	0.132623	BMI	0.107704	0.027756730626820353	0.09958363233620078	0.035877098290619566	0.008120367663799213	0.05994628573331667	cataract	thromboembolic
cataract_TIA	0.1812908896484249	0.1654	0.168917	0.181801	0.175759	0.157887	0.179643	SMK	0.157887	0.023403889648424908	0.1364569372032155	0.04483395244520941	0.0214300627967845	0.11820816169165227	cataract	TIA
cataract_tinnitus	0.09781668262609151	0.108353	0.100555	0.09731	0.110162	0.095131	0.092829	SLEEP	0.092829	0.004987682626091519	0.10748589613740825	-0.009669213511316735	-0.014656896137408254	-0.1498404540402875	cataract	tinnitus
cataract_ulc_colitis	0.015257398323622579	0.019371	0.013043	0.014828	0.015344	0.014441	0.015002	SBP	0.013043	0.0022143983236225778	0.0146214564539537	0.0006359418696688778	-0.0015784564539537	-0.10345515142708325	cataract	ulc_colitis
cataract_ulcer_peptic	0.1953809723952564	0.172663	0.187571	0.19674	0.187814	0.156537	0.191032	SMK	0.156537	0.03884397239525639	0.13236320717145178	0.06301776522380462	0.02417379282854823	0.12372644343096298	cataract	ulcer_peptic
cataract_urine_incont	0.11644049217464289	0.088819	0.114962	0.116256	0.108962	0.086192	0.112021	SMK	0.086192	0.030248492174642885	0.06477577824874034	0.05166471392590255	0.021416221751259665	0.18392417750294815	cataract	urine_incont
cataract_urolithiasis	0.04286826205917941	0.030037	0.043973	0.043563	0.041853	0.039163	0.042005	BMI	0.030037	0.012831262059179407	0.03266302333927928	0.010205238719900131	-0.0026260233392792764	-0.06125798465200351	cataract	urolithiasis
cataract_valve_nonrheumatic	0.10619109515783076	0.088923	0.087484	0.106063	0.099805	0.094207	0.10314	SBP	0.087484	0.018707095157830755	0.06348822786462958	0.04270286729320118	0.023995772135370422	0.2259678375075212	cataract	valve_nonrheumatic
cholelithiasis_CKD	0.19151581471042223	0.09744	0.184506	0.191523	0.176389	0.183384	0.19114	BMI	0.09744	0.09407581471042223	0.09841936725958196	0.09309644745084027	-0.000979367259581962	-0.005113767033092255	cholelithiasis	CKD
cholelithiasis_COPD	0.1985877575962137	0.089416	0.194361	0.199044	0.177399	0.128621	0.197758	BMI	0.089416	0.1091717575962137	0.0479285123908186	0.1506592452053951	0.041487487609181396	0.2089126143089719	cholelithiasis	COPD
cholelithiasis_coronary_heart	0.24413819276529217	0.151432	0.24067	0.245661	0.230594	0.215601	0.243417	BMI	0.151432	0.09270619276529216	0.15159738636277487	0.0925408064025173	-0.0001653863627748553	-0.000677429290769975	cholelithiasis	coronary_heart
cholelithiasis_deaf	0.08064987221731085	0.056897	0.086017	0.080691	0.087135	0.058135	0.08035	BMI	0.056897	0.023752872217310844	0.049131250800010975	0.03151862141729987	0.007765749199989028	0.096289665271437	cholelithiasis	deaf
cholelithiasis_depression	0.21173186945183425	0.188697	0.212968	0.21173	0.202164	0.172389	0.2109	SMK	0.172389	0.03934286945183427	0.171423638206179	0.040308231245655246	0.0009653617938209791	0.004559359893814115	cholelithiasis	depression
cholelithiasis_diabetes_type_2	0.3395676294803048	0.170662	0.338258	0.340166	0.311958	0.323053	0.339292	BMI	0.170662	0.16890562948030477	0.17284712262607232	0.16672050685423245	-0.0021851226260723167	-0.006435014519542287	cholelithiasis	diabetes_type_2
cholelithiasis_diverticuli	0.27461986275693423	0.236624	0.275888	0.274695	0.262731	0.257204	0.274028	BMI	0.236624	0.03799586275693423	0.2276102621753249	0.04700960058160933	0.0090137378246751	0.032822599699036156	cholelithiasis	diverticuli
cholelithiasis_ED	0.22654785813492087	0.105808	0.222065	0.226538	0.188644	0.188916	0.225924	BMI	0.105808	0.12073985813492087	0.07948143721385058	0.1470664209210703	0.02632656278614942	0.11620751130858453	cholelithiasis	ED
cholelithiasis_enthesopathy_lower	0.299642227538511	0.197124	0.295939	0.29985	0.289549	0.267823	0.30306	BMI	0.197124	0.102518227538511	0.1918940232956066	0.1077482042429044	0.005229976704393402	0.01745407096775513	cholelithiasis	enthesopathy_lower
cholelithiasis_enthesopathy_shoulder	0.19294467726425088	0.113245	0.19115	0.193339	0.173786	0.157022	0.193157	BMI	0.113245	0.07969967726425088	0.09910046152022964	0.09384421574402124	0.01414453847977036	0.07330877783375414	cholelithiasis	enthesopathy_shoulder
cholelithiasis_enthesopathy_upper	0.14028912701123106	0.063847	0.139517	0.14128	0.126189	0.097228	0.140776	BMI	0.063847	0.07644212701123106	0.05034679996592959	0.08994232704530147	0.01350020003407041	0.0962312641163533	cholelithiasis	enthesopathy_upper
cholelithiasis_essential_tremor	0.05838749599645284	0.040036	0.057553	0.058433	0.070184	0.060079	0.05664	BMI	0.040036	0.01835149599645284	0.049768092689883546	0.008619403306569295	-0.009732092689883544	-0.16668111080623818	cholelithiasis	essential_tremor
cholelithiasis_female_genital_prolapse	0.20412513916191766	0.19648	0.206595	0.204186	0.194768	0.194365	0.203627	SMK	0.194365	0.009760139161917647	0.18997319640752447	0.014151942754393187	0.0043918035924755405	0.021515250941197602	cholelithiasis	female_genital_prolapse
cholelithiasis_fibromatosis	-0.03815512402424812	-0.011221	-0.037767	-0.038123	-0.035122	-0.054984	-0.03805	BMI	-0.011221	0.02693412402424812	-0.021278062136514824	0.0168770618877333	-0.010057062136514824	-0.26358352629448717	cholelithiasis	fibromatosis
cholelithiasis_fibromyalgia	0.33138334317688284	0.2517	0.328543	0.331378	0.325767	0.2976	0.335474	BMI	0.2517	0.07968334317688286	0.2490435396459256	0.08233980353095724	0.0026564603540743803	0.00801627604033326	cholelithiasis	fibromyalgia
cholelithiasis_gastritis_duodenitis	0.4084203596487299	0.342467	0.406759	0.409693	0.399054	0.381719	0.411339	BMI	0.342467	0.06595335964872989	0.34126909495833707	0.06715126469039284	0.00119790504166295	0.0029330198981589264	cholelithiasis	gastritis_duodenitis
cholelithiasis_glaucoma	0.02902856762519658	0.049912	0.025669	0.028998	0.018773	0.035125	0.029515	FG	0.018773	0.010255567625196579	0.047842702144742254	-0.018814134519545674	-0.029069702144742252	-1.0014170357999328	cholelithiasis	glaucoma
cholelithiasis_GORD	0.38534021168348487	0.313105	0.383183	0.386977	0.371348	0.359305	0.386292	BMI	0.313105	0.07223521168348485	0.30718621797554885	0.07815399370793602	0.005918782024451175	0.015359886783144271	cholelithiasis	GORD
cholelithiasis_gout	0.23482299659959813	0.093197	0.229165	0.235467	0.210014	0.221018	0.23408	BMI	0.093197	0.14162599659959813	0.09177594701204358	0.14304704958755454	0.001421052987956417	0.006051592086525861	cholelithiasis	gout
cholelithiasis_HF	0.2893149853734968	0.103451	0.291374	0.28952	0.262933	0.25753	0.289574	BMI	0.103451	0.1858639853734968	0.094521806881292	0.19479317849220482	0.008929193118708004	0.03086322371853877	cholelithiasis	HF
cholelithiasis_hypertension	0.24407802852544994	0.111782	0.297681	0.244606	0.214894	0.225082	0.243398	BMI	0.111782	0.13229602852544992	0.15045194890883504	0.0936260796166149	-0.03866994890883503	-0.15843273211624997	cholelithiasis	hypertension
cholelithiasis_hyperthyroid	0.10772863682546768	0.090425	0.102119	0.10773	0.082155	0.095314	0.108923	FG	0.082155	0.025573636825467677	0.07655941718881548	0.0311692196366522	0.005595582811184524	0.05194146121286198	cholelithiasis	hyperthyroid
cholelithiasis_hypothyroid	0.17312640227857926	0.125768	0.173309	0.173114	0.172731	0.159244	0.172992	BMI	0.125768	0.047358402278579265	0.12155407419981748	0.051572328078761775	0.004213925800182511	0.024340168482227482	cholelithiasis	hypothyroid
cholelithiasis_IBS	0.2093067383228061	0.221525	0.21148	0.209384	0.210367	0.194515	0.208474	SMK	0.194515	0.014791738322806114	0.21657481424534483	-0.007268075922538725	-0.02205981424534484	-0.10539466823721076	cholelithiasis	IBS
cholelithiasis_IDA	0.1695575266464748	0.037892	0.162487	0.169799	0.137185	0.137336	0.169049	BMI	0.037892	0.1316655266464748	0.021413128569044076	0.14814439807743074	0.016478871430955926	0.09718749593059443	cholelithiasis	IDA
cholelithiasis_insomnia	0.14377836565705399	0.11532	0.147938	0.143768	0.132687	0.093096	0.148842	SMK	0.093096	0.05068236565705399	0.10569401137955961	0.038084354277494376	-0.012598011379559612	-0.08762105009323101	cholelithiasis	insomnia
cholelithiasis_intervert_disc	0.2524243228463127	0.176422	0.250096	0.252702	0.240725	0.21735	0.252179	BMI	0.176422	0.07600232284631273	0.1633787481138804	0.08904557473243233	0.0130432518861196	0.051671929784915846	cholelithiasis	intervert_disc
cholelithiasis_isch_stroke_tia	0.10099260447553869	0.011294	0.089036	0.100987	0.087195	0.066176	0.100243	BMI	0.011294	0.08969860447553869	-0.006186223924205979	0.09480638055133271	0.005107776075794021	0.05057574366280622	cholelithiasis	isch_stroke_tia
cholelithiasis_migraine	0.21656563094871562	0.223179	0.217595	0.216998	0.229448	0.200514	0.215803	SMK	0.200514	0.016051630948715617	0.22261118863673798	-0.006045557688022368	-0.022097188636737986	-0.10203460512148747	cholelithiasis	migraine
cholelithiasis_OA	0.20924066360663543	0.050373	0.209102	0.209328	0.19943	0.179972	0.210053	BMI	0.050373	0.15886766360663543	0.046419924019236426	0.162820739587399	0.003953075980763575	0.018892484436941036	cholelithiasis	OA
cholelithiasis_osteoporosis	0.010843109990341045	0.087932	0.014223	0.010764	0.030427	0.003894	0.009246	SMK	0.003894	0.0069491099903410455	0.0870793807946138	-0.07623627080427275	-0.08318538079461381	-7.671727103083403	cholelithiasis	osteoporosis
cholelithiasis_periph_neuro	0.2627934179410773	0.119079	0.260181	0.263916	0.22019	0.225517	0.266358	BMI	0.119079	0.1437144179410773	0.09801924692448385	0.16477417101659345	0.02105975307551615	0.08013805383907333	cholelithiasis	periph_neuro
cholelithiasis_peripheral_arterial	0.24753478251736846	0.095546	0.248244	0.25048	0.22301	0.198299	0.247467	BMI	0.095546	0.15198878251736847	0.08074367878818171	0.16679110372918676	0.014802321211818292	0.05979895456017247	cholelithiasis	peripheral_arterial
cholelithiasis_PMR	0.04115063036625473	0.010342	0.03809	0.04119	0.03725	0.032125	0.03953	BMI	0.010342	0.030808630366254728	0.008980907758290144	0.032169722607964586	0.0013610922417098565	0.03307585399289558	cholelithiasis	PMR
cholelithiasis_pri_bladder	0.022655196059973584	0.008956	0.027758	0.022565	0.032974	-0.00975	0.022078	BMI	0.008956	0.013699196059973584	-0.005211800893059117	0.01744339516691447	0.0037441991069408834	0.16526889006076645	cholelithiasis	pri_bladder
cholelithiasis_pri_breast	0.022527514714133303	0.046814	0.022289	0.022577	0.018778	0.02226	0.023085	FG	0.018778	0.0037495147141333035	0.04341913518103952	-0.020891620466906218	-0.02464113518103952	-1.0938239523412752	cholelithiasis	pri_breast
cholelithiasis_pri_colorectal	0.003638358985225062	-0.005497	0.006113	0.003879	0.006103	0.010801	0.003818	SLEEP	0.003818	-0.00017964101477493813	0.0014662189318008212	0.002172140053424241	0.0023517810681991788	0.6463851087123285	cholelithiasis	pri_colorectal
cholelithiasis_pri_prost	-0.06648091584243881	-0.040506	-0.065986	-0.066528	-0.069358	-0.05533	-0.065664	BMI	-0.040506	0.025974915842438814	-0.037067709301091434	0.02941320654134738	0.0034382906989085665	0.05171846168692063	cholelithiasis	pri_prost
cholelithiasis_pri_skin	-0.04930861585791455	-0.009148	-0.047679	-0.049299	-0.042085	-0.044133	-0.049271	BMI	-0.009148	0.040160615857914556	-0.006852171570058424	0.04245644428785613	0.002295828429941576	0.046560390917423644	cholelithiasis	pri_skin
cholelithiasis_psoriasis	0.17337107214953623	0.115982	0.17152	0.173442	0.168626	0.145687	0.172312	BMI	0.115982	0.05738907214953623	0.10672694523853414	0.06664412691100209	0.009255054761465861	0.05338292396025088	cholelithiasis	psoriasis
cholelithiasis_RA	0.2090615845714182	0.155698	0.205403	0.209076	0.191825	0.17315	0.208197	BMI	0.155698	0.05336358457141821	0.13765780434760094	0.07140378022381727	0.01804019565239906	0.08629129875477573	cholelithiasis	RA
cholelithiasis_raynauds	-0.035061431867690375	0.007887	-0.036272	-0.035388	-0.008377	-0.050002	-0.037728	BMI	0.007887	0.027174431867690377	0.007424850518956977	0.027636581348733397	0.0004621494810430225	0.013181135407903864	cholelithiasis	raynauds
cholelithiasis_retinal_detach	-0.06600898387059306	-0.04247	-0.066299	-0.06614	-0.054832	-0.055454	-0.066313	BMI	-0.04247	0.023538983870593062	-0.034910903123592886	0.031098080747000177	0.007559096876407115	0.11451618299754929	cholelithiasis	retinal_detach
cholelithiasis_schizo	-0.0468074501312479	-0.004543	-0.043977	-0.046815	-0.047656	-0.068755	-0.044689	BMI	-0.004543	0.0422644501312479	-0.023608337030721033	0.02319911310052687	-0.01906533703072103	-0.40731415570089596	cholelithiasis	schizo
cholelithiasis_scoliosis	-0.030810971161246273	-0.013984	-0.030478	-0.030772	-0.017074	-0.038698	-0.03236	BMI	-0.013984	0.016826971161246273	-0.012773969778711756	0.018037001382534515	0.0012100302212882438	0.039272706301780175	cholelithiasis	scoliosis
cholelithiasis_sinusitis	0.13877041031278076	0.123676	0.136159	0.138961	0.141258	0.112517	0.13752	SMK	0.112517	0.02625341031278075	0.11695071324983913	0.021819697062941623	-0.004433713249839127	-0.0319499902021316	cholelithiasis	sinusitis
cholelithiasis_sleep_apnoea	0.2819575705389854	0.092517	0.279122	0.282684	0.266019	0.258644	0.28139	BMI	0.092517	0.1894405705389854	0.08810149476889349	0.1938560757700919	0.004415505231106509	0.015660176184189353	cholelithiasis	sleep_apnoea
cholelithiasis_spondylolisthesis	0.006928110478564802	-0.077367	0.00702	0.007035	-0.006222	-0.029616	0.004793	SLEEP	0.004793	0.0021351104785648015	-0.09452974904498532	-0.08760163856642052	-0.08973674904498531	-12.952557457423051	cholelithiasis	spondylolisthesis
cholelithiasis_spondylosis	0.1745177945104686	0.026359	0.171419	0.174949	0.155824	0.128402	0.174914	BMI	0.026359	0.1481587945104686	0.0061499184501236665	0.16836787606034492	0.020209081549876336	0.11579954701217633	cholelithiasis	spondylosis
cholelithiasis_stroke_all	0.1582782612047417	0.065781	0.149631	0.158265	0.149049	0.129824	0.159068	BMI	0.065781	0.0924972612047417	0.055334958455209526	0.10294330274953217	0.01044604154479048	0.06599795490094465	cholelithiasis	stroke_all
cholelithiasis_tendon	0.1710716662368407	0.082232	0.16916	0.171732	0.15174	0.132424	0.17286	BMI	0.082232	0.0888396662368407	0.06987014057188487	0.10120152566495583	0.01236185942811513	0.07226129083819594	cholelithiasis	tendon
cholelithiasis_thromboembolic	0.24948628580830773	0.143472	0.251119	0.249493	0.225868	0.230013	0.248776	BMI	0.143472	0.10601428580830774	0.13262439465238893	0.1168618911559188	0.010847605347611061	0.04347976608199537	cholelithiasis	thromboembolic
cholelithiasis_TIA	0.16607251593879171	0.10401	0.158601	0.166256	0.152912	0.135418	0.165371	BMI	0.10401	0.06206251593879171	0.09163451179998108	0.07443800413881063	0.012375488200018922	0.07451858081429968	cholelithiasis	TIA
cholelithiasis_tinnitus	0.11048143651888047	0.157754	0.112315	0.110602	0.138763	0.107531	0.108852	SMK	0.107531	0.002950436518880467	0.16783829829607966	-0.05735686177719919	-0.060307298296079656	-0.5458591071611707	cholelithiasis	tinnitus
cholelithiasis_ulc_colitis	-0.01269661876343393	0.001988	-0.014259	-0.012796	-0.012737	-0.014045	-0.012822	BMI	0.001988	0.01070861876343393	-0.000350009283070734	0.012346609480363197	0.0016379907169292661	0.12900999450709308	cholelithiasis	ulc_colitis
cholelithiasis_ulcer_peptic	0.29821175651812126	0.208276	0.294298	0.299206	0.281423	0.257369	0.299544	BMI	0.208276	0.08993575651812127	0.19689381926666497	0.1013179372514563	0.011382180733335023	0.03816811538965389	cholelithiasis	ulcer_peptic
cholelithiasis_urine_incont	0.20335605441861906	0.097308	0.202432	0.203354	0.187221	0.169059	0.202572	BMI	0.097308	0.10604805441861906	0.08124736834071955	0.12210868607789951	0.016060631659280455	0.07897788784895879	cholelithiasis	urine_incont
cholelithiasis_urolithiasis	0.24932454853510339	0.219615	0.250351	0.249866	0.249873	0.247581	0.249013	BMI	0.219615	0.02970954853510338	0.22310659734285337	0.02621795119225001	-0.0034915973428533698	-0.014004226071472356	cholelithiasis	urolithiasis
cholelithiasis_valve_nonrheumatic	0.04364977184908296	-0.029104	0.029459	0.043625	0.027508	0.027601	0.042208	FG	0.027508	0.01614177184908296	-0.03710166114121175	0.006548110707871209	-0.00959366114121175	-0.21978720013431877	cholelithiasis	valve_nonrheumatic
CKD_COPD	0.15401754423243422	0.075093	0.132988	0.154118	0.137498	0.142551	0.152237	BMI	0.075093	0.07892454423243422	0.060728769982191455	0.09328877425024276	0.014364230017808538	0.09326359597144912	CKD	COPD
CKD_coronary_heart	0.2574409498405594	0.194366	0.193221	0.258533	0.247342	0.248961	0.256445	SBP	0.193221	0.06421994984055937	0.1344745666015759	0.12296638323898348	0.058746433398424114	0.22819381856230517	CKD	coronary_heart
CKD_deaf	-0.01896385487715168	-0.040703	0.003574	-0.019006	-0.015063	-0.029571	-0.019376	SBP	0.003574	0.015389854877151679	-0.021625239530231644	-0.0026613846530799644	-0.018051239530231643	-0.9518760635518474	CKD	deaf
CKD_depression	0.07149248249788942	0.046182	0.077998	0.071495	0.062578	0.052869	0.069357	BMI	0.046182	0.02531048249788942	0.05016456158770227	0.021327920910187148	-0.003982561587702271	-0.055706018990456	CKD	depression
CKD_diabetes_type_2	0.20605914221517121	0.072925	0.151186	0.206209	0.170556	0.198422	0.205648	BMI	0.072925	0.13313414221517123	0.024332884462993382	0.18172625775217782	0.048592115537006625	0.23581635357030523	CKD	diabetes_type_2
CKD_diverticuli	0.11997347088426373	0.082291	0.12769	0.119945	0.108881	0.111416	0.118901	BMI	0.082291	0.03768247088426373	0.09065588870821055	0.02931758217605318	-0.008364888708210547	-0.0697228199414186	CKD	diverticuli
CKD_ED	0.15906919301437866	0.070025	0.134298	0.15911	0.129187	0.145466	0.157343	BMI	0.070025	0.08904419301437866	0.05088302211430355	0.10818617090007511	0.01914197788569645	0.12033743003880179	CKD	ED
CKD_enthesopathy_lower	0.206686587125181	0.127546	0.185324	0.207019	0.197712	0.195711	0.206606	BMI	0.127546	0.07914058712518102	0.11395477692366295	0.09273181020151806	0.013591223076337047	0.06575764429312213	CKD	enthesopathy_lower
CKD_enthesopathy_shoulder	0.12458768514520589	0.063827	0.117943	0.124622	0.109134	0.110335	0.122287	BMI	0.063827	0.0607606851452059	0.05853743039257564	0.06605025475263025	0.005289569607424355	0.04245660075680358	CKD	enthesopathy_shoulder
CKD_enthesopathy_upper	0.13080318405726268	0.076658	0.130141	0.131234	0.120027	0.115728	0.129446	BMI	0.076658	0.05414518405726268	0.07751482705604829	0.0532883570012144	-0.0008568270560482816	-0.006550506107505624	CKD	enthesopathy_upper
CKD_essential_tremor	0.04450041164223766	0.030436	0.041497	0.044461	0.053067	0.044998	0.04217	BMI	0.030436	0.014064411642237661	0.028522039337021056	0.015978372305216607	0.0019139606629789453	0.043009954118318885	CKD	essential_tremor
CKD_female_genital_prolapse	0.025234461510667987	0.00921	0.035646	0.025194	0.016113	0.019845	0.024448	BMI	0.00921	0.016024461510667987	0.018185613922365746	0.007048847588302241	-0.008975613922365747	-0.35568874408400847	CKD	female_genital_prolapse
CKD_fibromatosis	0.034381704992203374	0.056442	0.037531	0.03434	0.03726	0.027815	0.034532	SMK	0.027815	0.006566704992203375	0.05542321821002582	-0.021041513217822445	-0.02760821821002582	-0.802991539142298	CKD	fibromatosis
CKD_fibromyalgia	0.21243925304697087	0.146676	0.198391	0.212453	0.20655	0.20179	0.212441	BMI	0.146676	0.06576325304697087	0.14125096769643375	0.07118828535053712	0.005425032303566252	0.025536863954077088	CKD	fibromyalgia
CKD_gastritis_duodenitis	0.23260545238937214	0.171322	0.226783	0.23304	0.223004	0.223055	0.232003	BMI	0.171322	0.061283452389372134	0.17271956897405238	0.05988588341531975	-0.0013975689740523822	-0.006008324223255559	CKD	gastritis_duodenitis
CKD_glaucoma	-0.055220716593275744	-0.044886	-0.073409	-0.055185	-0.063706	-0.052976	-0.054667	BMI	-0.044886	0.010334716593275742	-0.0617253600474773	-0.006504643454201556	-0.016839360047477298	-0.30494642384861476	CKD	glaucoma
CKD_GORD	0.1863650526767185	0.118793	0.175573	0.186831	0.172558	0.174605	0.184858	BMI	0.118793	0.0675720526767185	0.1118471171176916	0.07451793555902689	0.0069458828823083935	0.03727030783157181	CKD	GORD
CKD_gout	0.4137363509090051	0.344424	0.379222	0.414446	0.400941	0.4096	0.413186	BMI	0.344424	0.06931235090900512	0.31528104040906807	0.09845531049993705	0.02914295959093194	0.0704384797876788	CKD	gout
CKD_HF	0.2991940830190801	0.186535	0.231321	0.299632	0.281279	0.292545	0.298914	BMI	0.186535	0.11265908301908012	0.11682365074224713	0.182370432276833	0.06971134925775288	0.2329970852174482	CKD	HF
CKD_hypertension	0.3266225675723894	0.248958	0.226316	0.32775	0.309328	0.320688	0.32586	SBP	0.226316	0.1003065675723894	0.1346481844064709	0.1919743831659185	0.0916678155935291	0.2806536494855419	CKD	hypertension
CKD_hyperthyroid	0.10375427163654188	0.089999	0.076544	0.103753	0.084766	0.098383	0.105199	SBP	0.076544	0.027210271636541883	0.06630763823678512	0.03744663339975676	0.01023636176321488	0.09865966578295239	CKD	hyperthyroid
CKD_hypothyroid	0.18803801752249774	0.154143	0.193524	0.18808	0.187446	0.182297	0.187885	BMI	0.154143	0.03389501752249774	0.16170627701253207	0.026331740509965673	-0.007563277012532066	-0.040222063134797516	CKD	hypothyroid
CKD_IBS	0.0603338833087493	0.059167	0.070563	0.060487	0.059578	0.052876	0.058053	SMK	0.052876	0.007457883308749302	0.0669065885896906	-0.006572705280941303	-0.014030588589690605	-0.23254907226659424	CKD	IBS
CKD_IDA	0.15917925899387278	0.06888	0.116014	0.159207	0.135547	0.147552	0.157553	BMI	0.06888	0.09029925899387278	0.028768088783189993	0.1304111702106828	0.04011191121681	0.2519920715195314	CKD	IDA
CKD_insomnia	0.03872212430330942	0.012365	0.057127	0.038796	0.029123	0.014941	0.031656	BMI	0.012365	0.026357124303309422	0.024940860863060764	0.013781263440248659	-0.012575860863060765	-0.32477197698541443	CKD	insomnia
CKD_intervert_disc	0.19958841902612823	0.141989	0.191299	0.199636	0.189946	0.188222	0.198213	BMI	0.141989	0.057599419026128224	0.1382332460363425	0.06135517298978574	0.0037557539636575155	0.018817494431707722	CKD	intervert_disc
CKD_isch_stroke_tia	0.3827844415818379	0.340444	0.332769	0.383192	0.375705	0.378181	0.3822	SBP	0.332769	0.050015441581837905	0.2997160273112888	0.08306841427054906	0.03305297268871116	0.08634878824259777	CKD	isch_stroke_tia
CKD_migraine	0.09312426469490011	0.089002	0.099337	0.093114	0.101224	0.085375	0.091791	SMK	0.085375	0.0077492646949001015	0.09259232603194766	0.0005319386629524525	-0.007217326031947649	-0.07750209953972288	CKD	migraine
CKD_OA	0.13049606761375268	0.013342	0.132434	0.130468	0.122038	0.118386	0.128362	BMI	0.013342	0.11715406761375269	0.021956538878292752	0.10853952873545993	-0.008614538878292752	-0.06601378137914775	CKD	OA
CKD_osteoporosis	0.0014782615114641313	0.053386	0.017339	0.001591	0.015947	-0.001516	-0.000547	SLEEP	-0.000547	0.0009312615114641313	0.06278735242156155	-0.061309090910097425	-0.062240352421561555	-42.10374953205414	CKD	osteoporosis
CKD_periph_neuro	0.3185128557891689	0.232513	0.312067	0.319424	0.298294	0.314227	0.322726	BMI	0.232513	0.08599985578916888	0.2583980707592687	0.0601147850299002	-0.025885070759268686	-0.08126852743552247	CKD	periph_neuro
CKD_peripheral_arterial	0.24097286489629555	0.140389	0.159661	0.243138	0.223227	0.236774	0.240146	BMI	0.140389	0.10058386489629553	0.0549050326807901	0.18606783221550544	0.08548396731920992	0.35474520069302645	CKD	peripheral_arterial
CKD_PMR	0.0767781447566373	0.056636	0.064173	0.076745	0.074039	0.073024	0.074892	BMI	0.056636	0.020142144756637302	0.04523251146778384	0.03154563328885346	0.011403488532216156	0.14852518992692057	CKD	PMR
CKD_pri_bladder	0.12411563593747132	0.118473	0.151997	0.124527	0.132685	0.112975	0.123475	SMK	0.112975	0.011140635937471319	0.14507493932226662	-0.02095930338479529	-0.03209993932226661	-0.2586292942046267	CKD	pri_bladder
CKD_pri_breast	0.013699427990235479	0.029521	0.012842	0.013646	0.010786	0.013495	0.014384	FG	0.010786	0.0029134279902354784	0.02702723900026221	-0.01332781101002673	-0.016241239000262208	-1.185541397191069	CKD	pri_breast
CKD_pri_colorectal	-0.06721227732626413	-0.076324	-0.057687	-0.067847	-0.065888	-0.06443	-0.067013	SBP	-0.057687	0.009525277326264125	-0.06799921235895477	-0.0007869350326906444	-0.01031221235895477	-0.15342751010945332	CKD	pri_colorectal
CKD_pri_prost	0.003663319466907591	0.025448	0.006573	0.003454	0.002172	0.008839	0.004786	FG	0.002172	0.0014913194669075912	0.026654586262857726	-0.022991266795950135	-0.024482586262857726	-6.683169863840682	CKD	pri_prost
CKD_pri_skin	-0.06440529599393105	-0.03694	-0.058255	-0.06442	-0.05904	-0.062127	-0.064366	BMI	-0.03694	0.02746529599393105	-0.033486134044982775	0.030919161948948275	0.0034538659550172254	0.05362704885857034	CKD	pri_skin
CKD_psoriasis	0.10592043111888753	0.060844	0.098623	0.105889	0.101472	0.094205	0.103905	BMI	0.060844	0.04507643111888753	0.05453645826443658	0.051383972854450954	0.0063075417355634225	0.05954981176845563	CKD	psoriasis
CKD_RA	0.10396378087069007	0.059084	0.084784	0.103951	0.089373	0.088511	0.102161	BMI	0.059084	0.04487978087069007	0.04085752500756056	0.06310625586312951	0.018226474992439436	0.1753156228043446	CKD	RA
CKD_raynauds	-0.011070827521846655	0.019858	-0.016867	-0.010875	0.009317	-0.017199	-0.014128	FG	0.009317	0.001753827521846654	0.010649570064657152	0.0004212574571895028	-0.001332570064657151	-0.12036770169416149	CKD	raynauds
CKD_retinal_detach	-0.05265150453116659	-0.034949	-0.055203	-0.052586	-0.044073	-0.048015	-0.053025	BMI	-0.034949	0.01770250453116659	-0.03732378245572982	0.01532772207543677	-0.002374782455729821	-0.04510379099089352	CKD	retinal_detach
CKD_schizo	-0.08331686084109202	-0.055454	-0.071958	-0.083309	-0.084096	-0.093053	-0.080914	BMI	-0.055454	0.02786286084109202	-0.050559408914213774	0.03275745192687825	0.004894591085786229	0.05874670548523845	CKD	schizo
CKD_scoliosis	-0.028331883644887347	-0.016236	-0.027419	-0.028397	-0.018015	-0.031576	-0.030226	BMI	-0.016236	0.012095883644887347	-0.018576494866843096	0.00975538877804425	-0.002340494866843096	-0.08260992795886524	CKD	scoliosis
CKD_sinusitis	0.0696268516467386	0.054148	0.057526	0.069989	0.070668	0.05812	0.066456	BMI	0.054148	0.015478851646738595	0.0420987656202196	0.027528086026518996	0.0120492343797804	0.17305441930526813	CKD	sinusitis
CKD_sleep_apnoea	0.1718052787926561	0.027612	0.158365	0.171989	0.158085	0.161852	0.170861	BMI	0.027612	0.14419327879265612	0.024228640509114496	0.14757663828354162	0.003383359490885505	0.01969298914830624	CKD	sleep_apnoea
CKD_spondylolisthesis	0.1308369017053806	0.080831	0.135235	0.130853	0.12232	0.118938	0.128993	BMI	0.080831	0.05000590170538059	0.08602111348620763	0.04481578821917297	-0.005190113486207626	-0.0396685752915088	CKD	spondylolisthesis
CKD_spondylosis	0.1896359451519937	0.09226	0.178012	0.189807	0.175981	0.177356	0.189361	BMI	0.09226	0.0973759451519937	0.08697854308827861	0.10265740206371508	0.005281456911721383	0.027850505385401916	CKD	spondylosis
CKD_stroke_all	0.22628022242873158	0.16735	0.167931	0.226359	0.219788	0.217389	0.227306	BMI	0.16735	0.05893022242873158	0.11549521073455932	0.11078501169417226	0.05185478926544068	0.22916182735224544	CKD	stroke_all
CKD_tendon	0.13328006294574216	0.068668	0.126548	0.133461	0.118242	0.118972	0.131985	BMI	0.068668	0.06461206294574215	0.06406442166999123	0.06921564127575093	0.004603578330008781	0.034540637423639886	CKD	tendon
CKD_thromboembolic	0.21879738528573092	0.143434	0.231325	0.218894	0.201	0.211145	0.217636	BMI	0.143434	0.07536338528573092	0.16331331004702965	0.055484075238701275	-0.01987931004702964	-0.09085716459119902	CKD	thromboembolic
CKD_TIA	0.24841024505735734	0.208906	0.206353	0.248473	0.239415	0.239761	0.247621	SBP	0.206353	0.042057245057357334	0.1719610627731336	0.07644918228422373	0.0343919372268664	0.13844814338847167	CKD	TIA
CKD_tinnitus	0.06203269787904888	0.090384	0.07166	0.062375	0.082261	0.060329	0.05925	SLEEP	0.05925	0.002782697879048883	0.09847340206059343	-0.036440704181544555	-0.03922340206059344	-0.6323020503972128	CKD	tinnitus
CKD_ulc_colitis	-0.008049604461744355	0.002368	-0.015578	-0.007944	-0.008017	-0.008568	-0.008204	BMI	0.002368	0.005681604461744354	-0.005078653970329094	0.002970950491415261	-0.002710653970329094	-0.33674374725012185	CKD	ulc_colitis
CKD_ulcer_peptic	0.1790146587312741	0.106203	0.153842	0.179312	0.164441	0.16619	0.177603	BMI	0.106203	0.07281165873127408	0.08630609575883494	0.09270856297243915	0.019896904241165067	0.1111467875434329	CKD	ulcer_peptic
CKD_urine_incont	0.0974436392465847	0.014959	0.094474	0.097517	0.083729	0.082462	0.095175	BMI	0.014959	0.0824846392465847	0.014988746161055505	0.0824548930855292	-2.9746161055504636e-05	-0.00030526529269120264	CKD	urine_incont
CKD_urolithiasis	-0.03727803706620806	-0.074933	-0.035299	-0.037497	-0.039503	-0.039546	-0.037813	SBP	-0.035299	0.001979037066208063	-0.07132902163528224	-0.034050984569074176	-0.03603002163528224	-0.9665214284564053	CKD	urolithiasis
CKD_valve_nonrheumatic	0.14707926299578453	0.102857	0.081609	0.147129	0.136312	0.141099	0.145637	SBP	0.081609	0.06547026299578453	0.04319274679832934	0.10388651619745519	0.038416253201670664	0.2611942188122857	CKD	valve_nonrheumatic
COPD_coronary_heart	0.30234195579149253	0.233729	0.284725	0.298488	0.289457	0.207757	0.296341	SMK	0.207757	0.09458495579149254	0.12006439595958167	0.18227755983191085	0.08769260404041833	0.2900444425943145	COPD	coronary_heart
COPD_deaf	0.11480410531876017	0.096919	0.125899	0.114154	0.122105	0.028906	0.11361	SMK	0.028906	0.08589810531876017	0.03713168011099301	0.07767242520776717	-0.008225680110993006	-0.0716497035376386	COPD	deaf
COPD_depression	0.3369227538870298	0.323438	0.340736	0.337537	0.32916	0.191813	0.328006	SMK	0.191813	0.1451097538870298	0.18495376198529176	0.15196899190173804	0.006859238014708252	0.0203584885127947	COPD	depression
COPD_diabetes_type_2	0.24307656120759902	0.093521	0.224043	0.240745	0.182898	0.191429	0.242357	BMI	0.093521	0.149555561207599	0.0029354988727298918	0.24014106233486912	0.09058550112727011	0.372662426509752	COPD	diabetes_type_2
COPD_diverticuli	0.2535042349489135	0.219154	0.256706	0.252993	0.240774	0.209284	0.249162	SMK	0.209284	0.0442202349489135	0.1854346512112675	0.06806958373764599	0.02384934878873249	0.09407869968538649	COPD	diverticuli
COPD_ED	0.2981287448433454	0.211667	0.288879	0.299284	0.263094	0.145175	0.286944	SMK	0.145175	0.1529537448433454	0.04392584047292276	0.25420290437042264	0.10124915952707725	0.3396155562935724	COPD	ED
COPD_enthesopathy_lower	0.31021987220951414	0.230066	0.301621	0.313655	0.299989	0.171735	0.291525	SMK	0.171735	0.13848487220951414	0.09857813142655736	0.21164174078295678	0.07315686857344264	0.23582263783551063	COPD	enthesopathy_lower
COPD_enthesopathy_shoulder	0.3846722365408937	0.336349	0.382678	0.382765	0.369471	0.284433	0.369329	SMK	0.284433	0.10023923654089373	0.23544216290590747	0.14923007363498625	0.04899083709409252	0.12735735111697982	COPD	enthesopathy_shoulder
COPD_enthesopathy_upper	0.36272447310372996	0.318484	0.362844	0.359268	0.352332	0.23212	0.343344	SMK	0.23212	0.13060447310372997	0.18619702127632537	0.1765274518274046	0.04592297872367462	0.1266056804238346	COPD	enthesopathy_upper
COPD_essential_tremor	0.14295335379592708	0.132306	0.141915	0.142227	0.156655	0.186228	0.131158	SLEEP	0.131158	0.011795353795927083	0.18285192323691532	-0.03989856944098824	-0.05169392323691532	-0.3616139241525661	COPD	essential_tremor
COPD_female_genital_prolapse	0.09230724706710353	0.077566	0.097024	0.09155	0.080743	0.054274	0.088828	SMK	0.054274	0.03803324706710352	0.042925304665987256	0.04938194240111627	0.011348695334012747	0.12294479246859912	COPD	female_genital_prolapse
COPD_fibromatosis	0.06468785345201855	0.092173	0.065956	0.063791	0.069268	0.004429	0.065954	SMK	0.004429	0.06025885345201855	0.02651398001162218	0.03817387344039637	-0.02208498001162218	-0.34140845356699695	COPD	fibromatosis
COPD_fibromyalgia	0.5244364009016996	0.478683	0.520201	0.525559	0.521804	0.415258	0.513154	SMK	0.415258	0.10917840090169961	0.38051489102677666	0.14392150987492297	0.03474310897322336	0.06624846962088661	COPD	fibromyalgia
COPD_gastritis_duodenitis	0.499695773380166	0.453898	0.49756	0.497625	0.491818	0.399524	0.489033	SMK	0.399524	0.10017177338016603	0.35891894269469377	0.14077683068547225	0.040605057305306225	0.0812595572514761	COPD	gastritis_duodenitis
COPD_glaucoma	0.06856349045085118	0.086831	0.062086	0.069604	0.058505	0.114832	0.072249	FG	0.058505	0.010058490450851179	0.1148425725113183	-0.04627908206046712	-0.056337572511318296	-0.8216847208457558	COPD	glaucoma
COPD_GORD	0.47037618073683085	0.419664	0.466885	0.467917	0.457868	0.392982	0.461246	SMK	0.392982	0.07739418073683085	0.3450659693905634	0.12531021134626746	0.04791603060943661	0.10186746814938102	COPD	GORD
COPD_gout	0.17912873166936874	0.059976	0.159858	0.176029	0.151207	0.140039	0.172009	BMI	0.059976	0.11915273166936874	0.018640357589297125	0.1604883740800716	0.04133564241070288	0.23075942103469566	COPD	gout
COPD_HF	0.4330319838971295	0.329865	0.426734	0.436852	0.411459	0.340305	0.422609	BMI	0.329865	0.10316698389712947	0.23423523441369	0.19879674948343948	0.09562976558631	0.22083764974050435	COPD	HF
COPD_hypertension	0.30673445378623465	0.211921	0.333817	0.312459	0.278909	0.272781	0.30214	BMI	0.211921	0.09481345378623465	0.16981087523248475	0.1369235785537499	0.042110124767515245	0.1372852780237791	COPD	hypertension
COPD_hyperthyroid	0.16507804125380035	0.153188	0.153935	0.165324	0.140093	0.141659	0.173385	FG	0.140093	0.024985041253800355	0.11273541150460208	0.052342629749198274	0.02735758849539792	0.1657251823901691	COPD	hyperthyroid
COPD_hypothyroid	0.13498751258832992	0.093207	0.135639	0.135863	0.134144	0.089617	0.134947	SMK	0.089617	0.045370512588329914	0.06906235580002124	0.06592515678830868	0.020554644199978767	0.15227070864446596	COPD	hypothyroid
COPD_IBS	0.28418750138616716	0.295089	0.289542	0.287151	0.286443	0.27181	0.274109	SMK	0.27181	0.012377501386167167	0.28783216723752714	-0.003644665851359974	-0.01602216723752714	-0.05637885958874552	COPD	IBS
COPD_IDA	0.38940891606920336	0.31328	0.377821	0.38797	0.365361	0.318314	0.374856	BMI	0.31328	0.07612891606920336	0.22976725588025163	0.15964166018895173	0.08351274411974838	0.21446027729089542	COPD	IDA
COPD_insomnia	0.38824150405199076	0.37817	0.398709	0.390339	0.380954	0.223247	0.371635	SMK	0.223247	0.16499450405199076	0.22604875291902327	0.1621927511329675	-0.002801752919023265	-0.007216520876263843	COPD	insomnia
COPD_intervert_disc	0.4142572178461898	0.366401	0.411019	0.413004	0.405198	0.306868	0.40398	SMK	0.306868	0.10738921784618982	0.26445087058461275	0.14980634726157704	0.04241712941538722	0.10239321751814677	COPD	intervert_disc
COPD_isch_stroke_tia	0.32118451188789415	0.267915	0.304866	0.324257	0.310901	0.230698	0.318398	SMK	0.230698	0.09048651188789417	0.16912698826925024	0.1520575236186439	0.06157101173074975	0.1916998156880006	COPD	isch_stroke_tia
COPD_migraine	0.23508136389577997	0.238495	0.237878	0.232694	0.248922	0.201191	0.229244	SMK	0.201191	0.03389036389577996	0.21317238701894664	0.021908976876833325	-0.011981387018946632	-0.05096697934872631	COPD	migraine
COPD_OA	0.35217056587155815	0.252622	0.353303	0.35166	0.344472	0.277195	0.335342	BMI	0.252622	0.09954856587155814	0.21353870886271528	0.13863185700884287	0.03908329113728473	0.11097830121197293	COPD	OA
COPD_osteoporosis	0.16256191612891888	0.234054	0.170592	0.165351	0.18622	0.172436	0.153696	SLEEP	0.153696	0.008865916128918877	0.24051358290830163	-0.07795166677938276	-0.08681758290830163	-0.5340585604284549	COPD	osteoporosis
COPD_periph_neuro	0.47098997854884095	0.393264	0.467498	0.468572	0.448788	0.360852	0.45743	SMK	0.360852	0.11013797854884094	0.2776569965663023	0.19333298198253862	0.08319500343369768	0.17663858515637287	COPD	periph_neuro
COPD_peripheral_arterial	0.6411187041935912	0.590443	0.659444	0.640566	0.629291	0.50946	0.634346	SMK	0.50946	0.13165870419359116	0.4626496855727369	0.1784690186208543	0.04681031442726313	0.07301349051443111	COPD	peripheral_arterial
COPD_PMR	0.18345181613268202	0.166607	0.178363	0.182873	0.18141	0.186923	0.173865	BMI	0.166607	0.016844816132682017	0.16679275304132202	0.016659063091360005	-0.0001857530413220121	-0.001012544030568036	COPD	PMR
COPD_pri_bladder	0.10516138959835043	0.098455	0.116304	0.109153	0.117239	-0.024303	0.102171	SMK	-0.024303	0.08085838959835043	-0.001666834977807577	0.10349455462054286	0.022636165022192425	0.21525167277313628	COPD	pri_bladder
COPD_pri_breast	-0.013907126095957534	0.00303	-0.014534	-0.015134	-0.018319	-0.020397	-0.010447	BMI	0.00303	0.010877126095957534	-0.013696986555500425	0.00021013954045710943	-0.010666986555500425	-0.7670158796216754	COPD	pri_breast
COPD_pri_colorectal	-0.014931242107428242	-0.023187	-0.010037	-0.020985	-0.012613	0.015463	-0.013877	SBP	-0.010037	0.004894242107428242	0.01102835972755506	0.003902882379873183	-0.0009913597275550586	-0.06639499382719542	COPD	pri_colorectal
COPD_pri_prost	-0.06210204555291398	-0.040494	-0.061261	-0.067151	-0.065082	-0.02001	-0.056747	SMK	-0.02001	0.04209204555291398	-0.012548885252082326	0.04955316030083165	0.007461114747917674	0.12014281786516096	COPD	pri_prost
COPD_pri_skin	-0.08389331011446757	-0.053588	-0.08092	-0.084316	-0.076896	-0.078366	-0.084267	BMI	-0.053588	0.030305310114467576	-0.05481043780360586	0.029082872310861714	-0.0012224378036058622	-0.01457133830978795	COPD	pri_skin
COPD_psoriasis	0.28367757893067613	0.244277	0.280992	0.283124	0.280439	0.20501	0.273385	SMK	0.20501	0.07866757893067614	0.17457367566980236	0.10910390326087377	0.030436324330197634	0.10729196309742733	COPD	psoriasis
COPD_RA	0.36742352729340394	0.334159	0.361283	0.36774	0.353143	0.256219	0.359864	SMK	0.256219	0.11120452729340397	0.21888817737808652	0.14853534991531742	0.03733082262191345	0.10160161189706052	COPD	RA
COPD_raynauds	0.12374116927620789	0.167516	0.122138	0.129531	0.156187	0.088407	0.109947	SMK	0.088407	0.03533416927620789	0.13557191214732217	-0.011830742871114283	-0.04716491214732217	-0.38115780239673813	COPD	raynauds
COPD_retinal_detach	-0.03790787498379729	-0.016914	-0.038526	-0.03578	-0.025802	0.007829	-0.040088	SMK	0.007829	0.03007887498379729	0.02687566805862699	0.011032206925170297	-0.01904666805862699	-0.5024462085191529	COPD	retinal_detach
COPD_schizo	0.10731940987122525	0.150431	0.114121	0.107681	0.10852	0.036079	0.125662	SMK	0.036079	0.07124040987122525	0.08292477563100382	0.024394634240221424	-0.046845775631003825	-0.436507950306613	COPD	schizo
COPD_scoliosis	0.08270106594820545	0.102521	0.083938	0.081605	0.099043	0.069128	0.074033	SMK	0.069128	0.013573065948205454	0.08824348213038449	-0.005542416182179044	-0.019115482130384498	-0.2311394890890072	COPD	scoliosis
COPD_sinusitis	0.36164035753423285	0.360215	0.358151	0.367191	0.367373	0.319834	0.347586	SMK	0.319834	0.04180635753423284	0.32373721383934906	0.03790314369488379	-0.003903213839349051	-0.010793081463480118	COPD	sinusitis
COPD_sleep_apnoea	0.33364849364730564	0.204355	0.328305	0.33117	0.318272	0.273897	0.330362	BMI	0.204355	0.12929349364730564	0.18719863703854678	0.14644985660875887	0.01715636296145323	0.05142047180824062	COPD	sleep_apnoea
COPD_spondylolisthesis	0.31617381452255333	0.272508	0.318142	0.31436	0.307776	0.233788	0.306411	SMK	0.233788	0.08238581452255334	0.20156932975842906	0.11460448476412427	0.032218670241570935	0.10190176656540516	COPD	spondylolisthesis
COPD_spondylosis	0.5826285665762533	0.526041	0.579773	0.581206	0.57291	0.498397	0.573421	SMK	0.498397	0.0842315665762533	0.4532674055567558	0.12936116101949746	0.04512959444324416	0.07745860232779658	COPD	spondylosis
COPD_stroke_all	0.31029405869459936	0.249891	0.293675	0.311831	0.303228	0.23823	0.31738	SMK	0.23823	0.07206405869459936	0.1817243698650114	0.12856968882958797	0.056505630134988605	0.18210348716538954	COPD	stroke_all
COPD_tendon	0.42080854314622945	0.371584	0.418922	0.418329	0.406778	0.323499	0.404582	SMK	0.323499	0.09730954314622947	0.27439419160777634	0.1464143515384531	0.04910480839222364	0.11669156720318745	COPD	tendon
COPD_thromboembolic	0.2916861108451453	0.212139	0.295896	0.29337	0.268382	0.249788	0.284834	BMI	0.212139	0.07954711084514529	0.19649349527731183	0.09519261556783346	0.015645504722688164	0.053638154649723054	COPD	thromboembolic
COPD_TIA	0.31939210595684575	0.279727	0.305205	0.318063	0.308608	0.236332	0.316311	SMK	0.236332	0.08306010595684576	0.18581442017968325	0.1335776857771625	0.05051757982031674	0.15816790358351046	COPD	TIA
COPD_tinnitus	0.05240566313677374	0.085119	0.056027	0.056673	0.080383	0.045165	0.035206	SLEEP	0.035206	0.017199663136773742	0.08359496565657448	-0.03118930251980074	-0.04838896565657448	-0.9233537514883445	COPD	tinnitus
COPD_ulc_colitis	0.10506689961060163	0.123146	0.102591	0.107721	0.106632	0.127832	0.105115	SBP	0.102591	0.0024758996106016284	0.14012976173541475	-0.03506286212481312	-0.03753876173541475	-0.35728437666420826	COPD	ulc_colitis
COPD_ulcer_peptic	0.5408497463051037	0.493662	0.534649	0.538944	0.529442	0.386155	0.531036	SMK	0.386155	0.15469474630510371	0.329640630588322	0.21120911571678175	0.056514369411678034	0.1044918108915913	COPD	ulcer_peptic
COPD_urine_incont	0.3314810902478601	0.260599	0.330901	0.333253	0.317499	0.22086	0.320494	SMK	0.22086	0.1106210902478601	0.16753638768710558	0.16394470256075452	0.053323612312894425	0.16086471862700366	COPD	urine_incont
COPD_urolithiasis	0.0566692134825799	0.018544	0.058335	0.053518	0.054714	0.047269	0.054411	BMI	0.018544	0.0381252134825799	0.02219268306174662	0.03447653042083328	-0.003648683061746618	-0.06438563088348177	COPD	urolithiasis
COPD_valve_nonrheumatic	0.17414966819515956	0.125436	0.150295	0.175231	0.159851	0.140893	0.165654	BMI	0.125436	0.04871366819515957	0.07045690698826096	0.1036927612068986	0.05497909301173903	0.3157002455504372	COPD	valve_nonrheumatic
coronary_heart_deaf	0.022790807742401192	0.001784	0.057189	0.021387	0.026856	-0.012412	0.021638	BMI	0.001784	0.02100680774240119	0.008572786496907646	0.014218021245493546	-0.006788786496907646	-0.29787388729875675	coronary_heart	deaf
coronary_heart_depression	0.19807340017782496	0.177741	0.216236	0.199222	0.190713	0.135595	0.192012	SMK	0.135595	0.062478400177824966	0.1467547281757902	0.05131867200203477	-0.011159728175790196	-0.05634137731654676	coronary_heart	depression
coronary_heart_diabetes_type_2	0.3712626449471131	0.268728	0.310524	0.368256	0.384658	0.349343	0.370762	BMI	0.268728	0.10253464494711306	0.2541442924986984	0.11711835244841468	0.014583707501301613	0.039281375866346814	coronary_heart	diabetes_type_2
coronary_heart_diverticuli	0.1652048864859728	0.128212	0.180968	0.164373	0.15505	0.136268	0.162034	BMI	0.128212	0.03699288648597282	0.1279590760995061	0.03724581038646671	0.0002529239004938899	0.0015309710618963146	coronary_heart	diverticuli
coronary_heart_ED	0.34383186647327885	0.270991	0.323675	0.346829	0.326608	0.294439	0.338363	BMI	0.270991	0.07284086647327886	0.2313301851204795	0.11250168135279934	0.03966081487952047	0.11534944473392127	coronary_heart	ED
coronary_heart_enthesopathy_lower	0.23415339695327342	0.153466	0.208726	0.240295	0.225785	0.178564	0.224225	BMI	0.153466	0.08068739695327343	0.09130735585990211	0.1428460410933713	0.06215864414009788	0.2654612102531315	coronary_heart	enthesopathy_lower
coronary_heart_enthesopathy_shoulder	0.24870845574074413	0.194003	0.249046	0.244841	0.236012	0.197741	0.239533	BMI	0.194003	0.05470545574074412	0.1508981993326055	0.09781025640813862	0.0431048006673945	0.1733145764546394	coronary_heart	enthesopathy_shoulder
coronary_heart_enthesopathy_upper	0.2329226631531187	0.183	0.240453	0.224629	0.223747	0.174806	0.222048	SMK	0.174806	0.0581166631531187	0.12946866879337726	0.10345399435974142	0.04533733120662273	0.19464542691072906	coronary_heart	enthesopathy_upper
coronary_heart_essential_tremor	0.05927120972312125	0.045209	0.056676	0.057832	0.067661	0.062309	0.051944	BMI	0.045209	0.01406220972312125	0.04035398014063984	0.01891722958248141	0.0048550198593601615	0.08191194143058388	coronary_heart	essential_tremor
coronary_heart_female_genital_prolapse	0.15827940278414027	0.147522	0.181658	0.157491	0.150763	0.143956	0.156354	SMK	0.143956	0.014323402784140266	0.16261522811615772	-0.004335825332017457	-0.018659228116157722	-0.11788791079534824	coronary_heart	female_genital_prolapse
coronary_heart_fibromatosis	-0.035075551367509776	-0.014987	-0.034235	-0.037083	-0.032778	-0.060033	-0.034748	BMI	-0.014987	0.020088551367509776	-0.04447858284838267	-0.009403031480872896	-0.029491582848382672	-0.8408016894554224	coronary_heart	fibromatosis
coronary_heart_fibromyalgia	0.2832745300161895	0.22018	0.271283	0.285222	0.278178	0.220905	0.27479	BMI	0.22018	0.06309453001618953	0.15810046230877908	0.12517406770741044	0.062079537691220904	0.21914973325583834	coronary_heart	fibromyalgia
coronary_heart_gastritis_duodenitis	0.33508576242559923	0.279161	0.33709	0.330154	0.327056	0.281694	0.328377	BMI	0.279161	0.05592476242559924	0.23339981811610833	0.1016859443094909	0.045761181883891666	0.1365655811593972	coronary_heart	gastritis_duodenitis
coronary_heart_glaucoma	-0.02352973783879972	-0.011331	-0.048236	-0.022017	-0.031429	-0.015803	-0.021835	BMI	-0.011331	0.012198737838799718	-0.02897367185292164	-0.00544393401412192	-0.017642671852921638	-0.749803162865227	coronary_heart	glaucoma
coronary_heart_GORD	0.34691526214350865	0.289742	0.344796	0.341104	0.336322	0.301672	0.341191	BMI	0.289742	0.05717326214350865	0.24862408173590686	0.09829118040760179	0.04111791826409314	0.11852438549412642	coronary_heart	GORD
coronary_heart_gout	0.2702575754344695	0.175619	0.210979	0.265514	0.254154	0.252524	0.266521	BMI	0.175619	0.09463857543446949	0.1083154427424744	0.1619421326919951	0.0673035572575256	0.2490348592424377	coronary_heart	gout
coronary_heart_HF	0.6195131253526028	0.57666	0.565428	0.628194	0.613827	0.593436	0.617121	SBP	0.565428	0.05408512535260279	0.5093054345183824	0.11020769083422044	0.05612256548161765	0.0905914066787122	coronary_heart	HF
coronary_heart_hypertension	0.5433975488166511	0.489477	0.463673	0.555607	0.535157	0.528304	0.541462	SBP	0.463673	0.07972454881665114	0.3885331289728087	0.15486441984384247	0.07513987102719133	0.1382778983652435	coronary_heart	hypertension
coronary_heart_hyperthyroid	0.12426741212004304	0.110923	0.088557	0.124877	0.106448	0.107263	0.128589	SBP	0.088557	0.03571041212004304	0.0699679013992283	0.054299510720814737	0.018589098600771695	0.1495894883753958	coronary_heart	hyperthyroid
coronary_heart_hypothyroid	0.18650266706088967	0.150978	0.197439	0.188655	0.185878	0.167582	0.186351	BMI	0.150978	0.035524667060889664	0.15842608811735345	0.028076578943536212	-0.007448088117353452	-0.03993555821334067	coronary_heart	hypothyroid
coronary_heart_IBS	0.1508145008769094	0.153688	0.171899	0.155795	0.150667	0.128151	0.144111	SMK	0.128151	0.02266350087690941	0.15838015096114663	-0.007565650084237235	-0.030229150961146645	-0.20043928657642038	coronary_heart	IBS
coronary_heart_IDA	0.22865879527879546	0.141367	0.174612	0.225726	0.208598	0.1838	0.219332	BMI	0.141367	0.08729179527879546	0.048065719916741696	0.18059307536205377	0.0933012800832583	0.4080371365969081	coronary_heart	IDA
coronary_heart_insomnia	0.15446173229078802	0.132414	0.188514	0.157732	0.146366	0.077213	0.137235	SMK	0.077213	0.07724873229078802	0.10076486938429462	0.053696862906493406	-0.023551869384294613	-0.15247705069082168	coronary_heart	insomnia
coronary_heart_intervert_disc	0.3174065805432043	0.265855	0.316329	0.315296	0.309475	0.26737	0.311263	BMI	0.265855	0.0515515805432043	0.22473904545164314	0.09266753509156117	0.04111595454835687	0.1295371837533794	coronary_heart	intervert_disc
coronary_heart_isch_stroke_tia	0.6241526304511347	0.597696	0.580013	0.632055	0.620032	0.60251	0.623171	SBP	0.580013	0.04413963045113467	0.5438890790624511	0.08026355138868357	0.0361239209375489	0.05787674228247456	coronary_heart	isch_stroke_tia
coronary_heart_migraine	0.16882972225738374	0.168032	0.183851	0.164391	0.177266	0.144539	0.164948	SMK	0.144539	0.02429072225738374	0.15335862930651242	0.015471092950871318	-0.008819629306512422	-0.05223979041478697	coronary_heart	migraine
coronary_heart_OA	0.1932853900907052	0.079337	0.2021	0.192262	0.185736	0.14852	0.182432	BMI	0.079337	0.11394839009070519	0.06593466137435183	0.12735072871635336	0.013402338625648172	0.06933963616887291	coronary_heart	OA
coronary_heart_osteoporosis	0.04758453270979841	0.10512	0.073003	0.052135	0.062188	0.038501	0.041768	SMK	0.038501	0.009083532709798413	0.11093842031338781	-0.0633538876035894	-0.07243742031338782	-1.5222892017277665	coronary_heart	osteoporosis
coronary_heart_periph_neuro	0.32887617444455464	0.238763	0.325595	0.323063	0.311441	0.274927	0.32182	BMI	0.238763	0.09011317444455463	0.21030491100995805	0.11857126343459659	0.028458088990041958	0.08653131847603548	coronary_heart	periph_neuro
coronary_heart_peripheral_arterial	0.7086896772105183	0.677046	0.665013	0.704929	0.704735	0.697322	0.707683	SBP	0.665013	0.04367667721051838	0.6138765070920049	0.09481317011851342	0.051136492907995046	0.07215639588440739	coronary_heart	peripheral_arterial
coronary_heart_PMR	0.26467904303065065	0.252502	0.259845	0.264499	0.263322	0.258395	0.259779	BMI	0.252502	0.012177043030650647	0.24260434402825076	0.02207469900239989	0.009897655971749242	0.03739493636677182	coronary_heart	PMR
coronary_heart_pri_bladder	0.08309637139122411	0.075584	0.121881	0.09016	0.090993	0.038298	0.081143	SMK	0.038298	0.04479837139122411	0.08662048885103425	-0.0035241174598101416	-0.048322488851034254	-0.581523453335023	coronary_heart	pri_bladder
coronary_heart_pri_breast	-0.0663748934634973	-0.053298	-0.072217	-0.06889	-0.069738	-0.069068	-0.064544	BMI	-0.053298	0.013076893463497302	-0.0669677446192544	-0.0005928511557570931	-0.013669744619254395	-0.2059475187974808	coronary_heart	pri_breast
coronary_heart_pri_colorectal	-0.11768619188006413	-0.129662	-0.108431	-0.129582	-0.116729	-0.110627	-0.117333	SBP	-0.108431	0.009255191880064129	-0.12709011975756423	-0.009403927877500107	-0.018659119757564235	-0.1585497793707187	coronary_heart	pri_colorectal
coronary_heart_pri_prost	0.010482675572229223	0.033774	0.015087	0.002101	0.009088	0.028805	0.013885	ApoB	0.002101	0.008381675572229222	0.040981836004348515	-0.030499160432119293	-0.03888083600434852	-3.7090565034132985	coronary_heart	pri_prost
coronary_heart_pri_skin	-0.08873866429086062	-0.061118	-0.082605	-0.089716	-0.083739	-0.082668	-0.088797	BMI	-0.061118	0.027620664290860623	-0.058745302841800344	0.029993361449060278	0.0023726971581996548	0.026738031016813758	coronary_heart	pri_skin
coronary_heart_psoriasis	0.19608656073569974	0.154171	0.193088	0.195241	0.192454	0.15623	0.18967	BMI	0.154171	0.04191556073569974	0.12005585472138262	0.07603070601431712	0.03411514527861738	0.17398002775213312	coronary_heart	psoriasis
coronary_heart_RA	0.22180771333110003	0.181749	0.203903	0.222453	0.209624	0.16753	0.216462	SMK	0.16753	0.054277713331100014	0.12227590472612783	0.0995318086049722	0.04525409527387218	0.20402399264772111	coronary_heart	RA
coronary_heart_raynauds	0.07501049402696096	0.111916	0.071848	0.084829	0.096539	0.056275	0.066842	SMK	0.056275	0.01873549402696096	0.08863293629436422	-0.013622442267403265	-0.032357936294364224	-0.4313787919158863	coronary_heart	raynauds
coronary_heart_retinal_detach	-0.04231282052191339	-0.023279	-0.046213	-0.038601	-0.033931	-0.026534	-0.043489	BMI	-0.023279	0.019033820521913387	-0.015655939002431174	0.026656881519482215	0.007623060997568827	0.18015960419421626	coronary_heart	retinal_detach
coronary_heart_schizo	-0.02605483801744384	0.006044	-0.007757	-0.025867	-0.026412	-0.057884	-0.016941	BMI	0.006044	0.020010838017443838	-0.0037194679618310295	0.02233537005561281	0.0023245320381689704	0.08921690615050783	coronary_heart	schizo
coronary_heart_scoliosis	0.03042706328328468	0.045761	0.034803	0.028355	0.041004	0.020329	0.025159	SMK	0.020329	0.010098063283284681	0.02940473217862744	0.0010223311046572425	-0.009075732178627439	-0.2982782825318951	coronary_heart	scoliosis
coronary_heart_sinusitis	0.1359380535377062	0.122815	0.124073	0.144253	0.137361	0.097202	0.125544	SMK	0.097202	0.03873605353770619	0.08236088533616223	0.05357716820154396	0.014841114663837765	0.10917557135479486	coronary_heart	sinusitis
coronary_heart_sleep_apnoea	0.29848375554689816	0.17647	0.290275	0.294025	0.287334	0.264774	0.296001	BMI	0.17647	0.12201375554689817	0.16277162181101312	0.13571213373588503	0.013698378188986865	0.045893211722319534	coronary_heart	sleep_apnoea
coronary_heart_spondylolisthesis	0.1537135091234487	0.102638	0.1636	0.1499	0.14571	0.107797	0.146951	BMI	0.102638	0.0510755091234487	0.07548348789811878	0.07823002122532992	0.027154512101881217	0.17665664037422493	coronary_heart	spondylolisthesis
coronary_heart_spondylosis	0.3252751307180552	0.240703	0.320475	0.321477	0.314388	0.268019	0.318008	BMI	0.240703	0.0845721307180552	0.18832329459085015	0.13695183612720505	0.05237970540914985	0.16103200171965187	coronary_heart	spondylosis
coronary_heart_stroke_all	0.4948753244332256	0.454521	0.441108	0.499326	0.491059	0.469742	0.498952	SBP	0.441108	0.05376732443322563	0.39049815522670384	0.10437716920652179	0.050609844773296164	0.10226786884405475	coronary_heart	stroke_all
coronary_heart_tendon	0.25818319654721184	0.200024	0.258597	0.252435	0.245854	0.205618	0.248518	BMI	0.200024	0.05815919654721183	0.15140950470453676	0.10677369184267507	0.048614495295463245	0.18829457511412254	coronary_heart	tendon
coronary_heart_thromboembolic	0.183107232024753	0.099819	0.202454	0.186158	0.165094	0.152405	0.178407	BMI	0.099819	0.08328823202475301	0.12126346823979046	0.06184376378496255	-0.02144446823979046	-0.11711426142300883	coronary_heart	thromboembolic
coronary_heart_TIA	0.5699398388398784	0.548699	0.540124	0.569646	0.565003	0.546379	0.568648	SBP	0.540124	0.029815838839878372	0.4996974199512872	0.07024241888859123	0.04042658004871286	0.07093131115558056	coronary_heart	TIA
coronary_heart_tinnitus	0.036683298982858756	0.065472	0.049845	0.044215	0.055723	0.031194	0.026846	SLEEP	0.026846	0.009837298982858757	0.06873132106048775	-0.032048022077628996	-0.04188532106048776	-1.1418090036029689	coronary_heart	tinnitus
coronary_heart_ulc_colitis	0.017435531602095575	0.029536	0.008179	0.021817	0.017636	0.016183	0.017023	SBP	0.008179	0.009256531602095575	0.021348647761513063	-0.003913116159417487	-0.013169647761513062	-0.7553338815278912	coronary_heart	ulc_colitis
coronary_heart_ulcer_peptic	0.3174128918758558	0.253564	0.293826	0.312267	0.305852	0.247425	0.310324	SMK	0.247425	0.0699878918758558	0.15942057551870487	0.15799231635715094	0.08800442448129514	0.27725535645765387	coronary_heart	ulcer_peptic
coronary_heart_urine_incont	0.22371897572677107	0.148928	0.228885	0.227017	0.212355	0.172798	0.216829	BMI	0.148928	0.07479097572677107	0.12782360289460767	0.0958953728321634	0.02110439710539233	0.09433440787413232	coronary_heart	urine_incont
coronary_heart_urolithiasis	0.12898000550249408	0.097888	0.141252	0.123908	0.127952	0.125126	0.127798	BMI	0.097888	0.03109200550249408	0.10830433225163175	0.020675673250862336	-0.010416332251631744	-0.0807592790142215	coronary_heart	urolithiasis
coronary_heart_valve_nonrheumatic	0.40823194629540127	0.377895	0.343936	0.41183	0.40103	0.397124	0.404724	SBP	0.343936	0.06429594629540125	0.3086717219639547	0.09956022433144657	0.035264278036045316	0.08638294566620634	coronary_heart	valve_nonrheumatic
deaf_depression	0.3043029356937394	0.299259	0.304057	0.30435	0.308254	0.274162	0.304275	SMK	0.274162	0.03014093569373938	0.277511197006964	0.026791738686775368	-0.003349197006964011	-0.011006127822357764	deaf	depression
deaf_diabetes_type_2	0.03027542065063376	-0.01104	0.057376	0.029533	0.065033	0.00762	0.029925	SMK	0.00762	0.022655420650633758	0.0335666326751795	-0.003291212024545742	-0.0259466326751795	-0.85701972483201	deaf	diabetes_type_2
deaf_diverticuli	0.09953837426081233	0.089592	0.09848	0.099315	0.103776	0.079323	0.098804	SMK	0.079323	0.020215374260812324	0.07546667995928587	0.02407169430152646	0.003856320040714137	0.038742043652528764	deaf	diverticuli
deaf_ED	0.1262838209767861	0.107572	0.139325	0.126469	0.14464	0.085436	0.125187	SMK	0.085436	0.04084782097678609	0.09973180750071739	0.026552013476068698	-0.014295807500717392	-0.11320379277520669	deaf	ED
deaf_enthesopathy_lower	0.07771568137416843	0.056592	0.089455	0.078469	0.081382	0.03582	0.075897	SMK	0.03582	0.04189568137416843	0.03512633627118785	0.042589345102980576	0.0006936637288121467	0.008925659745199255	deaf	enthesopathy_lower
deaf_enthesopathy_shoulder	0.09109760022980036	0.07599	0.095519	0.090445	0.097243	0.05263	0.089579	SMK	0.05263	0.03846760022980036	0.05373505846032749	0.03736254176947287	-0.0011050584603274835	-0.01213048925042913	deaf	enthesopathy_shoulder
deaf_enthesopathy_upper	0.10305750621991847	0.089565	0.105272	0.102085	0.107241	0.060879	0.102644	SMK	0.060879	0.04217850621991846	0.06184987806370765	0.04120762815621082	-0.0009708780637076447	-0.009420740898153016	deaf	enthesopathy_upper
deaf_essential_tremor	0.12565393436986	0.122064	0.127848	0.125434	0.123685	0.127953	0.12459	BMI	0.122064	0.003589934369859993	0.125678527132325	-2.4592762464997753e-05	-0.0036145271323249906	-0.028765729863146964	deaf	essential_tremor
deaf_female_genital_prolapse	0.10133236529404678	0.097358	0.098257	0.10112	0.104397	0.090592	0.100841	SMK	0.090592	0.010740365294046775	0.08855388582675586	0.012778479467290924	0.002038114173244149	0.020113160956323664	deaf	female_genital_prolapse
deaf_fibromatosis	0.10283238136371146	0.108735	0.102499	0.1026	0.102163	0.089445	0.102946	SMK	0.089445	0.013387381363711467	0.09536581357641352	0.0074665677872979425	-0.005920813576413525	-0.057577326304172526	deaf	fibromatosis
deaf_fibromyalgia	0.25760232257239146	0.247554	0.267629	0.257695	0.260566	0.221271	0.260389	SMK	0.221271	0.03633132257239147	0.23054451294814346	0.027057809624248003	-0.009273512948143464	-0.03599933748864947	deaf	fibromyalgia
deaf_gastritis_duodenitis	0.209832895037042	0.197827	0.215995	0.209336	0.214719	0.17208	0.210128	SMK	0.17208	0.03775289503704199	0.17577984675524183	0.03405304828180017	-0.00369984675524182	-0.017632348610491615	deaf	gastritis_duodenitis
deaf_glaucoma	-0.02323150536794092	-0.020052	-0.017273	-0.023002	-0.02101	-0.018187	-0.022833	SBP	-0.017273	0.00595850536794092	-0.007267459108123468	0.01596404625981745	0.010005540891876531	0.43068844370645076	deaf	glaucoma
deaf_GORD	0.20178959955613876	0.189246	0.209449	0.201288	0.208863	0.168329	0.201385	SMK	0.168329	0.033460599556138754	0.17387848347130358	0.02791111608483518	-0.0055494834713035734	-0.027501335467786003	deaf	GORD
deaf_gout	0.05691844146184973	0.029665	0.080723	0.056079	0.065152	0.040759	0.055883	BMI	0.029665	0.027253441461849732	0.04983886377496489	0.007079577686884844	-0.020173863774964888	-0.3544345779124444	deaf	gout
deaf_HF	-0.03176449399535858	-0.085807	0.003483	-0.031125	-0.024468	-0.078645	-0.03453	SBP	0.003483	0.028281493995358578	-0.08562298173416706	-0.05385848773880848	-0.08213998173416706	-2.5859055631791064	deaf	HF
deaf_hypertension	0.021629619549995868	-0.00747	0.127997	0.022805	0.030853	-0.001335	0.020668	SMK	-0.001335	0.020294619549995868	0.08172654773540143	-0.06009692818540556	-0.08039154773540143	-3.716734247201162	deaf	hypertension
deaf_hyperthyroid	0.08417903954461822	0.079884	0.096851	0.084181	0.091725	0.072169	0.085193	SMK	0.072169	0.012010039544618226	0.09005150875438198	-0.005872469209763753	-0.01788250875438198	-0.21243422176257476	deaf	hyperthyroid
deaf_hypothyroid	0.10914494293414288	0.099397	0.109718	0.109328	0.109779	0.095019	0.109015	SMK	0.095019	0.014125942934142877	0.08838083100049089	0.02076411193365199	0.006638168999509114	0.060819757847274045	deaf	hypothyroid
deaf_IBS	0.2749112748861492	0.274756	0.273139	0.275734	0.275424	0.262225	0.274772	SMK	0.262225	0.012686274886149207	0.26413135391993176	0.010779920966217438	-0.0019063539199317692	-0.006934433375718257	deaf	IBS
deaf_IDA	0.08995427051463395	0.068426	0.111463	0.089421	0.101292	0.056797	0.088392	SMK	0.056797	0.03315727051463395	0.07250816896786991	0.017446101546764042	-0.015711168967869907	-0.1746572883975973	deaf	IDA
deaf_insomnia	0.1876493190202662	0.181783	0.182515	0.188065	0.191296	0.144667	0.198083	SMK	0.144667	0.042982319020266196	0.1565037777638237	0.031145541256442477	-0.01183677776382372	-0.06307924710638221	deaf	insomnia
deaf_intervert_disc	0.13257970064143837	0.118439	0.138893	0.132117	0.136808	0.093292	0.131539	SMK	0.093292	0.03928770064143837	0.09406655001771441	0.03851315062372396	-0.0007745500177144121	-0.005842146376609958	deaf	intervert_disc
deaf_isch_stroke_tia	0.0564354323253344	0.040299	0.090713	0.05707	0.060067	0.022235	0.055748	SMK	0.022235	0.0342004323253344	0.046495800407802455	0.009939631917531944	-0.024260800407802454	-0.4298859671694506	deaf	isch_stroke_tia
deaf_migraine	0.14880634609276125	0.147231	0.148212	0.148241	0.147086	0.132434	0.148054	SMK	0.132434	0.016372346092761253	0.1306593627031038	0.01814698338965745	0.0017746372968961976	0.011925817302105811	deaf	migraine
deaf_OA	0.08550069380958512	0.059566	0.086643	0.085228	0.088661	0.053626	0.083869	SMK	0.053626	0.031874693809585124	0.03574759235644947	0.049753101453135655	0.01787840764355053	0.20910248615486976	deaf	OA
deaf_osteoporosis	0.06152499285374425	0.07617	0.056016	0.062193	0.05787	0.055654	0.060337	SMK	0.055654	0.005870992853744247	0.060097846466567476	0.001427146387176774	-0.0044438464665674735	-0.07222831341291303	deaf	osteoporosis
deaf_periph_neuro	0.1158859507785245	0.093757	0.122982	0.115062	0.142461	0.071473	0.115347	SMK	0.071473	0.0444129507785245	0.08568447392460327	0.03020147685392123	-0.014211473924603271	-0.12263327719305284	deaf	periph_neuro
deaf_peripheral_arterial	0.045738198853742376	0.015113	0.092586	0.044069	0.053789	-0.026832	0.043722	BMI	0.015113	0.030625198853742375	0.00036966100892016433	0.04536853784482221	0.014743338991079836	0.32234192339372175	deaf	peripheral_arterial
deaf_PMR	0.017380236571318815	0.011397	0.023121	0.017152	0.018346	0.008611	0.015898	SMK	0.008611	0.008769236571318815	0.011096763230071461	0.0062834733412473545	-0.0024857632300714604	-0.14302240477977798	deaf	PMR
deaf_pri_bladder	0.11687812190625288	0.114515	0.109132	0.118042	0.115038	0.089682	0.116437	SMK	0.089682	0.027196121906252882	0.0800459912063389	0.03683213069991398	0.009636008793661097	0.08244493183583212	deaf	pri_bladder
deaf_pri_breast	-0.035969939804649104	-0.032157	-0.035649	-0.036289	-0.035138	-0.036903	-0.035519	BMI	-0.032157	0.0038129398046491056	-0.032048411925322616	0.003921527879326488	0.00010858807467738207	0.003018856168987725	deaf	pri_breast
deaf_pri_colorectal	0.010156167826955814	0.008515	0.005861	0.008689	0.009646	0.016923	0.010313	SBP	0.005861	0.004295167826955814	0.010269663367459037	-0.00011349554050322369	-0.004408663367459037	-0.4340872898691041	deaf	pri_colorectal
deaf_pri_prost	0.01437594525702827	0.020074	0.013396	0.013214	0.014821	0.025981	0.015172	ApoB	0.013214	0.0011619452570282695	0.03000254469484408	-0.01562659943781581	-0.01678854469484408	-1.1678219688987974	deaf	pri_prost
deaf_pri_skin	-0.02310224472337843	-0.015404	-0.026258	-0.023177	-0.024836	-0.017917	-0.023065	BMI	-0.015404	0.007698244723378432	-0.016379077174752094	0.0067231675486263374	-0.0009750771747520943	-0.042207031672786326	deaf	pri_skin
deaf_psoriasis	0.10319408462185374	0.09188	0.107704	0.102948	0.104877	0.07513	0.10197	SMK	0.07513	0.028064084621853738	0.07376295267280979	0.029431131949043954	0.0013670473271902156	0.013247341959567241	deaf	psoriasis
deaf_RA	0.08539735713123991	0.073817	0.094634	0.085331	0.090926	0.045583	0.084192	SMK	0.045583	0.039814357131239916	0.053547418312399134	0.03184993881884078	-0.007964418312399135	-0.09326305379871769	deaf	RA
deaf_raynauds	0.013784380046657108	0.022071	0.015882	0.015144	0.008079	0.000601	0.011822	SMK	0.000601	0.013183380046657107	0.004925418782120918	0.00885896126453619	-0.004324418782120918	-0.3137187720799708	deaf	raynauds
deaf_retinal_detach	-0.08638590162848736	-0.08166	-0.08641	-0.085891	-0.089302	-0.076773	-0.086653	SMK	-0.076773	0.009612901628487366	-0.07673404590671698	0.00965185572177038	3.8954093283014024e-05	0.0004509311421039586	deaf	retinal_detach
deaf_schizo	0.0898336213596315	0.098868	0.085124	0.089891	0.089941	0.072055	0.092775	SMK	0.072055	0.0177786213596315	0.07826658682463809	0.0115670345349934	-0.006211586824638099	-0.06914545724224136	deaf	schizo
deaf_scoliosis	0.08085519973301909	0.084604	0.080542	0.080562	0.078176	0.074902	0.079836	SMK	0.074902	0.005953199733019096	0.07597088791241047	0.004884311820608625	-0.001068887912410471	-0.01321977950632612	deaf	scoliosis
deaf_sinusitis	0.1238599590210165	0.119682	0.129955	0.125216	0.123775	0.098959	0.122837	SMK	0.098959	0.024900959021016494	0.10549031745362071	0.01836964156739579	-0.006531317453620705	-0.052731467903299356	deaf	sinusitis
deaf_sleep_apnoea	0.21465100933403566	0.208975	0.223391	0.214167	0.221634	0.190885	0.214109	SMK	0.190885	0.023766009334035665	0.20062762103830525	0.01402338829573041	-0.009742621038305255	-0.04538819113188506	deaf	sleep_apnoea
deaf_spondylolisthesis	0.05796931606363569	0.044267	0.058074	0.057352	0.061042	0.025749	0.056458	SMK	0.025749	0.032220316063635686	0.01956142935815742	0.03840788670547827	0.006187570641842582	0.10673872079239628	deaf	spondylolisthesis
deaf_spondylosis	0.16322224134226024	0.146437	0.171042	0.162652	0.169819	0.119893	0.163922	SMK	0.119893	0.04332924134226024	0.12206846872170085	0.04115377262055939	-0.0021754687217008517	-0.013328261539670429	deaf	spondylosis
deaf_stroke_all	-0.03598412718330269	-0.057148	-0.009487	-0.035744	-0.033608	-0.068949	-0.035435	SBP	-0.009487	0.026497127183302688	-0.05820252102016673	-0.02221839383686404	-0.04871552102016673	-1.3538058258856878	deaf	stroke_all
deaf_tendon	0.10964198854186621	0.0943	0.114305	0.108846	0.115873	0.070487	0.109477	SMK	0.070487	0.03915498854186622	0.07362993578843444	0.03601205275343178	-0.003142935788434442	-0.028665439492957835	deaf	tendon
deaf_thromboembolic	0.06376044983785585	0.042391	0.061902	0.064072	0.071844	0.041079	0.062637	SMK	0.041079	0.022681449837855854	0.029164681850865824	0.03459576798699003	0.011914318149134174	0.1868606350713104	deaf	thromboembolic
deaf_TIA	0.07446753960647569	0.061996	0.097566	0.073995	0.078339	0.04254	0.073768	SMK	0.04254	0.03192753960647569	0.06044315205153218	0.014024387554943507	-0.01790315205153218	-0.24041551723262955	deaf	TIA
deaf_tinnitus	0.40274241729012444	0.412137	0.401803	0.404811	0.402651	0.403336	0.404464	SBP	0.401803	0.0009394172901244224	0.41532410324340296	-0.01258168595327852	-0.013521103243402943	-0.033572583028081485	deaf	tinnitus
deaf_ulc_colitis	0.03434441796368644	0.037252	0.037223	0.034989	0.034339	0.033632	0.034244	SMK	0.033632	0.0007124179636864361	0.039165963596721864	-0.004821545633035426	-0.005533963596721862	-0.16113138392891435	deaf	ulc_colitis
deaf_ulcer_peptic	0.10315680110644797	0.08532	0.116469	0.102351	0.109501	0.043184	0.101808	SMK	0.043184	0.05997280110644797	0.051333084337764026	0.05182371676868394	-0.008149084337764026	-0.0789970632120993	deaf	ulcer_peptic
deaf_urine_incont	0.1513089242372636	0.135644	0.154238	0.15165	0.156993	0.117065	0.150419	SMK	0.117065	0.03424392423726361	0.11291062978087563	0.03839829445638798	0.004154370219124376	0.027456214100167783	deaf	urine_incont
deaf_urolithiasis	0.1324057545163273	0.124504	0.131823	0.131787	0.133062	0.129198	0.132096	BMI	0.124504	0.007901754516327297	0.12283191422535629	0.009573840290971011	0.001672085774643714	0.012628497762440715	deaf	urolithiasis
deaf_valve_nonrheumatic	-0.011680811309995777	-0.025584	0.016464	-0.011485	-0.008128	-0.027618	-0.013102	FG	-0.008128	0.0035528113099957768	-0.007392054485883862	0.0042887568241119145	0.0007359455141161377	0.06300465734656266	deaf	valve_nonrheumatic
depression_diabetes_type_2	0.15155712181407202	0.116615	0.162098	0.151821	0.129436	0.110478	0.150157	SMK	0.110478	0.041079121814072014	0.09982170399467882	0.0517354178193932	0.010656296005321184	0.07031207691047449	depression	diabetes_type_2
depression_diverticuli	0.28244220416507926	0.271709	0.282242	0.282497	0.276331	0.251678	0.278808	SMK	0.251678	0.030764204165079245	0.24438623361953396	0.0380559705455453	0.007291766380466053	0.02581684420011192	depression	diverticuli
depression_ED	0.3748980871978054	0.364765	0.379959	0.374911	0.369427	0.308339	0.366677	SMK	0.308339	0.0665590871978054	0.30587936549581385	0.06901872170199153	0.0024596345041861256	0.0065608083588016885	depression	ED
depression_enthesopathy_lower	0.32850575565109164	0.314682	0.332807	0.328798	0.323308	0.260544	0.314549	SMK	0.260544	0.06796175565109164	0.2583300081125647	0.07017574753852696	0.002213991887435318	0.0067395832473231155	depression	enthesopathy_lower
depression_enthesopathy_shoulder	0.3127442379105192	0.299017	0.313804	0.313244	0.305118	0.248204	0.298968	SMK	0.248204	0.06454023791051919	0.2352052761380851	0.0775389617724341	0.012998723861914918	0.04156343198762322	depression	enthesopathy_shoulder
depression_enthesopathy_upper	0.27308083750566936	0.25891	0.273495	0.274666	0.266975	0.195929	0.254709	SMK	0.195929	0.07715183750566937	0.18087959410006785	0.09220124340560151	0.015049405899932145	0.05510971050694726	depression	enthesopathy_upper
depression_essential_tremor	0.1304985095747597	0.125738	0.130841	0.130533	0.136816	0.139333	0.120525	SLEEP	0.120525	0.009973509574759704	0.13899175563183983	-0.008493246057080128	-0.018466755631839832	-0.1415093221525311	depression	essential_tremor
depression_female_genital_prolapse	0.18820355822093374	0.183455	0.187706	0.188242	0.182992	0.172146	0.185808	SMK	0.172146	0.016057558220933743	0.16542633844454524	0.022777219776388496	0.006719661555454753	0.03570422163626942	depression	female_genital_prolapse
depression_fibromatosis	0.010684727647654211	0.018054	0.010542	0.010702	0.012522	-0.02161	0.01136	SBP	0.010542	0.000142727647654212	-0.01758378618466907	-0.0068990585370148575	-0.0070417861846690695	-0.6590515375668059	depression	fibromatosis
depression_fibromyalgia	0.6430962793021792	0.644175	0.647024	0.643098	0.641252	0.599053	0.639062	SMK	0.599053	0.04404327930217922	0.6128437806597482	0.03025249864243096	-0.013790780659748259	-0.021444348387013795	depression	fibromyalgia
depression_gastritis_duodenitis	0.4470181980622799	0.438456	0.448638	0.448304	0.442402	0.383533	0.437759	SMK	0.383533	0.06348519806227987	0.38217454011908547	0.06484365794319441	0.001358459880914542	0.0030389364164661536	depression	gastritis_duodenitis
depression_glaucoma	0.018707758966351542	0.023267	0.019884	0.018696	0.013353	0.03134	0.021403	FG	0.013353	0.005354758966351542	0.030295080009646026	-0.011587321043294484	-0.016942080009646025	-0.9056178262783195	depression	glaucoma
depression_GORD	0.5067778989291567	0.501298	0.509194	0.508763	0.501992	0.459321	0.499907	SMK	0.459321	0.04745689892915672	0.4627704878349518	0.04400741109420492	-0.0034494878349518032	-0.006806705348123346	depression	GORD
depression_gout	0.054789227630635234	0.015602	0.060385	0.054966	0.039395	0.020556	0.04773	BMI	0.015602	0.03918722763063524	0.005269847507956211	0.04951938012267902	0.010332152492043788	0.1885799990045232	depression	gout
depression_HF	0.18453591781447062	0.155932	0.206352	0.184687	0.17083	0.104259	0.172131	SMK	0.104259	0.08027691781447062	0.10738238252586882	0.0771535352886018	-0.0031233825258688147	-0.016925607561174144	depression	HF
depression_hypertension	0.16609908476414112	0.138874	0.257496	0.1665	0.151421	0.125753	0.160979	SMK	0.125753	0.040346084764141116	0.193847725329289	-0.027748640565147892	-0.06809472532928901	-0.4099644825014104	depression	hypertension
depression_hyperthyroid	0.059368108550532254	0.053395	0.062001	0.059369	0.045871	0.033724	0.065385	SMK	0.033724	0.025644108550532257	0.029423659781721845	0.02994444876881041	0.004300340218278152	0.0724351899238602	depression	hyperthyroid
depression_hypothyroid	0.18347159732242568	0.171131	0.183518	0.183473	0.182774	0.159391	0.183561	SMK	0.159391	0.02408059732242568	0.15949219772774223	0.023979399594683454	-0.00010119772774222491	-0.0005515716286286212	depression	hypothyroid
depression_IBS	0.5741288215108261	0.575803	0.573958	0.574536	0.575242	0.570087	0.569128	SLEEP	0.569128	0.005000821510826148	0.5685094234333996	0.005619398077426507	0.0006185765666003595	0.001077417721292181	depression	IBS
depression_IDA	0.2363294079185727	0.215915	0.244917	0.236577	0.224081	0.175702	0.221186	SMK	0.175702	0.06062740791857271	0.1647197522531714	0.07160965566540131	0.0109822477468286	0.046470085308268246	depression	IDA
depression_insomnia	0.5958500447019794	0.591837	0.596157	0.59599	0.593083	0.544654	0.608893	SMK	0.544654	0.05119604470197947	0.5611467248438766	0.03470331985810282	-0.01649272484387665	-0.027679321316700842	depression	insomnia
depression_intervert_disc	0.37848257445559436	0.366961	0.380223	0.378808	0.373419	0.314517	0.369581	SMK	0.314517	0.06396557445559437	0.3098503508418569	0.06863222361373744	0.004666649158143077	0.012329891712598762	depression	intervert_disc
depression_isch_stroke_tia	0.26491363264868617	0.249583	0.284997	0.265085	0.259108	0.207318	0.261914	SMK	0.207318	0.05759563264868617	0.22209892662732608	0.04281470602136009	-0.01478092662732608	-0.055795266100660545	depression	isch_stroke_tia
depression_migraine	0.40074302411084733	0.400139	0.400607	0.401377	0.407796	0.383341	0.396983	SMK	0.383341	0.017402024110847347	0.3888903831052583	0.011852641005589026	-0.005549383105258321	-0.013847734761125465	depression	migraine
depression_OA	0.26528089231699953	0.247598	0.265472	0.265354	0.260339	0.210048	0.249709	SMK	0.210048	0.055232892316999516	0.20959958185906696	0.055681310457932565	0.000448418140933049	0.001690352203720757	depression	OA
depression_osteoporosis	0.19439047015989797	0.216923	0.193715	0.194518	0.206362	0.190435	0.187223	SLEEP	0.187223	0.007167470159897965	0.200226985450047	-0.00583651529014903	-0.013003985450046995	-0.06689620864310081	depression	osteoporosis
depression_periph_neuro	0.3649131070478757	0.358	0.366984	0.366295	0.364874	0.291969	0.351607	SMK	0.291969	0.07294410704787574	0.29341459221015964	0.07149851483771608	-0.001445592210159663	-0.003961469682068736	depression	periph_neuro
depression_peripheral_arterial	0.24830426516118237	0.22867	0.280463	0.251075	0.237573	0.122446	0.236446	SMK	0.122446	0.12585826516118237	0.1400092125924695	0.10829505256871286	-0.017563212592469513	-0.07073262547894077	depression	peripheral_arterial
depression_PMR	0.2251082221217368	0.218718	0.226599	0.22515	0.223674	0.217839	0.217476	SLEEP	0.217476	0.007632222121736809	0.2137728930198635	0.01133532910187332	0.0037031069801365113	0.01645034084154376	depression	PMR
depression_pri_bladder	0.07906798899209758	0.075759	0.077803	0.079165	0.084587	0.017335	0.076312	SMK	0.017335	0.06173298899209757	0.01903950382802972	0.060028485164067856	-0.0017045038280297208	-0.021557445051499625	depression	pri_bladder
depression_pri_breast	0.048124423690729494	0.053833	0.048221	0.048154	0.046235	0.049538	0.05139	FG	0.046235	0.0018894236907294956	0.05122697542884752	-0.003102551738118027	-0.004991975428847523	-0.10373060176114188	depression	pri_breast
depression_pri_colorectal	-0.02765385768871719	-0.030077	-0.028495	-0.027706	-0.026513	-0.014647	-0.026833	SMK	-0.014647	0.013006857688717191	-0.014114576751569182	0.01353928093714801	0.0005324232484308182	0.0192531275174692	depression	pri_colorectal
depression_pri_prost	0.0017574740865264457	0.00942	0.001564	0.001838	0.000724	0.026756	0.006698	FG	0.000724	0.0010334740865264457	0.029980521931419687	-0.028223047844893243	-0.02925652193141969	-16.64691511283882	depression	pri_prost
depression_pri_skin	-0.022406541870420717	-0.011899	-0.022987	-0.022402	-0.01847	-0.011681	-0.022277	SMK	-0.011681	0.010725541870420716	-0.008103546656613603	0.014302995213807113	0.003577453343386397	0.15966110987028562	depression	pri_skin
depression_psoriasis	0.18096816914133484	0.166746	0.181896	0.181017	0.178118	0.125925	0.171157	SMK	0.125925	0.055043169141334836	0.11896729667089012	0.06200087247044472	0.006957703329109888	0.03844711123576639	depression	psoriasis
depression_RA	0.31250549974856984	0.301115	0.315436	0.312515	0.305315	0.24597	0.305524	SMK	0.24597	0.06653549974856984	0.23858602193567283	0.07391947781289701	0.007383978064327168	0.02362831396653191	depression	RA
depression_raynauds	0.11875993898029352	0.131204	0.119183	0.119142	0.135065	0.096305	0.10724	SMK	0.096305	0.02245493898029352	0.10624249590441928	0.01251744307587424	-0.00993749590441928	-0.0836771725360036	depression	raynauds
depression_retinal_detach	-0.07223928760873062	-0.065737	-0.072186	-0.072328	-0.066457	-0.052643	-0.074207	SMK	-0.052643	0.01959628760873062	-0.049187173032317996	0.023052114576412625	0.003455826967682006	0.04783860807708665	depression	retinal_detach
depression_schizo	0.35298511114252346	0.368172	0.352625	0.352984	0.354018	0.332126	0.371718	SMK	0.332126	0.02085911114252348	0.3524804006689075	0.0005047104736159436	-0.020354400668907535	-0.057663623836783064	depression	schizo
depression_scoliosis	0.1456132488919297	0.15119	0.145515	0.145667	0.153956	0.138315	0.138882	SMK	0.138315	0.007298248891929704	0.1425578451482039	0.0030554037437257875	-0.0042428451482039164	-0.029137768578687807	depression	scoliosis
depression_sinusitis	0.4541371509529726	0.450875	0.45595	0.455191	0.456018	0.424415	0.44497	SMK	0.424415	0.029722150952972592	0.4248081733841769	0.029328977568795656	-0.0003931733841769369	-0.0008657591288268141	depression	sinusitis
depression_sleep_apnoea	0.3162758271832251	0.314179	0.318592	0.316994	0.309035	0.272985	0.313116	SMK	0.272985	0.04329082718322513	0.30594626361502486	0.01032956356820025	-0.03296126361502488	-0.10421682842024389	depression	sleep_apnoea
depression_spondylolisthesis	0.1889880636939819	0.173352	0.188989	0.189234	0.183495	0.129028	0.179326	SMK	0.129028	0.05996006369398191	0.11873897558455229	0.07024908810942962	0.010289024415447712	0.054442720954632186	depression	spondylolisthesis
depression_spondylosis	0.4426697575640559	0.441192	0.445121	0.443494	0.437032	0.374567	0.432306	SMK	0.374567	0.06810275756405593	0.3834583092990685	0.05921144826498742	-0.008891309299068506	-0.020085648832203998	depression	spondylosis
depression_stroke_all	0.19562440248749008	0.176618	0.209743	0.195637	0.190844	0.141143	0.200484	SMK	0.141143	0.05448140248749009	0.15730321571029196	0.03832118677719812	-0.01616021571029197	-0.08260838374356386	depression	stroke_all
depression_tendon	0.3176543824648462	0.303706	0.318765	0.318645	0.31019	0.250339	0.301621	SMK	0.250339	0.0673153824648462	0.23725726821178755	0.08039711425305862	0.013081731788212425	0.0411822802087742	depression	tendon
depression_thromboembolic	0.16411301935900682	0.140012	0.163782	0.164127	0.151687	0.12212	0.157117	SMK	0.12212	0.04199301935900682	0.10644407053620314	0.057668948822803684	0.015675929463796867	0.09551910948335461	depression	thromboembolic
depression_TIA	0.28291183464933145	0.270344	0.293892	0.283125	0.277067	0.229838	0.279802	SMK	0.229838	0.053073834649331464	0.23593235846722416	0.046979476182107294	-0.00609435846722417	-0.021541546590930397	depression	TIA
depression_tinnitus	0.3382452069156268	0.350395	0.337924	0.339012	0.356686	0.347315	0.328469	SLEEP	0.328469	0.009776206915626806	0.36067242723625614	-0.022427220320629326	-0.03220342723625613	-0.09520734241856997	depression	tinnitus
depression_ulc_colitis	0.10351973807290435	0.107913	0.104083	0.103571	0.103922	0.106612	0.103432	SLEEP	0.103432	8.773807290435309e-05	0.10794979291004046	-0.004430054837136113	-0.004517792910040466	-0.043641850280366684	depression	ulc_colitis
depression_ulcer_peptic	0.3835246872256134	0.372459	0.388991	0.384663	0.37689	0.289547	0.372786	SMK	0.289547	0.0939776872256134	0.28682888766501363	0.09669579956059976	0.0027181123349863667	0.007087190018063692	depression	ulcer_peptic
depression_urine_incont	0.3384054049699612	0.324972	0.338967	0.338455	0.331885	0.278663	0.329448	SMK	0.278663	0.059742404969961194	0.2730006600714385	0.06540474489852272	0.005662339928561522	0.016732415751646	depression	urine_incont
depression_urolithiasis	0.21744018343457347	0.207584	0.217273	0.217856	0.216847	0.218671	0.216442	BMI	0.207584	0.009856183434573479	0.21841772719764138	-0.0009775437630679118	-0.01083372719764139	-0.04982394250463461	depression	urolithiasis
depression_valve_nonrheumatic	0.14906061014263466	0.133746	0.161367	0.149062	0.141744	0.123451	0.141671	SMK	0.123451	0.02560961014263466	0.12486023741351603	0.024200372729118638	-0.0014092374135160207	-0.00945412347479012	depression	valve_nonrheumatic
diabetes_type_2_diverticuli	0.16695570788363884	0.10173	0.177768	0.166321	0.130059	0.147857	0.166088	BMI	0.10173	0.06522570788363884	0.0816510968793438	0.08530461100429504	0.020078903120656202	0.12026484973278279	diabetes_type_2	diverticuli
diabetes_type_2_ED	0.4650943599761151	0.349744	0.451981	0.466376	0.360989	0.444662	0.466123	BMI	0.349744	0.11535035997611509	0.2621789715903407	0.2029153883857744	0.0875650284096593	0.18827368367605274	diabetes_type_2	ED
diabetes_type_2_enthesopathy_lower	0.31903942050997824	0.175914	0.300921	0.322222	0.331788	0.290284	0.322496	BMI	0.175914	0.14312542050997826	0.21577937803601074	0.1032600424739675	-0.03986537803601076	-0.12495439583073067	diabetes_type_2	enthesopathy_lower
diabetes_type_2_enthesopathy_shoulder	0.24060646854271686	0.137632	0.238156	0.238429	0.192133	0.209081	0.241452	BMI	0.137632	0.10297446854271686	0.10317340893232202	0.13743305961039484	0.034458591067677985	0.1432155638889661	diabetes_type_2	enthesopathy_shoulder
diabetes_type_2_enthesopathy_upper	0.21279190917210758	0.117844	0.215651	0.208674	0.189818	0.17652	0.215959	BMI	0.117844	0.09494790917210758	0.10947218094155647	0.1033197282305511	0.00837181905844353	0.03934275081705454	diabetes_type_2	enthesopathy_upper
diabetes_type_2_essential_tremor	0.1210841338710435	0.108135	0.120813	0.120364	0.207562	0.123409	0.11949	BMI	0.108135	0.012949133871043503	0.20047904686711077	-0.07939491299606727	-0.09234404686711077	-0.7626436587097252	diabetes_type_2	essential_tremor
diabetes_type_2_female_genital_prolapse	0.13417858906932487	0.121095	0.150057	0.133534	0.109101	0.123724	0.133563	FG	0.109101	0.025077589069324863	0.11055259962895943	0.02362598944036544	-0.001451599628959424	-0.010818414763695562	diabetes_type_2	female_genital_prolapse
diabetes_type_2_fibromatosis	-0.008641407670595324	0.036033	-0.006637	-0.009592	0.006313	-0.024181	-0.008519	FG	0.006313	0.0023284076705953243	0.03380038764060245	-0.02515897997000712	-0.027487387640602448	-3.1808923601805708	diabetes_type_2	fibromatosis
diabetes_type_2_fibromyalgia	0.3106716628707676	0.196454	0.299828	0.311342	0.343408	0.277613	0.313766	BMI	0.196454	0.1142176628707676	0.2522280407660808	0.05844362210468679	-0.05577404076608081	-0.17952728694564446	diabetes_type_2	fibromyalgia
diabetes_type_2_gastritis_duodenitis	0.3078394810799768	0.199866	0.305142	0.305175	0.310285	0.276062	0.308842	BMI	0.199866	0.10797348107997679	0.2159954834630267	0.09184399761695008	-0.0161294834630267	-0.05239575965513097	diabetes_type_2	gastritis_duodenitis
diabetes_type_2_glaucoma	0.02261569124556358	0.055111	0.0053	0.023498	-0.023665	0.028335	0.023152	SBP	0.0053	0.01731569124556358	0.0008775752834637153	0.021738115962099864	0.004422424716536285	0.19554674091174692	diabetes_type_2	glaucoma
diabetes_type_2_GORD	0.30102214403501687	0.185389	0.294266	0.297952	0.273785	0.272121	0.300919	BMI	0.185389	0.11563314403501687	0.1656091875022876	0.13541295653272928	0.019779812497712407	0.0657088287013579	diabetes_type_2	GORD
diabetes_type_2_gout	0.3802306763537275	0.209823	0.339892	0.378093	0.331881	0.36967	0.379745	BMI	0.209823	0.17040767635372747	0.1598736749530289	0.22035700140069858	0.04994932504697111	0.1313658475059582	diabetes_type_2	gout
diabetes_type_2_HF	0.45822466231269754	0.23396	0.4004	0.461799	0.409466	0.437769	0.459992	BMI	0.23396	0.22426466231269754	0.17684468852821222	0.2813799737844853	0.05711531147178778	0.12464477835724097	diabetes_type_2	HF
diabetes_type_2_hypertension	0.48057360651768366	0.350164	0.430866	0.486631	0.43283	0.468121	0.480256	BMI	0.350164	0.13040960651768368	0.31085462237023315	0.1697189841474505	0.03930937762976683	0.0817967884557979	diabetes_type_2	hypertension
diabetes_type_2_hyperthyroid	0.08416869358258068	0.059426	0.053287	0.084261	-0.032215	0.071915	0.085441	FG	-0.032215	0.05195369358258068	-0.07130350588986206	0.012865187692718619	-0.03908850588986206	-0.46440670783978655	diabetes_type_2	hyperthyroid
diabetes_type_2_hypothyroid	0.11108403918438611	0.035285	0.114978	0.111842	0.128209	0.096704	0.110922	BMI	0.035285	0.07579903918438612	0.0635391340861934	0.047544905098192716	-0.0282541340861934	-0.2543491782765924	diabetes_type_2	hypothyroid
diabetes_type_2_IBS	0.1027239198541046	0.113871	0.115954	0.105046	0.122556	0.086561	0.100991	SMK	0.086561	0.016162919854104604	0.14562505565967082	-0.04290113580556622	-0.05906405565967082	-0.5749786003450564	diabetes_type_2	IBS
diabetes_type_2_IDA	0.3714680112501813	0.228399	0.336331	0.370078	0.290604	0.349236	0.374552	BMI	0.228399	0.14306901125018132	0.14838703052205687	0.22308098072812443	0.08001196947794312	0.21539396947979883	diabetes_type_2	IDA
diabetes_type_2_insomnia	0.15333972577874325	0.119669	0.178566	0.154842	0.129414	0.106229	0.158381	SMK	0.106229	0.04711072577874324	0.13947892746827845	0.0138607983104648	-0.03324992746827844	-0.21683831309477744	diabetes_type_2	insomnia
diabetes_type_2_intervert_disc	0.23056958403058853	0.120222	0.223275	0.228986	0.214587	0.196213	0.229833	BMI	0.120222	0.11034758403058853	0.10968377187583946	0.12088581215474907	0.01053822812416054	0.04570519640943831	diabetes_type_2	intervert_disc
diabetes_type_2_isch_stroke_tia	0.31870449140379387	0.233844	0.256205	0.321519	0.329962	0.294473	0.318133	BMI	0.233844	0.08486049140379387	0.22277338196369975	0.09593110944009411	0.011070618036300245	0.03473631007689169	diabetes_type_2	isch_stroke_tia
diabetes_type_2_migraine	0.07561129250271076	0.072107	0.082206	0.072945	0.143913	0.057432	0.074397	SMK	0.057432	0.01817929250271076	0.13151681083493819	-0.05590551833222743	-0.07408481083493819	-0.9798114591452349	diabetes_type_2	migraine
diabetes_type_2_OA	0.21997918856885662	-0.018799	0.226004	0.219257	0.215447	0.192617	0.220596	BMI	-0.018799	0.2011801885688566	0.021112801582917055	0.19886638698593956	-0.0023138015829170556	-0.01051827492396083	diabetes_type_2	OA
diabetes_type_2_osteoporosis	-0.10406617832357647	-0.00902	-0.09062	-0.102105	-0.038005	-0.112174	-0.106275	BMI	-0.00902	0.09504617832357647	0.04772097048802154	0.056345207835554925	-0.03870097048802154	-0.3718880726808984	diabetes_type_2	osteoporosis
diabetes_type_2_periph_neuro	0.38273796580027064	0.202104	0.379248	0.380136	0.181285	0.356302	0.389678	FG	0.181285	0.20145296580027064	0.007911705569295508	0.37482626023097515	0.17337329443070448	0.4529817000730422	diabetes_type_2	periph_neuro
diabetes_type_2_peripheral_arterial	0.4495537596478865	0.282496	0.386459	0.447176	0.420785	0.432525	0.451536	BMI	0.282496	0.1670577596478865	0.22918235762489889	0.22037140202298763	0.05331364237510114	0.11859236238366488	diabetes_type_2	peripheral_arterial
diabetes_type_2_PMR	0.17064615085023546	0.150418	0.160615	0.170072	0.194832	0.163785	0.169419	BMI	0.150418	0.020228150850235466	0.17595097724701517	-0.005304826396779705	-0.02553297724701517	-0.1496252749903731	diabetes_type_2	PMR
diabetes_type_2_pri_bladder	0.09285968142822347	0.08632	0.12296	0.096508	0.16704	0.06427	0.092268	SMK	0.06427	0.028589681428223476	0.17492190613027297	-0.0820622247020495	-0.11065190613027298	-1.1916033355746771	diabetes_type_2	pri_bladder
diabetes_type_2_pri_breast	-0.030266672637377593	-0.001661	-0.032832	-0.031425	-0.05823	-0.031161	-0.029682	BMI	-0.001661	0.028605672637377594	-0.038548646067645666	-0.008281973430268073	-0.03688764606764566	-1.2187545855995927	diabetes_type_2	pri_breast
diabetes_type_2_pri_colorectal	0.0038072751391708417	-0.009949	0.01693	-0.001663	0.016694	0.010639	0.004007	ApoB	-0.001663	0.0021442751391708417	0.005384118597378995	-0.001576843458208153	-0.0037211185973789946	-0.9773705501592379	diabetes_type_2	pri_colorectal
diabetes_type_2_pri_prost	-0.012899884584934117	0.033261	-0.010276	-0.017337	-0.026347	-0.001446	-0.011917	SMK	-0.001446	0.011453884584934118	0.010624847650908278	0.0022750369340258387	-0.009178847650908279	-0.7115449437143284	diabetes_type_2	pri_prost
diabetes_type_2_pri_skin	-0.11580813843165304	-0.069855	-0.11117	-0.116234	-0.108326	-0.111678	-0.115783	BMI	-0.069855	0.04595313843165304	-0.0698032459531302	0.04600489247852284	5.1754046869800785e-05	0.00044689473098079963	diabetes_type_2	pri_skin
diabetes_type_2_psoriasis	0.18419378356069316	0.107323	0.179487	0.183494	0.199082	0.158224	0.182975	BMI	0.107323	0.07687078356069316	0.12752556380175703	0.05666821975893613	-0.02020256380175703	-0.109681029463734	diabetes_type_2	psoriasis
diabetes_type_2_RA	0.19438563618806673	0.120298	0.17719	0.194386	0.14173	0.159618	0.193257	BMI	0.120298	0.07408763618806673	0.06228075768873259	0.13210487849933414	0.05801724231126741	0.2984646574149961	diabetes_type_2	RA
diabetes_type_2_raynauds	-0.14177421538599966	-0.098556	-0.153237	-0.137816	-0.046892	-0.157698	-0.145535	FG	-0.046892	0.09488221538599965	-0.024319562636919177	0.11745465274908048	0.022572437363080827	0.15921398190513192	diabetes_type_2	raynauds
diabetes_type_2_retinal_detach	-0.06742800681148113	-0.035418	-0.071021	-0.065524	-0.025934	-0.057352	-0.067766	FG	-0.025934	0.04149400681148113	0.002909909638656592	0.06451809717282454	0.023024090361343407	0.34146182647390727	diabetes_type_2	retinal_detach
diabetes_type_2_schizo	-0.01805565457574522	0.049675	-0.003136	-0.017913	-0.024181	-0.038396	-0.015418	SBP	-0.003136	0.01491965457574522	0.026530305864160022	-0.008474651288414802	-0.023394305864160022	-1.2956775267281861	diabetes_type_2	schizo
diabetes_type_2_scoliosis	-0.05919710191530663	-0.040525	-0.059453	-0.060453	-0.005507	-0.06707	-0.060991	FG	-0.005507	0.05369010191530663	0.0006249387441089832	0.05857216317119765	0.004882061255891017	0.08247128825454644	diabetes_type_2	scoliosis
diabetes_type_2_sinusitis	0.09574640440766317	0.072503	0.083558	0.099865	0.125103	0.069462	0.093441	SMK	0.069462	0.02628440440766318	0.10339741457712648	-0.007651010169463304	-0.03393541457712648	-0.35443017194294163	diabetes_type_2	sinusitis
diabetes_type_2_sleep_apnoea	0.4316737188693813	0.194356	0.427922	0.429742	0.443766	0.414386	0.431236	BMI	0.194356	0.23731771886938127	0.24828982387736104	0.18338389499202024	-0.05393382387736104	-0.12494118015482128	diabetes_type_2	sleep_apnoea
diabetes_type_2_spondylolisthesis	0.18377655029515746	0.092189	0.191157	0.181758	0.168917	0.155589	0.182556	BMI	0.092189	0.09158755029515747	0.09001456178439841	0.09376198851075905	0.002174438215601579	0.011831967746207475	diabetes_type_2	spondylolisthesis
diabetes_type_2_spondylosis	0.2851248462903746	0.093216	0.276705	0.282877	0.254167	0.250371	0.288265	BMI	0.093216	0.1919088462903746	0.08100267894440376	0.20412216734597083	0.012213321055596235	0.04283499391406262	diabetes_type_2	spondylosis
diabetes_type_2_stroke_all	0.29729804185510866	0.193901	0.238108	0.298664	0.321046	0.274945	0.298281	BMI	0.193901	0.10339704185510867	0.19255694347013316	0.1047410983849755	0.0013440565298668272	0.004520906096387501	diabetes_type_2	stroke_all
diabetes_type_2_tendon	0.2561556095268927	0.146562	0.253912	0.253197	0.213987	0.224322	0.261123	BMI	0.146562	0.1095936095268927	0.12444692943046116	0.13170868009643155	0.022115070569538833	0.08633451600136464	diabetes_type_2	tendon
diabetes_type_2_thromboembolic	0.2534501733316041	0.09993	0.269515	0.254914	0.172235	0.234979	0.252597	BMI	0.09993	0.15352017333160406	0.06080673092989571	0.19264344240170836	0.03912326907010429	0.15436276312550384	diabetes_type_2	thromboembolic
diabetes_type_2_TIA	0.28613802599064625	0.224271	0.241986	0.28482	0.285856	0.261592	0.285506	BMI	0.224271	0.06186702599064625	0.20105015934560194	0.08508786664504431	0.023220840654398056	0.08115258562368477	diabetes_type_2	TIA
diabetes_type_2_tinnitus	-0.0664672173557925	-0.021552	-0.060448	-0.062983	0.039526	-0.071508	-0.070213	BMI	-0.021552	0.0449152173557925	0.08347490308995135	-0.017007685734158853	-0.06192290308995135	-0.9316307429944618	diabetes_type_2	tinnitus
diabetes_type_2_ulc_colitis	0.008950145802082917	0.034764	0.001193	0.011178	0.011941	0.007929	0.008816	SBP	0.001193	0.0077571458020829175	0.03290358865452244	-0.023953442852439524	-0.03171058865452244	-3.543024812751387	diabetes_type_2	ulc_colitis
diabetes_type_2_ulcer_peptic	0.3478471872306061	0.232827	0.328171	0.345324	0.32885	0.316274	0.349618	BMI	0.232827	0.11502018723060609	0.21840630799093855	0.12944087923966754	0.014420692009061459	0.04145697460966165	diabetes_type_2	ulcer_peptic
diabetes_type_2_urine_incont	0.27986872128522255	0.143243	0.283872	0.281388	0.258022	0.251181	0.27947	BMI	0.143243	0.13662572128522255	0.1495100300471958	0.13035869123802676	-0.006267030047195782	-0.0223927490661197	diabetes_type_2	urine_incont
diabetes_type_2_urolithiasis	0.20288052037865	0.161958	0.214041	0.200423	0.244559	0.200507	0.202513	BMI	0.161958	0.04092252037865002	0.2163937670208462	-0.013513246642196192	-0.05443576702084621	-0.26831440948223595	diabetes_type_2	urolithiasis
diabetes_type_2_valve_nonrheumatic	0.19171047170763425	0.112986	0.1225	0.192717	0.161499	0.178955	0.190631	BMI	0.112986	0.07872447170763425	0.054845957138713715	0.13686451456892054	0.05814004286128629	0.3032700422851813	diabetes_type_2	valve_nonrheumatic
diverticuli_ED	0.18571280378001576	0.142669	0.189157	0.185936	0.161388	0.149407	0.180811	BMI	0.142669	0.043043803780015766	0.10538856071365427	0.08032424306636149	0.03728043928634572	0.20074242878000967	diverticuli	ED
diverticuli_enthesopathy_lower	0.24911744514471576	0.21271	0.252731	0.250162	0.241485	0.217894	0.243808	BMI	0.21271	0.03640744514471575	0.19647605219174696	0.052641392952968796	0.016233947808253046	0.06516584095032976	diverticuli	enthesopathy_lower
diverticuli_enthesopathy_shoulder	0.24579985096772666	0.218209	0.246737	0.245287	0.234067	0.216038	0.240395	SMK	0.216038	0.029761850967726655	0.19134767012555418	0.05445218084217249	0.024690329874445832	0.10044892125539838	diverticuli	enthesopathy_shoulder
diverticuli_enthesopathy_upper	0.22807634622320244	0.202243	0.22845	0.227597	0.219503	0.194487	0.222644	SMK	0.194487	0.03358934622320245	0.1747704494929484	0.05330589673025404	0.019716550507051595	0.08644715172592417	diverticuli	enthesopathy_upper
diverticuli_essential_tremor	0.014062006809412294	0.005594	0.014349	0.01378	0.021465	0.015069	0.008448	BMI	0.005594	0.008468006809412294	0.012209818823932012	0.0018521879854802824	-0.006615818823932012	-0.4704747276543605	diverticuli	essential_tremor
diverticuli_female_genital_prolapse	0.2853195465887591	0.279936	0.284946	0.285128	0.279428	0.277386	0.284105	SMK	0.277386	0.007933546588759055	0.26890452490058186	0.01641502168817721	0.008481475099418156	0.029726232222157565	diverticuli	female_genital_prolapse
diverticuli_fibromatosis	0.021559644734675393	0.033097	0.021428	0.021271	0.024037	0.007111	0.021897	SMK	0.007111	0.014448644734675394	0.019886831950393893	0.0016728127842815	-0.012775831950393893	-0.5925808197500546	diverticuli	fibromatosis
diverticuli_fibromyalgia	0.38027044079441663	0.355605	0.383094	0.380398	0.376223	0.354857	0.378481	SMK	0.354857	0.025413440794416653	0.34586990729381195	0.03440053350060468	0.008987092706188027	0.023633424379273977	diverticuli	fibromyalgia
diverticuli_gastritis_duodenitis	0.43359480533304945	0.412278	0.435126	0.433597	0.427241	0.412473	0.431554	BMI	0.412278	0.02131680533304947	0.39923110603032025	0.0343636993027292	0.01304689396967973	0.030090060603143644	diverticuli	gastritis_duodenitis
diverticuli_glaucoma	0.007194874014413501	0.014136	0.008271	0.007463	0.000119	0.012503	0.008495	FG	0.000119	0.007075874014413501	0.014789242967597486	-0.007594368953183985	-0.014670242967597487	-2.0389853857355345	diverticuli	glaucoma
diverticuli_GORD	0.41512262197892835	0.392424	0.41723	0.415285	0.40649	0.393814	0.412331	BMI	0.392424	0.022698621978928357	0.37704360871761855	0.0380790132613098	0.015380391282381445	0.0370502364074058	diverticuli	GORD
diverticuli_gout	0.138469625148106	0.084566	0.146115	0.137687	0.120309	0.124028	0.13527	BMI	0.084566	0.05390362514810601	0.08448770729581727	0.053981917852288744	7.82927041827336e-05	0.0005654142856167361	diverticuli	gout
diverticuli_HF	0.2560956383929508	0.208573	0.283181	0.257168	0.23928	0.225892	0.251466	BMI	0.208573	0.04752263839295079	0.21669360515350441	0.03940203323944638	-0.008120605153504407	-0.031709267695704466	diverticuli	HF
diverticuli_hypertension	0.19135190306082608	0.145033	0.292751	0.193182	0.171749	0.172726	0.188797	BMI	0.145033	0.04631890306082609	0.23696175661070326	-0.04560985354987718	-0.09192875661070327	-0.4804172581522817	diverticuli	hypertension
diverticuli_hyperthyroid	0.1456453227535172	0.137831	0.148822	0.145657	0.129677	0.134759	0.148842	FG	0.129677	0.0159683227535172	0.12767851338336617	0.01796680937015102	0.001998486616633821	0.013721598324279587	diverticuli	hyperthyroid
diverticuli_hypothyroid	0.14235800509777907	0.121982	0.142394	0.142573	0.141444	0.129033	0.142089	BMI	0.121982	0.02037600509777908	0.1168386330766084	0.025519372021170675	0.005143366923391596	0.03612980471213303	diverticuli	hypothyroid
diverticuli_IBS	0.4031671202088531	0.406054	0.402905	0.404195	0.404398	0.392986	0.400339	SMK	0.392986	0.01018112020885309	0.3974976730943078	0.005669447114545312	-0.004511673094307778	-0.011190577971662449	diverticuli	IBS
diverticuli_IDA	0.2232271186192667	0.182796	0.231301	0.222749	0.204833	0.196113	0.217392	BMI	0.182796	0.04043111861926671	0.16439157413579578	0.05883554448347092	0.01840442586420421	0.08244708787194696	diverticuli	IDA
diverticuli_insomnia	0.29189057449524275	0.281505	0.291508	0.292402	0.285618	0.258816	0.29653	SMK	0.258816	0.03307457449524276	0.2636859881968272	0.028204586298415546	-0.004869988196827213	-0.01668429412374391	diverticuli	insomnia
diverticuli_intervert_disc	0.26996328183839247	0.242583	0.271427	0.269551	0.262074	0.239593	0.265606	SMK	0.239593	0.030370281838392466	0.21975183866659279	0.05021144317179968	0.019841161333407215	0.07349577764165975	diverticuli	intervert_disc
diverticuli_isch_stroke_tia	0.21684027632698388	0.188195	0.233945	0.217704	0.208716	0.189698	0.214991	BMI	0.188195	0.02864527632698388	0.1913504748885041	0.025489801438479787	-0.003155474888504095	-0.01455207003954285	diverticuli	isch_stroke_tia
diverticuli_migraine	0.2382856053805595	0.23694	0.238121	0.23776	0.24658	0.223921	0.235701	SMK	0.223921	0.014364605380559503	0.23079014409217005	0.00749546128838946	-0.006869144092170043	-0.02882735648760452	diverticuli	migraine
diverticuli_OA	0.2622776892007234	0.220011	0.262454	0.262028	0.255865	0.237717	0.257289	BMI	0.220011	0.042266689200723406	0.2080307280087122	0.05424696119201122	0.011980271991287816	0.04567781585920261	diverticuli	OA
diverticuli_osteoporosis	0.1288934121846127	0.160806	0.128146	0.129712	0.143501	0.123923	0.12507	SMK	0.123923	0.004970412184612694	0.15558578275286625	-0.02669237056825355	-0.03166278275286624	-0.2456509003541311	diverticuli	osteoporosis
diverticuli_periph_neuro	0.2804953658950775	0.240961	0.282278	0.280117	0.261507	0.248594	0.276403	BMI	0.240961	0.0395343658950775	0.207327709003769	0.0731676568913085	0.033633290996231	0.11990676169962791	diverticuli	periph_neuro
diverticuli_peripheral_arterial	0.192751613066761	0.141648	0.218954	0.192373	0.17595	0.142298	0.187202	BMI	0.141648	0.051103613066761006	0.13012160223011876	0.06263001083664224	0.011526397769881236	0.05979922858486782	diverticuli	peripheral_arterial
diverticuli_PMR	0.15416446948499243	0.143757	0.155444	0.153942	0.152132	0.147298	0.150126	BMI	0.143757	0.010407469484992438	0.14070263833044006	0.013461831154552378	0.0030543616695599407	0.019812358059956715	diverticuli	PMR
diverticuli_pri_bladder	0.046685801494771695	0.041479	0.045377	0.047833	0.053708	0.01777	0.045159	SMK	0.01777	0.028915801494771694	0.021101010858444406	0.02558479063632729	-0.0033310108584444047	-0.07134954850924947	diverticuli	pri_bladder
diverticuli_pri_breast	0.020277199637349187	0.028859	0.020363	0.019936	0.017701	0.019985	0.021797	FG	0.017701	0.002576199637349185	0.025106177145383376	-0.004828977508034189	-0.007405177145383374	-0.36519723027944917	diverticuli	pri_breast
diverticuli_pri_colorectal	0.057844360652171946	0.055041	0.05716	0.056429	0.059791	0.065053	0.058415	BMI	0.055041	0.002803360652171946	0.0609295320261062	-0.0030851713739342562	-0.005888532026106202	-0.10179958702482607	diverticuli	pri_colorectal
diverticuli_pri_prost	0.003746190597661742	0.015582	0.003566	0.002383	0.00241	0.014987	0.006211	ApoB	0.002383	0.001363190597661742	0.020360077018776408	-0.016613886421114665	-0.01797707701877641	-4.7987619823714125	diverticuli	pri_prost
diverticuli_pri_skin	0.0050208782181753895	0.021663	0.004496	0.00494	0.010332	0.010441	0.005155	SBP	0.004496	0.0005248782181753895	0.023779272687330277	-0.018758394469154886	-0.019283272687330277	-3.8406174874996086	diverticuli	pri_skin
diverticuli_psoriasis	0.15901124502993963	0.135688	0.159865	0.158749	0.155325	0.133306	0.154273	SMK	0.133306	0.025705245029939622	0.11830812822315866	0.04070311680678097	0.014997871776841351	0.0943195669841932	diverticuli	psoriasis
diverticuli_RA	0.20439492315447436	0.182483	0.206751	0.204339	0.192887	0.171754	0.200547	SMK	0.171754	0.032640923154474366	0.15571994430975547	0.048674978844718886	0.01603405569024452	0.07844644789991459	diverticuli	RA
diverticuli_raynauds	0.08216918689759996	0.100776	0.082553	0.083983	0.102331	0.070248	0.076384	SMK	0.070248	0.011921186897599953	0.10145376554420525	-0.019284578646605294	-0.031205765544205247	-0.37977454472190625	diverticuli	raynauds
diverticuli_retinal_detach	0.03225880251790824	0.043571	0.032324	0.032932	0.040681	0.043314	0.031533	SLEEP	0.031533	0.0007258025179082417	0.0556457721730126	-0.02338696965510436	-0.024112772173012602	-0.7474788365013416	diverticuli	retinal_detach
diverticuli_schizo	0.029747659233832602	0.04755	0.02889	0.029805	0.029742	0.011129	0.036902	SMK	0.011129	0.018618659233832602	0.02928742678151815	0.0004602324523144512	-0.01815842678151815	-0.6104153149927916	diverticuli	schizo
diverticuli_scoliosis	0.13228668360334853	0.14122	0.132192	0.131972	0.143074	0.127047	0.128876	SMK	0.127047	0.005239683603348533	0.14080926136320754	-0.008522577759859012	-0.013762261363207545	-0.10403361085438222	diverticuli	scoliosis
diverticuli_sinusitis	0.19736953623832892	0.190122	0.198651	0.199062	0.198976	0.175059	0.191336	SMK	0.175059	0.022310536238328932	0.17775533245240455	0.019614203785924378	-0.002696332452404554	-0.01366134056852959	diverticuli	sinusitis
diverticuli_sleep_apnoea	0.3002027005863098	0.261839	0.302377	0.299786	0.289969	0.279603	0.298342	BMI	0.261839	0.038363700586309835	0.25718103516403945	0.04302166542227037	0.0046579648359605375	0.015516065734463133	diverticuli	sleep_apnoea
diverticuli_spondylolisthesis	0.1427210430091416	0.115817	0.142715	0.142115	0.13517	0.114225	0.137879	SMK	0.114225	0.028496043009141603	0.09154586771441348	0.05117517529472812	0.022679132285586517	0.15890531492355944	diverticuli	spondylolisthesis
diverticuli_spondylosis	0.35673802288367923	0.326428	0.358867	0.356418	0.347233	0.329578	0.354779	BMI	0.326428	0.030310022883679233	0.3092508499692182	0.04748717291446103	0.017177150030781796	0.048150600521724346	diverticuli	spondylosis
diverticuli_stroke_all	0.211489078646852	0.180075	0.225983	0.211832	0.205472	0.187296	0.213725	BMI	0.180075	0.031414078646852	0.18796853236814814	0.02352054627870387	-0.007893532368148132	-0.037323593344169244	diverticuli	stroke_all
diverticuli_tendon	0.26117272020638216	0.232623	0.262167	0.260687	0.249874	0.23118	0.257216	SMK	0.23118	0.029992720206382162	0.20831585114983225	0.052856869056549904	0.022864148850167743	0.08754416936079766	diverticuli	tendon
diverticuli_thromboembolic	0.1060852403416925	0.060654	0.105754	0.106452	0.087603	0.084834	0.102363	BMI	0.060654	0.045431240341692505	0.03846722010785375	0.06761802023383875	0.02218677989214625	0.2091410626085619	diverticuli	thromboembolic
diverticuli_TIA	0.22982562067872558	0.207338	0.239218	0.229405	0.221547	0.2043	0.227903	SMK	0.2043	0.025525620678725575	0.19996847509351678	0.0298571455852088	0.004331524906483225	0.018847006237560807	diverticuli	TIA
diverticuli_tinnitus	0.13994043656058044	0.156143	0.139527	0.141481	0.159517	0.137464	0.134022	SLEEP	0.134022	0.005918436560580442	0.162348479545247	-0.02240804298466656	-0.028326479545247002	-0.20241811617462277	diverticuli	tinnitus
diverticuli_ulc_colitis	0.06844379759195035	0.075157	0.068953	0.069206	0.068909	0.068112	0.068206	SMK	0.068112	0.00033179759195034464	0.07493294515267018	-0.006489147560719832	-0.006820945152670177	-0.09965760803243895	diverticuli	ulc_colitis
diverticuli_ulcer_peptic	0.3774294796572846	0.351799	0.382693	0.377281	0.367844	0.351985	0.374498	BMI	0.351799	0.0256304796572846	0.33862600580591756	0.03880347385136701	0.01317299419408241	0.03490186883664683	diverticuli	ulcer_peptic
diverticuli_urine_incont	0.3159520060781615	0.286072	0.316471	0.316394	0.306723	0.290418	0.312193	BMI	0.286072	0.029880006078161492	0.26574495835735584	0.05020704772080564	0.02032704164264415	0.06433585244467656	diverticuli	urine_incont
diverticuli_urolithiasis	0.19587319945619913	0.180239	0.195712	0.195257	0.195251	0.193427	0.19506	BMI	0.180239	0.01563419945619912	0.1816832633178108	0.014189936138388343	-0.0014442633178107789	-0.007373460595020009	diverticuli	urolithiasis
diverticuli_valve_nonrheumatic	0.2295586684042662	0.207575	0.245281	0.229837	0.220847	0.217878	0.226304	BMI	0.207575	0.021983668404266188	0.21827028232247056	0.011288386081795637	-0.01069528232247055	-0.046590627122978144	diverticuli	valve_nonrheumatic
ED_enthesopathy_lower	0.3900912967535553	0.309258	0.381271	0.390012	0.381163	0.329816	0.374675	BMI	0.309258	0.08083329675355533	0.25984875769890153	0.13024253905465377	0.049409242301098444	0.12666071433096673	ED	enthesopathy_lower
ED_enthesopathy_shoulder	0.3140551001332408	0.253452	0.311487	0.315123	0.284909	0.251103	0.297055	SMK	0.251103	0.06295210013324076	0.18082807944909823	0.13322702068414255	0.07027492055090179	0.2237662133844889	ED	enthesopathy_shoulder
ED_enthesopathy_upper	0.15399651141220702	0.08569	0.15287	0.156005	0.128295	0.066352	0.124173	SMK	0.066352	0.08764451141220703	-0.013941234457609168	0.14005527695459785	0.052410765542390825	0.3403373560982909	ED	enthesopathy_upper
ED_essential_tremor	0.18360057336365734	0.175402	0.18286	0.183828	0.217019	0.19476	0.172622	SLEEP	0.172622	0.010978573363657346	0.209230929088609	-0.025630355724951648	-0.036608929088608994	-0.19939441592100995	ED	essential_tremor
ED_female_genital_prolapse	0.24898487150349707	0.243865	0.255853	0.249209	0.236945	0.236393	0.246874	SMK	0.236393	0.012591871503497082	0.22904921027275305	0.01993566123074403	0.0073437897272469466	0.029494923458206177	ED	female_genital_prolapse
ED_fibromatosis	0.08858352131981236	0.12212	0.090305	0.088797	0.100837	0.061407	0.089995	SMK	0.061407	0.027176521319812352	0.10006468867893191	-0.011481167359119554	-0.038657688678931906	-0.43639819351238446	ED	fibromatosis
ED_fibromyalgia	0.31171569327927356	0.236631	0.304639	0.311691	0.307304	0.227975	0.293792	SMK	0.227975	0.08374069327927355	0.16587419266323092	0.14584150061604265	0.06210080733676909	0.19922258864628767	ED	fibromyalgia
ED_gastritis_duodenitis	0.4218624840557179	0.362498	0.41909	0.423856	0.411992	0.357145	0.409723	SMK	0.357145	0.06471748405571792	0.3085150032427096	0.11334748081300833	0.048629996757290406	0.11527452332278865	ED	gastritis_duodenitis
ED_glaucoma	-0.06724604488702136	-0.055274	-0.07604	-0.067435	-0.093533	-0.059351	-0.064751	BMI	-0.055274	0.011972044887021367	-0.07642625969219469	-0.009180214805173323	-0.02115225969219469	-0.3145502419916613	ED	glaucoma
ED_GORD	0.4100649925963414	0.346541	0.405736	0.412594	0.388828	0.354454	0.400136	BMI	0.346541	0.0635239925963414	0.29352604563831286	0.11653894695802852	0.05301495436168713	0.12928427278325083	ED	GORD
ED_gout	0.29354928741082353	0.176172	0.274665	0.294921	0.247197	0.273796	0.287746	BMI	0.176172	0.11737728741082354	0.14845581303638858	0.14509347437443496	0.027716186963611417	0.09441749018733774	ED	gout
ED_HF	0.3629981457941019	0.218608	0.344496	0.362893	0.312965	0.301827	0.35156	BMI	0.218608	0.1443901457941019	0.13892849721584608	0.22406964857825581	0.07967950278415392	0.21950388371776797	ED	HF
ED_hypertension	0.3483778225009851	0.245837	0.377505	0.34855	0.294848	0.320381	0.344243	BMI	0.245837	0.10254082250098509	0.23906884502122014	0.10930897747976495	0.006768154978779861	0.01942762868827772	ED	hypertension
ED_hyperthyroid	0.0018363499890948565	-0.021935	-0.013645	0.001842	-0.058332	-0.026406	0.008434	ApoB	0.001842	-5.650010905143598e-06	-0.09017461890628004	-0.08833826891718517	-0.08833261890628004	-48.10227866737947	ED	hyperthyroid
ED_hypothyroid	0.165684475608992	0.121371	0.166815	0.165582	0.169274	0.140983	0.16586	BMI	0.121371	0.04431347560899199	0.11919156185409581	0.046492913754896184	0.0021794381459041973	0.01315414819580064	ED	hypothyroid
ED_IBS	0.3091460647978712	0.32554	0.31583	0.308968	0.322674	0.289277	0.299634	SMK	0.289277	0.019869064797871205	0.31310160532505416	-0.003955540527182944	-0.02382460532505415	-0.07706585345225525	ED	IBS
ED_IDA	0.20339493440204168	0.089422	0.18369	0.204055	0.137439	0.141421	0.184161	BMI	0.089422	0.11397293440204168	-0.013964634222663105	0.18943030017937856	0.0754573657773369	0.37098940541057773	ED	IDA
ED_insomnia	0.2100125229450135	0.188284	0.220623	0.209824	0.194036	0.110947	0.176034	SMK	0.110947	0.09906552294501349	0.0755914323669025	0.134421090578111	0.03535556763309751	0.1683498066558368	ED	insomnia
ED_intervert_disc	0.31313817758933704	0.24979	0.308751	0.313831	0.29786	0.244098	0.301365	SMK	0.244098	0.06904017758933703	0.18724046566113478	0.12589771192820226	0.05685753433886523	0.1815733066359946	ED	intervert_disc
ED_isch_stroke_tia	0.4379545025049365	0.390106	0.423872	0.437886	0.431318	0.395587	0.436205	BMI	0.390106	0.047848502504936496	0.3636865931523736	0.07426790935256289	0.026419406847626392	0.06032454672007533	ED	isch_stroke_tia
ED_migraine	0.18707666678224635	0.189536	0.190189	0.18796	0.218124	0.157046	0.180868	SMK	0.157046	0.030030666782246362	0.18720197016832762	-0.00012530338608127134	-0.030155970168327634	-0.16119578505976165	ED	migraine
ED_OA	0.28481429233686095	0.156329	0.285976	0.285114	0.273679	0.232293	0.266332	BMI	0.156329	0.12848529233686096	0.1323392527310898	0.15247503960577116	0.023989747268910205	0.08422943621290113	ED	OA
ED_osteoporosis	0.05669333121741857	0.130087	0.065097	0.056289	0.100931	0.045489	0.046814	SMK	0.045489	0.011204331217418567	0.12957900978274184	-0.07288567856532327	-0.08409000978274184	-1.4832434075933407	ED	osteoporosis
ED_periph_neuro	0.4878371270465795	0.399428	0.484277	0.490549	0.413577	0.430528	0.475528	BMI	0.399428	0.0884091270465795	0.2919146306329116	0.19592249641366788	0.10751336936708838	0.2203878372644295	ED	periph_neuro
ED_peripheral_arterial	0.5056298636420241	0.417921	0.503221	0.512652	0.475213	0.430955	0.49645	BMI	0.417921	0.08770886364202413	0.3627812397987663	0.1428486238432578	0.05513976020123368	0.10905162880227251	ED	peripheral_arterial
ED_PMR	0.31726084201181537	0.309031	0.31277	0.317493	0.325356	0.31475	0.309498	BMI	0.309031	0.00822984201181537	0.3114577333278652	0.0058031086839501755	-0.0024267333278651937	-0.007649016224242441	ED	PMR
ED_pri_bladder	0.00842895948286977	-0.005059	0.020211	0.007754	0.029901	-0.056998	0.004694	SLEEP	0.004694	0.0037349594828697697	-0.038006969400106526	-0.029578009917236754	-0.03331296940010653	-3.952204239183816	ED	pri_bladder
ED_pri_breast	0.07092937815338358	0.096052	0.070838	0.071179	0.066326	0.073408	0.075005	FG	0.066326	0.004603378153383589	0.08963284209381454	-0.01870346394043096	-0.023306842093814548	-0.328592223710377	ED	pri_breast
ED_pri_colorectal	0.06287708583686213	0.058668	0.069219	0.064354	0.071394	0.080284	0.064516	BMI	0.058668	0.0042090858368621364	0.08819220971099406	-0.02531512387413193	-0.029524209710994065	-0.469554358603644	ED	pri_colorectal
ED_pri_prost	0.09024775654329151	0.125279	0.092333	0.091464	0.090897	0.119392	0.096837	FG	0.090897	-0.0006492434567084981	0.14697338892493667	-0.05672563238164516	-0.05607638892493666	-0.6213604755707919	ED	pri_prost
ED_pri_skin	-0.01637462351862634	0.022601	-0.012456	-0.016322	-0.000669	-0.005571	-0.016201	FG	-0.000669	0.01570562351862634	0.03334851254497224	-0.016973889026345897	-0.032679512544972235	-1.9957413071389933	ED	pri_skin
ED_psoriasis	0.20328183441413483	0.153141	0.199736	0.203536	0.199642	0.151069	0.192077	SMK	0.151069	0.05221283441413482	0.11305590833880082	0.09022592607533401	0.03801309166119919	0.18699699247969803	ED	psoriasis
ED_RA	0.25195293901282095	0.206342	0.243607	0.25203	0.222236	0.181189	0.243109	SMK	0.181189	0.07076393901282096	0.1248259977666473	0.12712694124617366	0.056363002233352694	0.22370448407622898	ED	RA
ED_raynauds	0.14467048424726653	0.197046	0.143102	0.144264	0.212976	0.124045	0.131514	SMK	0.124045	0.020625484247266526	0.20941258871768134	-0.06474210447041481	-0.08536758871768134	-0.590082967938184	ED	raynauds
ED_retinal_detach	-0.07844942021489115	-0.057663	-0.079516	-0.078937	-0.057314	-0.059574	-0.080892	FG	-0.057314	0.021135420214891155	-0.0346697320369439	0.04377968817794725	0.022644267963056096	0.28864799639089994	ED	retinal_detach
ED_schizo	0.0204889021511332	0.063931	0.027656	0.020455	0.02106	-0.019981	0.037006	SMK	-0.019981	0.0005079021511332008	0.029522566643371533	-0.009033664492238334	-0.009541566643371534	-0.46569438289029114	ED	schizo
ED_scoliosis	-0.01766301387941891	-0.001369	-0.016913	-0.017428	0.011252	-0.033412	-0.027205	BMI	-0.001369	0.016294013879418912	-0.0032274971145702914	0.01443551676484862	-0.0018584971145702914	-0.10521970526988192	ED	scoliosis
ED_sinusitis	0.22889601912162777	0.220701	0.223898	0.228696	0.242924	0.183947	0.212099	SMK	0.183947	0.04494901912162777	0.18405005630934407	0.0448459628122837	-0.0001030563093440684	-0.00045023198629464886	ED	sinusitis
ED_sleep_apnoea	0.34237800841826554	0.191343	0.336468	0.343828	0.31774	0.301778	0.339195	BMI	0.191343	0.15103500841826553	0.1876554126948515	0.15472259572341404	0.0036875873051485097	0.010770514502916247	ED	sleep_apnoea
ED_spondylolisthesis	0.4241087587628388	0.38569	0.427546	0.425106	0.420891	0.383693	0.416078	SMK	0.383693	0.040415758762838816	0.35946074681439816	0.06464801194844066	0.02423225318560185	0.05713688454888172	ED	spondylolisthesis
ED_spondylosis	0.4829437918347251	0.399891	0.478982	0.484468	0.466737	0.4215	0.470527	BMI	0.399891	0.08305279183472508	0.34786782503599206	0.13507596679873302	0.052023174964007934	0.10772097259262732	ED	spondylosis
ED_stroke_all	0.41614694968439764	0.35948	0.400615	0.416045	0.415506	0.379072	0.423902	BMI	0.35948	0.056666949684397616	0.3518577937914488	0.06428915589294881	0.007622206208551197	0.018316141003392704	ED	stroke_all
ED_tendon	0.19972493819184498	0.121955	0.196008	0.201161	0.163805	0.122562	0.172587	BMI	0.121955	0.07776993819184498	0.02570460350736095	0.17402033468448402	0.09625039649263904	0.481914764195276	ED	tendon
ED_thromboembolic	0.20373437444253967	0.101821	0.208211	0.203568	0.152366	0.165142	0.196046	BMI	0.101821	0.10191337444253967	0.05608328678599739	0.14765108765654228	0.04573771321400261	0.2244967906822335	ED	thromboembolic
ED_TIA	0.4134731020982068	0.378225	0.399183	0.414159	0.404366	0.371697	0.411248	SMK	0.371697	0.04177610209820681	0.3426507628859042	0.07082233921230263	0.02904623711409582	0.07024939945717884	ED	TIA
ED_tinnitus	0.10484329721357638	0.146346	0.109518	0.10433	0.165494	0.101375	0.088978	SLEEP	0.088978	0.01586529721357638	0.17110666050528378	-0.0662633632917074	-0.08212866050528378	-0.7833467917169699	ED	tinnitus
ED_ulc_colitis	-0.033439170033793854	-0.02154	-0.037325	-0.033928	-0.03501	-0.037489	-0.034488	BMI	-0.02154	0.011899170033793854	-0.033569804327962444	-0.0001306342941685898	-0.012029804327962444	-0.35975188127591207	ED	ulc_colitis
ED_ulcer_peptic	0.39343121770597317	0.322922	0.383738	0.395382	0.369213	0.303849	0.380426	SMK	0.303849	0.08958221770597319	0.22891510477246008	0.1645161129335131	0.0749338952275399	0.19046250489339916	ED	ulcer_peptic
ED_urine_incont	0.5194257930579019	0.461961	0.520575	0.51934	0.509368	0.477266	0.511712	BMI	0.461961	0.05746479305790192	0.4321655672421013	0.08726022581580062	0.0297954327578987	0.05736225107823499	ED	urine_incont
ED_urolithiasis	0.09287007064620469	0.052552	0.095139	0.093671	0.092427	0.087437	0.090943	BMI	0.052552	0.040318070646204685	0.06238929887387935	0.03048077177232534	-0.009837298873879345	-0.10592539453701132	ED	urolithiasis
ED_valve_nonrheumatic	0.2583575080713077	0.21106	0.2342	0.258248	0.238364	0.239365	0.250978	BMI	0.21106	0.0472975080713077	0.1808866587619449	0.0774708493093628	0.030173341238055096	0.11678910151791344	ED	valve_nonrheumatic
enthesopathy_lower_enthesopathy_shoulder	0.7262238286918609	0.706468	0.726867	0.73043	0.723327	0.702392	0.712965	SMK	0.702392	0.023831828691860846	0.6882578496262568	0.03796597906560406	0.014134150373743215	0.019462526311210288	enthesopathy_lower	enthesopathy_shoulder
enthesopathy_lower_enthesopathy_upper	0.6321813008005118	0.608699	0.634397	0.640989	0.628519	0.595984	0.608016	SMK	0.595984	0.03619730080051187	0.5745158509450664	0.057665449855445416	0.02146814905493355	0.033958848557761975	enthesopathy_lower	enthesopathy_upper
enthesopathy_lower_essential_tremor	0.1360716709213868	0.12476	0.134969	0.136998	0.143594	0.144094	0.115587	SLEEP	0.115587	0.02048467092138681	0.1142714564858304	0.02180021443555641	0.0013155435141695981	0.009668019105384779	enthesopathy_lower	essential_tremor
enthesopathy_lower_female_genital_prolapse	0.26738887902329755	0.262861	0.273916	0.268414	0.261881	0.255799	0.266817	SMK	0.255799	0.011589879023297556	0.26424641088506834	0.0031424681382292152	-0.00844741088506834	-0.03159222969902319	enthesopathy_lower	female_genital_prolapse
enthesopathy_lower_fibromatosis	0.06399266976581473	0.093695	0.065412	0.064859	0.066423	0.036697	0.066998	SMK	0.036697	0.027295669765814733	0.07243472800880378	-0.008442058242989048	-0.03573772800880378	-0.5584659639860047	enthesopathy_lower	fibromatosis
enthesopathy_lower_fibromyalgia	0.5926431356643571	0.551244	0.588853	0.59306	0.590323	0.546629	0.571358	SMK	0.546629	0.04601413566435708	0.49434864713059035	0.09829448853376677	0.052280352869409685	0.08821557143457512	enthesopathy_lower	fibromyalgia
enthesopathy_lower_gastritis_duodenitis	0.5513982942559884	0.508114	0.549712	0.55679	0.546884	0.503944	0.534052	SMK	0.503944	0.04745429425598846	0.4647054973735165	0.08669279688247189	0.03923850262648343	0.07116181358418716	enthesopathy_lower	gastritis_duodenitis
enthesopathy_lower_glaucoma	0.03866593723781219	0.056697	0.031341	0.037995	0.032495	0.051266	0.045287	SBP	0.031341	0.00732493723781219	0.06469788075884113	-0.026031943521028937	-0.03335688075884113	-0.86269422498883	enthesopathy_lower	glaucoma
enthesopathy_lower_GORD	0.574740535715899	0.531745	0.572046	0.581397	0.569535	0.536535	0.56402	BMI	0.531745	0.04299553571589898	0.5052404978118915	0.0695000379040075	0.026504502188108514	0.04611559571850001	enthesopathy_lower	GORD
enthesopathy_lower_gout	0.2325737204109968	0.112789	0.212992	0.236257	0.218815	0.209995	0.222987	BMI	0.112789	0.1197847204109968	0.09295816382983502	0.1396155565811618	0.019830836170164984	0.08526688284093563	enthesopathy_lower	gout
enthesopathy_lower_HF	0.30359758737503534	0.15457	0.282449	0.302162	0.290608	0.239873	0.281463	BMI	0.15457	0.14902758737503533	0.05772650444985722	0.24587108292517812	0.0968434955501428	0.3189863805818444	enthesopathy_lower	HF
enthesopathy_lower_hypertension	0.3312573523630959	0.232568	0.359533	0.329142	0.319045	0.303031	0.326758	BMI	0.232568	0.0986893523630959	0.21838101640466703	0.11287633595842886	0.014186983595332964	0.04282767912659765	enthesopathy_lower	hypertension
enthesopathy_lower_hyperthyroid	0.13059439059261246	0.116294	0.11788	0.13075	0.116032	0.110159	0.146327	SMK	0.110159	0.020435390592612457	0.11151553905038276	0.0190788515422297	-0.0013565390503827573	-0.010387422034185707	enthesopathy_lower	hyperthyroid
enthesopathy_lower_hypothyroid	0.23439746398202113	0.197229	0.235865	0.234149	0.233939	0.214127	0.238473	BMI	0.197229	0.037168463982021144	0.192313829463826	0.042083634518195134	0.004915170536173991	0.020969384449274573	enthesopathy_lower	hypothyroid
enthesopathy_lower_IBS	0.40916473787546453	0.429566	0.41609	0.408126	0.410106	0.394982	0.396952	SMK	0.394982	0.014182737875464535	0.4108608727247734	-0.0016961348493088613	-0.015878872724773396	-0.038808018518952554	enthesopathy_lower	IBS
enthesopathy_lower_IDA	0.3910451497547173	0.309177	0.377882	0.393687	0.380966	0.346266	0.363347	BMI	0.309177	0.08186814975471735	0.25182791356962037	0.13921723618509696	0.057349086430379614	0.14665592059216634	enthesopathy_lower	IDA
enthesopathy_lower_insomnia	0.7006527852235145	0.711784	0.715105	0.700505	0.69828	0.666976	0.684679	SMK	0.666976	0.03367678522351447	0.6959975273019134	0.0046552579216010415	-0.02902152730191343	-0.041420697832030035	enthesopathy_lower	insomnia
enthesopathy_lower_intervert_disc	0.6512493638993985	0.622924	0.649911	0.654172	0.647859	0.617893	0.642896	SMK	0.617893	0.033356363899398445	0.5964682562572375	0.05478110764216093	0.021424743742762486	0.03289791120022048	enthesopathy_lower	intervert_disc
enthesopathy_lower_isch_stroke_tia	0.256893272016714	0.194437	0.233695	0.255573	0.249933	0.202422	0.253565	BMI	0.194437	0.062456272016714026	0.13145324778974085	0.12544002422697317	0.06298375221025915	0.24517478295874284	enthesopathy_lower	isch_stroke_tia
enthesopathy_lower_migraine	0.3466320308683721	0.358019	0.350593	0.349925	0.354741	0.326398	0.341584	SMK	0.326398	0.020234030868372055	0.34382420521805745	0.0028078256503146215	-0.017426205218057433	-0.0502729224832507	enthesopathy_lower	migraine
enthesopathy_lower_OA	0.7060398716772608	0.660901	0.709901	0.707813	0.703769	0.686898	0.691074	BMI	0.660901	0.04513887167726083	0.6469007235997967	0.05913914807746412	0.014000276400203293	0.019829299961409242	enthesopathy_lower	OA
enthesopathy_lower_osteoporosis	0.0700651350536396	0.140035	0.078093	0.06834	0.082567	0.059908	0.052751	SLEEP	0.052751	0.017314135053639594	0.10850517019766462	-0.038440035144025025	-0.05575417019766462	-0.7957477018346005	enthesopathy_lower	osteoporosis
enthesopathy_lower_periph_neuro	0.6186134172030858	0.55893	0.616315	0.625268	0.638298	0.578378	0.596325	BMI	0.55893	0.05968341720308579	0.5599156573906955	0.05869775981239034	-0.0009856573906954491	-0.0015933333537314237	enthesopathy_lower	periph_neuro
enthesopathy_lower_peripheral_arterial	0.48446843015876273	0.39946	0.48255	0.496697	0.477166	0.411469	0.467909	BMI	0.39946	0.08500843015876275	0.3438206423209234	0.14064778783783932	0.05563935767907657	0.11484619887583444	enthesopathy_lower	peripheral_arterial
enthesopathy_lower_PMR	0.2803486048430821	0.269166	0.275697	0.281375	0.279072	0.275511	0.267521	SLEEP	0.267521	0.012827604843082097	0.2542062189347401	0.026142385908342003	0.013314781065259906	0.04749365909173157	enthesopathy_lower	PMR
enthesopathy_lower_pri_bladder	0.09052067911660093	0.082832	0.102558	0.087974	0.097129	0.033812	0.085914	SMK	0.033812	0.05670867911660093	0.04042790019029741	0.05009277892630352	-0.006615900190297411	-0.0730871691956197	enthesopathy_lower	pri_bladder
enthesopathy_lower_pri_breast	-0.04129342242395209	-0.024867	-0.042173	-0.040408	-0.043929	-0.044255	-0.035941	BMI	-0.024867	0.01642642242395209	-0.024085884708479218	0.017207537715472874	0.0007811152915207821	0.0189162158442866	enthesopathy_lower	pri_breast
enthesopathy_lower_pri_colorectal	-0.045966581109885066	-0.056776	-0.040867	-0.041617	-0.044726	-0.034657	-0.045051	SMK	-0.034657	0.011309581109885065	-0.03560736395186795	0.010359217158017117	-0.0009503639518679483	-0.020675106325529474	enthesopathy_lower	pri_colorectal
enthesopathy_lower_pri_prost	0.025875219589914393	0.054441	0.027363	0.029682	0.024771	0.050266	0.037258	FG	0.024771	0.0011042195899143917	0.08671756350085535	-0.06084234391094096	-0.06194656350085535	-2.3940497697264296	enthesopathy_lower	pri_prost
enthesopathy_lower_pri_skin	0.06451215405368352	0.106639	0.068809	0.064798	0.069648	0.078604	0.066753	ApoB	0.064798	-0.0002858459463164764	0.11659345481701276	-0.052081300763329244	-0.05179545481701277	-0.8028790167804876	enthesopathy_lower	pri_skin
enthesopathy_lower_psoriasis	0.2436459164460996	0.199045	0.240541	0.244774	0.240729	0.196472	0.225635	SMK	0.196472	0.047173916446099584	0.15064892532329044	0.09299699112280915	0.04582307467670957	0.1880724099344663	enthesopathy_lower	psoriasis
enthesopathy_lower_RA	0.3010655689497167	0.261264	0.293691	0.30161	0.292123	0.238091	0.288293	SMK	0.238091	0.0629745689497167	0.20248788618547017	0.09857768276424653	0.035603113814529824	0.11825700939078881	enthesopathy_lower	RA
enthesopathy_lower_raynauds	0.2616383844088425	0.318313	0.260926	0.258945	0.283431	0.247575	0.242144	SLEEP	0.242144	0.01949438440884252	0.27869791559689777	-0.017059531188055255	-0.036553915596897774	-0.1397115934632043	enthesopathy_lower	raynauds
enthesopathy_lower_retinal_detach	-0.06698327893684705	-0.046427	-0.067879	-0.068831	-0.060139	-0.048299	-0.072107	BMI	-0.046427	0.02055627893684705	-0.04455358165140974	0.02242969728543731	0.0018734183485902625	0.027968447922003824	enthesopathy_lower	retinal_detach
enthesopathy_lower_schizo	-0.11459174151661934	-0.082846	-0.108972	-0.114851	-0.115273	-0.160528	-0.088728	BMI	-0.082846	0.03174574151661934	-0.09781358097252321	0.01677816054409613	-0.014967580972523209	-0.1306165765039224	enthesopathy_lower	schizo
enthesopathy_lower_scoliosis	0.25077171356624156	0.282745	0.253319	0.252062	0.261509	0.248468	0.240798	SLEEP	0.240798	0.009973713566241549	0.27089156263592956	-0.020119849069688	-0.03009356263592955	-0.12000381625170939	enthesopathy_lower	scoliosis
enthesopathy_lower_sinusitis	0.32958443317651903	0.327409	0.325651	0.327568	0.331544	0.292976	0.302586	SMK	0.292976	0.03660843317651902	0.26858306276661836	0.06100137040990067	0.02439293723338165	0.0740111934240452	enthesopathy_lower	sinusitis
enthesopathy_lower_sleep_apnoea	0.4029345659235274	0.279468	0.397871	0.407093	0.395314	0.367928	0.402417	BMI	0.279468	0.1234665659235274	0.2747307144996223	0.1282038514239051	0.004737285500377719	0.01175695981683737	enthesopathy_lower	sleep_apnoea
enthesopathy_lower_spondylolisthesis	0.4626654424073134	0.428665	0.465997	0.465726	0.458411	0.426564	0.451915	SMK	0.426564	0.03610144240731339	0.4036981089261321	0.05896733348118127	0.022865891073867883	0.049422085546077174	enthesopathy_lower	spondylolisthesis
enthesopathy_lower_spondylosis	0.806581977499783	0.77923	0.805763	0.811464	0.804805	0.786052	0.795825	BMI	0.77923	0.02735197749978302	0.7605125856359335	0.04606939186384951	0.018717414364066487	0.023205842538270106	enthesopathy_lower	spondylosis
enthesopathy_lower_stroke_all	0.2156022365279087	0.141927	0.191353	0.215092	0.210154	0.166014	0.22926	BMI	0.141927	0.0736752365279087	0.1011726843978693	0.11442955213003939	0.04075431560213069	0.18902547700081598	enthesopathy_lower	stroke_all
enthesopathy_lower_tendon	0.8456283741894659	0.834477	0.847073	0.852374	0.844533	0.831478	0.836936	SMK	0.831478	0.014150374189465853	0.8308027770595253	0.014825597129940582	0.000675222940474729	0.0007984866178620479	enthesopathy_lower	tendon
enthesopathy_lower_thromboembolic	0.31277784373267326	0.229931	0.317692	0.312267	0.301287	0.282191	0.303679	BMI	0.229931	0.08284684373267326	0.22038654462015497	0.09239129911251828	0.009544455379845024	0.030515126218475158	enthesopathy_lower	thromboembolic
enthesopathy_lower_TIA	0.3208136538604599	0.279206	0.30479	0.322955	0.314229	0.273851	0.318691	SMK	0.273851	0.04696265386045989	0.2360018094875855	0.0848118443728744	0.037849190512414504	0.11797873954852704	enthesopathy_lower	TIA
enthesopathy_lower_tinnitus	0.24180512807433102	0.289407	0.247173	0.239486	0.261338	0.244626	0.217908	SLEEP	0.217908	0.02389712807433103	0.26533442926772377	-0.02352930119339275	-0.04742642926772378	-0.19613491924432996	enthesopathy_lower	tinnitus
enthesopathy_lower_ulc_colitis	0.026991201620082315	0.042015	0.023776	0.025179	0.027187	0.025994	0.026242	SBP	0.023776	0.0032152016200823162	0.03317758174986878	-0.006186380129786468	-0.009401581749868784	-0.34832023717216454	enthesopathy_lower	ulc_colitis
enthesopathy_lower_ulcer_peptic	0.4895011666243786	0.433467	0.481838	0.494734	0.48286	0.420739	0.469034	SMK	0.420739	0.06876216662437862	0.364869643200711	0.12463152342366757	0.05586935679928895	0.11413528834786334	enthesopathy_lower	ulcer_peptic
enthesopathy_lower_urine_incont	0.5226071198018665	0.468495	0.523511	0.522342	0.517017	0.482496	0.511075	BMI	0.468495	0.054112119801866476	0.43556521489531186	0.08704190490655461	0.032929785104688136	0.06301059410972558	enthesopathy_lower	urine_incont
enthesopathy_lower_urolithiasis	0.14710029114411205	0.112609	0.149576	0.150101	0.146214	0.144248	0.146058	BMI	0.112609	0.03449129114411205	0.12156526336578798	0.025535027778324074	-0.008956263365787975	-0.06088542242933872	enthesopathy_lower	urolithiasis
enthesopathy_lower_valve_nonrheumatic	0.2398615537660374	0.193217	0.216655	0.239522	0.232121	0.220322	0.228038	BMI	0.193217	0.046644553766037405	0.15385347086083145	0.08600808290520595	0.039363529139168546	0.16410937276577472	enthesopathy_lower	valve_nonrheumatic
enthesopathy_shoulder_enthesopathy_upper	0.8694849535239432	0.862688	0.869623	0.86987	0.868303	0.858019	0.864552	SMK	0.858019	0.011465953523943195	0.8511719508075294	0.018313002716413784	0.006847049192470589	0.007874833445616423	enthesopathy_shoulder	enthesopathy_upper
enthesopathy_shoulder_essential_tremor	-0.016871832604892962	-0.031103	-0.017633	-0.017815	-0.006859	-0.015907	-0.040271	FG	-0.006859	0.010012832604892961	-0.040689581362463534	-0.023817748757570572	-0.03383058136246354	-2.005151553759039	enthesopathy_shoulder	essential_tremor
enthesopathy_shoulder_female_genital_prolapse	0.2056606716206247	0.197399	0.207634	0.205125	0.196801	0.191493	0.203246	SMK	0.191493	0.014167671620624711	0.1820510878821799	0.023609583738444795	0.009441912117820084	0.04591014919584265	enthesopathy_shoulder	female_genital_prolapse
enthesopathy_shoulder_fibromatosis	0.24598264999839686	0.271681	0.246569	0.245432	0.252069	0.228625	0.252695	SMK	0.228625	0.017357649998396868	0.2590885387478307	-0.013105888749433858	-0.030463538747830726	-0.12384425791017889	enthesopathy_shoulder	fibromatosis
enthesopathy_shoulder_fibromyalgia	0.6487203280815689	0.624161	0.648048	0.649888	0.647471	0.613235	0.631857	SMK	0.613235	0.0354853280815689	0.5890735074250736	0.05964682065649529	0.02416149257492639	0.03724485194780018	enthesopathy_shoulder	fibromyalgia
enthesopathy_shoulder_gastritis_duodenitis	0.5285614496850054	0.496427	0.527528	0.526797	0.521628	0.482662	0.511327	SMK	0.482662	0.04589944968500542	0.4450101729545198	0.08355127673048562	0.0376518270454802	0.07123453113714345	enthesopathy_shoulder	gastritis_duodenitis
enthesopathy_shoulder_glaucoma	0.01795513810868188	0.029345	0.015226	0.018837	0.008176	0.028735	0.023525	FG	0.008176	0.00977913810868188	0.03266666845718379	-0.014711530348501908	-0.024490668457183788	-1.3639922070742398	enthesopathy_shoulder	glaucoma
enthesopathy_shoulder_GORD	0.5169912431643037	0.48295	0.515768	0.51502	0.506658	0.476561	0.504625	SMK	0.476561	0.04043024316430366	0.43907963854685617	0.0779116046174475	0.03748136145314385	0.07249902575473989	enthesopathy_shoulder	GORD
enthesopathy_shoulder_gout	0.18479371107346856	0.099327	0.180033	0.181939	0.160055	0.160985	0.174384	BMI	0.099327	0.08546671107346857	0.07787328947653599	0.10692042159693257	0.02145371052346401	0.11609545800470798	enthesopathy_shoulder	gout
enthesopathy_shoulder_HF	0.24389494839481246	0.140483	0.246335	0.246961	0.217642	0.1795	0.221197	BMI	0.140483	0.10341194839481246	0.07574993528063291	0.16814501311417956	0.06473306471936709	0.26541371662433305	enthesopathy_shoulder	HF
enthesopathy_shoulder_hypertension	0.21789600200388565	0.140434	0.270443	0.222868	0.189717	0.185	0.210453	BMI	0.140434	0.07746200200388564	0.15208439459703527	0.06581160740685038	-0.011650394597035263	-0.05346768407814801	enthesopathy_shoulder	hypertension
enthesopathy_shoulder_hyperthyroid	0.13636654601942247	0.125093	0.132246	0.136536	0.113204	0.11726	0.15079	FG	0.113204	0.02316254601942247	0.11021882820207299	0.02614771781734948	0.002985171797927011	0.02189079275720482	enthesopathy_shoulder	hyperthyroid
enthesopathy_shoulder_hypothyroid	0.177915293398316	0.147706	0.178029	0.17878	0.177474	0.155882	0.179987	BMI	0.147706	0.03020929339831599	0.1431368568399684	0.034778436558347586	0.004569143160031597	0.025681564933275402	enthesopathy_shoulder	hypothyroid
enthesopathy_shoulder_IBS	0.35206540398228775	0.359424	0.353998	0.354956	0.354495	0.335197	0.338614	SMK	0.335197	0.016868403982287727	0.33765976443027457	0.014405639552013183	-0.0024627644302745444	-0.0069951901050704915	enthesopathy_shoulder	IBS
enthesopathy_shoulder_IDA	0.30547215167346503	0.243262	0.303441	0.30392	0.281056	0.257413	0.276169	BMI	0.243262	0.062210151673465025	0.17434796963170288	0.13112418204176216	0.06891403036829713	0.2255984055854718	enthesopathy_shoulder	IDA
enthesopathy_shoulder_insomnia	0.46370193344255906	0.45551	0.468123	0.465747	0.45792	0.406172	0.424361	SMK	0.406172	0.05752993344255908	0.37729462237799566	0.0864073110645634	0.02887737762200432	0.06227573261904783	enthesopathy_shoulder	insomnia
enthesopathy_shoulder_intervert_disc	0.5568739067604953	0.52936	0.55584	0.556001	0.550763	0.51759	0.545431	SMK	0.51759	0.03928390676049531	0.4899807695876942	0.0668931371728011	0.027609230412305785	0.049578962269783956	enthesopathy_shoulder	intervert_disc
enthesopathy_shoulder_isch_stroke_tia	0.31489806116939334	0.274093	0.318071	0.317724	0.305318	0.268	0.31273	SMK	0.268	0.046898061169393324	0.24987350316980939	0.06502455799958395	0.01812649683019063	0.0575630626713825	enthesopathy_shoulder	isch_stroke_tia
enthesopathy_shoulder_migraine	0.3226066950809839	0.3255	0.323496	0.320639	0.335925	0.30181	0.316785	SMK	0.30181	0.020796695080983862	0.3102202521444105	0.012386442936573372	-0.00841025214441049	-0.02606967639744509	enthesopathy_shoulder	migraine
enthesopathy_shoulder_OA	0.5429390265274238	0.502513	0.543095	0.542746	0.538481	0.513321	0.521465	BMI	0.502513	0.040426026527423775	0.47786697348947	0.06507205303795377	0.024646026510529995	0.045393728036393285	enthesopathy_shoulder	OA
enthesopathy_shoulder_osteoporosis	0.11507850597018786	0.165118	0.118102	0.117555	0.135366	0.107274	0.100165	SLEEP	0.100165	0.014913505970187854	0.14598389880765217	-0.03090539283746431	-0.045818898807652164	-0.3981534033777078	enthesopathy_shoulder	osteoporosis
enthesopathy_shoulder_periph_neuro	0.5998380100750229	0.567284	0.59888	0.598303	0.597882	0.56114	0.578626	SMK	0.56114	0.03869801007502294	0.523859499072456	0.07597851100256692	0.03728050092754398	0.06215094792489265	enthesopathy_shoulder	periph_neuro
enthesopathy_shoulder_peripheral_arterial	0.4800262809207947	0.430474	0.508259	0.477973	0.464739	0.414048	0.464135	SMK	0.414048	0.06597828092079466	0.39852836479471376	0.08149791612608093	0.015519635205286264	0.03233080317085188	enthesopathy_shoulder	peripheral_arterial
enthesopathy_shoulder_PMR	0.20740949327772787	0.194043	0.205408	0.206891	0.20563	0.199093	0.19321	SLEEP	0.19321	0.014199493277727876	0.1775323310408302	0.02987716223689768	0.015677668959169805	0.07558800087408203	enthesopathy_shoulder	PMR
enthesopathy_shoulder_pri_bladder	0.03549712752859225	0.027397	0.039685	0.038975	0.045324	-0.020811	0.029834	SMK	-0.020811	0.01468612752859225	-0.009880551601871223	0.02561657592672103	0.010930448398128777	0.3079248705215517	enthesopathy_shoulder	pri_bladder
enthesopathy_shoulder_pri_breast	-0.05652011360508711	-0.045115	-0.056789	-0.05773	-0.060952	-0.059769	-0.051854	BMI	-0.045115	0.011405113605087107	-0.052054532635958724	0.004465580969128385	-0.0069395326359587214	-0.12277987769886801	enthesopathy_shoulder	pri_breast
enthesopathy_shoulder_pri_colorectal	-0.0872989207775619	-0.09545	-0.08549	-0.093421	-0.086008	-0.078337	-0.087293	SMK	-0.078337	0.008961920777561902	-0.08958966181453128	-0.002290741036969371	-0.011252661814531273	-0.1288980632785039	enthesopathy_shoulder	pri_colorectal
enthesopathy_shoulder_pri_prost	0.013306667478257588	0.032388	0.013795	0.008965	0.011548	0.035402	0.023467	ApoB	0.008965	0.004341667478257587	0.04795569759344575	-0.03464903011518816	-0.03899069759344575	-2.9301624660836043	enthesopathy_shoulder	pri_prost
enthesopathy_shoulder_pri_skin	0.04176976417550567	0.069456	0.043217	0.041569	0.049696	0.053782	0.043212	ApoB	0.041569	0.0002007641755056716	0.07650687105834918	-0.0347371068828435	-0.034937871058349175	-0.8364392700794129	enthesopathy_shoulder	pri_skin
enthesopathy_shoulder_psoriasis	0.2224980471531622	0.188741	0.221091	0.221857	0.218527	0.176923	0.204949	SMK	0.176923	0.04557504715316221	0.1431141649989084	0.07938388215425382	0.03380883500109161	0.15195115388054814	enthesopathy_shoulder	psoriasis
enthesopathy_shoulder_RA	0.3155806534536338	0.286325	0.313304	0.31576	0.30158	0.258167	0.303745	SMK	0.258167	0.057413653453633806	0.2277064473149796	0.08787420613865418	0.030460552685020376	0.0965222435268699	enthesopathy_shoulder	RA
enthesopathy_shoulder_raynauds	0.158572946165214	0.191359	0.157826	0.164164	0.18866	0.140267	0.137171	SLEEP	0.137171	0.021401946165214014	0.17230222595185368	-0.013729279786639681	-0.035131225951853695	-0.22154615148066412	enthesopathy_shoulder	raynauds
enthesopathy_shoulder_retinal_detach	-0.03373843322870206	-0.017646	-0.033928	-0.031749	-0.022771	-0.01475	-0.037598	SMK	-0.01475	0.018988433228702063	-0.002263908133760597	0.03147452509494147	0.012486091866239403	0.3700851127733222	enthesopathy_shoulder	retinal_detach
enthesopathy_shoulder_schizo	-0.12172435125212873	-0.09877	-0.119638	-0.121731	-0.123316	-0.164568	-0.097951	SLEEP	-0.097951	0.023773351252128733	-0.12363363686212579	-0.0019092856099970634	-0.025682636862125796	-0.21099013137419909	enthesopathy_shoulder	schizo
enthesopathy_shoulder_scoliosis	0.19455402418073173	0.21194	0.195037	0.193715	0.210853	0.189405	0.183536	SLEEP	0.183536	0.011018024180731723	0.20251861457863368	-0.007964590397901955	-0.018982614578633678	-0.09756988917895475	enthesopathy_shoulder	scoliosis
enthesopathy_shoulder_sinusitis	0.4062251811703528	0.403247	0.404823	0.411584	0.41142	0.376064	0.384048	SMK	0.376064	0.03016118117035277	0.36942705566211126	0.03679812550824152	0.0066369443378887505	0.01633809188974307	enthesopathy_shoulder	sinusitis
enthesopathy_shoulder_sleep_apnoea	0.3438328925261489	0.262833	0.341894	0.341576	0.330149	0.307034	0.341264	BMI	0.262833	0.08099989252614892	0.2542984560408795	0.08953443648526943	0.00853454395912051	0.02482177867398608	enthesopathy_shoulder	sleep_apnoea
enthesopathy_shoulder_spondylolisthesis	0.317164095620613	0.283273	0.317516	0.315469	0.309355	0.27335	0.302448	SMK	0.27335	0.043814095620613	0.23869391314734062	0.07847018247327237	0.03465608685265936	0.1092686320147488	enthesopathy_shoulder	spondylolisthesis
enthesopathy_shoulder_spondylosis	0.6422371717307921	0.614489	0.641425	0.641112	0.634647	0.606412	0.624065	SMK	0.606412	0.03582517173079214	0.5705053254091467	0.07173184632164542	0.03590667459085328	0.055908745509212536	enthesopathy_shoulder	spondylosis
enthesopathy_shoulder_stroke_all	0.26402025495189285	0.215735	0.263308	0.265345	0.256736	0.220594	0.27734	BMI	0.215735	0.04828525495189284	0.20864732039146455	0.0553729345604283	0.007087679608535458	0.026845211591159567	enthesopathy_shoulder	stroke_all
enthesopathy_shoulder_tendon	0.8179971516685847	0.806416	0.817659	0.817458	0.814018	0.802514	0.809414	SMK	0.802514	0.015483151668584716	0.7857243250812307	0.032272826587353975	0.01678967491876926	0.020525346432467378	enthesopathy_shoulder	tendon
enthesopathy_shoulder_thromboembolic	0.23783695008092745	0.175183	0.239095	0.239287	0.215456	0.204751	0.227036	BMI	0.175183	0.06265395008092745	0.14801262486714095	0.0898243252137865	0.027170375132859054	0.1142395036751604	enthesopathy_shoulder	thromboembolic
enthesopathy_shoulder_TIA	0.36491084257868295	0.335896	0.364819	0.363749	0.355733	0.323794	0.363426	SMK	0.323794	0.04111684257868292	0.30628870285368026	0.05862213972500269	0.017505297146319765	0.047971436043436365	enthesopathy_shoulder	TIA
enthesopathy_shoulder_tinnitus	0.23278229785542937	0.262736	0.234411	0.237458	0.262228	0.234363	0.210188	SLEEP	0.210188	0.02259429785542935	0.2603410549495169	-0.02755875709408756	-0.05015305494951691	-0.21545046771840323	enthesopathy_shoulder	tinnitus
enthesopathy_shoulder_ulc_colitis	0.004198839807513671	0.013588	0.002967	0.00643	0.004357	0.002282	0.00295	SMK	0.002282	0.0019168398075136706	0.009267615701036808	-0.005068775893523138	-0.006985615701036808	-1.6637014083119588	enthesopathy_shoulder	ulc_colitis
enthesopathy_shoulder_ulcer_peptic	0.5066254558327375	0.469944	0.505813	0.504755	0.495553	0.447391	0.488105	SMK	0.447391	0.059234455832737565	0.4036889225545857	0.10293653327815183	0.04370207744541427	0.08626111645649821	enthesopathy_shoulder	ulcer_peptic
enthesopathy_shoulder_urine_incont	0.4800347300779974	0.440358	0.479587	0.481895	0.470209	0.439151	0.467462	SMK	0.439151	0.04088373007799739	0.4040412406416076	0.07599348943638978	0.03510975935839239	0.07314003999812192	enthesopathy_shoulder	urine_incont
enthesopathy_shoulder_urolithiasis	0.14623746488862654	0.120822	0.146911	0.143586	0.145416	0.143134	0.14499	BMI	0.120822	0.025415464888626546	0.12397144726204637	0.022266017626580176	-0.0031494472620463704	-0.021536528032983667	enthesopathy_shoulder	urolithiasis
enthesopathy_shoulder_valve_nonrheumatic	0.16817490292248224	0.130703	0.163075	0.169153	0.155116	0.146122	0.155048	BMI	0.130703	0.03747190292248223	0.1049660729924333	0.06320882993004895	0.025736927007566718	0.15303666932651525	enthesopathy_shoulder	valve_nonrheumatic
enthesopathy_upper_essential_tremor	-0.06069017863358617	-0.074584	-0.06104	-0.062815	-0.053991	-0.061903	-0.096784	FG	-0.053991	0.00669917863358617	-0.10347313964105932	-0.042782961007473155	-0.049482139641059325	-0.815323677654752	enthesopathy_upper	essential_tremor
enthesopathy_upper_female_genital_prolapse	0.17350781967612208	0.164743	0.174393	0.172805	0.16674	0.156861	0.17128	SMK	0.156861	0.016646819676122082	0.14936749533166538	0.024140324344456704	0.007493504668334622	0.04318828213231169	enthesopathy_upper	female_genital_prolapse
enthesopathy_upper_fibromatosis	0.23260592435963756	0.254811	0.232813	0.232074	0.236244	0.213507	0.244968	SMK	0.213507	0.01909892435963756	0.2446223848793329	-0.012016460519695349	-0.031115384879332908	-0.13376866889780792	enthesopathy_upper	fibromatosis
enthesopathy_upper_fibromyalgia	0.6823547930940042	0.663502	0.683362	0.686526	0.680661	0.644651	0.662281	SMK	0.644651	0.03770379309400418	0.6242325276618584	0.058122265432145714	0.020418472338141536	0.029923542041168896	enthesopathy_upper	fibromyalgia
enthesopathy_upper_gastritis_duodenitis	0.5571141375983064	0.530629	0.557001	0.553952	0.552226	0.507779	0.537792	SMK	0.507779	0.04933513759830643	0.47222612734953817	0.08488801024876824	0.03555287265046181	0.06381613793490974	enthesopathy_upper	gastritis_duodenitis
enthesopathy_upper_glaucoma	-0.015046428313561424	-0.005662	-0.016317	-0.013469	-0.022181	-0.004504	-0.00831	SMK	-0.004504	0.010542428313561423	0.0028555563648083497	0.012190871948753075	0.0016484436351916504	0.10955713879990374	enthesopathy_upper	glaucoma
enthesopathy_upper_GORD	0.5071703145707526	0.476633	0.507151	0.502775	0.500156	0.460914	0.493833	SMK	0.460914	0.04625631457075258	0.42662044403802474	0.08054987053272783	0.03429355596197525	0.06761743535995371	enthesopathy_upper	GORD
enthesopathy_upper_gout	0.1864436850640937	0.110916	0.187166	0.181014	0.169879	0.160597	0.173854	BMI	0.110916	0.0755276850640937	0.09052274517281506	0.09592093989127864	0.020393254827184945	0.10938023897229	enthesopathy_upper	gout
enthesopathy_upper_HF	0.1739503108959087	0.069336	0.180215	0.17987	0.154675	0.0948	0.139579	BMI	0.069336	0.10461431089590871	-0.015867483050588223	0.1580828278453205	0.05346851694941177	0.3073781051268552	enthesopathy_upper	HF
enthesopathy_upper_hypertension	0.16419767636341573	0.08974	0.217276	0.173428	0.143993	0.124658	0.153727	BMI	0.08974	0.07445767636341573	0.08947907384184894	0.07471860252156678	0.00026092615815105635	0.0015890977505281696	enthesopathy_upper	hypertension
enthesopathy_upper_hyperthyroid	0.11472476978019341	0.103685	0.113285	0.115298	0.098367	0.092717	0.136208	SMK	0.092717	0.02200776978019342	0.10116215633642131	0.013562613443772104	-0.008445156336421317	-0.07361231887936484	enthesopathy_upper	hyperthyroid
enthesopathy_upper_hypothyroid	0.136665077760767	0.107726	0.136669	0.138581	0.135722	0.110389	0.140163	BMI	0.107726	0.028939077760767	0.10207701269269177	0.03458806506807523	0.005648987307308229	0.04133453402921859	enthesopathy_upper	hypothyroid
enthesopathy_upper_IBS	0.3150846566722584	0.319911	0.315947	0.321159	0.315776	0.29558	0.297663	SMK	0.29558	0.01950465667225837	0.29386176781397005	0.021222888858288325	0.0017182321860299554	0.005453239786973217	enthesopathy_upper	IBS
enthesopathy_upper_IDA	0.21656582745285213	0.15333	0.217289	0.213533	0.198313	0.155847	0.170143	BMI	0.15333	0.06323582745285214	0.05971613156983404	0.1568496958830181	0.09361386843016595	0.4322651894401314	enthesopathy_upper	IDA
enthesopathy_upper_insomnia	0.46824585134490443	0.460023	0.470724	0.473364	0.463655	0.402486	0.399815	SLEEP	0.399815	0.06843085134490445	0.34359307352882335	0.12465277781608108	0.05622192647117663	0.12006924633650244	enthesopathy_upper	insomnia
enthesopathy_upper_intervert_disc	0.48263214594380727	0.453944	0.482449	0.481543	0.47713	0.430805	0.467357	SMK	0.430805	0.05182714594380727	0.40115141119830056	0.08148073474550671	0.029653588801699438	0.06144138771301818	enthesopathy_upper	intervert_disc
enthesopathy_upper_isch_stroke_tia	0.3466262443971292	0.311677	0.359132	0.352928	0.339959	0.297015	0.349104	SMK	0.297015	0.04961124439712922	0.299110752394382	0.047515492002747184	-0.0020957523943820333	-0.006046144595966983	enthesopathy_upper	isch_stroke_tia
enthesopathy_upper_migraine	0.2862950117216112	0.287192	0.286624	0.282623	0.294795	0.262177	0.280263	SMK	0.262177	0.02411801172161121	0.26280056419340136	0.02349444752820984	-0.0006235641934013714	-0.002178047705587394	enthesopathy_upper	migraine
enthesopathy_upper_OA	0.5180815496407336	0.48271	0.518035	0.518897	0.514036	0.483989	0.487181	BMI	0.48271	0.035371549640733635	0.44472826450545955	0.07335328513527406	0.037981735494540425	0.0733122720175599	enthesopathy_upper	OA
enthesopathy_upper_osteoporosis	0.1547916968731843	0.201354	0.156323	0.160077	0.169503	0.148655	0.136684	SLEEP	0.136684	0.01810769687318431	0.1772562036139803	-0.022464506740796003	-0.04057220361398031	-0.26210839750157766	enthesopathy_upper	osteoporosis
enthesopathy_upper_periph_neuro	0.6315342715226702	0.610927	0.631825	0.628397	0.64922	0.590536	0.603419	SMK	0.590536	0.040998271522670215	0.5722304950559446	0.05930377646672558	0.018305504944055362	0.028985766520508223	enthesopathy_upper	periph_neuro
enthesopathy_upper_peripheral_arterial	0.46876837198246285	0.426582	0.506205	0.461044	0.459674	0.387633	0.449421	SMK	0.387633	0.08113537198246284	0.372668050522029	0.09610032146043385	0.014964949477971001	0.03192397433871852	enthesopathy_upper	peripheral_arterial
enthesopathy_upper_PMR	0.18129133365475228	0.168072	0.180516	0.18066	0.179438	0.171641	0.161988	SLEEP	0.161988	0.019303333654752286	0.14535858991318892	0.035932743741563355	0.01662941008681107	0.09172755118278184	enthesopathy_upper	PMR
enthesopathy_upper_pri_bladder	0.17751994054827422	0.173649	0.180113	0.185374	0.185399	0.124507	0.176385	SMK	0.124507	0.05301294054827421	0.1445879603403799	0.03293198020789431	-0.0200809603403799	-0.11311946296488955	enthesopathy_upper	pri_bladder
enthesopathy_upper_pri_breast	-0.10944465975390484	-0.100387	-0.109562	-0.11224	-0.11273	-0.11607	-0.105921	BMI	-0.100387	0.009057659753904837	-0.11145984505301144	-0.0020151852991066033	-0.01107284505301144	-0.1011730044929522	enthesopathy_upper	pri_breast
enthesopathy_upper_pri_colorectal	-0.08828433155369186	-0.095423	-0.087517	-0.100009	-0.087187	-0.078709	-0.089498	SMK	-0.078709	0.009575331553691863	-0.09677558331851292	-0.008491251764821059	-0.01806658331851292	-0.20464088021695415	enthesopathy_upper	pri_colorectal
enthesopathy_upper_pri_prost	0.04275612869987532	0.060699	0.042977	0.034557	0.041657	0.069259	0.058913	ApoB	0.034557	0.008199128699875324	0.08290091677228927	-0.040144788072413944	-0.04834391677228927	-1.1306897570553491	enthesopathy_upper	pri_prost
enthesopathy_upper_pri_skin	0.04140653067426068	0.066236	0.042052	0.041123	0.046876	0.055128	0.044027	ApoB	0.041123	0.00028353067426067913	0.07393075221665892	-0.032524221542398236	-0.032807752216658916	-0.7923327958759178	enthesopathy_upper	pri_skin
enthesopathy_upper_psoriasis	0.18098045769123142	0.148683	0.180374	0.180052	0.177483	0.127293	0.155985	SMK	0.127293	0.05368745769123143	0.08811632236137462	0.0928641353298568	0.03917667763862537	0.21646910466689298	enthesopathy_upper	psoriasis
enthesopathy_upper_RA	0.32108610862352005	0.294638	0.320762	0.322297	0.311511	0.257096	0.307992	SMK	0.257096	0.06399010862352006	0.23334084692804763	0.08774526169547242	0.023755153071952362	0.07398374589853639	enthesopathy_upper	RA
enthesopathy_upper_raynauds	0.09679017762108133	0.124122	0.096419	0.106935	0.116942	0.073603	0.064345	SLEEP	0.064345	0.03244517762108133	0.08501139256212836	0.011778785058952967	-0.020666392562128363	-0.21351745673031114	enthesopathy_upper	raynauds
enthesopathy_upper_retinal_detach	-0.0006418645744768882	0.014803	-0.000713	0.003372	0.007368	0.022311	-0.005135	SBP	-0.000713	-7.113542552311181e-05	0.03233659517726144	-0.03169473060278455	-0.03162359517726144	-49.268329231340246	enthesopathy_upper	retinal_detach
enthesopathy_upper_schizo	-0.17674149122004856	-0.157505	-0.175993	-0.177377	-0.177875	-0.228741	-0.146755	SLEEP	-0.146755	0.029986491220048567	-0.18474201176291738	-0.008000520542868816	-0.03798701176291738	-0.2149297909658485	enthesopathy_upper	schizo
enthesopathy_upper_scoliosis	0.15303598475241229	0.167163	0.153201	0.151638	0.163844	0.146127	0.137576	SLEEP	0.137576	0.015459984752412281	0.14649485194769146	0.006541132804720823	-0.008918851947691459	-0.05827944298277776	enthesopathy_upper	scoliosis
enthesopathy_upper_sinusitis	0.4297680908615084	0.426734	0.429473	0.440521	0.4326	0.398776	0.402117	SMK	0.398776	0.030992090861508392	0.3894953599686904	0.04027273089281802	0.009280640031309628	0.02159453023305141	enthesopathy_upper	sinusitis
enthesopathy_upper_sleep_apnoea	0.26001243641416477	0.173955	0.25938	0.25522	0.24935	0.213609	0.25685	BMI	0.173955	0.08605743641416477	0.15819365331461144	0.10181878309955333	0.01576134668538856	0.060617664688479976	enthesopathy_upper	sleep_apnoea
enthesopathy_upper_spondylolisthesis	0.23642792201800075	0.202088	0.2365	0.233117	0.22983	0.18163	0.214499	SMK	0.18163	0.05479792201800074	0.14047653401337065	0.0959513880046301	0.04115346598662936	0.17406347623990068	enthesopathy_upper	spondylolisthesis
enthesopathy_upper_spondylosis	0.6484001532065514	0.628018	0.648837	0.646899	0.643623	0.607133	0.623465	SMK	0.607133	0.04126715320655139	0.5723135216132819	0.07608663159326956	0.03481947838671817	0.05370060172645616	enthesopathy_upper	spondylosis
enthesopathy_upper_stroke_all	0.24512348262099928	0.200739	0.250526	0.248261	0.239467	0.1956	0.266904	SMK	0.1956	0.04952348262099929	0.20201038797823878	0.0431130946427605	-0.006410387978238785	-0.026151668170243347	enthesopathy_upper	stroke_all
enthesopathy_upper_tendon	0.907977949731176	0.903417	0.908187	0.907608	0.907359	0.89933	0.899511	SMK	0.89933	0.008647949731175997	0.8887659572912313	0.019211992439944647	0.01056404270876865	0.011634690811485384	enthesopathy_upper	tendon
enthesopathy_upper_thromboembolic	0.18381071820219408	0.123668	0.184327	0.186915	0.167609	0.14405	0.168535	BMI	0.123668	0.06014271820219408	0.09416001431113379	0.0896507038910603	0.029507985688866215	0.16053463028422021	enthesopathy_upper	thromboembolic
enthesopathy_upper_TIA	0.33324593595733065	0.305475	0.337391	0.331538	0.326193	0.285339	0.334387	SMK	0.285339	0.04790693595733064	0.2744626812971252	0.05878325466020545	0.01087631870287481	0.03263751340771769	enthesopathy_upper	TIA
enthesopathy_upper_tinnitus	0.2157518086704359	0.241729	0.216473	0.224797	0.236413	0.217908	0.184459	SLEEP	0.184459	0.03129280867043588	0.22753022642404944	-0.011778417753613546	-0.043071226424049425	-0.19963321137131865	enthesopathy_upper	tinnitus
enthesopathy_upper_ulc_colitis	0.037284581947162415	0.046545	0.036758	0.041846	0.037566	0.036817	0.037053	SBP	0.036758	0.0005265819471624161	0.0468419536895598	-0.009557371742397382	-0.010083953689559798	-0.2704590788720711	enthesopathy_upper	ulc_colitis
enthesopathy_upper_ulcer_peptic	0.42769472184445256	0.389957	0.42889	0.423407	0.419139	0.344123	0.39956	SMK	0.344123	0.08357172184445255	0.29083911758230013	0.13685560426215243	0.05328388241769988	0.12458391393728396	enthesopathy_upper	ulcer_peptic
enthesopathy_upper_urine_incont	0.43074580451804856	0.392406	0.430495	0.43527	0.423245	0.380765	0.4148	SMK	0.380765	0.04998080451804854	0.3505469177853519	0.08019888673269665	0.030218082214648112	0.07015293450961971	enthesopathy_upper	urine_incont
enthesopathy_upper_urolithiasis	0.152967675810202	0.130037	0.153242	0.14801	0.152099	0.150596	0.153442	BMI	0.130037	0.022930675810201973	0.13293761778878688	0.02003005802141511	-0.0029006177887868634	-0.018962292349828658	enthesopathy_upper	urolithiasis
enthesopathy_upper_valve_nonrheumatic	0.11364148295340155	0.077489	0.113149	0.115675	0.10378	0.086565	0.09412	BMI	0.077489	0.03615248295340155	0.04419575911141553	0.06944572384198602	0.03329324088858447	0.2929673216446524	enthesopathy_upper	valve_nonrheumatic
essential_tremor_female_genital_prolapse	0.06234719595737112	0.059192	0.06308	0.062092	0.068108	0.063016	0.059125	SLEEP	0.059125	0.003222195957371124	0.06685068895482428	-0.0045034929974531596	-0.0077256889548242835	-0.12391397618116776	essential_tremor	female_genital_prolapse
essential_tremor_fibromatosis	-0.014053180285066092	-0.010049	-0.013909	-0.014357	-0.015608	-0.013551	-0.01351	BMI	-0.010049	0.004004180285066092	-0.006935453780015608	0.0071177265050504845	0.0031135462199843927	0.22155456322531264	essential_tremor	fibromatosis
essential_tremor_fibromyalgia	0.22311797865951688	0.216466	0.222467	0.223224	0.228666	0.240821	0.205601	SLEEP	0.205601	0.017516978659516874	0.21727405444935047	0.005843924210166412	-0.011673054449350462	-0.05231785676565226	essential_tremor	fibromyalgia
essential_tremor_gastritis_duodenitis	0.021268549650568014	0.006381	0.020368	0.020069	0.028683	0.024516	0.002748	SLEEP	0.002748	0.018520549650568013	-0.001230251264364745	0.02003829838620327	0.001517748735635255	0.07136117697591668	essential_tremor	gastritis_duodenitis
essential_tremor_glaucoma	0.09571039009767746	0.098433	0.09478	0.096007	0.100759	0.095569	0.098924	SBP	0.09478	0.0009303900976774526	0.10779957359491975	-0.012089183497242292	-0.013019573594919745	-0.13603093229097268	essential_tremor	glaucoma
essential_tremor_GORD	0.12270656739238704	0.111672	0.121817	0.121705	0.134102	0.129559	0.109943	SLEEP	0.109943	0.012763567392387043	0.11579826892668627	0.006908298465700777	-0.005855268926686266	-0.04771764911296458	essential_tremor	GORD
essential_tremor_gout	-0.041691208189773364	-0.070604	-0.04699	-0.042903	-0.028547	-0.041308	-0.04967	FG	-0.028547	0.013144208189773365	-0.0751205032612944	-0.03342929507152103	-0.04657350326129439	-1.1171061066231855	essential_tremor	gout
essential_tremor_HF	0.06204928878500897	0.037757	0.059868	0.062904	0.080561	0.066466	0.047422	BMI	0.037757	0.02429228878500897	0.03291848511285134	0.029130803672157632	0.004838514887148662	0.07797857125991171	essential_tremor	HF
essential_tremor_hypertension	0.10376748771340238	0.089205	0.131441	0.105359	0.124435	0.105903	0.098097	BMI	0.089205	0.014562487713402378	0.12126802631759345	-0.017500538604191068	-0.032063026317593446	-0.3089891354616679	essential_tremor	hypertension
essential_tremor_hyperthyroid	0.030694625806927934	0.027241	0.028743	0.03069	0.04363	0.031318	0.036612	BMI	0.027241	0.0034536258069279326	0.05026865491356927	-0.019574029106641338	-0.02302765491356927	-0.7502178087595976	essential_tremor	hyperthyroid
essential_tremor_hypothyroid	0.04661475459699513	0.038634	0.046603	0.046814	0.047851	0.047482	0.045921	BMI	0.038634	0.007980754596995127	0.03974209735144545	0.006872657245549675	-0.0011080973514454515	-0.02377138657117121	essential_tremor	hypothyroid
essential_tremor_IBS	-0.001776938554000274	-0.002481	-0.001191	-0.001108	-0.001098	-0.001117	-0.013753	FG	-0.001098	0.0006789385540002741	-0.008817364929193732	-0.007040426375193458	-0.007719364929193732	-4.344193507319523	essential_tremor	IBS
essential_tremor_IDA	0.007144485715841566	-0.013677	0.003675	0.006433	0.024536	0.008752	-0.014163	SBP	0.003675	0.0034694857158415657	-0.020244895149676517	-0.013100409433834951	-0.016569895149676515	-2.3192565299607026	essential_tremor	IDA
essential_tremor_insomnia	0.14364461102323214	0.139034	0.145209	0.144102	0.150278	0.156463	0.109969	SLEEP	0.109969	0.033675611023232147	0.13492002084061933	0.008724590182612818	-0.02495102084061933	-0.17369966518677066	essential_tremor	insomnia
essential_tremor_intervert_disc	0.11663342169647953	0.10631	0.115817	0.116072	0.124494	0.123966	0.103551	SLEEP	0.103551	0.013082421696479524	0.10802141923636253	0.008612002460116994	-0.00447041923636253	-0.03832880122471332	essential_tremor	intervert_disc
essential_tremor_isch_stroke_tia	0.0002657635515920158	-0.013347	-0.005559	0.000941	0.006974	0.001658	-0.00457	ApoB	0.000941	-0.0006752364484079842	-0.01767333952544095	-0.017407575973848934	-0.01673233952544095	-62.959496985980344	essential_tremor	isch_stroke_tia
essential_tremor_migraine	0.11008938604804906	0.108758	0.110352	0.109344	0.106353	0.111714	0.103991	SLEEP	0.103991	0.006098386048049062	0.1006588809780918	0.009430505069957268	0.003332119021908206	0.030267395809200768	essential_tremor	migraine
essential_tremor_OA	0.12477874142812305	0.111746	0.124657	0.124477	0.131177	0.129441	0.104614	SLEEP	0.104614	0.02016474142812305	0.09429630753396709	0.03048243389415596	0.01031769246603291	0.08268790298687428	essential_tremor	OA
essential_tremor_osteoporosis	-0.08195755989904076	-0.073223	-0.081023	-0.081336	-0.091105	-0.081786	-0.091833	BMI	-0.073223	0.008734559899040761	-0.08884953540663516	-0.006891975507594406	-0.015626535406635167	-0.19066618657125323	essential_tremor	osteoporosis
essential_tremor_periph_neuro	0.1497127036640772	0.139364	0.148889	0.148826	0.195404	0.160517	0.127771	SLEEP	0.127771	0.021941703664077217	0.17548808336148833	-0.025775379697411116	-0.04771708336148833	-0.31872434465250926	essential_tremor	periph_neuro
essential_tremor_peripheral_arterial	-0.02658456035888417	-0.056866	-0.037137	-0.029364	-0.013004	-0.026996	-0.043431	FG	-0.013004	0.013580560358884169	-0.08424550632949372	-0.057660945970609556	-0.07124150632949372	-2.67980757882595	essential_tremor	peripheral_arterial
essential_tremor_PMR	0.261521292885023	0.258199	0.260979	0.261324	0.26415	0.26233	0.254134	SLEEP	0.254134	0.007387292885022989	0.25271172886122073	0.008809564023802285	0.0014222711387792963	0.005438452537035266	essential_tremor	PMR
essential_tremor_pri_bladder	0.21342488332943266	0.211811	0.216058	0.214938	0.210041	0.219036	0.211473	FG	0.210041	0.003383883329432652	0.22004723582333177	-0.006622352493899114	-0.010006235823331766	-0.046884110546222525	essential_tremor	pri_bladder
essential_tremor_pri_breast	-0.0049282997650252555	-0.001934	-0.005019	-0.005285	-0.0032	-0.004909	-0.001932	SLEEP	-0.001932	0.002996299765025256	0.004748811151015301	0.0001794886140099542	-0.0028168111510153016	-0.5715584045851697	essential_tremor	pri_breast
essential_tremor_pri_colorectal	0.0041718992893416545	0.00291	0.004997	0.002438	0.00314	0.003924	0.005191	ApoB	0.002438	0.0017338992893416545	0.0004603314363313972	0.0037115678530102573	0.001977668563668603	0.47404513544254046	essential_tremor	pri_colorectal
essential_tremor_pri_prost	0.008221542726650672	0.012523	0.00842	0.006852	0.009119	0.007812	0.01329	ApoB	0.006852	0.0013695427266506724	0.017880369248696754	-0.009658826522046082	-0.011028369248696754	-1.341399006897765	essential_tremor	pri_prost
essential_tremor_pri_skin	0.10652332265461983	0.113293	0.10717	0.106457	0.103497	0.106387	0.107403	FG	0.103497	0.0030263226546198285	0.11207459106431608	-0.005551268409696247	-0.008577591064316076	-0.08052312724160104	essential_tremor	pri_skin
essential_tremor_psoriasis	0.013098922481858141	0.003268	0.012365	0.012785	0.016205	0.014575	0.001071	SLEEP	0.001071	0.01202792248185814	-0.004241060340863006	0.008857862140995135	-0.003170060340863006	-0.24200924505458396	essential_tremor	psoriasis
essential_tremor_RA	-0.028937821677148343	-0.039438	-0.030667	-0.029032	-0.019856	-0.028475	-0.039592	FG	-0.019856	0.009081821677148345	-0.036140303360241544	-0.0072024816830932	-0.016284303360241545	-0.5627342493820451	essential_tremor	RA
essential_tremor_raynauds	0.08423565204968167	0.091082	0.083885	0.086082	0.073775	0.085075	0.072053	SLEEP	0.072053	0.012182652049681664	0.06868598988206266	0.015549662167619008	0.003367010117937344	0.039971318984407006	essential_tremor	raynauds
essential_tremor_retinal_detach	-0.17091667451295653	-0.167677	-0.17101	-0.170412	-0.177083	-0.171767	-0.173509	BMI	-0.167677	0.0032396745129565363	-0.18009168965873334	-0.009175015145776816	-0.012414689658733352	-0.07263591860835229	essential_tremor	retinal_detach
essential_tremor_schizo	-0.005094526696848569	0.001115	-0.004116	-0.005041	-0.004995	-0.004395	0.008842	BMI	0.001115	0.003979526696848569	0.02511008459255851	-0.02001555789570994	-0.02399508459255851	-4.709973275319505	essential_tremor	schizo
essential_tremor_scoliosis	-0.012188631359721957	-0.009609	-0.012066	-0.012563	-0.018409	-0.011938	-0.020391	BMI	-0.009609	0.0025796313597219577	-0.025064149790227547	-0.01287551843050559	-0.015455149790227548	-1.2679971470217724	essential_tremor	scoliosis
essential_tremor_sinusitis	0.08523935209948275	0.081927	0.084384	0.086659	0.085122	0.087825	0.067874	SLEEP	0.067874	0.017365352099482742	0.06847012846709839	0.016769223632384353	-0.0005961284670983891	-0.006993582804367732	essential_tremor	sinusitis
essential_tremor_sleep_apnoea	0.13228246407719937	0.121702	0.131343	0.131476	0.143486	0.136129	0.127789	BMI	0.121702	0.01058046407719937	0.12196095293428952	0.010321511142909856	-0.0002589529342895136	-0.001957575677894766	essential_tremor	sleep_apnoea
essential_tremor_spondylolisthesis	0.1399863554633283	0.131666	0.140036	0.139365	0.146519	0.144864	0.129564	SLEEP	0.129564	0.010422355463328287	0.13374147889906532	0.00624487656426298	-0.004177478899065307	-0.029842043428008704	essential_tremor	spondylolisthesis
essential_tremor_spondylosis	0.12387274612775401	0.110969	0.12295	0.123099	0.135193	0.134292	0.101959	SLEEP	0.101959	0.021913746127754014	0.10445285324509372	0.019419892882660286	-0.0024938532450937273	-0.020132380390774054	essential_tremor	spondylosis
essential_tremor_stroke_all	0.1331082469841492	0.123009	0.133813	0.133434	0.138801	0.13722	0.137666	BMI	0.123009	0.010099246984149199	0.13437302189443465	-0.0012647749102854544	-0.011364021894434653	-0.08537428861029103	essential_tremor	stroke_all
essential_tremor_tendon	0.05631465853885001	0.04361	0.055608	0.055186	0.067112	0.060502	0.02658	SLEEP	0.02658	0.02973465853885001	0.02872253395765141	0.0275921245811986	-0.0021425339576514116	-0.03804575954541806	essential_tremor	tendon
essential_tremor_thromboembolic	0.04924638194908641	0.033011	0.049673	0.0496	0.064013	0.050795	0.041106	BMI	0.033011	0.016235381949086414	0.044438407927191954	0.004807974021894458	-0.011427407927191956	-0.23204563411391788	essential_tremor	thromboembolic
essential_tremor_TIA	0.10826331611352305	0.099736	0.107039	0.107738	0.116018	0.112402	0.103911	BMI	0.099736	0.008527316113523045	0.10541942855894056	0.0028438875545824943	-0.005683428558940551	-0.05249634652776575	essential_tremor	TIA
essential_tremor_tinnitus	0.1859949934856996	0.192099	0.186653	0.187675	0.177824	0.186225	0.173603	SLEEP	0.173603	0.012391993485699582	0.17122918199320095	0.014765811492498643	0.002373818006799061	0.012762805935319838	essential_tremor	tinnitus
essential_tremor_ulc_colitis	0.007707961309785669	0.009844	0.007201	0.008421	0.007675	0.00775	0.00707	SLEEP	0.00707	0.0006379613097856687	0.009973880424105925	-0.0022659191143202563	-0.002903880424105925	-0.3767378049004078	essential_tremor	ulc_colitis
essential_tremor_ulcer_peptic	-0.029865095138440285	-0.048844	-0.032381	-0.031228	-0.019951	-0.030369	-0.049894	FG	-0.019951	0.009914095138440285	-0.058447094545625154	-0.02858199940718487	-0.03849609454562515	-1.2889995617685357	essential_tremor	ulcer_peptic
essential_tremor_urine_incont	0.1775951842269845	0.16884	0.177253	0.177997	0.18825	0.185796	0.166202	SLEEP	0.166202	0.011393184226984515	0.17518656064453003	0.002408623582454472	-0.008984560644530043	-0.05059011416124252	essential_tremor	urine_incont
essential_tremor_urolithiasis	0.03979480780337147	0.0331	0.040024	0.038881	0.041025	0.039997	0.037726	BMI	0.0331	0.006694807803371471	0.0303641953306013	0.009430612472770168	0.0027358046693986976	0.06874777943184127	essential_tremor	urolithiasis
essential_tremor_valve_nonrheumatic	-0.011209445254987687	-0.021798	-0.017152	-0.010983	-0.003996	-0.010673	-0.020195	FG	-0.003996	0.007213445254987687	-0.0324326320959012	-0.02122318684091351	-0.0284366320959012	-2.536845619835487	essential_tremor	valve_nonrheumatic
female_genital_prolapse_fibromatosis	0.04278231936734699	0.047335	0.042492	0.042514	0.044674	0.035078	0.043001	SMK	0.035078	0.007704319367346994	0.03996215353200118	0.002820165835345813	-0.004884153532001181	-0.11416289729558102	female_genital_prolapse	fibromatosis
female_genital_prolapse_fibromyalgia	0.22165807179473132	0.213782	0.225938	0.221756	0.217614	0.207175	0.219818	SMK	0.207175	0.014483071794731323	0.20972532302049135	0.01193274877423997	-0.002550323020491352	-0.011505662752733426	female_genital_prolapse	fibromyalgia
female_genital_prolapse_gastritis_duodenitis	0.27123563210250384	0.26536	0.273877	0.270829	0.265254	0.259991	0.269655	SMK	0.259991	0.011244632102503815	0.25727231991111393	0.01396331219138991	0.002718680088886094	0.010023314664861827	female_genital_prolapse	gastritis_duodenitis
female_genital_prolapse_glaucoma	-0.009150218701994674	-0.006514	-0.006644	-0.008899	-0.014502	-0.00634	-0.008342	SMK	-0.00634	0.002810218701994674	-0.006727047384887824	0.0024231713171068503	-0.0003870473848878236	-0.042299249612848096	female_genital_prolapse	glaucoma
female_genital_prolapse_GORD	0.34746431183142984	0.345094	0.351145	0.347428	0.340784	0.339569	0.34629	SMK	0.339569	0.00789531183142983	0.33882026773086665	0.008644044100563186	0.0007487322691333564	0.002154846537150553	female_genital_prolapse	GORD
female_genital_prolapse_gout	0.06402289964973412	0.043457	0.074949	0.063122	0.04932	0.055463	0.06185	BMI	0.043457	0.02056589964973412	0.04562795882787937	0.01839494082185475	-0.00217095882787937	-0.03390909877179213	female_genital_prolapse	gout
female_genital_prolapse_HF	0.15015563461212747	0.140309	0.178004	0.151063	0.135878	0.133087	0.146953	SMK	0.133087	0.01706863461212746	0.15641080895355888	-0.006255174341431413	-0.023323808953558872	-0.15533089393420008	female_genital_prolapse	HF
female_genital_prolapse_hypertension	0.14653127255695778	0.133967	0.251542	0.148166	0.131737	0.136222	0.144871	FG	0.131737	0.014794272556957783	0.23947619634079398	-0.0929449237838362	-0.10773919634079399	-0.7352641825922516	female_genital_prolapse	hypertension
female_genital_prolapse_hyperthyroid	0.08716877535403908	0.083676	0.092744	0.087172	0.074615	0.080683	0.089107	FG	0.074615	0.012553775354039079	0.07590856460340244	0.011260210750636643	-0.0012935646034024362	-0.01483977029789139	female_genital_prolapse	hyperthyroid
female_genital_prolapse_hypothyroid	0.11077753747124558	0.103044	0.110902	0.110976	0.109848	0.103214	0.110544	BMI	0.103044	0.007733537471245583	0.10060555738568946	0.010171980085556115	0.002438442614310532	0.0220120673375997	female_genital_prolapse	hypothyroid
female_genital_prolapse_IBS	0.29935051668091084	0.299161	0.29845	0.300248	0.299511	0.292911	0.297638	SMK	0.292911	0.006439516680910862	0.29307247558053756	0.006278041100373277	-0.00016147558053758448	-0.0005394197488882489	female_genital_prolapse	IBS
female_genital_prolapse_IDA	0.16942625567798816	0.15873	0.181095	0.168925	0.155441	0.155256	0.166175	SMK	0.155256	0.014170255677988158	0.15051646219042228	0.018909793487565885	0.004739537809577726	0.027974045643702945	female_genital_prolapse	IDA
female_genital_prolapse_insomnia	0.15918682415156463	0.154306	0.157032	0.159622	0.153591	0.139876	0.159488	SMK	0.139876	0.019310824151564626	0.13529989910004972	0.023886925051514907	0.004576100899950281	0.028746731548543823	female_genital_prolapse	insomnia
female_genital_prolapse_intervert_disc	0.20435802626169186	0.19596	0.207151	0.203915	0.198017	0.189551	0.201787	SMK	0.189551	0.014807026261691864	0.1841723543573107	0.02018567190438117	0.005378645642689306	0.02631971810004492	female_genital_prolapse	intervert_disc
female_genital_prolapse_isch_stroke_tia	0.1645363284824989	0.155016	0.186386	0.165318	0.158116	0.150307	0.163293	SMK	0.150307	0.014229328482498915	0.1691123248464738	-0.004575996363974877	-0.018805324846473792	-0.11429284353135448	female_genital_prolapse	isch_stroke_tia
female_genital_prolapse_migraine	0.20267699513290172	0.20146	0.202328	0.202135	0.208524	0.194676	0.20105	SMK	0.194676	0.008000995132901728	0.19994854162035364	0.002728453512548079	-0.005272541620353649	-0.026014504590894872	female_genital_prolapse	migraine
female_genital_prolapse_OA	0.2514818342904009	0.250784	0.251997	0.251242	0.246593	0.240236	0.2503	SMK	0.240236	0.01124583429040088	0.24754537890119951	0.003936455389201371	-0.007309378901199509	-0.029065236150452676	female_genital_prolapse	OA
female_genital_prolapse_osteoporosis	0.16485254535549485	0.178851	0.162861	0.165672	0.176194	0.162005	0.162704	SMK	0.162005	0.002847545355494835	0.17805853766932703	-0.013205992313832182	-0.016053537669327017	-0.09738119380995	female_genital_prolapse	osteoporosis
female_genital_prolapse_periph_neuro	0.17158503535456907	0.161669	0.174732	0.170868	0.153207	0.154137	0.168639	FG	0.153207	0.018378035354569056	0.13174991766765776	0.03983511768691131	0.021457082332342253	0.12505217770304164	female_genital_prolapse	periph_neuro
female_genital_prolapse_peripheral_arterial	0.14552358511589517	0.132878	0.177359	0.144752	0.132721	0.122484	0.142186	SMK	0.122484	0.02303958511589517	0.1515862928090217	-0.006062707693126529	-0.0291022928090217	-0.1999833414346176	female_genital_prolapse	peripheral_arterial
female_genital_prolapse_PMR	0.17356315093156702	0.169504	0.176346	0.173356	0.171971	0.169627	0.171293	BMI	0.169504	0.004059150931567029	0.16958799252555945	0.003975158406007567	-8.399252555946202e-05	-0.000483930633366865	female_genital_prolapse	PMR
female_genital_prolapse_pri_bladder	0.04744860894861937	0.045315	0.044058	0.048546	0.052646	0.032031	0.046475	SMK	0.032031	0.01541760894861937	0.033942066911121935	0.013506542037497432	-0.0019110669111219378	-0.04027656349612637	female_genital_prolapse	pri_bladder
female_genital_prolapse_pri_breast	-0.07101817715507627	-0.068018	-0.070874	-0.071375	-0.073267	-0.07153	-0.070147	BMI	-0.068018	0.003000177155076278	-0.07205193478237024	-0.001033757627293963	-0.004033934782370241	-0.05680144075736674	female_genital_prolapse	pri_breast
female_genital_prolapse_pri_colorectal	-0.05046920615717857	-0.051936	-0.052365	-0.052389	-0.049432	-0.047133	-0.050191	SMK	-0.047133	0.00333620615717857	-0.051218813309678445	-0.0007496071524998732	-0.004085813309678443	-0.0809565598665017	female_genital_prolapse	pri_colorectal
female_genital_prolapse_pri_prost	0.02704421718739568	0.031751	0.026633	0.025828	0.026121	0.033304	0.028644	ApoB	0.025828	0.001216217187395681	0.03314222336219396	-0.00609800617479828	-0.0073142233621939605	-0.27045424578245336	female_genital_prolapse	pri_prost
female_genital_prolapse_pri_skin	-0.009350118886924172	-0.002985	-0.010624	-0.009429	-0.005468	-0.006466	-0.009275	BMI	-0.002985	0.0063651188869241725	-0.0019527132238926328	0.0073974056630315395	0.001032286776107367	0.11040359899070219	female_genital_prolapse	pri_skin
female_genital_prolapse_psoriasis	0.035764673821901835	0.025599	0.03747	0.035478	0.032388	0.019825	0.03223	SMK	0.019825	0.015939673821901836	0.014387842195697156	0.021376831626204677	0.005437157804302843	0.15202593015047144	female_genital_prolapse	psoriasis
female_genital_prolapse_RA	0.1416684726125458	0.133435	0.145894	0.141605	0.132599	0.124384	0.139185	SMK	0.124384	0.017284472612545815	0.11786174593010647	0.02380672668243934	0.006522254069893527	0.04603885359681595	female_genital_prolapse	RA
female_genital_prolapse_raynauds	0.1953609013975215	0.203566	0.196396	0.197557	0.212629	0.189605	0.192818	SMK	0.189605	0.005755901397521496	0.21572003729693146	-0.020359135899409964	-0.02611503729693146	-0.133675864055277	female_genital_prolapse	raynauds
female_genital_prolapse_retinal_detach	-0.020761287355386845	-0.016632	-0.020632	-0.020165	-0.014832	-0.015099	-0.021265	FG	-0.014832	0.005929287355386845	-0.007745084504781656	0.013016202850605188	0.007086915495218344	0.34135241104784053	female_genital_prolapse	retinal_detach
female_genital_prolapse_schizo	0.07107989986019998	0.078361	0.069073	0.07114	0.071173	0.061451	0.076063	SMK	0.061451	0.009628899860199984	0.06709991980891099	0.003979980051288995	-0.005648919808910989	-0.07947281608473408	female_genital_prolapse	schizo
female_genital_prolapse_scoliosis	0.1347050216407162	0.1379	0.134533	0.134407	0.142735	0.131567	0.132646	SMK	0.131567	0.003138021640716221	0.14034923634127	-0.00564421470055379	-0.008782236341270011	-0.06519605753595362	female_genital_prolapse	scoliosis
female_genital_prolapse_sinusitis	0.21931843308433377	0.216282	0.222064	0.221008	0.220371	0.208667	0.216924	SMK	0.208667	0.010651433084333778	0.21535921944579187	0.003959213638541903	-0.006692219445791875	-0.0305137117372097	female_genital_prolapse	sinusitis
female_genital_prolapse_sleep_apnoea	0.20281040359147262	0.20348	0.206537	0.202227	0.194374	0.191235	0.201495	SMK	0.191235	0.011575403591472633	0.20162102928861006	0.0011893743028625614	-0.010386029288610071	-0.05121053508443767	female_genital_prolapse	sleep_apnoea
female_genital_prolapse_spondylolisthesis	0.10771729907499208	0.097862	0.107737	0.107105	0.101847	0.092449	0.104693	SMK	0.092449	0.015268299074992081	0.08215444308296088	0.025562855992031203	0.010294556917039122	0.09557013595255594	female_genital_prolapse	spondylolisthesis
female_genital_prolapse_spondylosis	0.2306582225063888	0.225717	0.2342	0.230146	0.222462	0.216829	0.229363	SMK	0.216829	0.013829222506388794	0.21658470314490919	0.014073519361479603	0.0002442968550908087	0.001059129184454034	female_genital_prolapse	spondylosis
female_genital_prolapse_stroke_all	0.139544376194444	0.128609	0.157685	0.139852	0.134573	0.126075	0.140855	SMK	0.126075	0.013469376194443994	0.14362671972362126	-0.004082343529177274	-0.017551719723621267	-0.12577876803264607	female_genital_prolapse	stroke_all
female_genital_prolapse_tendon	0.20844293928409124	0.200112	0.210492	0.207856	0.199748	0.194092	0.207732	SMK	0.194092	0.014350939284091258	0.18728627390431574	0.021156665379775508	0.00680572609568425	0.032650307652822834	female_genital_prolapse	tendon
female_genital_prolapse_thromboembolic	0.20445974686299437	0.195912	0.203775	0.204841	0.193388	0.194791	0.202556	FG	0.193388	0.011071746862994364	0.18079761936791505	0.023662127495079316	0.012590380632084952	0.06157877442996929	female_genital_prolapse	thromboembolic
female_genital_prolapse_TIA	0.21213518059947886	0.204898	0.226258	0.211726	0.20589	0.1998	0.210907	SMK	0.1998	0.012335180599478857	0.2090340606531164	0.003101119946362474	-0.009234060653116383	-0.04352913376754194	female_genital_prolapse	TIA
female_genital_prolapse_tinnitus	0.1551834368841969	0.161524	0.154182	0.156705	0.170283	0.153536	0.152067	SLEEP	0.152067	0.0031164368841968826	0.17098650251775716	-0.015803065633560265	-0.018919502517757147	-0.12191702218759028	female_genital_prolapse	tinnitus
female_genital_prolapse_ulc_colitis	0.03403232731297565	0.036392	0.035198	0.034727	0.034198	0.033554	0.03384	SMK	0.033554	0.00047832731297565295	0.036941347340741816	-0.0029090200277661626	-0.0033873473407418156	-0.09953322644056456	female_genital_prolapse	ulc_colitis
female_genital_prolapse_ulcer_peptic	0.16947233653766572	0.159087	0.175983	0.168772	0.160034	0.149795	0.166261	SMK	0.149795	0.019677336537665707	0.1451055685828949	0.02436676795477083	0.004689431417105122	0.027670778092227944	female_genital_prolapse	ulcer_peptic
female_genital_prolapse_urine_incont	0.5247604630630572	0.532945	0.526227	0.525251	0.52058	0.523814	0.525071	FG	0.52058	0.004180463063057194	0.53171924724703	-0.006958784183972777	-0.01113924724702997	-0.021227298988970203	female_genital_prolapse	urine_incont
female_genital_prolapse_urolithiasis	0.13730685108781637	0.131053	0.136937	0.13663	0.136451	0.135268	0.136699	BMI	0.131053	0.00625385108781637	0.13112298037606213	0.006183870711754247	-6.998037606212315e-05	-0.0005096641246063264	female_genital_prolapse	urolithiasis
female_genital_prolapse_valve_nonrheumatic	0.0890995520368665	0.079636	0.105239	0.089333	0.081476	0.081459	0.086694	BMI	0.079636	0.009463552036866496	0.09014230801019564	-0.0010427559733291458	-0.010506308010195642	-0.11791650765930309	female_genital_prolapse	valve_nonrheumatic
fibromatosis_fibromyalgia	0.08584982580787605	0.11107	0.086886	0.085938	0.087521	0.054465	0.089353	SMK	0.054465	0.03138482580787605	0.08229961244633623	0.0035502133615398224	-0.027834612446336227	-0.3242244487324588	fibromatosis	fibromyalgia
fibromatosis_gastritis_duodenitis	0.06780167786770773	0.091032	0.068348	0.066699	0.070532	0.037474	0.069858	SMK	0.037474	0.03032767786770773	0.060860394916267296	0.006941282951440433	-0.023386394916267296	-0.3449235424807335	fibromatosis	gastritis_duodenitis
fibromatosis_glaucoma	0.007943443288554966	0.004758	0.008512	0.008225	0.009449	0.011495	0.007805	BMI	0.004758	0.003185443288554966	0.007179253015338151	0.0007641902732168152	-0.002421253015338151	-0.3048115190583319	fibromatosis	glaucoma
fibromatosis_GORD	0.027826962165433938	0.050301	0.028463	0.026411	0.031294	-8e-05	0.028863	SMK	-8e-05	0.027746962165433937	0.022774006521285042	0.005052955644148895	-0.022694006521285042	-0.8155402083190761	fibromatosis	GORD
fibromatosis_gout	-0.0039039594899672927	0.028	-0.002027	-0.005063	0.000566	-0.015266	-0.003505	FG	0.000566	0.0033379594899672926	0.02333309433522685	-0.019429134845259557	-0.022767094335226848	-5.83179574320265	fibromatosis	gout
fibromatosis_HF	-0.0414620790490457	-0.002467	-0.041353	-0.040708	-0.037319	-0.073213	-0.041057	BMI	-0.002467	0.0389950790490457	-0.03058939005405588	0.010872688994989818	-0.02812239005405588	-0.6782677255713532	fibromatosis	HF
fibromatosis_hypertension	6.713584999867846e-05	0.030582	0.008825	0.001388	0.005618	-0.015398	0.000414	SLEEP	0.000414	-0.00034686415000132154	0.025722449505406184	-0.025655313655407505	-0.025308449505406182	-376.9736959598243	fibromatosis	hypertension
fibromatosis_hyperthyroid	-0.05538020532972021	-0.051018	-0.054763	-0.055398	-0.052298	-0.06463	-0.055763	BMI	-0.051018	0.00436220532972021	-0.064057723485031	-0.008677518155310787	-0.013039723485030998	-0.2354582004056444	fibromatosis	hyperthyroid
fibromatosis_hypothyroid	-0.0315248583630059	-0.020828	-0.031517	-0.031337	-0.031176	-0.042388	-0.031475	BMI	-0.020828	0.0106968583630059	-0.029484254583723748	0.002040603779282151	-0.008656254583723749	-0.2745850428270845	fibromatosis	hypothyroid
fibromatosis_IBS	0.015808362449385317	0.01676	0.015537	0.016513	0.016033	0.004324	0.016546	SMK	0.004324	0.011484362449385317	0.005200727916234483	0.010607634533150834	-0.0008767279162344831	-0.05545975549596368	fibromatosis	IBS
fibromatosis_IDA	0.007067425428111994	0.035241	0.008952	0.006335	0.012819	-0.016965	0.008358	ApoB	0.006335	0.0007324254281119939	0.015179716309507431	-0.008112290881395437	-0.00884471630950743	-1.2514764251103283	fibromatosis	IDA
fibromatosis_insomnia	-0.01297325597015214	-0.005892	-0.013581	-0.01257	-0.011157	-0.05293	-0.011622	BMI	-0.005892	0.007081255970152141	-0.05000568408461838	-0.03703242811446624	-0.04411368408461838	-3.400355638253937	fibromatosis	insomnia
fibromatosis_intervert_disc	-0.014153221290357655	0.003781	-0.013681	-0.014854	-0.011978	-0.045976	-0.01349	BMI	0.003781	0.010372221290357655	-0.027831654867829254	-0.013678433577471599	-0.024050654867829254	-1.6993060713474852	fibromatosis	intervert_disc
fibromatosis_isch_stroke_tia	0.1124983842459568	0.133742	0.12137	0.113298	0.115225	0.092261	0.112872	SMK	0.092261	0.020237384245956808	0.11822676983874505	-0.0057283855927882515	-0.02596576983874506	-0.23081015796614227	fibromatosis	isch_stroke_tia
fibromatosis_migraine	0.06580415268022109	0.068006	0.0657	0.064961	0.064589	0.05396	0.066316	SMK	0.05396	0.011844152680221091	0.054319589761814335	0.011484562918406757	-0.0003595897618143343	-0.0054645451262290475	fibromatosis	migraine
fibromatosis_OA	0.052894130296474204	0.094022	0.052967	0.052557	0.054919	0.03141	0.055461	SMK	0.03141	0.021484130296474203	0.08237081218771936	-0.02947668189124515	-0.050960812187719355	-0.9634492882684996	fibromatosis	OA
fibromatosis_osteoporosis	0.032175273294394915	0.019546	0.031708	0.032931	0.029728	0.027996	0.032778	BMI	0.019546	0.012629273294394915	0.011593868205781902	0.020581405088613013	0.007952131794218099	0.2471504040216932	fibromatosis	osteoporosis
fibromatosis_periph_neuro	0.023729969621844406	0.060337	0.024357	0.022332	0.035979	-0.009425	0.025981	SMK	-0.009425	0.014304969621844407	0.03347157114101654	-0.009741601519172131	-0.024046571141016538	-1.0133418425820777	fibromatosis	periph_neuro
fibromatosis_peripheral_arterial	0.03675680789162383	0.076317	0.044161	0.034586	0.042128	-0.010393	0.038056	SMK	-0.010393	0.026363807891623833	0.027835838124291277	0.008920969767332556	-0.017442838124291277	-0.47454714173550866	fibromatosis	peripheral_arterial
fibromatosis_PMR	0.10930583202156408	0.11596	0.110019	0.10906	0.109992	0.104113	0.110318	SMK	0.104113	0.005192832021564078	0.11270789801337414	-0.0034020659918100604	-0.008594898013374139	-0.07863165079497789	fibromatosis	PMR
fibromatosis_pri_bladder	0.010499257971981616	0.013254	0.009754	0.011619	0.009134	-0.009643	0.010681	FG	0.009134	0.0013652579719816166	-0.008143722304109162	0.002355535667872454	0.0009902776958908375	0.09431882696220042	fibromatosis	pri_bladder
fibromatosis_pri_breast	0.026370278872265902	0.022577	0.026415	0.026015	0.026947	0.026156	0.026219	BMI	0.022577	0.0037932788722659025	0.019960856569613213	0.006409422302652689	0.0026161434303867866	0.09920803048989489	fibromatosis	pri_breast
fibromatosis_pri_colorectal	0.02995467697569288	0.031687	0.029596	0.028309	0.029629	0.034508	0.029903	ApoB	0.028309	0.0016456769756928794	0.036713103366811106	-0.006758426391118226	-0.008404103366811105	-0.280560640785101	fibromatosis	pri_colorectal
fibromatosis_pri_prost	-0.006491724527935577	-0.012056	-0.006587	-0.007954	-0.006211	0.000969	-0.006768	SMK	0.000969	0.005522724527935577	-0.0070940107562349666	-0.0006022862282993894	-0.006125010756234966	-0.9435105771782912	fibromatosis	pri_prost
fibromatosis_pri_skin	-0.008178147107492319	-0.016016	-0.008458	-0.008265	-0.009289	-0.004624	-0.008192	SMK	-0.004624	0.0035541471074923194	-0.014492634503156515	-0.006314487395664196	-0.009868634503156516	-1.206707873243742	fibromatosis	pri_skin
fibromatosis_psoriasis	-0.009228391875912087	0.003643	-0.008879	-0.009558	-0.008252	-0.030212	-0.008634	BMI	0.003643	0.005585391875912086	-0.016547676625781577	-0.00731928474986949	-0.012904676625781576	-1.3983667793156156	fibromatosis	psoriasis
fibromatosis_RA	0.05416607939396089	0.068127	0.055162	0.054083	0.057726	0.027455	0.05497	SMK	0.027455	0.02671107939396089	0.039939083577190414	0.014226995816770477	-0.012484083577190414	-0.23047788794886076	fibromatosis	RA
fibromatosis_raynauds	0.11716387714991802	0.110154	0.11738	0.119189	0.115103	0.109379	0.118766	SMK	0.109379	0.007784877149918018	0.1033102072699292	0.013853669879988817	0.006068792730070799	0.051797472716829135	fibromatosis	raynauds
fibromatosis_retinal_detach	0.020222151715914877	0.015234	0.020255	0.020915	0.01859	0.027503	0.020309	BMI	0.015234	0.004988151715914877	0.023286937834037152	-0.0030647861181222757	-0.008052937834037153	-0.39822358902091876	fibromatosis	retinal_detach
fibromatosis_schizo	-0.009354538650483772	-0.017539	-0.009843	-0.009301	-0.009321	-0.022365	-0.010184	ApoB	-0.009301	5.353865048377156e-05	-0.03877998486521842	-0.029425446214734648	-0.02947898486521842	-3.15130290938441	fibromatosis	schizo
fibromatosis_scoliosis	-0.09163757766276612	-0.095365	-0.091703	-0.092054	-0.094008	-0.096774	-0.091462	SLEEP	-0.091462	0.00017557766276611597	-0.1032409802172354	-0.011603402554469289	-0.011778980217235405	-0.12853875579931878	fibromatosis	scoliosis
fibromatosis_sinusitis	0.08764032126182943	0.092754	0.088272	0.089102	0.08756	0.070836	0.090046	SMK	0.070836	0.01680432126182943	0.07775056166794708	0.009889759593882344	-0.006914561667947086	-0.07889703698471758	fibromatosis	sinusitis
fibromatosis_sleep_apnoea	-0.03656345024868563	0.00369	-0.036026	-0.037779	-0.033832	-0.057658	-0.036319	BMI	0.00369	0.03287345024868563	-0.008484755438775115	0.028078694809910515	-0.004794755438775115	-0.13113520212572047	fibromatosis	sleep_apnoea
fibromatosis_spondylolisthesis	-0.06816811426429756	-0.054936	-0.068184	-0.069068	-0.066577	-0.092904	-0.067947	BMI	-0.054936	0.01323211426429756	-0.07885276073496789	-0.010684646470670328	-0.023916760734967887	-0.35084967499965125	fibromatosis	spondylolisthesis
fibromatosis_spondylosis	0.04230541223169536	0.077482	0.04302	0.041349	0.045896	0.008311	0.044947	SMK	0.008311	0.03399441223169536	0.047553111523243735	-0.005247699291548377	-0.039242111523243736	-0.9275908082002665	fibromatosis	spondylosis
fibromatosis_stroke_all	0.01842046916693223	0.0386	0.021807	0.018722	0.020094	-0.002013	0.018233	SMK	-0.002013	0.01640746916693223	0.01846762160705068	-4.715244011845032e-05	-0.01645462160705068	-0.8932791807816399	fibromatosis	stroke_all
fibromatosis_tendon	0.12267043148082675	0.146229	0.123162	0.121707	0.127257	0.098857	0.12988	SMK	0.098857	0.02381343148082675	0.12860794596541314	-0.00593751448458639	-0.02975094596541314	-0.24252744207607338	fibromatosis	tendon
fibromatosis_thromboembolic	0.06732183057662931	0.096088	0.067148	0.067692	0.073075	0.052553	0.067995	SMK	0.052553	0.01476883057662931	0.08865844678024748	-0.021336616203618167	-0.03610544678024748	-0.5363111262868933	fibromatosis	thromboembolic
fibromatosis_TIA	0.14471956108317055	0.161484	0.150223	0.144206	0.147734	0.126335	0.145157	SMK	0.126335	0.018384561083170547	0.14381778845884147	0.0009017726243290836	-0.017482788458841464	-0.12080459841081248	fibromatosis	TIA
fibromatosis_tinnitus	0.043707088982599514	0.037447	0.04347	0.045053	0.040733	0.041213	0.04497	BMI	0.037447	0.006260088982599513	0.03615299806458259	0.007554090918016926	0.0012940019354174132	0.029606225569782877	fibromatosis	tinnitus
fibromatosis_ulc_colitis	0.011394086930792096	0.008687	0.011644	0.012132	0.01138	0.010723	0.011431	BMI	0.008687	0.0027070869307920954	0.0073401686981661015	0.004053918232625994	0.0013468313018338987	0.11820440812981138	fibromatosis	ulc_colitis
fibromatosis_ulcer_peptic	0.021072561517486564	0.044828	0.022332	0.019821	0.024643	-0.0243	0.022448	ApoB	0.019821	0.0012515615174865657	-0.00296446309079944	0.018108098426687123	0.016856536909200557	0.799928233461915	fibromatosis	ulcer_peptic
fibromatosis_urine_incont	0.06406343310095529	0.090862	0.064286	0.064437	0.067435	0.039324	0.065338	SMK	0.039324	0.02473943310095529	0.06982654518128707	-0.005763112080331784	-0.030502545181287075	-0.4761303555683505	fibromatosis	urine_incont
fibromatosis_urolithiasis	-0.009883259701074735	-0.000818	-0.00999	-0.010917	-0.009522	-0.013087	-0.009762	BMI	-0.000818	0.009065259701074736	-0.001842690515351018	0.008040569185723717	-0.001024690515351018	-0.1036794080438451	fibromatosis	urolithiasis
fibromatosis_valve_nonrheumatic	-0.06496756258745219	-0.052792	-0.065404	-0.064748	-0.062995	-0.076014	-0.064712	BMI	-0.052792	0.012175562587452192	-0.06549651360053345	-0.000528951013081258	-0.01270451360053345	-0.19555164292075805	fibromatosis	valve_nonrheumatic
fibromyalgia_gastritis_duodenitis	0.7540408667016644	0.73375	0.753312	0.756414	0.752908	0.721906	0.745188	SMK	0.721906	0.03213486670166432	0.7051117009178081	0.04892916578385631	0.016794299082191988	0.022272399048679996	fibromyalgia	gastritis_duodenitis
fibromyalgia_glaucoma	-0.039698081022061606	-0.028395	-0.045552	-0.03977	-0.044312	-0.029132	-0.035194	BMI	-0.028395	0.011303081022061606	-0.021693052962546668	0.018005028059514937	0.006701947037453332	0.1688229472283264	fibromyalgia	glaucoma
fibromyalgia_GORD	0.6194191582711588	0.586673	0.617302	0.62212	0.617645	0.579143	0.610271	SMK	0.579143	0.040276158271158824	0.5554155954195028	0.06400356285165598	0.023727404580497158	0.038305893938963664	fibromyalgia	GORD
fibromyalgia_gout	0.16380120163799874	0.056032	0.148693	0.164429	0.153999	0.13323	0.152343	BMI	0.056032	0.10776920163799875	0.032383108958043014	0.13141809267995574	0.023648891041956985	0.1443755650475698	fibromyalgia	gout
fibromyalgia_HF	0.2567023205666083	0.128124	0.243319	0.25678	0.248696	0.173322	0.2331	BMI	0.128124	0.1285783205666083	0.023175533831310678	0.23352678673529761	0.1049484661686893	0.4088333363603451	fibromyalgia	HF
fibromyalgia_hypertension	0.27055297067464124	0.182271	0.302608	0.271002	0.262965	0.23395	0.264354	BMI	0.182271	0.08828197067464125	0.1615447993563627	0.10900817131827853	0.020726200643637283	0.07660681230723569	fibromyalgia	hypertension
fibromyalgia_hyperthyroid	0.15159679800734405	0.139614	0.142618	0.1516	0.142463	0.129411	0.16765	SMK	0.129411	0.02218579800734405	0.13630960656612556	0.015287191441218484	-0.006898606566125565	-0.045506281509925854	fibromyalgia	hyperthyroid
fibromyalgia_hypothyroid	0.2083988081060982	0.174585	0.209068	0.208367	0.207803	0.184041	0.211682	BMI	0.174585	0.033813808106098214	0.16561053380186425	0.04278827430423396	0.008974466198135744	0.04306390367437582	fibromyalgia	hypothyroid
fibromyalgia_IBS	0.6257915522096609	0.648668	0.631299	0.626114	0.62653	0.629461	0.620509	SLEEP	0.620509	0.005282552209660896	0.6500372216671946	-0.024245669457533703	-0.0295282216671946	-0.04718539514145066	fibromyalgia	IBS
fibromyalgia_IDA	0.4682043190873297	0.410183	0.462149	0.468801	0.467143	0.422992	0.444351	BMI	0.410183	0.05802131908732966	0.3621865488364	0.10601777025092968	0.04799645116360002	0.10251176507119683	fibromyalgia	IDA
fibromyalgia_insomnia	0.4082894058463503	0.398568	0.416629	0.408305	0.40506	0.3206	0.357082	SMK	0.3206	0.08768940584635032	0.2866358227524354	0.12165358309391494	0.03396417724756462	0.08318652593289723	fibromyalgia	insomnia
fibromyalgia_intervert_disc	0.7536609715394822	0.735839	0.752674	0.75441	0.75248	0.72605	0.748879	SMK	0.72605	0.02761097153948222	0.7133318804725481	0.04032909106693405	0.012718119527451832	0.016875120256622664	fibromyalgia	intervert_disc
fibromyalgia_isch_stroke_tia	0.3012286917606056	0.251586	0.290136	0.3013	0.296865	0.239904	0.299038	SMK	0.239904	0.06132469176060562	0.19247329194337315	0.10875539981723248	0.04743070805662686	0.15745747119707074	fibromyalgia	isch_stroke_tia
fibromyalgia_migraine	0.5093065724434175	0.522962	0.512368	0.510282	0.51542	0.500769	0.508709	SMK	0.500769	0.008537572443417463	0.5171093725162618	-0.007802800072844285	-0.016340372516261747	-0.032083568915806826	fibromyalgia	migraine
fibromyalgia_OA	0.49738654689083966	0.433643	0.498515	0.497578	0.494707	0.457977	0.472097	BMI	0.433643	0.06374354689083966	0.3945464057695395	0.10284014112130019	0.039096594230460524	0.07860404442953493	fibromyalgia	OA
fibromyalgia_osteoporosis	0.19493959374685027	0.260242	0.201476	0.194933	0.204847	0.192065	0.181465	SLEEP	0.181465	0.013474593746850283	0.23557059314006115	-0.04063099939321088	-0.054105593140061164	-0.27755055861213607	fibromyalgia	osteoporosis
fibromyalgia_periph_neuro	0.8491985199402369	0.839756	0.848452	0.852599	0.903433	0.829661	0.840763	SMK	0.829661	0.01953751994023689	0.893654683574853	-0.04445616363461613	-0.06399368357485302	-0.07535774270939219	fibromyalgia	periph_neuro
fibromyalgia_peripheral_arterial	0.4940782245575528	0.429603	0.505612	0.499948	0.491974	0.397984	0.478003	SMK	0.397984	0.09609422455755279	0.3535665269063654	0.14051169765118737	0.044417473093634585	0.089899677593382	fibromyalgia	peripheral_arterial
fibromyalgia_PMR	0.1442235397570544	0.126553	0.139831	0.144309	0.142753	0.131956	0.127417	BMI	0.126553	0.017670539757054404	0.10230085700736995	0.041922682749684456	0.024252142992630052	0.16815662015703514	fibromyalgia	PMR
fibromyalgia_pri_bladder	0.0498532516476532	0.040979	0.058331	0.049687	0.054208	-0.023293	0.044223	SMK	-0.023293	0.026560251647653202	-0.02040939885656382	0.029443852791089384	0.0028836011434361826	0.057841786606349185	fibromyalgia	pri_bladder
fibromyalgia_pri_breast	0.10875587340683117	0.129336	0.108717	0.108868	0.107351	0.115008	0.117934	FG	0.107351	0.001404873406831167	0.13974667340666688	-0.030990799999835714	-0.03239567340666688	-0.2978751619738456	fibromyalgia	pri_breast
fibromyalgia_pri_colorectal	-0.020337030322432333	-0.027873	-0.01643	-0.020011	-0.01938	-0.005112	-0.018765	SMK	-0.005112	0.015225030322432333	-0.006774060398691863	0.01356296992374047	-0.0016620603986918624	-0.08172581602824094	fibromyalgia	pri_colorectal
fibromyalgia_pri_prost	-0.049339344525975465	-0.029172	-0.048563	-0.04916	-0.050296	-0.024321	-0.040111	SMK	-0.024321	0.025018344525975466	-0.0015643549762338806	0.04777498954974158	0.02275664502376612	0.4612271452407628	fibromyalgia	pri_prost
fibromyalgia_pri_skin	0.05481314754586047	0.088949	0.057845	0.054835	0.058283	0.072369	0.056756	ApoB	0.054835	-2.1852454139534294e-05	0.09974305741434154	-0.044929909868481076	-0.04490805741434154	-0.8192935349455778	fibromyalgia	pri_skin
fibromyalgia_psoriasis	0.344342327966851	0.311818	0.342263	0.344484	0.342488	0.297225	0.329725	SMK	0.297225	0.047117327966850975	0.26413353907835874	0.08020878888849226	0.03309146092164128	0.0961004739586558	fibromyalgia	psoriasis
fibromyalgia_RA	0.4192037375903514	0.391352	0.414662	0.419235	0.414985	0.355836	0.41008	SMK	0.355836	0.06336773759035141	0.3345499180453352	0.08465381954501622	0.021286081954664804	0.05077741452645563	fibromyalgia	RA
fibromyalgia_raynauds	0.1220498978897523	0.160565	0.120653	0.122154	0.135634	0.097447	0.09811	SMK	0.097447	0.024602897889752298	0.1035786384565164	0.01847125943323591	-0.006131638456516389	-0.05023878399353598	fibromyalgia	raynauds
fibromyalgia_retinal_detach	-0.1403800080708135	-0.126052	-0.141217	-0.140647	-0.136032	-0.123387	-0.147293	SMK	-0.123387	0.016993008070813498	-0.12536246200106552	0.015017546069747978	-0.00197546200106552	-0.014072245957337566	fibromyalgia	retinal_detach
fibromyalgia_schizo	0.20152002645187095	0.244195	0.207402	0.20151	0.201852	0.16827	0.237839	SMK	0.16827	0.033250026451870945	0.24660000965567133	-0.04507998320380038	-0.07833000965567133	-0.38869590796912135	fibromyalgia	schizo
fibromyalgia_scoliosis	0.32656911187024706	0.354498	0.328385	0.32674	0.334507	0.332197	0.3188	SLEEP	0.3188	0.007769111870247092	0.34794963923258276	-0.0213805273623357	-0.02914963923258279	-0.0892602459113297	fibromyalgia	scoliosis
fibromyalgia_sinusitis	0.5247342614173951	0.529064	0.522598	0.525734	0.526192	0.499583	0.506153	SMK	0.499583	0.0251512614173951	0.4893405679396504	0.03539369347774468	0.010242432060349582	0.019519274446999246	fibromyalgia	sinusitis
fibromyalgia_sleep_apnoea	0.4437053666719388	0.36024	0.440049	0.444906	0.439757	0.407402	0.44416	BMI	0.36024	0.08346536667193877	0.35732044746571334	0.08638491920622543	0.0029195525342866624	0.006579935140710804	fibromyalgia	sleep_apnoea
fibromyalgia_spondylolisthesis	0.3636660735118751	0.326825	0.365132	0.364257	0.360216	0.312644	0.349783	SMK	0.312644	0.0510220735118751	0.2829346124013723	0.08073146111050278	0.02970938759862768	0.08169414130861331	fibromyalgia	spondylolisthesis
fibromyalgia_spondylosis	0.7727573243288725	0.750351	0.77143	0.774358	0.772847	0.740724	0.760301	SMK	0.740724	0.0320333243288724	0.71722131255774	0.05553601177113243	0.02350268744226003	0.030414059760186345	fibromyalgia	spondylosis
fibromyalgia_stroke_all	0.19420044210680656	0.130651	0.177685	0.194159	0.190307	0.132558	0.207054	BMI	0.130651	0.06354944210680658	0.08302681629738992	0.11117362580941664	0.04762418370261007	0.2452321075377247	fibromyalgia	stroke_all
fibromyalgia_tendon	0.6270521260836106	0.598526	0.626194	0.629197	0.625448	0.58651	0.603129	SMK	0.58651	0.04054212608361063	0.5525201198064836	0.07453200627712697	0.03398988019351634	0.05420582879737204	fibromyalgia	tendon
fibromyalgia_thromboembolic	0.19217697654322613	0.111286	0.194912	0.192133	0.18321	0.147382	0.179645	BMI	0.111286	0.08089097654322613	0.08895052698336241	0.10322644955986372	0.02233547301663759	0.11622345932585582	fibromyalgia	thromboembolic
fibromyalgia_TIA	0.3302421801028268	0.294507	0.320472	0.330607	0.325964	0.275268	0.328298	SMK	0.275268	0.054974180102826786	0.2450999650130815	0.08514221508974529	0.0301680349869185	0.09135124706821263	fibromyalgia	TIA
fibromyalgia_tinnitus	0.3406300530283948	0.383063	0.344682	0.341174	0.35629	0.354078	0.32053	SLEEP	0.32053	0.020100053028394793	0.37241875461366997	-0.03178870158527519	-0.051888754613669985	-0.15233169872226324	fibromyalgia	tinnitus
fibromyalgia_ulc_colitis	0.1740834897004621	0.192716	0.172296	0.174059	0.174513	0.183428	0.177084	SBP	0.172296	0.0017874897004621082	0.1974509811361575	-0.023367491435695387	-0.025154981136157495	-0.14449952249601944	fibromyalgia	ulc_colitis
fibromyalgia_ulcer_peptic	0.6463027018277022	0.613877	0.642996	0.648428	0.645057	0.584686	0.632599	SMK	0.584686	0.06161670182770218	0.5541671021681019	0.09213559965960028	0.030518897831898095	0.047220749264381266	fibromyalgia	ulcer_peptic
fibromyalgia_urine_incont	0.5950148209376337	0.556855	0.59531	0.595054	0.592718	0.555584	0.585973	SMK	0.555584	0.039430820937633726	0.5267455323341413	0.06826928860349235	0.028838467665858625	0.0484668056174038	fibromyalgia	urine_incont
fibromyalgia_urolithiasis	0.22529679968031688	0.199544	0.227212	0.225919	0.224729	0.229097	0.22623	BMI	0.199544	0.02575279968031688	0.21411792710809846	0.011178872572218418	-0.014573927108098461	-0.0646876792248182	fibromyalgia	urolithiasis
fibromyalgia_valve_nonrheumatic	0.13826417163794996	0.092043	0.118786	0.138221	0.132314	0.109192	0.123587	BMI	0.092043	0.04622117163794996	0.04470418136096686	0.0935599902769831	0.04733881863903314	0.3423795049594746	fibromyalgia	valve_nonrheumatic
gastritis_duodenitis_glaucoma	-0.0002486002500629042	0.012197	-0.003747	0.000924	-0.00734	0.011981	0.004022	ApoB	0.000924	-0.0006753997499370959	0.01893049190242386	-0.018681891652360956	-0.018006491902423857	-72.43151162505914	gastritis_duodenitis	glaucoma
gastritis_duodenitis_GORD	0.8661000933305114	0.855134	0.865708	0.865313	0.864684	0.853614	0.863614	SMK	0.853614	0.012486093330511427	0.8438852835968056	0.02221480973370582	0.009728716403194393	0.011232785307508136	gastritis_duodenitis	GORD
gastritis_duodenitis_gout	0.21204442998002587	0.115969	0.205604	0.208242	0.195966	0.186443	0.203416	BMI	0.115969	0.09607542998002587	0.09702015807571944	0.11502427190430643	0.018948841924280563	0.08936260163054273	gastritis_duodenitis	gout
gastritis_duodenitis_HF	0.3168521449295674	0.209868	0.32094	0.321429	0.30227	0.246302	0.299624	BMI	0.209868	0.10698414492956743	0.14955273435372854	0.16729941057583889	0.06031526564627146	0.19035776342836136	gastritis_duodenitis	HF
gastritis_duodenitis_hypertension	0.31502085249899364	0.236746	0.399573	0.322327	0.300103	0.28354	0.309909	BMI	0.236746	0.07827485249899363	0.29230579213374536	0.022715060365248285	-0.055559792133745345	-0.17636861716613772	gastritis_duodenitis	hypertension
gastritis_duodenitis_hyperthyroid	0.19710453213356793	0.187262	0.192255	0.197604	0.182363	0.178912	0.209663	SMK	0.178912	0.018192532133567946	0.1787427796643603	0.018361752469207626	0.00016922033563968042	0.0008585309216786969	gastritis_duodenitis	hyperthyroid
gastritis_duodenitis_hypothyroid	0.21336551864594352	0.181033	0.21361	0.21478	0.212857	0.190403	0.215069	BMI	0.181033	0.032332518645943525	0.17387154388578335	0.03949397476016017	0.007161456114216647	0.0335642617404375	gastritis_duodenitis	hypothyroid
gastritis_duodenitis_IBS	0.613600983176589	0.633937	0.616598	0.61865	0.615991	0.613369	0.607357	SLEEP	0.607357	0.006243983176588919	0.633497348052675	-0.019896364876086037	-0.026140348052674955	-0.04260154199451795	gastritis_duodenitis	IBS
gastritis_duodenitis_IDA	0.438128114798738	0.37987	0.437005	0.436599	0.427725	0.392705	0.418606	BMI	0.37987	0.05825811479873799	0.33086894814911977	0.10725916664961821	0.04900105185088022	0.11184183391971943	gastritis_duodenitis	IDA
gastritis_duodenitis_insomnia	0.5970393713333793	0.595412	0.602952	0.600548	0.593587	0.542752	0.58548	SMK	0.542752	0.05428737133337924	0.5554413620366727	0.04159800929670654	-0.012689362036672702	-0.02125381113197495	gastritis_duodenitis	insomnia
gastritis_duodenitis_intervert_disc	0.5244121675945279	0.490643	0.522921	0.523352	0.519306	0.473123	0.513283	SMK	0.473123	0.051289167594527896	0.4407467204190447	0.08366544717548319	0.03237627958095529	0.06173823107397543	gastritis_duodenitis	intervert_disc
gastritis_duodenitis_isch_stroke_tia	0.39478438954430883	0.353635	0.398942	0.399092	0.388551	0.346068	0.393364	SMK	0.346068	0.04871638954430885	0.3267673233247461	0.06801706621956272	0.01930067667525387	0.04888915870643271	gastritis_duodenitis	isch_stroke_tia
gastritis_duodenitis_migraine	0.4586895225296562	0.468903	0.460098	0.456618	0.468568	0.44523	0.455347	SMK	0.44523	0.01345952252965621	0.45605690503863283	0.0026326174910233924	-0.010826905038632817	-0.02360399465617358	gastritis_duodenitis	migraine
gastritis_duodenitis_OA	0.4285110873177676	0.358424	0.428693	0.428271	0.42363	0.384935	0.4067	BMI	0.358424	0.07008708731776758	0.3214275734165242	0.10708351390124338	0.036996426583475794	0.08633715130932107	gastritis_duodenitis	OA
gastritis_duodenitis_osteoporosis	0.2413362655188644	0.306181	0.245542	0.245241	0.257315	0.240516	0.231091	SLEEP	0.231091	0.0102452655188644	0.2941139039871844	-0.05277763846832001	-0.06302290398718441	-0.2611414569281057	gastritis_duodenitis	osteoporosis
gastritis_duodenitis_periph_neuro	0.6207817468700322	0.580354	0.619475	0.618446	0.636968	0.574878	0.605639	SMK	0.574878	0.04590374687003218	0.5571699688081553	0.0636117780618769	0.01770803119184472	0.028525373500635644	gastritis_duodenitis	periph_neuro
gastritis_duodenitis_peripheral_arterial	0.40592709959962014	0.332068	0.422143	0.400561	0.394978	0.303148	0.390209	SMK	0.303148	0.10277909959962017	0.23479240033662635	0.1711346992629938	0.06835559966337362	0.1683937823584459	gastritis_duodenitis	peripheral_arterial
gastritis_duodenitis_PMR	0.207321726462382	0.192871	0.20477	0.206752	0.205613	0.1992	0.195071	BMI	0.192871	0.014450726462382019	0.1774346328385155	0.029887093623866517	0.015436367161484499	0.07445609982553077	gastritis_duodenitis	PMR
gastritis_duodenitis_pri_bladder	0.10589953426111276	0.099546	0.111543	0.111011	0.113324	0.043191	0.102216	SMK	0.043191	0.06270853426111275	0.05675766766545656	0.0491418665956562	-0.013566667665456562	-0.1281088510928264	gastritis_duodenitis	pri_bladder
gastritis_duodenitis_pri_breast	0.024582492974445518	0.04069	0.024345	0.02312	0.022047	0.024823	0.029891	FG	0.022047	0.0025354929744455176	0.03844754819046924	-0.013865055216023724	-0.016400548190469242	-0.6671637497270219	gastritis_duodenitis	pri_breast
gastritis_duodenitis_pri_colorectal	0.007702018483475304	0.001626	0.010212	0.000156	0.00935	0.023439	0.009438	ApoB	0.000156	0.007546018483475304	0.013609654294742982	-0.0059076358112676785	-0.013453654294742982	-1.7467699309743057	gastritis_duodenitis	pri_colorectal
gastritis_duodenitis_pri_prost	0.006748831896464681	0.028457	0.007356	0.000733	0.005437	0.033389	0.015011	ApoB	0.000733	0.006015831896464681	0.0464943153856266	-0.03974548348916192	-0.045761315385626604	-6.780627534906935	gastritis_duodenitis	pri_prost
gastritis_duodenitis_pri_skin	-0.021903683077718117	0.007226	-0.020204	-0.022324	-0.016808	-0.01064	-0.021816	BMI	0.007226	0.014677683077718117	0.011247830343358306	0.010655852734359811	-0.004021830343358306	-0.18361434143692387	gastritis_duodenitis	pri_skin
gastritis_duodenitis_psoriasis	0.2701396863724095	0.234569	0.268496	0.269547	0.2672	0.21975	0.256195	SMK	0.21975	0.05038968637240948	0.18637698699419022	0.08376269937821926	0.033373013005809776	0.12353983768161472	gastritis_duodenitis	psoriasis
gastritis_duodenitis_RA	0.41817363819569064	0.391048	0.415642	0.418933	0.409945	0.359256	0.409685	SMK	0.359256	0.058917638195690625	0.33689789982598817	0.08127573836970248	0.022358100174011852	0.05346606799625433	gastritis_duodenitis	RA
gastritis_duodenitis_raynauds	0.1090330372669074	0.145098	0.108049	0.116278	0.12963	0.085084	0.089888	SMK	0.085084	0.02394903726690739	0.11336185182618591	-0.004328814559278513	-0.028277851826185904	-0.2593512254176974	gastritis_duodenitis	raynauds
gastritis_duodenitis_retinal_detach	-0.04503425732163449	-0.027165	-0.045299	-0.042353	-0.037322	-0.022917	-0.048298	SMK	-0.022917	0.02211725732163449	-0.011323474887893805	0.033710782433740684	0.011593525112106194	0.25743791064001087	gastritis_duodenitis	retinal_detach
gastritis_duodenitis_schizo	0.05551429469525801	0.089423	0.058682	0.055899	0.055651	0.014283	0.079619	SMK	0.014283	0.041231294695258006	0.0680436047444369	-0.012529310049178885	-0.05376060474443689	-0.9684101192233842	gastritis_duodenitis	schizo
gastritis_duodenitis_scoliosis	0.29954610657161607	0.324632	0.300359	0.298831	0.311869	0.301483	0.291818	SLEEP	0.291818	0.007728106571616045	0.31862944471088783	-0.019083338139271766	-0.02681144471088781	-0.08950690435523213	gastritis_duodenitis	scoliosis
gastritis_duodenitis_sinusitis	0.5675016202335929	0.572546	0.566181	0.575634	0.571153	0.545854	0.553994	SMK	0.545854	0.0216476202335929	0.5523676131812248	0.015134007052368004	-0.006513613181224898	-0.011477699708670063	gastritis_duodenitis	sinusitis
gastritis_duodenitis_sleep_apnoea	0.3216041267838834	0.215184	0.318909	0.318382	0.311769	0.277006	0.318109	BMI	0.215184	0.1064201267838834	0.19728395644952	0.1243201703343634	0.01790004355048	0.055658625184585246	gastritis_duodenitis	sleep_apnoea
gastritis_duodenitis_spondylolisthesis	0.29453320220531143	0.254835	0.295035	0.292224	0.288399	0.240729	0.281209	SMK	0.240729	0.05380420220531143	0.20409891575886205	0.09043428644644938	0.03663008424113795	0.12436657044730758	gastritis_duodenitis	spondylolisthesis
gastritis_duodenitis_spondylosis	0.6768300787826351	0.64439	0.675709	0.675495	0.672422	0.635205	0.664504	SMK	0.635205	0.041625078782635105	0.6001694872172725	0.07666059156536265	0.03503551278272754	0.05176411906182326	gastritis_duodenitis	spondylosis
gastritis_duodenitis_stroke_all	0.27047820983055615	0.215432	0.266906	0.2725	0.264981	0.219566	0.280807	BMI	0.215432	0.055046209830556136	0.19140350647081	0.07907470335974615	0.02402849352919001	0.08883707690997698	gastritis_duodenitis	stroke_all
gastritis_duodenitis_tendon	0.5593477765712138	0.526882	0.558342	0.556868	0.552989	0.514069	0.540201	SMK	0.514069	0.04527877657121382	0.4731234000054251	0.08622437656578874	0.04094559999457492	0.07320240056297408	gastritis_duodenitis	tendon
gastritis_duodenitis_thromboembolic	0.2610477078170658	0.190549	0.262719	0.263268	0.246614	0.224185	0.251922	BMI	0.190549	0.07049870781706583	0.1712925925986321	0.08975511521843371	0.019256407401367887	0.07376585514729814	gastritis_duodenitis	thromboembolic
gastritis_duodenitis_TIA	0.48939291790888195	0.464039	0.490339	0.488399	0.483941	0.451753	0.48914	SMK	0.451753	0.03763991790888194	0.4374118262301247	0.05198109167875725	0.014341173769875315	0.02930400756748474	gastritis_duodenitis	TIA
gastritis_duodenitis_tinnitus	0.4074368843648549	0.450365	0.409853	0.41473	0.431808	0.422029	0.392863	SLEEP	0.392863	0.014573884364854905	0.46208396248488687	-0.054647078120031944	-0.06922096248488685	-0.1698937065867122	gastritis_duodenitis	tinnitus
gastritis_duodenitis_ulc_colitis	0.07751266627043343	0.091219	0.076101	0.080845	0.078023	0.079531	0.07759	SBP	0.076101	0.0014116662704334315	0.09158339614136017	-0.014070729870926738	-0.015482396141360169	-0.19974020874657747	gastritis_duodenitis	ulc_colitis
gastritis_duodenitis_ulcer_peptic	0.7896438082273469	0.771503	0.790446	0.788482	0.787083	0.760397	0.783021	SMK	0.760397	0.029246808227346932	0.7437304854487441	0.04591332277860283	0.016666514551255895	0.021106370210981794	gastritis_duodenitis	ulcer_peptic
gastritis_duodenitis_urine_incont	0.41752196165809347	0.365066	0.416956	0.420217	0.409752	0.362692	0.404806	SMK	0.362692	0.05482996165809345	0.32006815229989366	0.0974538093581998	0.042623847700106354	0.10208767828843168	gastritis_duodenitis	urine_incont
gastritis_duodenitis_urolithiasis	0.21931000205161458	0.194094	0.220306	0.216003	0.218818	0.221323	0.218962	BMI	0.194094	0.02521600205161459	0.2009861233431202	0.01832387870849439	-0.006892123343120199	-0.03142639769570627	gastritis_duodenitis	urolithiasis
gastritis_duodenitis_valve_nonrheumatic	0.22889569812023003	0.189681	0.223451	0.230531	0.22023	0.207453	0.218739	BMI	0.189681	0.03921469812023004	0.16738618533644423	0.0615095127837858	0.022294814663555762	0.09740163247561412	gastritis_duodenitis	valve_nonrheumatic
glaucoma_GORD	-0.012403995031153343	1.8e-05	-0.01692	-0.011074	-0.022193	-0.002614	-0.009231	BMI	1.8e-05	0.012385995031153342	0.00040184686806998517	0.012002148163083358	-0.00038384686806998517	-0.030945422592151304	glaucoma	GORD
glaucoma_gout	-0.02998679999085311	-0.013154	-0.046393	-0.029015	-0.044496	-0.026201	-0.028351	BMI	-0.013154	0.01683279999085311	-0.03051534989216268	-0.0005285499013095718	-0.017361349892162682	-0.5789664084683402	glaucoma	gout
glaucoma_HF	-0.028426951206265823	-0.005188	-0.057535	-0.029187	-0.045529	-0.019183	-0.025208	BMI	-0.005188	0.023238951206265825	-0.030311992457649553	-0.0018850412513837303	-0.025123992457649555	-0.8838088993557552	glaucoma	HF
glaucoma_hypertension	0.059279060128159825	0.082982	0.01745	0.05826	0.044419	0.065488	0.060858	SBP	0.01745	0.041829060128159824	0.04912136041843387	0.010157699709725958	-0.031671360418433867	-0.5342756843641109	glaucoma	hypertension
glaucoma_hyperthyroid	-0.0202180764360729	-0.01746	-0.02864	-0.020213	-0.032691	-0.017214	-0.021535	SMK	-0.017214	0.0030040764360729014	-0.03700934084278401	-0.01679126440671111	-0.01979534084278401	-0.9790912060983877	glaucoma	hyperthyroid
glaucoma_hypothyroid	-0.05797970872696752	-0.051914	-0.058177	-0.058167	-0.059214	-0.054619	-0.057781	BMI	-0.051914	0.006065708726967517	-0.04781254559343384	0.010167163133533677	0.00410145440656616	0.07073947932164226	glaucoma	hypothyroid
glaucoma_IBS	0.04570431689955801	0.046307	0.048026	0.045121	0.045141	0.050167	0.048691	ApoB	0.045121	0.0005833168995580118	0.05297763694654144	-0.007273320046983424	-0.007856636946541436	-0.1719014193737444	glaucoma	IBS
glaucoma_IDA	-0.051092230904287	-0.037854	-0.065842	-0.050475	-0.069567	-0.044045	-0.047267	BMI	-0.037854	0.013238230904287003	-0.05512617902499438	-0.004033948120707377	-0.01727217902499438	-0.33805881480006233	glaucoma	IDA
glaucoma_insomnia	-0.026951941612419053	-0.02273	-0.022565	-0.027332	-0.032768	-0.015204	-0.01865	SMK	-0.015204	0.011747941612419053	-0.009363590590886574	0.01758835102153248	0.005840409409113427	0.21669716761416005	glaucoma	insomnia
glaucoma_intervert_disc	0.04229467299499926	0.054919	0.038573	0.042954	0.035777	0.055307	0.046056	FG	0.035777	0.006517672994999259	0.06115169251762457	-0.018857019522625307	-0.025374692517624566	-0.599950081671627	glaucoma	intervert_disc
glaucoma_isch_stroke_tia	0.05026370126548152	0.062555	0.031231	0.049681	0.044055	0.060226	0.051419	SBP	0.031231	0.01903270126548152	0.05146461988731966	-0.0012009186218381387	-0.02023361988731966	-0.40254934232658773	glaucoma	isch_stroke_tia
glaucoma_migraine	-0.008156171869159273	-0.006944	-0.007292	-0.007311	-0.004079	-0.00374	-0.006605	SMK	-0.00374	0.004416171869159272	0.003111759407968227	0.005044412461191045	0.000628240592031773	0.07702640431196936	glaucoma	migraine
glaucoma_OA	-0.018428924536490667	0.00093	-0.019013	-0.018113	-0.024088	-0.010751	-0.013489	BMI	0.00093	0.017498924536490667	0.015104044366113187	0.00332488017037748	-0.014174044366113187	-0.769119453392275	glaucoma	OA
glaucoma_osteoporosis	-0.033001245152440024	-0.041662	-0.028976	-0.033687	-0.025151	-0.03151	-0.031076	FG	-0.025151	0.007850245152440025	-0.031139678658458687	0.001861566493981337	-0.005988678658458688	-0.18146826372143418	glaucoma	osteoporosis
glaucoma_periph_neuro	0.04362476978934858	0.069015	0.039355	0.04513	0.017746	0.058465	0.051284	FG	0.017746	0.02587876978934858	0.062002090714123874	-0.018377320924775294	-0.04425609071412387	-1.0144716161901544	glaucoma	periph_neuro
glaucoma_peripheral_arterial	0.0040533780337667046	0.026069	-0.025288	0.006418	-0.009753	0.022966	0.007793	ApoB	0.006418	-0.0023646219662332955	0.010588867719608203	-0.006535489685841498	-0.004170867719608203	-1.028985622575232	glaucoma	peripheral_arterial
glaucoma_PMR	0.10734431172961302	0.111473	0.103797	0.10762	0.105757	0.109695	0.110102	SBP	0.103797	0.00354731172961302	0.1121783780925369	-0.004834066362923883	-0.008381378092536904	-0.0780793873237415	glaucoma	PMR
glaucoma_pri_bladder	0.00592788098895541	0.007597	0.012157	0.004948	0.010166	0.013264	0.006674	ApoB	0.004948	0.0009798809889554096	0.02368794632985604	-0.01776006534090063	-0.01873994632985604	-3.1613229693328115	glaucoma	pri_bladder
glaucoma_pri_breast	0.0307495882414915	0.028444	0.03048	0.03109	0.029125	0.030891	0.030089	BMI	0.028444	0.002305588241491501	0.024709583648920664	0.006040004592570838	0.0037344163510793366	0.1214460604074157	glaucoma	pri_breast
glaucoma_pri_colorectal	0.006285347588111182	0.007297	0.009375	0.007955	0.00732	0.00475	0.006063	SMK	0.00475	0.0015353475881111824	0.01113863981486991	-0.004853292226758728	-0.00638863981486991	-1.016433812977043	glaucoma	pri_colorectal
glaucoma_pri_prost	0.012043069653855081	0.008716	0.012806	0.013387	0.011213	0.009432	0.01093	BMI	0.008716	0.0033270696538550814	0.004549806436830826	0.007493263217024255	0.004166193563169174	0.3459411664064853	glaucoma	pri_prost
glaucoma_pri_skin	0.04233955764602709	0.037883	0.044601	0.042423	0.045822	0.041122	0.042294	BMI	0.037883	0.004456557646027093	0.04052655236311621	0.0018130052829108817	-0.002643552363116211	-0.06243693864771087	glaucoma	pri_skin
glaucoma_psoriasis	-0.03715907016548537	-0.029833	-0.040075	-0.036874	-0.040276	-0.030654	-0.03466	BMI	-0.029833	0.007326070165485372	-0.025808988688012877	0.011350081477472494	0.004024011311987121	0.1082914963713156	glaucoma	psoriasis
glaucoma_RA	-0.01600799606593413	-0.00837	-0.022115	-0.015927	-0.025413	-0.006354	-0.013754	SMK	-0.006354	0.00965399606593413	-0.013091604313990245	0.0029163917519438847	-0.006737604313990245	-0.42088992814835996	glaucoma	RA
glaucoma_raynauds	0.033156845030040454	0.028489	0.0318	0.031888	0.045396	0.036424	0.036417	BMI	0.028489	0.004667845030040453	0.04318309138819012	-0.010026246358149665	-0.014694091388190118	-0.44316916687571195	glaucoma	raynauds
glaucoma_retinal_detach	0.1605288270747975	0.157974	0.160629	0.160058	0.16651	0.158521	0.16095	BMI	0.157974	0.0025548270747974833	0.16237629365135142	-0.0018474665765539355	-0.004402293651351419	-0.02742369536718907	glaucoma	retinal_detach
glaucoma_schizo	0.01591152735994827	0.011083	0.019669	0.015863	0.015838	0.020605	0.012893	BMI	0.011083	0.00482852735994827	0.011847604473926424	0.004063922886021847	-0.0007646044739264227	-0.04805349333408735	glaucoma	schizo
glaucoma_scoliosis	0.10951199604791417	0.107672	0.11022	0.109896	0.116208	0.111315	0.111676	BMI	0.107672	0.0018399960479141692	0.11781213137211974	-0.008300135324205565	-0.010140131372119734	-0.09259379554805283	glaucoma	scoliosis
glaucoma_sinusitis	0.021161705776153807	0.024094	0.017464	0.020102	0.021521	0.028184	0.025827	SBP	0.017464	0.003697705776153807	0.030655530018961215	-0.009493824242807408	-0.013191530018961214	-0.6233679911487177	glaucoma	sinusitis
glaucoma_sleep_apnoea	0.003977995636069177	0.033744	-0.001064	0.005012	-0.005368	0.011184	0.005208	SBP	-0.001064	0.0029139956360691773	0.03794056592300193	-0.03396257028693275	-0.036876565923001925	-9.270137349733544	glaucoma	sleep_apnoea
glaucoma_spondylolisthesis	0.06005078219781479	0.070394	0.060283	0.06086	0.054801	0.06962	0.063176	FG	0.054801	0.005249782197814787	0.07776735840884515	-0.017716576211030358	-0.022966358408845144	-0.38244894684620573	glaucoma	spondylolisthesis
glaucoma_spondylosis	0.009464222138727461	0.029409	0.004787	0.010419	1.7e-05	0.023187	0.015661	FG	1.7e-05	0.009447222138727462	0.03886131387428772	-0.02939709173556026	-0.03884431387428772	-4.104332432703301	glaucoma	spondylosis
glaucoma_stroke_all	0.037241050342583445	0.050481	0.019047	0.036983	0.03251	0.045468	0.036439	SBP	0.019047	0.018194050342583444	0.03980456400377597	-0.0025635136611925277	-0.020757564003775972	-0.5573839570265998	glaucoma	stroke_all
glaucoma_tendon	-0.05128147236862089	-0.041441	-0.054323	-0.050226	-0.06179	-0.043029	-0.046239	BMI	-0.041441	0.009840472368620894	-0.040467478791842315	0.010813993576778577	0.0009735212081576836	0.018983877864501033	glaucoma	tendon
glaucoma_thromboembolic	0.026988691544623005	0.043656	0.028572	0.026684	0.014198	0.032988	0.029015	FG	0.014198	0.012790691544623005	0.04310321706114916	-0.016114525516526156	-0.02890521706114916	-1.0710121686839607	glaucoma	thromboembolic
glaucoma_TIA	0.018648232944295746	0.027414	0.004398	0.01923	0.01199	0.027229	0.019824	SBP	0.004398	0.014250232944295747	0.017773294414335287	0.0008749385299604596	-0.013375294414335288	-0.7172419206843197	glaucoma	TIA
glaucoma_tinnitus	0.01841171612582248	0.014506	0.020486	0.017346	0.02943	0.019393	0.022062	BMI	0.014506	0.0039057161258224792	0.030177496870278948	-0.011765780744456469	-0.015671496870278946	-0.8511698074846826	glaucoma	tinnitus
glaucoma_ulc_colitis	0.003515983645313375	0.001847	0.001609	0.002863	0.003574	0.003775	0.003671	SBP	0.001609	0.0019069836453133751	-0.0005435658829008891	0.002972417762412486	0.0010654341170991109	0.30302590244390915	glaucoma	ulc_colitis
glaucoma_ulcer_peptic	0.06556300872506933	0.082605	0.057776	0.066942	0.056352	0.089632	0.070995	FG	0.056352	0.00921100872506933	0.09307907226206678	-0.027516063536997454	-0.036727072262066784	-0.5601797869905176	glaucoma	ulcer_peptic
glaucoma_urine_incont	0.03725144648911574	0.05344	0.035767	0.036947	0.029045	0.04836	0.040701	FG	0.029045	0.00820644648911574	0.059444460109884995	-0.022193013620769253	-0.030399460109884993	-0.8160611996306564	glaucoma	urine_incont
glaucoma_urolithiasis	0.0865907700725649	0.09296	0.087606	0.087665	0.085691	0.0878	0.087157	FG	0.085691	0.0008997700725648927	0.09738655105426246	-0.010795780981697561	-0.011695551054262454	-0.13506694818005816	glaucoma	urolithiasis
glaucoma_valve_nonrheumatic	-0.006736193490186896	0.001353	-0.027349	-0.006951	-0.013935	-0.003114	-0.00476	BMI	0.001353	0.005383193490186896	-0.016745681803531816	-0.01000948831334492	-0.015392681803531816	-2.2850712091265577	glaucoma	valve_nonrheumatic
GORD_gout	0.2180496851221159	0.118529	0.208518	0.213656	0.195377	0.195389	0.21103	BMI	0.118529	0.0995206851221159	0.09543662271328879	0.1226130624088271	0.023092377286711208	0.1059041991910175	GORD	gout
GORD_HF	0.3231384412180901	0.211544	0.322071	0.328665	0.301175	0.263929	0.309906	BMI	0.211544	0.11159444121809009	0.16076907991833062	0.16236936129975948	0.050774920081669395	0.1571305471743635	GORD	HF
GORD_hypertension	0.34112851751595363	0.262582	0.422479	0.349906	0.319313	0.314238	0.336761	BMI	0.262582	0.07854651751595365	0.3234850107862664	0.01764350672968723	-0.06090301078626642	-0.1785339180369702	GORD	hypertension
GORD_hyperthyroid	0.15163017584964775	0.139682	0.144661	0.152156	0.12979	0.132845	0.16035	FG	0.12979	0.02184017584964776	0.119557928293628	0.03207224755601974	0.010232071706371984	0.0674804447665999	GORD	hyperthyroid
GORD_hypothyroid	0.2168004093315119	0.183594	0.217226	0.218593	0.216708	0.1962	0.217571	BMI	0.183594	0.033206409331511894	0.17890855142480708	0.03789185790670482	0.00468544857519293	0.021611806867155674	GORD	hypothyroid
GORD_IBS	0.6099193581047121	0.631865	0.613941	0.616095	0.614768	0.605603	0.604263	SLEEP	0.604263	0.0056563581047121	0.6321001377737688	-0.022180779669056738	-0.02783713777376884	-0.04564068577897097	GORD	IBS
GORD_IDA	0.4224423634216997	0.359546	0.418321	0.42075	0.404031	0.381673	0.407746	BMI	0.359546	0.06289636342169974	0.31187164175035	0.11057072167134974	0.047674358249649995	0.1128541130759167	GORD	IDA
GORD_insomnia	0.4920383983457664	0.486226	0.498999	0.496043	0.486745	0.435938	0.483451	SMK	0.435938	0.05610039834576641	0.45083970082886166	0.04119869751690475	-0.014901700828861664	-0.030285646158838816	GORD	insomnia
GORD_intervert_disc	0.48625559470288887	0.448449	0.484208	0.48506	0.479171	0.439353	0.476698	SMK	0.439353	0.04690259470288888	0.404215793518488	0.08203980118440085	0.03513720648151197	0.07226077574075308	GORD	intervert_disc
GORD_isch_stroke_tia	0.39852232306107394	0.356165	0.398379	0.403767	0.390498	0.356484	0.396496	BMI	0.356165	0.042357323061073926	0.33373473550721333	0.0647875875538606	0.022430264492786678	0.0562835836158398	GORD	isch_stroke_tia
GORD_migraine	0.4219226372072371	0.431695	0.423846	0.419436	0.435828	0.405861	0.417924	SMK	0.405861	0.01606163720723708	0.4202898212432632	0.0016328159639739104	-0.014428821243263168	-0.03419778881448382	GORD	migraine
GORD_OA	0.43980122924489273	0.367522	0.440268	0.439788	0.433952	0.40238	0.424613	BMI	0.367522	0.07227922924489272	0.34410564246730785	0.09569558677758488	0.023416357532692167	0.05324304703035137	GORD	OA
GORD_osteoporosis	0.25655258702392525	0.325114	0.261968	0.26131	0.27855	0.254755	0.248408	SLEEP	0.248408	0.00814458702392526	0.32135933087069324	-0.06480674384676799	-0.07295133087069325	-0.28435234942257687	GORD	osteoporosis
GORD_periph_neuro	0.5236294226959015	0.465386	0.521429	0.520131	0.515495	0.475736	0.510826	BMI	0.465386	0.05824342269590149	0.4212145343439347	0.10241488835196683	0.044171465656065334	0.08435634771753071	GORD	periph_neuro
GORD_peripheral_arterial	0.49179398623000997	0.427491	0.510382	0.486202	0.477659	0.425028	0.481438	SMK	0.425028	0.06676598623000995	0.3815942733514787	0.11019971287853125	0.0434337266485213	0.08831691290386688	GORD	peripheral_arterial
GORD_PMR	0.22174747988500784	0.207668	0.218552	0.221246	0.220108	0.214048	0.212161	BMI	0.207668	0.01407947988500785	0.1949773643871079	0.026770115497899954	0.012690635612892104	0.05723012328921672	GORD	PMR
GORD_pri_bladder	0.07673248117546745	0.069043	0.083655	0.082595	0.086675	0.021557	0.073345	SMK	0.021557	0.05517548117546745	0.039048399731178116	0.037684081444289336	-0.017491399731178116	-0.22795300586175213	GORD	pri_bladder
GORD_pri_breast	-0.005876662509804152	0.00959	-0.006238	-0.007704	-0.009581	-0.00714	-0.002145	SLEEP	-0.002145	0.003731662509804152	0.003159954270718727	0.0027167082390854255	-0.0010149542707187267	-0.17270930039379637	GORD	pri_breast
GORD_pri_colorectal	-0.02816196160958315	-0.035982	-0.025082	-0.037356	-0.026273	-0.0165	-0.027175	SMK	-0.0165	0.01166196160958315	-0.029563569617877376	-0.001401608008294225	-0.013063569617877375	-0.4638728579699509	GORD	pri_colorectal
GORD_pri_prost	0.004009488994668	0.026474	0.004781	-0.003078	0.002217	0.026294	0.010323	FG	0.002217	0.0017924889946680004	0.03623377438396753	-0.03222428538929953	-0.03401677438396753	-8.48406727869925	GORD	pri_prost
GORD_pri_skin	0.008892938514494068	0.040633	0.011141	0.008503	0.016122	0.019865	0.0093	ApoB	0.008503	0.00038993851449406827	0.046141330819480665	-0.0372483923049866	-0.03763833081948066	-4.232384015490065	GORD	pri_skin
GORD_psoriasis	0.23267266697078495	0.193735	0.230522	0.231972	0.228887	0.18664	0.221026	SMK	0.18664	0.04603266697078495	0.15269208504220275	0.0799805819285822	0.033947914957797254	0.14590418118196863	GORD	psoriasis
GORD_RA	0.38241469327922456	0.352509	0.378682	0.383405	0.370254	0.329205	0.374705	SMK	0.329205	0.053209693279224535	0.302186893087146	0.08022780019207854	0.027018106912854	0.07065133057825897	GORD	RA
GORD_raynauds	0.2144966715228628	0.257241	0.213557	0.223805	0.244875	0.198433	0.201424	SMK	0.198433	0.01606367152286281	0.2504531199187412	-0.03595644839587839	-0.0520201199187412	-0.24252180488123085	GORD	raynauds
GORD_retinal_detach	-0.030099814605267408	-0.010917	-0.030425	-0.026902	-0.019496	-0.010471	-0.032354	SMK	-0.010471	0.019628814605267407	0.006601210016751088	0.02349860458851632	0.0038697899832489113	0.12856524314178686	GORD	retinal_detach
GORD_schizo	0.06751097135517697	0.103431	0.0716	0.068039	0.067969	0.033022	0.086227	SMK	0.033022	0.03448897135517697	0.08387855719426592	-0.01636758583908894	-0.05085655719426591	-0.7533080353222625	GORD	schizo
GORD_scoliosis	0.15499112433700385	0.175312	0.155838	0.153728	0.17005	0.148195	0.146707	SLEEP	0.146707	0.008284124337003845	0.16561343500187065	-0.010622310664866796	-0.018906435001870642	-0.12198398510073112	GORD	scoliosis
GORD_sinusitis	0.5023399403920124	0.505548	0.500421	0.511563	0.508157	0.477426	0.490824	SMK	0.477426	0.024913940392012335	0.48940345825833925	0.0129364821336731	-0.011977458258339235	-0.023843332562790757	GORD	sinusitis
GORD_sleep_apnoea	0.4393605396527387	0.355644	0.436442	0.436326	0.428108	0.407797	0.43712	BMI	0.355644	0.08371653965273868	0.3463582920707564	0.09300224758198228	0.009285707929243603	0.021134596968091016	GORD	sleep_apnoea
GORD_spondylolisthesis	0.26480913673924833	0.22186	0.265526	0.262061	0.256493	0.216348	0.253727	SMK	0.216348	0.04846113673924832	0.1774900094500306	0.08731912728921773	0.03885799054996941	0.14673961415550404	GORD	spondylolisthesis
GORD_spondylosis	0.6654178320491859	0.628875	0.663788	0.663959	0.658579	0.630792	0.658168	BMI	0.628875	0.03654283204918596	0.5959466533815958	0.06947117866759012	0.03292834661840416	0.04948521820793372	GORD	spondylosis
GORD_stroke_all	0.2976845126376201	0.242629	0.291201	0.300311	0.291035	0.255404	0.305205	BMI	0.242629	0.05505551263762007	0.22335631843402678	0.0743281942035933	0.019272681565973226	0.06474196925869105	GORD	stroke_all
GORD_tendon	0.5468767305487006	0.512286	0.545683	0.54391	0.537347	0.507121	0.535637	SMK	0.507121	0.03975573054870052	0.4694458273019034	0.07743090324679719	0.03767517269809667	0.06889152635968959	GORD	tendon
GORD_thromboembolic	0.24731249052151008	0.172443	0.249519	0.250004	0.226157	0.214036	0.239607	BMI	0.172443	0.07486949052151007	0.1530019560201367	0.09431053450137339	0.01944104397986332	0.0786092281019362	GORD	thromboembolic
GORD_TIA	0.46016393440316083	0.432448	0.457462	0.459086	0.452729	0.424678	0.45848	SMK	0.424678	0.035485934403160835	0.4037456600322214	0.056418274370939436	0.0209323399677786	0.045488875600231786	GORD	TIA
GORD_tinnitus	0.2594378067123086	0.297823	0.262256	0.267138	0.288388	0.262438	0.245214	SLEEP	0.245214	0.014223806712308606	0.30718579899762344	-0.047747992285314844	-0.06197179899762345	-0.23886957642354792	GORD	tinnitus
GORD_ulc_colitis	0.12440754797497679	0.140781	0.122765	0.128571	0.12579	0.127508	0.124687	SBP	0.122765	0.001642547974976788	0.14303530067664696	-0.018627752701670178	-0.020270300676646966	-0.1629346531347448	GORD	ulc_colitis
GORD_ulcer_peptic	0.6016151441217852	0.565291	0.599235	0.599073	0.593031	0.554689	0.592529	SMK	0.554689	0.046926144121785196	0.51713538169069	0.08447976243109523	0.03755361830931003	0.06242133143794006	GORD	ulcer_peptic
GORD_urine_incont	0.5141169034022942	0.468537	0.51382	0.517885	0.505252	0.474939	0.505676	BMI	0.468537	0.04557990340229423	0.4401050063434172	0.07401189705887701	0.028431993656582777	0.055302584817630215	GORD	urine_incont
GORD_urolithiasis	0.22887768813957018	0.203406	0.230274	0.225103	0.228888	0.229366	0.228121	BMI	0.203406	0.02547168813957018	0.20823820123633838	0.020639486903231807	-0.004832201236338374	-0.021112591950822594	GORD	urolithiasis
GORD_valve_nonrheumatic	0.21704876378186663	0.175763	0.206706	0.219049	0.205238	0.196891	0.208646	BMI	0.175763	0.04128576378186663	0.15234757681520877	0.06470118696665786	0.02341542318479123	0.10788093319123282	GORD	valve_nonrheumatic
gout_HF	0.3677178051035598	0.191149	0.311701	0.371886	0.336521	0.352318	0.362248	BMI	0.191149	0.17656880510355977	0.12359514935199163	0.24412265575156816	0.06755385064800838	0.18371112225306385	gout	HF
gout_hypertension	0.3894141672214989	0.275342	0.331513	0.396273	0.358297	0.378983	0.386856	BMI	0.275342	0.11407216722149893	0.19426937798597207	0.19514478923552683	0.0810726220140279	0.20819124941572495	gout	hypertension
gout_hyperthyroid	-0.013478480121878543	-0.043098	-0.043541	-0.013541	-0.051059	-0.023602	-0.009805	SLEEP	-0.009805	0.0036734801218785435	-0.07986123338877026	-0.06638275326689172	-0.07005623338877026	-5.197635991246043	gout	hyperthyroid
gout_hypothyroid	0.15359380209713783	0.101737	0.157565	0.154659	0.153473	0.14344	0.153351	BMI	0.101737	0.05185680209713783	0.10971182027604783	0.04388198182109	-0.007974820276047831	-0.051921497919585904	gout	hypothyroid
gout_IBS	0.04484538710670197	0.043514	0.054014	0.047548	0.043738	0.032141	0.037411	SMK	0.032141	0.012704387106701964	0.04644092271994369	-0.0015955356132417234	-0.014299922719943688	-0.3188716530848414	gout	IBS
gout_IDA	0.2172534909997551	0.084948	0.179149	0.215154	0.177202	0.197379	0.208005	BMI	0.084948	0.1323054909997551	0.028912028597781667	0.18834146240197344	0.05603597140221833	0.2579289803093728	gout	IDA
gout_insomnia	0.055122770897149016	0.016626	0.072999	0.056779	0.039135	0.01519	0.028935	SMK	0.01519	0.039932770897149014	0.0027296837902201555	0.05239308710692886	0.012460316209779845	0.22604662296510752	gout	insomnia
gout_intervert_disc	0.15547356022055436	0.062653	0.146047	0.153364	0.138616	0.128488	0.147604	BMI	0.062653	0.09282056022055436	0.042099273617759184	0.11337428660279518	0.020553726382240817	0.13220078290535933	gout	intervert_disc
gout_isch_stroke_tia	0.3804986029402836	0.320371	0.333407	0.3842	0.370212	0.366533	0.378665	BMI	0.320371	0.060127602940283575	0.2835080720984744	0.0969905308418092	0.03686292790152562	0.09688058672665083	gout	isch_stroke_tia
gout_migraine	0.045337156877229674	0.037356	0.049766	0.041962	0.058969	0.031518	0.040986	SMK	0.031518	0.013819156877229677	0.03574189571178018	0.009595261165449495	-0.004223895711780182	-0.09316631219770222	gout	migraine
gout_OA	0.18946116363487678	0.015169	0.19273	0.18858	0.17707	0.169364	0.178882	BMI	0.015169	0.1742921636348768	0.015947348274916087	0.1735138153599607	-0.0007783482749160863	-0.004108220703299876	gout	OA
gout_osteoporosis	-0.05924962924567004	0.015271	-0.046021	-0.056731	-0.035906	-0.064667	-0.065566	BMI	0.015271	0.04397862924567004	0.02419929050444464	0.0350503387412254	-0.00892829050444464	-0.15068939026478584	gout	osteoporosis
gout_periph_neuro	0.2937172506930527	0.146374	0.286434	0.289858	0.236278	0.273472	0.285856	BMI	0.146374	0.1473432506930527	0.11540598506236573	0.178311265630687	0.030968014937634278	0.10543478418295968	gout	periph_neuro
gout_peripheral_arterial	0.3851913390816305	0.252349	0.327469	0.38055	0.359003	0.378056	0.37985	BMI	0.252349	0.1328423390816305	0.18333298586113184	0.20185835322049867	0.06901601413886815	0.179173327996978	gout	peripheral_arterial
gout_PMR	0.11066504493975045	0.084796	0.099613	0.109888	0.107295	0.104817	0.104849	BMI	0.084796	0.025869044939750452	0.07074170720299637	0.03992333773675408	0.014054292797003626	0.12699848271561473	gout	PMR
gout_pri_bladder	0.07004741752263224	0.06005	0.094573	0.074424	0.084564	0.048698	0.0681	SMK	0.048698	0.021349417522632246	0.08666179097804116	-0.01661437345540892	-0.037963790978041166	-0.5419727424751256	gout	pri_bladder
gout_pri_breast	-0.017829839757971134	0.004365	-0.019531	-0.019232	-0.023431	-0.018338	-0.015901	BMI	0.004365	0.013464839757971133	-0.0019660958562177813	0.015863743901753352	0.0023989041437822187	0.13454434679984983	gout	pri_breast
gout_pri_colorectal	-0.03196239423620939	-0.045075	-0.021831	-0.038941	-0.02951	-0.027212	-0.031393	SBP	-0.021831	0.01013139423620939	-0.0411634978915885	-0.009201103655379107	-0.019332497891588498	-0.604851368414923	gout	pri_colorectal
gout_pri_prost	-0.05226261718144324	-0.023481	-0.051055	-0.057917	-0.055991	-0.044187	-0.04917	BMI	-0.023481	0.02878161718144324	-0.029451228672785146	0.022811388508658093	-0.005970228672785148	-0.11423516453563644	gout	pri_prost
gout_pri_skin	-0.03741064075284024	0.006437	-0.030731	-0.03781	-0.028023	-0.033573	-0.037334	BMI	0.006437	0.03097364075284024	0.01108646517830687	0.026324175574533367	-0.0046494651783068695	-0.12428189105405471	gout	pri_skin
gout_psoriasis	0.18301120136495524	0.123568	0.17814	0.182216	0.17785	0.164499	0.176658	BMI	0.123568	0.05944320136495525	0.11442109340494389	0.06859010796001136	0.009146906595056112	0.04998003688755441	gout	psoriasis
gout_RA	0.16608356916694267	0.105223	0.149756	0.166099	0.142907	0.140848	0.160488	BMI	0.105223	0.06086056916694267	0.07979936011241458	0.08628420905452809	0.02542363988758542	0.15307739359834127	gout	RA
gout_raynauds	0.012363998378089587	0.062865	0.00754	0.018218	0.048559	0.002434	0.003779	SMK	0.002434	0.009929998378089586	0.06550452130600602	-0.053140522927916434	-0.06307052130600602	-5.101142800032566	gout	raynauds
gout_retinal_detach	-0.001801626299143162	0.029228	-0.00274	0.000707	0.013928	0.006306	-0.00284	ApoB	0.000707	0.001094626299143162	0.03505623414599396	-0.033254607846850796	-0.03434923414599396	-19.065682024252286	gout	retinal_detach
gout_schizo	-0.0936793283990307	-0.053513	-0.083102	-0.093674	-0.095977	-0.109752	-0.085535	BMI	-0.053513	0.040166328399030705	-0.04943021011351641	0.0442491182855143	0.004082789886483591	0.043582612687964525	gout	schizo
gout_scoliosis	-0.03224952310013584	-0.014579	-0.03145	-0.033746	-0.01464	-0.037717	-0.037718	BMI	-0.014579	0.017670523100135838	-0.017258866257990012	0.014990656842145827	-0.0026798662579900125	-0.08309785697199115	gout	scoliosis
gout_sinusitis	0.10533159595774219	0.086724	0.094813	0.110412	0.108494	0.086462	0.094686	SMK	0.086462	0.018869595957742194	0.07550968422193355	0.029821911735808643	0.010952315778066449	0.10397939648099883	gout	sinusitis
gout_sleep_apnoea	0.23216234159714808	0.012541	0.221046	0.228917	0.210551	0.215407	0.229482	BMI	0.012541	0.21962134159714808	0.005723467116336905	0.22643887448081118	0.006817532883663095	0.029365369235864233	gout	sleep_apnoea
gout_spondylolisthesis	0.09986429139305794	0.020713	0.102985	0.097146	0.085169	0.077256	0.092813	BMI	0.020713	0.07915129139305795	0.011969692736277458	0.08789459865678048	0.00874330726372254	0.08755188808489689	gout	spondylolisthesis
gout_spondylosis	0.14531208204703847	-0.018586	0.132704	0.142013	0.120547	0.113804	0.132736	BMI	-0.018586	0.12672608204703847	-0.05225853728743336	0.0930535447596051	-0.033672537287433364	-0.23172565428202552	gout	spondylosis
gout_stroke_all	0.29105897876022435	0.210452	0.240753	0.292828	0.282891	0.275469	0.29438	BMI	0.210452	0.08060697876022435	0.17160912454964153	0.11944985421058282	0.03884287545035847	0.13345362378378095	gout	stroke_all
gout_tendon	0.21085619790368418	0.121765	0.2065	0.206932	0.187412	0.187523	0.199475	BMI	0.121765	0.08909119790368418	0.09870191230216754	0.11215428560151663	0.023063087697832454	0.10937827736212578	gout	tendon
gout_thromboembolic	0.19673668981667455	0.075723	0.207671	0.198488	0.163799	0.182332	0.192234	BMI	0.075723	0.12101368981667456	0.0831571056031125	0.11357958421356205	-0.007434105603112501	-0.037787082877321125	gout	thromboembolic
gout_TIA	0.23721927131845472	0.179765	0.196724	0.235538	0.222603	0.218876	0.234737	BMI	0.179765	0.05745427131845471	0.13705343848007748	0.10016583283837724	0.04271156151992253	0.18005097681370266	gout	TIA
gout_tinnitus	0.028515769019986974	0.0715	0.036607	0.033236	0.062399	0.025602	0.018829	SLEEP	0.018829	0.009686769019986975	0.08514323640688481	-0.05662746738689784	-0.06631423640688482	-2.3255285999968835	gout	tinnitus
gout_ulc_colitis	-0.05466349015360927	-0.043042	-0.063089	-0.05212	-0.055654	-0.055846	-0.055248	BMI	-0.043042	0.011621490153609276	-0.049587794400488466	0.005075695753120807	-0.006545794400488469	-0.11974709961062135	gout	ulc_colitis
gout_ulcer_peptic	0.2050454458391613	0.096057	0.181944	0.201164	0.180753	0.174403	0.196162	BMI	0.096057	0.10898844583916129	0.055721607424311176	0.1493238384148501	0.04033539257568883	0.1967144035343663	gout	ulcer_peptic
gout_urine_incont	0.1302181986459731	0.006444	0.128174	0.131829	0.107696	0.104649	0.122526	BMI	0.006444	0.12377419864597308	-0.0017314925458074405	0.12848670610016566	0.00471250745419256	0.036189315342969465	gout	urine_incont
gout_urolithiasis	-0.008644826463851537	-0.065737	-0.005924	-0.012463	-0.012219	-0.012294	-0.01018	SBP	-0.005924	0.002720826463851537	-0.06532295575389835	-0.056678129290046814	-0.05939895575389835	-6.871040847641757	gout	urolithiasis
gout_valve_nonrheumatic	0.1738098590377235	0.111001	0.113927	0.175076	0.156557	0.164052	0.16902	BMI	0.111001	0.0628088590377235	0.05321634995755723	0.12059350908016628	0.05778465004244277	0.3324589891641374	gout	valve_nonrheumatic
HF_hypertension	0.6502098837226877	0.568035	0.588956	0.649287	0.629052	0.64035	0.649504	BMI	0.568035	0.08217488372268777	0.4448690293190087	0.20534085440367905	0.12316597068099128	0.18942494379787242	HF	hypertension
HF_hyperthyroid	0.17792507558375567	0.171219	0.1426	0.178135	0.142455	0.160163	0.187666	FG	0.142455	0.03547007558375567	0.13003020922041278	0.04789486636334289	0.01242479077958722	0.06983158916090176	HF	hyperthyroid
HF_hypothyroid	0.1866294232125902	0.125401	0.201099	0.186328	0.18808	0.164316	0.187288	BMI	0.125401	0.0612284232125902	0.13146543257199542	0.055163990640594796	-0.006064432571995404	-0.03249451489268864	HF	hypothyroid
HF_IBS	0.10995956546064126	0.122957	0.13246	0.108362	0.110722	0.080593	0.095758	SMK	0.080593	0.02936656546064126	0.1105139065728866	-0.0005543411122453379	-0.029920906572886596	-0.2721082649566893	HF	IBS
HF_IDA	0.4467655459565291	0.322676	0.408454	0.449558	0.413372	0.407184	0.431464	BMI	0.322676	0.1240895459565291	0.23715678719008232	0.2096087587664468	0.0855192128099177	0.1914185495813476	HF	IDA
HF_insomnia	0.23649103739171864	0.219105	0.283991	0.235738	0.223792	0.148402	0.197012	SMK	0.148402	0.08808903739171864	0.16725435340865888	0.06923668398305977	-0.018852353408658873	-0.07971698892517538	HF	insomnia
HF_intervert_disc	0.33618638701490133	0.248774	0.339556	0.338587	0.323061	0.274456	0.322965	BMI	0.248774	0.08741238701490134	0.19878689444848793	0.1373994925664134	0.04998710555151206	0.14868866641318348	HF	intervert_disc
HF_isch_stroke_tia	0.6212098181571899	0.604252	0.571321	0.620536	0.618514	0.594898	0.621833	SBP	0.571321	0.04988881815718993	0.5360740103800853	0.08513580777710461	0.03524698961991468	0.05673926681402811	HF	isch_stroke_tia
HF_migraine	0.10819384832694352	0.111104	0.122332	0.110939	0.126304	0.075783	0.100208	SMK	0.075783	0.03241084832694352	0.10003171894440206	0.008162129382541461	-0.02424871894440206	-0.22412289903143595	HF	migraine
HF_OA	0.3589976787917834	0.161526	0.38433	0.360374	0.3506	0.315277	0.339454	BMI	0.161526	0.1974716787917834	0.1493424986840667	0.2096551801077167	0.012183501315933293	0.03393754900292727	HF	OA
HF_osteoporosis	0.10913365130871876	0.250657	0.143945	0.107456	0.142492	0.100916	0.098455	SLEEP	0.098455	0.010678651308718756	0.2678299952305791	-0.15869634392186033	-0.16937499523057908	-1.5519960452111035	HF	osteoporosis
HF_periph_neuro	0.3158884992943959	0.111509	0.314197	0.321223	0.247687	0.245226	0.292392	BMI	0.111509	0.2043794992943959	0.023620810850168632	0.29226768844422724	0.08788818914983136	0.2782253527625992	HF	periph_neuro
HF_peripheral_arterial	0.6747222219020684	0.5787	0.615218	0.689293	0.658835	0.638549	0.667593	BMI	0.5787	0.09602222190206844	0.4743343779654897	0.2003878439365787	0.10436562203451027	0.15467939049094825	HF	peripheral_arterial
HF_PMR	0.2493177634484388	0.244623	0.245049	0.250328	0.249859	0.242888	0.239541	SLEEP	0.239541	0.009776763448438808	0.23348785851238293	0.015829904936055877	0.00605314148761707	0.024278821548424947	HF	PMR
HF_pri_bladder	0.051265657246169	0.036841	0.094048	0.04856	0.068003	-0.006502	0.04741	SMK	-0.006502	0.044763657246169	0.03275586267691734	0.018509794569251663	-0.026253862676917337	-0.512114036709814	HF	pri_bladder
HF_pri_breast	0.017304641623129526	0.055527	0.016601	0.018277	0.011677	0.017025	0.02155	FG	0.011677	0.005627641623129526	0.05615343044515137	-0.03884878882202185	-0.04447643044515137	-2.570202343035166	HF	pri_breast
HF_pri_colorectal	-0.035036564666756795	-0.056484	-0.018816	-0.030546	-0.032378	-0.023498	-0.03407	SBP	-0.018816	0.016220564666756795	-0.02371765985230889	0.011318904814447906	-0.004901659852308889	-0.1399012688295795	HF	pri_colorectal
HF_pri_prost	-0.049002427653731785	-0.009159	-0.04835	-0.045467	-0.053503	-0.028794	-0.042847	BMI	-0.009159	0.039843427653731785	0.012620114682072081	0.036382312971659704	-0.0034611146820720806	-0.07063149414819858	HF	pri_prost
HF_pri_skin	-0.06593446905388656	-0.009594	-0.057904	-0.065781	-0.055916	-0.058075	-0.066273	BMI	-0.009594	0.05634046905388656	0.000543492816314377	0.06539097623757217	0.009050507183685623	0.13726518638208604	HF	pri_skin
HF_psoriasis	0.2826637242587069	0.225742	0.288136	0.283861	0.280305	0.239209	0.271085	BMI	0.225742	0.056921724258706896	0.19531230873588942	0.08735141552281747	0.030429691264110575	0.10765333027403232	HF	psoriasis
HF_RA	0.3244862397859115	0.277067	0.31459	0.325069	0.303784	0.265276	0.315494	SMK	0.265276	0.0592102397859115	0.21650390599059877	0.10798233379531275	0.048772094009401246	0.1503055847347485	HF	RA
HF_raynauds	0.09797377200923583	0.189334	0.096913	0.094417	0.144278	0.076219	0.081897	SMK	0.076219	0.02175477200923584	0.1573921537874403	-0.05941838177820445	-0.08117315378744029	-0.8285192263475191	HF	raynauds
HF_retinal_detach	-0.0871079989759174	-0.058576	-0.095604	-0.089021	-0.071355	-0.069793	-0.090144	BMI	-0.058576	0.02853199897591739	-0.06017379703609077	0.026934201939826624	-0.0015977970360907673	-0.018342713124801634	HF	retinal_detach
HF_schizo	-0.01327942663293367	0.056493	0.008602	-0.013438	-0.014055	-0.05255	0.005249	SLEEP	0.005249	0.00803042663293367	0.05900814851415328	-0.04572872188121961	-0.05375914851415328	-4.048303439609945	HF	schizo
HF_scoliosis	0.11406780046588913	0.166392	0.126101	0.115207	0.139443	0.105434	0.104727	SLEEP	0.104727	0.00934080046588913	0.1675694317142359	-0.05350163124834678	-0.06284243171423591	-0.5509217452915499	HF	scoliosis
HF_sinusitis	0.10985063828367728	0.089213	0.095362	0.107024	0.114134	0.060402	0.08699	SMK	0.060402	0.04944863828367728	0.01377372946925292	0.09607690881442435	0.04662827053074708	0.4244697277983462	HF	sinusitis
HF_sleep_apnoea	0.44663456919342437	0.211655	0.452329	0.450988	0.43016	0.415158	0.444582	BMI	0.211655	0.23497956919342436	0.21486527934281946	0.2317692898506049	-0.00321027934281945	-0.007187709067430407	HF	sleep_apnoea
HF_spondylolisthesis	0.17882735693037755	0.085069	0.193759	0.181332	0.164483	0.123567	0.165579	BMI	0.085069	0.09375835693037754	0.053077156689419466	0.12575020024095807	0.03199184331058054	0.1788979262442259	HF	spondylolisthesis
HF_spondylosis	0.388378748244704	0.224435	0.391178	0.392163	0.369172	0.321486	0.368655	BMI	0.224435	0.16394374824470398	0.15645471551138831	0.23192403273331566	0.06798028448861168	0.17503605641619624	HF	spondylosis
HF_stroke_all	0.5106249322273163	0.456101	0.452403	0.51046	0.509036	0.481835	0.52122	SBP	0.452403	0.05822193222731631	0.3874105215901345	0.1232144106371818	0.0649924784098655	0.12728026836913756	HF	stroke_all
HF_tendon	0.17742665399048535	0.048255	0.173897	0.181615	0.149065	0.103985	0.143577	BMI	0.048255	0.12917165399048536	-0.045525382411277855	0.1319012715792075	0.002729617588722144	0.015384484390200596	HF	tendon
HF_thromboembolic	0.27658006343629055	0.126962	0.308191	0.27602	0.241979	0.244512	0.26884	BMI	0.126962	0.14961806343629055	0.13942247319139886	0.1371575902448917	-0.012460473191398869	-0.045051957240110706	HF	thromboembolic
HF_TIA	0.4889043039497899	0.46995	0.449513	0.491365	0.481087	0.454962	0.487712	SBP	0.449513	0.0393913039497899	0.40964859888718363	0.07925570506260626	0.03986440111281636	0.0815382494912755	HF	TIA
HF_tinnitus	-0.0454785883672231	0.004148	-0.036554	-0.048846	-0.008731	-0.055642	-0.066999	BMI	0.004148	0.0413305883672231	-0.01702950770401829	0.02844908066320481	-0.012881507704018292	-0.28324334959574365	HF	tinnitus
HF_ulc_colitis	0.06061631915166067	0.096852	0.05359	0.058839	0.062541	0.06108	0.060334	SBP	0.05359	0.007026319151660673	0.08686079499822918	-0.026244475846568513	-0.033270794998229186	-0.5488752115579041	HF	ulc_colitis
HF_ulcer_peptic	0.36145773936297143	0.248591	0.340964	0.366267	0.339705	0.275269	0.345083	BMI	0.248591	0.11286673936297142	0.14042721661732954	0.2210305227456419	0.10816378338267046	0.29924323538706615	HF	ulcer_peptic
HF_urine_incont	0.21618736124742186	0.061748	0.223752	0.215544	0.193298	0.151817	0.20161	BMI	0.061748	0.15443936124742186	0.009639532098365931	0.20654782914905592	0.052108467901634065	0.24103383102954398	HF	urine_incont
HF_urolithiasis	0.15126115925734343	0.099769	0.16847	0.154318	0.15165	0.148499	0.149777	BMI	0.099769	0.051492159257343434	0.12476477259234675	0.02649638666499668	-0.024995772592346754	-0.1652491142806924	HF	urolithiasis
HF_valve_nonrheumatic	0.601579077872171	0.60903	0.553998	0.601649	0.596668	0.600121	0.597997	SBP	0.553998	0.04758107787217103	0.5632154973673154	0.038363580504855666	-0.009217497367315364	-0.015322170777478371	HF	valve_nonrheumatic
hypertension_hyperthyroid	0.2211944654076967	0.213669	0.191386	0.221857	0.186529	0.211062	0.225052	FG	0.186529	0.03466546540769669	0.18351577470137073	0.03767869070632596	0.0030132252986292685	0.01362251669848707	hypertension	hyperthyroid
hypertension_hypothyroid	0.15098887501740885	0.101126	0.216599	0.15059	0.15159	0.137247	0.15073	BMI	0.101126	0.04986287501740885	0.16074066152553404	-0.009751786508125193	-0.059614661525534046	-0.39482817206672044	hypertension	hypothyroid
hypertension_IBS	0.17248601190441892	0.181855	0.28365	0.170152	0.175336	0.157567	0.167229	SMK	0.157567	0.01491901190441891	0.2869100769202903	-0.11442406501587138	-0.1293430769202903	-0.7498757463994484	hypertension	IBS
hypertension_IDA	0.3789727477048391	0.279741	0.343466	0.383549	0.340051	0.356918	0.375191	BMI	0.279741	0.09923174770483906	0.20151279935152136	0.17745994835331771	0.07822820064847866	0.20642170478550156	hypertension	IDA
hypertension_insomnia	0.21141979459832155	0.188879	0.376946	0.210324	0.197602	0.169064	0.205263	SMK	0.169064	0.04235579459832156	0.334596384036275	-0.12317658943795345	-0.16553238403627502	-0.782955940103771	hypertension	insomnia
hypertension_intervert_disc	0.28671982616537933	0.214187	0.352689	0.290693	0.271609	0.255534	0.281707	BMI	0.214187	0.07253282616537934	0.2487700590241439	0.037949767141235435	-0.03458305902414391	-0.1206162109075655	hypertension	intervert_disc
hypertension_isch_stroke_tia	0.6257024928075474	0.596265	0.605083	0.624985	0.623638	0.613917	0.62477	BMI	0.596265	0.029437492807547372	0.5692509997251548	0.05645149308239261	0.02701400027484524	0.043173873502776926	hypertension	isch_stroke_tia
hypertension_migraine	0.2050536321310659	0.210911	0.309694	0.209998	0.227145	0.1894	0.201988	SMK	0.1894	0.01565363213106588	0.3163852153172983	-0.1113315831862324	-0.12698521531729828	-0.6192780590988608	hypertension	migraine
hypertension_OA	0.2667047461141916	0.118032	0.376022	0.269036	0.255157	0.241018	0.260408	BMI	0.118032	0.1486727461141916	0.20530753080040703	0.06139721531378456	-0.08727553080040704	-0.3272365118056031	hypertension	OA
hypertension_osteoporosis	0.033768968181378575	0.113963	0.114675	0.030796	0.065574	0.027401	0.028906	SMK	0.027401	0.006367968181378577	0.19697759911537155	-0.16320863093399296	-0.16957659911537154	-5.0216695459733405	hypertension	osteoporosis
hypertension_periph_neuro	0.3478354536586087	0.219543	0.432104	0.35643	0.280446	0.318697	0.344389	BMI	0.219543	0.1282924536586087	0.2847732560131819	0.06306219764542681	-0.06523025601318189	-0.18753193594004267	hypertension	periph_neuro
hypertension_peripheral_arterial	0.559455071243057	0.470332	0.414955	0.577988	0.537093	0.557685	0.557794	SBP	0.414955	0.14450007124305703	0.24196257563252893	0.3174924956105281	0.1729924243674711	0.3092159375427557	hypertension	peripheral_arterial
hypertension_PMR	0.16340534112625107	0.143142	0.173158	0.165068	0.161543	0.156421	0.158842	BMI	0.143142	0.020263341126251083	0.1469392198395903	0.01646612128666078	-0.0037972198395903045	-0.023238039916066617	hypertension	PMR
hypertension_pri_bladder	0.09325332683600233	0.085477	0.233032	0.089	0.112061	0.064537	0.09164	SMK	0.064537	0.028716326836002337	0.2085748675413984	-0.11532154070539606	-0.1440378675413984	-1.5445869056736932	hypertension	pri_bladder
hypertension_pri_breast	0.0015543072483736825	0.024281	-0.003078	0.003122	-0.004761	0.001035	0.003234	SMK	0.001035	0.0005193072483736826	0.02182705296207069	-0.020272745713697006	-0.02079205296207069	-13.377054622775534	hypertension	pri_breast
hypertension_pri_colorectal	-0.061830361598005645	-0.076619	-0.040685	-0.054588	-0.059942	-0.055816	-0.061393	SBP	-0.040685	0.021145361598005646	-0.04756801027533547	0.014262351322670175	-0.006883010275335472	-0.11132088018643392	hypertension	pri_colorectal
hypertension_pri_prost	0.0035256775582468646	0.035858	0.016737	0.009713	0.000431	0.015277	0.006311	FG	0.000431	0.0030946775582468646	0.07007801281044913	-0.06655233525220226	-0.06964701281044913	-19.754220758940008	hypertension	pri_prost
hypertension_pri_skin	-0.016453797648920153	0.027049	0.010251	-0.016134	-0.004531	-0.011056	-0.016339	FG	-0.004531	0.011922797648920153	0.06389711281037096	-0.047443315161450804	-0.059366112810370956	-3.6080492830338837	hypertension	pri_skin
hypertension_psoriasis	0.18007894336617655	0.122925	0.215588	0.182019	0.17465	0.15384	0.174796	BMI	0.122925	0.057153943366176546	0.12937087954359977	0.05070806382257678	-0.006445879543599764	-0.035794743255976175	hypertension	psoriasis
hypertension_RA	0.28034437441359433	0.233857	0.310927	0.281533	0.25731	0.250092	0.276399	BMI	0.233857	0.04648737441359432	0.2333119010283995	0.04703247338519484	0.0005450989716005161	0.0019443906186479318	hypertension	RA
hypertension_raynauds	0.014528668052789944	0.0624	-0.001767	0.007986	0.058767	0.001015	0.007292	SMK	0.001015	0.013513668052789944	0.02555174564109783	-0.011023077588307884	-0.02453674564109783	-1.688850316625276	hypertension	raynauds
hypertension_retinal_detach	-0.024554076971756912	0.002789	-0.039317	-0.02753	-0.006166	-0.013809	-0.025476	BMI	0.002789	0.021765076971756912	-0.0020141843289886814	0.02253989264276823	0.0007748156710113184	0.0315554794384062	hypertension	retinal_detach
hypertension_schizo	-0.02599824528734688	0.018546	0.020974	-0.026309	-0.027212	-0.046597	-0.018505	SLEEP	-0.018505	0.007493245287346878	0.05738114969471005	-0.031382904407363174	-0.03887614969471005	-1.4953374454710118	hypertension	schizo
hypertension_scoliosis	0.025294987588008275	0.047083	0.043902	0.027004	0.048626	0.018484	0.020928	SMK	0.018484	0.006810987588008275	0.059120917794787294	-0.033825930206779015	-0.04063691779478729	-1.6065205667091234	hypertension	scoliosis
hypertension_sinusitis	0.10021884278483616	0.081725	0.084966	0.09547	0.104486	0.073942	0.091337	SMK	0.073942	0.026276842784836163	0.026126877369674065	0.0740919654151621	0.04781512263032593	0.47710711181311616	hypertension	sinusitis
hypertension_sleep_apnoea	0.40323906706017554	0.247643	0.50312	0.410077	0.384692	0.384929	0.401463	BMI	0.247643	0.15559606706017554	0.35068348548110334	0.0525555815790722	-0.10304048548110334	-0.2555320004887487	hypertension	sleep_apnoea
hypertension_spondylolisthesis	0.14567905750556848	0.07544	0.211707	0.14974	0.12982	0.115907	0.140144	BMI	0.07544	0.07023905750556848	0.10973098511180802	0.03594807239376045	-0.03429098511180803	-0.2353871977136953	hypertension	spondylolisthesis
hypertension_spondylosis	0.36464615944978074	0.249515	0.452474	0.370751	0.344012	0.335989	0.361399	BMI	0.249515	0.11513115944978075	0.3062882110530127	0.058357948396768056	-0.056773211053012695	-0.15569397779666327	hypertension	spondylosis
hypertension_stroke_all	0.5817838982809398	0.540615	0.56101	0.582241	0.583043	0.568998	0.585218	BMI	0.540615	0.041168898280939836	0.5187278649520316	0.06305603332890819	0.021887135047968354	0.03762073015881095	hypertension	stroke_all
hypertension_tendon	0.22137751188394797	0.13787	0.273946	0.228378	0.193911	0.187398	0.213601	BMI	0.13787	0.08350751188394798	0.1452123835813983	0.07616512830254968	-0.0073423835813982985	-0.033166799639736545	hypertension	tendon
hypertension_thromboembolic	0.20377581969951236	0.090116	0.317958	0.202907	0.164238	0.183981	0.200031	BMI	0.090116	0.11365981969951236	0.1922271911821218	0.011548628517390552	-0.10211119118212181	-0.5010957204475727	hypertension	thromboembolic
hypertension_TIA	0.5153209810024241	0.489136	0.52814	0.519796	0.508609	0.499422	0.513992	BMI	0.489136	0.026184981002424057	0.49857201383821986	0.01674896716420421	-0.009436013838219848	-0.018310944413449878	hypertension	TIA
hypertension_tinnitus	0.025250734150974036	0.065458	0.068497	0.020111	0.066477	0.021315	0.017047	SLEEP	0.017047	0.008203734150974036	0.10416579222858596	-0.07891505807761193	-0.08711879222858596	-3.4501488831058555	hypertension	tinnitus
hypertension_ulc_colitis	0.038271715762285	0.057448	0.02489	0.035302	0.039644	0.037598	0.037963	SBP	0.02489	0.013381715762284998	0.043529467356773516	-0.005257751594488519	-0.018639467356773517	-0.4870298335341905	hypertension	ulc_colitis
hypertension_ulcer_peptic	0.34527241769359457	0.260989	0.367942	0.352837	0.322255	0.313078	0.340681	BMI	0.260989	0.08428341769359454	0.23474528354533486	0.11052713414825971	0.026243716454665167	0.07600872560273451	hypertension	ulcer_peptic
hypertension_urine_incont	0.24052826111442463	0.138706	0.322034	0.239755	0.217903	0.209718	0.235248	BMI	0.138706	0.10182226111442463	0.18706394906762025	0.05346431204680438	-0.048357949067620254	-0.20104892807010027	hypertension	urine_incont
hypertension_urolithiasis	0.1279510494757194	0.086788	0.197543	0.132876	0.127795	0.124642	0.12693	BMI	0.086788	0.04116304947571939	0.16280750644397782	-0.034856456968258426	-0.07601950644397781	-0.5941296046845137	hypertension	urolithiasis
hypertension_valve_nonrheumatic	0.44025042326596475	0.407768	0.343494	0.440525	0.429756	0.431775	0.437607	SBP	0.343494	0.09675642326596473	0.29974570524628413	0.14050471801968062	0.04374829475371589	0.09937138601519663	hypertension	valve_nonrheumatic
hyperthyroid_hypothyroid	0.386204434441006	0.381746	0.389082	0.386234	0.389537	0.380562	0.387228	SMK	0.380562	0.0056424344410059835	0.39214814783519136	-0.005943713394185368	-0.011586147835191352	-0.030000038326750942	hyperthyroid	hypothyroid
hyperthyroid_IBS	0.13922822233478607	0.138724	0.144584	0.139356	0.139683	0.130424	0.14611	SMK	0.130424	0.00880422233478606	0.14365955196624353	-0.0044313296314574535	-0.013235551966243514	-0.09506371441285451	hyperthyroid	IBS
hyperthyroid_IDA	0.36700057723481166	0.369282	0.351815	0.367305	0.339335	0.357774	0.385207	FG	0.339335	0.027665577234811667	0.3534361570837085	0.013564420151103151	-0.014101157083708515	-0.03842271091221313	hyperthyroid	IDA
hyperthyroid_insomnia	0.09264157062409487	0.086985	0.102181	0.092679	0.079275	0.065498	0.125206	SMK	0.065498	0.027143570624094865	0.09766237051192155	-0.00502079988782668	-0.032164370511921545	-0.34719155013501046	hyperthyroid	insomnia
hyperthyroid_intervert_disc	0.1960412996606107	0.186509	0.190506	0.196172	0.181889	0.178729	0.205424	SMK	0.178729	0.017312299660610708	0.17451444455262233	0.02152685510798838	0.004214555447377671	0.021498303952656738	hyperthyroid	intervert_disc
hyperthyroid_isch_stroke_tia	0.22675364790321229	0.218353	0.199175	0.226951	0.21389	0.212951	0.229658	SBP	0.199175	0.027578647903212294	0.18842675605872689	0.0383268918444854	0.010748243941273106	0.04740053375397469	hyperthyroid	isch_stroke_tia
hyperthyroid_migraine	0.11504834672929051	0.113567	0.11764	0.115189	0.128155	0.105218	0.11885	SMK	0.105218	0.009830346729290507	0.1230665258609805	-0.008018179131689993	-0.0178485258609805	-0.1551393511371197	hyperthyroid	migraine
hyperthyroid_OA	0.12647468161194758	0.109985	0.12643	0.12649	0.114041	0.109913	0.14141	SMK	0.109913	0.016561681611947585	0.13059201204885554	-0.004117330436907957	-0.02067901204885554	-0.163503175381009	hyperthyroid	OA
hyperthyroid_osteoporosis	0.15895519355729404	0.173528	0.168456	0.159111	0.184636	0.155867	0.164187	SMK	0.155867	0.0030881935572940333	0.19475821156845344	-0.0358030180111594	-0.03889121156845343	-0.2446677626449206	hyperthyroid	osteoporosis
hyperthyroid_periph_neuro	0.13429304865205047	0.118772	0.12714	0.13473	0.068567	0.112149	0.152339	FG	0.068567	0.06572604865205046	0.06732504935717276	0.0669679992948777	0.0012419506428272414	0.009248063509564823	hyperthyroid	periph_neuro
hyperthyroid_peripheral_arterial	0.1743452612494919	0.163309	0.136175	0.176123	0.143594	0.151533	0.184585	SBP	0.136175	0.03817026124949191	0.10772882670669237	0.06661643454279953	0.02844617329330762	0.16316000268341405	hyperthyroid	peripheral_arterial
hyperthyroid_PMR	0.25042878576001637	0.246533	0.245265	0.250452	0.249541	0.246609	0.256762	SBP	0.245265	0.0051637857600163595	0.25062631726086526	-0.00019753150084889093	-0.00536131726086525	-0.021408550317386244	hyperthyroid	PMR
hyperthyroid_pri_bladder	0.012754958452555164	0.010404	0.024715	0.012812	0.024296	-0.004938	0.014386	SMK	-0.004938	0.007816958452555164	0.017234049391614978	-0.004479090939059814	-0.012296049391614978	-0.9640211245965875	hyperthyroid	pri_bladder
hyperthyroid_pri_breast	0.05070752654140476	0.054305	0.050463	0.050708	0.046966	0.050599	0.04932	FG	0.046966	0.0037415265414047563	0.044267299442181204	0.006440227099223553	0.0026987005578187964	0.05322090707018016	hyperthyroid	pri_breast
hyperthyroid_pri_colorectal	-0.023823955563499744	-0.025322	-0.018183	-0.024002	-0.021472	-0.020078	-0.024344	SBP	-0.018183	0.005640955563499743	-0.015223470966630376	0.008600484596869368	0.0029595290333696254	0.12422492249372169	hyperthyroid	pri_colorectal
hyperthyroid_pri_prost	0.025397156362880757	0.030372	0.027001	0.025441	0.023505	0.032194	0.023013	SLEEP	0.023013	0.0023841563628807586	0.027156812470126225	-0.0017596561072454678	-0.004143812470126226	-0.1631604897382378	hyperthyroid	pri_prost
hyperthyroid_pri_skin	-0.07117700039273211	-0.064914	-0.067675	-0.07118	-0.063461	-0.068323	-0.071403	FG	-0.063461	0.007716000392732111	-0.060179391347124016	0.010997609045608099	0.0032816086528759877	0.04610490235285432	hyperthyroid	pri_skin
hyperthyroid_psoriasis	0.135519060945354	0.126528	0.131359	0.135533	0.129798	0.120661	0.142519	SMK	0.120661	0.014858060945353982	0.12209869302694966	0.013420367918404327	-0.0014376930269496546	-0.010608788290891291	hyperthyroid	psoriasis
hyperthyroid_RA	0.3568336633011491	0.351844	0.349669	0.356836	0.341239	0.347521	0.364022	FG	0.341239	0.015594663301149059	0.33578563222397195	0.02104803107717712	0.005453367776028062	0.01528266062561957	hyperthyroid	RA
hyperthyroid_raynauds	0.11478277930874294	0.122766	0.112968	0.115274	0.149697	0.10789	0.122313	SMK	0.10789	0.006892779308742936	0.14977163535047108	-0.03498885604172815	-0.04188163535047108	-0.3648773413807814	hyperthyroid	raynauds
hyperthyroid_retinal_detach	-0.017971239902465325	-0.013586	-0.018583	-0.017965	-0.004496	-0.011798	-0.017227	FG	-0.004496	0.013475239902465325	0.0013991285634321609	0.016572111339033163	0.0030968714365678393	0.17232374913335866	hyperthyroid	retinal_detach
hyperthyroid_schizo	0.06414044361844172	0.071775	0.071796	0.064142	0.06488	0.053556	0.057928	SMK	0.053556	0.01058444361844172	0.04990454079113139	0.014235902827310333	0.0036514592088686126	0.05692912307545596	hyperthyroid	schizo
hyperthyroid_scoliosis	0.14582909790153975	0.149254	0.147866	0.145852	0.164905	0.142501	0.150395	SMK	0.142501	0.0033280979015397616	0.16660745852506686	-0.020778360623527115	-0.024106458525066876	-0.1653062308685676	hyperthyroid	scoliosis
hyperthyroid_sinusitis	0.100369758854997	0.096662	0.094116	0.100653	0.102825	0.085956	0.111463	SMK	0.085956	0.014413758854996989	0.09803749457192537	0.0023322642830716223	-0.012081494571925366	-0.1203698674755148	hyperthyroid	sinusitis
hyperthyroid_sleep_apnoea	0.13213597917325054	0.116577	0.12391	0.132378	0.110357	0.117543	0.135138	FG	0.110357	0.021778979173250543	0.11499928103244171	0.01713669814080883	-0.004642281032441714	-0.03513260401510304	hyperthyroid	sleep_apnoea
hyperthyroid_spondylolisthesis	0.09450007342096824	0.083645	0.095434	0.094578	0.08134	0.077302	0.101143	SMK	0.077302	0.01719807342096824	0.07490529979125003	0.019594773629718204	0.0023967002087499634	0.02536188726619729	hyperthyroid	spondylolisthesis
hyperthyroid_spondylosis	0.1468214824162267	0.132764	0.139345	0.147047	0.125019	0.12456	0.164134	SMK	0.12456	0.02226148241622669	0.12555095871673547	0.02127052369949123	-0.0009909587167354628	-0.006749412282367352	hyperthyroid	spondylosis
hyperthyroid_stroke_all	0.26992199770315545	0.262955	0.246261	0.269969	0.261813	0.258411	0.268647	SBP	0.246261	0.02366099770315544	0.23953885391945404	0.03038314378370141	0.006722146080545971	0.02490403204535629	hyperthyroid	stroke_all
hyperthyroid_tendon	0.14423129642173313	0.132705	0.140002	0.144611	0.121698	0.124822	0.166769	FG	0.121698	0.02253329642173313	0.12751794037691758	0.016713356044815553	-0.005819940376917576	-0.04035143912109087	hyperthyroid	tendon
hyperthyroid_thromboembolic	0.14819980102181704	0.135185	0.152291	0.148239	0.117623	0.136584	0.153064	FG	0.117623	0.030576801021817035	0.12528610842106402	0.022913692600753016	-0.007663108421064019	-0.05170795350754826	hyperthyroid	thromboembolic
hyperthyroid_TIA	0.18778701574592216	0.179439	0.165835	0.187889	0.173546	0.173228	0.19075	SBP	0.165835	0.02195201574592215	0.14752785874544797	0.040259157000474194	0.018307141254552045	0.09748885556241974	hyperthyroid	TIA
hyperthyroid_tinnitus	0.038456169009758394	0.044439	0.042639	0.038586	0.068409	0.036213	0.046393	SMK	0.036213	0.0022431690097583917	0.07794464199663122	-0.03948847298687282	-0.041731641996631215	-1.0851741884648378	hyperthyroid	tinnitus
hyperthyroid_ulc_colitis	0.19345481449554053	0.196393	0.191394	0.193641	0.196707	0.193564	0.194061	SBP	0.191394	0.0020608144955405194	0.19623532039101974	-0.0027805058954792072	-0.004841320391019727	-0.025025587518429673	hyperthyroid	ulc_colitis
hyperthyroid_ulcer_peptic	0.13345683064251146	0.120208	0.119456	0.133791	0.110026	0.106422	0.145235	SMK	0.106422	0.027034830642511457	0.08586053104793391	0.04759629959457755	0.020561468952066092	0.15406831447349253	hyperthyroid	ulcer_peptic
hyperthyroid_urine_incont	0.10055486411525463	0.085351	0.098366	0.100585	0.079938	0.080483	0.108311	FG	0.079938	0.020616864115254638	0.07294798185853388	0.027606882256720755	0.006990018141466117	0.06951447056260006	hyperthyroid	urine_incont
hyperthyroid_urolithiasis	0.010609396720842093	0.002672	0.012261	0.010598	0.00781	0.007877	0.011754	BMI	0.002672	0.007937396720842094	0.00862008117014514	0.0019893155506969535	-0.005948081170145139	-0.5606427327258082	hyperthyroid	urolithiasis
hyperthyroid_valve_nonrheumatic	0.254623198475413	0.247684	0.2299	0.254653	0.241005	0.247836	0.260174	SBP	0.2299	0.02472319847541299	0.2278792816199865	0.026743916855426486	0.0020207183800134976	0.007936112624901391	hyperthyroid	valve_nonrheumatic
hypothyroid_IBS	0.1728966676897331	0.173014	0.17303	0.172604	0.172766	0.162671	0.172969	SMK	0.162671	0.010225667689733098	0.16710855934174595	0.005788108347987153	-0.004437559341745945	-0.025665962224958802	hypothyroid	IBS
hypothyroid_IDA	0.2247072674589722	0.184745	0.229223	0.225388	0.227573	0.206824	0.227341	BMI	0.184745	0.03996226745897222	0.1919430309851286	0.032764236473843605	-0.007198030985128612	-0.032032924731474705	hypothyroid	IDA
hypothyroid_insomnia	0.1050193391082245	0.091573	0.105342	0.104796	0.10403	0.072092	0.111046	SMK	0.072092	0.0329273391082245	0.08158924353047456	0.023430095577749943	-0.009497243530474556	-0.0904332822042182	hypothyroid	insomnia
hypothyroid_intervert_disc	0.17618675472978126	0.14491	0.17643	0.176767	0.175459	0.152628	0.176624	BMI	0.14491	0.03127675472978125	0.1348705220209509	0.041316232708830364	0.01003947797904911	0.056982024525320994	hypothyroid	intervert_disc
hypothyroid_isch_stroke_tia	0.14416112908513845	0.112729	0.151576	0.143844	0.143272	0.123632	0.143911	BMI	0.112729	0.031432129085138455	0.11018427629266228	0.03397685279247617	0.002544723707337715	0.01765194073802555	hypothyroid	isch_stroke_tia
hypothyroid_migraine	0.13628861394557956	0.133698	0.136316	0.137096	0.137561	0.124684	0.136	SMK	0.124684	0.011604613945579559	0.12625072720159153	0.010037886743988034	-0.0015667272015915251	-0.011495657313068895	hypothyroid	migraine
hypothyroid_OA	0.13756216162287402	0.080284	0.137558	0.137824	0.1367	0.117454	0.138923	BMI	0.080284	0.057278161622874024	0.07192026474861454	0.06564189687425948	0.008363735251385451	0.060799678870375636	hypothyroid	OA
hypothyroid_osteoporosis	0.0787562615561862	0.109039	0.078984	0.078371	0.081334	0.074638	0.078285	SMK	0.074638	0.004118261556186206	0.10194126288488693	-0.02318500132870073	-0.027303262884886936	-0.3466805349236679	hypothyroid	osteoporosis
hypothyroid_periph_neuro	0.21102581201405796	0.163747	0.211439	0.212733	0.224075	0.18791	0.215561	BMI	0.163747	0.04727881201405795	0.18002800951547165	0.030997802498586302	-0.01628100951547165	-0.07715174442445484	hypothyroid	periph_neuro
hypothyroid_peripheral_arterial	0.16624682983564462	0.11228	0.182019	0.169646	0.166416	0.133402	0.166799	BMI	0.11228	0.05396682983564462	0.12038463689260208	0.04586219294304254	-0.008104636892602074	-0.04875062520358735	hypothyroid	peripheral_arterial
hypothyroid_PMR	0.33179953072063106	0.324147	0.332341	0.332035	0.331518	0.32795	0.332412	BMI	0.324147	0.0076525307206310456	0.3260248172477632	0.005774713472867843	-0.0018778172477632027	-0.00565949338049031	hypothyroid	PMR
hypothyroid_pri_bladder	0.11394665771561104	0.109607	0.114555	0.113482	0.11521	0.095314	0.113731	SMK	0.095314	0.01863265771561104	0.09355913659697188	0.02038752111863916	0.0017548634030281202	0.01540074485912454	hypothyroid	pri_bladder
hypothyroid_pri_breast	-0.045072668308120796	-0.03741	-0.045079	-0.044854	-0.045507	-0.04569	-0.044841	BMI	-0.03741	0.007662668308120797	-0.03722099116342818	0.007851677144692613	0.00018900883657181622	0.0041934246111132115	hypothyroid	pri_breast
hypothyroid_pri_colorectal	-0.05696526030479577	-0.061132	-0.056976	-0.056127	-0.056731	-0.052697	-0.056888	SMK	-0.052697	0.004268260304795768	-0.05716304187054731	-0.00019778156575154388	-0.004466041870547312	-0.07839939371208889	hypothyroid	pri_colorectal
hypothyroid_pri_prost	-0.07413761986891046	-0.063521	-0.07413	-0.073481	-0.074362	-0.066796	-0.073805	BMI	-0.063521	0.010616619868910465	-0.057270776710028615	0.016866843158881845	0.0062502232899713794	0.08430569124046569	hypothyroid	pri_prost
hypothyroid_pri_skin	-0.15790733802298393	-0.144227	-0.157956	-0.157865	-0.157312	-0.155073	-0.157893	BMI	-0.144227	0.013680338022983934	-0.1443432045697685	0.013564133453215416	-0.00011620456976851878	-0.0007359035445940127	hypothyroid	pri_skin
hypothyroid_psoriasis	0.2588265755919671	0.238448	0.259016	0.259094	0.25839	0.243852	0.25947	BMI	0.238448	0.020378575591967096	0.23230680510590188	0.026519770486065214	0.006141194894098118	0.023727064657299877	hypothyroid	psoriasis
hypothyroid_RA	0.39612533774517933	0.379679	0.397679	0.396213	0.397654	0.38412	0.397099	BMI	0.379679	0.01644633774517934	0.38215071583641613	0.013974621908763196	-0.002471715836416144	-0.006239731723513623	hypothyroid	RA
hypothyroid_raynauds	0.0754746025579197	0.093837	0.075469	0.074792	0.079452	0.066833	0.074946	SMK	0.066833	0.008641602557919695	0.08430171122746657	-0.008827108669546876	-0.01746871122746657	-0.23145151660866276	hypothyroid	raynauds
hypothyroid_retinal_detach	-0.07677704012501438	-0.067091	-0.076782	-0.077265	-0.075761	-0.069842	-0.076919	BMI	-0.067091	0.00968604012501438	-0.06534559693529525	0.011431443189719129	0.001745403064704748	0.022733398706992956	hypothyroid	retinal_detach
hypothyroid_schizo	0.03999078810527728	0.057861	0.040116	0.039958	0.03997	0.026884	0.041488	SMK	0.026884	0.013106788105277278	0.04667152034166568	-0.006680732236388404	-0.01978752034166568	-0.49480196013077504	hypothyroid	schizo
hypothyroid_scoliosis	0.04595884283452394	0.053717	0.045968	0.046213	0.04761	0.041401	0.045419	SMK	0.041401	0.0045578428345239425	0.04921189651458023	-0.003253053680056288	-0.00781089651458023	-0.1699541596968308	hypothyroid	scoliosis
hypothyroid_sinusitis	0.15225653543018525	0.144418	0.152446	0.151861	0.152354	0.135877	0.15306	SMK	0.135877	0.01637953543018525	0.13650086791467536	0.015755667515509886	-0.0006238679146753634	-0.00409747872505235	hypothyroid	sinusitis
hypothyroid_sleep_apnoea	0.1698452597402505	0.104815	0.170265	0.170927	0.169239	0.152867	0.169617	BMI	0.104815	0.06503025974025049	0.09941882911305469	0.07042643062719581	0.0053961708869453145	0.03177110091384265	hypothyroid	sleep_apnoea
hypothyroid_spondylolisthesis	0.06937076872472844	0.040257	0.069373	0.069965	0.068261	0.047517	0.068805	BMI	0.040257	0.029113768724728442	0.029467822824192132	0.03990294590053631	0.010789177175807869	0.15552915693670086	hypothyroid	spondylolisthesis
hypothyroid_spondylosis	0.17835917464715242	0.130271	0.178741	0.179336	0.177859	0.15206	0.181389	BMI	0.130271	0.048088174647152426	0.12154054720194876	0.05681862744520366	0.008730452798051236	0.04894871719003338	hypothyroid	spondylosis
hypothyroid_stroke_all	0.09309209209155386	0.056286	0.096966	0.092924	0.092159	0.07346	0.093457	BMI	0.056286	0.03680609209155386	0.0497688339067158	0.043323258184838065	0.006517166093284205	0.0700077304834306	hypothyroid	stroke_all
hypothyroid_tendon	0.1802609778629288	0.148207	0.180387	0.181641	0.179819	0.157583	0.185594	BMI	0.148207	0.032053977862928795	0.14753710669220654	0.03272387117072226	0.0006698933077934621	0.003716241394756284	hypothyroid	tendon
hypothyroid_thromboembolic	0.10116279976161931	0.055717	0.101215	0.10097	0.099913	0.086094	0.100775	BMI	0.055717	0.045445799761619304	0.05170152640402204	0.049461273357597264	0.00401547359597796	0.039693183714172096	hypothyroid	thromboembolic
hypothyroid_TIA	0.1245120205238706	0.099038	0.127372	0.124996	0.123513	0.104195	0.124233	BMI	0.099038	0.0254740205238706	0.09412535326283748	0.030386667261033118	0.004912646737162518	0.0394552005219504	hypothyroid	TIA
hypothyroid_tinnitus	0.2289052355266157	0.246405	0.229048	0.228703	0.234459	0.227374	0.229944	SMK	0.227374	0.0015312355266157152	0.24585005069308644	-0.016944815166470728	-0.018476050693086443	-0.08071484538385824	hypothyroid	tinnitus
hypothyroid_ulc_colitis	0.034206612282725465	0.040445	0.034189	0.033779	0.034223	0.033626	0.034152	SMK	0.033626	0.0005806122827254623	0.03938696779677683	-0.005180355514051362	-0.005760967796776824	-0.16841678881150549	hypothyroid	ulc_colitis
hypothyroid_ulcer_peptic	0.09476738846312383	0.052422	0.095412	0.095868	0.093391	0.055013	0.094679	BMI	0.052422	0.04234538846312382	0.032805180742361356	0.06196220772076247	0.019616819257638647	0.20699968180796713	hypothyroid	ulcer_peptic
hypothyroid_urine_incont	0.10692510800021464	0.064163	0.10693	0.106731	0.105723	0.082413	0.10666	BMI	0.064163	0.04276210800021464	0.05129601916669723	0.05562908883351741	0.012866980833302767	0.12033638379188673	hypothyroid	urine_incont
hypothyroid_urolithiasis	0.02787839961247238	0.009019	0.027894	0.028569	0.027617	0.024708	0.027695	BMI	0.009019	0.01885939961247238	0.009139042232666919	0.018739357379805463	-0.00012004223266691948	-0.004305922661830788	hypothyroid	urolithiasis
hypothyroid_valve_nonrheumatic	0.17127173503847973	0.14775	0.17892	0.171149	0.170525	0.162157	0.171121	BMI	0.14775	0.023521735038479735	0.15580325191279376	0.015468483125685967	-0.008053251912793769	-0.047020320725918024	hypothyroid	valve_nonrheumatic
IBS_IDA	0.2693624014902941	0.283507	0.282112	0.271465	0.275175	0.250605	0.254297	SMK	0.250605	0.01875740149029409	0.2713848698525031	-0.0020224683622089845	-0.020779869852503075	-0.07714465618636769	IBS	IDA
IBS_insomnia	0.5130076283636793	0.514312	0.512205	0.512628	0.514013	0.508778	0.515901	SMK	0.508778	0.00422962836367935	0.5136668860453627	-0.0006592576816834006	-0.00488888604536275	-0.009529850581280131	IBS	insomnia
IBS_intervert_disc	0.4005489599622648	0.410103	0.403456	0.402703	0.401624	0.385919	0.391559	SMK	0.385919	0.014629959962264794	0.3937852756614307	0.006763684300834127	-0.007866275661430666	-0.019638736952835273	IBS	intervert_disc
IBS_isch_stroke_tia	0.16540111480568728	0.167192	0.185566	0.164104	0.165224	0.143059	0.161621	SMK	0.143059	0.02234211480568729	0.1646824607276167	0.0007186540780705908	-0.0216234607276167	-0.13073346423946341	IBS	isch_stroke_tia
IBS_migraine	0.44274755363389917	0.442605	0.442586	0.44586	0.444208	0.43445	0.439236	SMK	0.43445	0.008297553633899168	0.4371023347308989	0.005645218903000293	-0.0026523347308988754	-0.005990625378117952	IBS	migraine
IBS_OA	0.28201111271889445	0.30724	0.282456	0.283082	0.282165	0.264286	0.266088	SMK	0.264286	0.01772511271889443	0.283196744534316	-0.0011856318154215284	-0.01891074453431596	-0.06705673528959825	IBS	OA
IBS_osteoporosis	0.24288620781637543	0.249205	0.241388	0.241662	0.245901	0.239646	0.235904	SLEEP	0.235904	0.00698220781637543	0.23383508739448602	0.009051120421889408	0.0020689126055139784	0.008518032473371639	IBS	osteoporosis
IBS_periph_neuro	0.3572054245568054	0.388728	0.360507	0.362085	0.387207	0.340045	0.342635	SMK	0.340045	0.017160424556805387	0.39085060534240657	-0.03364518078560119	-0.05080560534240658	-0.1422307777252893	IBS	periph_neuro
IBS_peripheral_arterial	0.16285262384330082	0.175038	0.194052	0.170452	0.164253	0.123805	0.14893	SMK	0.123805	0.03904762384330082	0.17824908350812785	-0.015396459664827028	-0.05444408350812785	-0.33431505261170824	IBS	peripheral_arterial
IBS_PMR	0.12215330795376951	0.121544	0.124472	0.12288	0.121929	0.116238	0.113138	SLEEP	0.113138	0.009015307953769508	0.11296859000959614	0.009184717944173373	0.0001694099904038654	0.001386863714472479	IBS	PMR
IBS_pri_bladder	0.1527434695683834	0.152393	0.150351	0.150704	0.153677	0.13299	0.150373	SMK	0.13299	0.01975346956838339	0.12867621104779245	0.02406725852059094	0.004313788952207548	0.02824205162025772	IBS	pri_bladder
IBS_pri_breast	0.020023997146000862	0.020728	0.020207	0.02086	0.019779	0.019755	0.023256	SMK	0.019755	0.0002689971460008607	0.022674546081806784	-0.0026505489358059214	-0.002919546081806782	-0.14580236206185565	IBS	pri_breast
IBS_pri_colorectal	-0.04847385946819895	-0.048774	-0.050119	-0.044722	-0.048331	-0.043709	-0.047753	SMK	-0.043709	0.004764859468198955	-0.04008309519513188	0.008390764273067071	0.003625904804868116	0.07480124018692742	IBS	pri_colorectal
IBS_pri_prost	0.05683680000475718	0.05796	0.056497	0.060293	0.056717	0.066216	0.062382	SBP	0.056497	0.00033980000475718197	0.07309955486995558	-0.016262754865198396	-0.01660255486995558	-0.2921092473285963	IBS	pri_prost
IBS_pri_skin	0.011489632510108986	0.012897	0.010407	0.01169	0.011999	0.015806	0.011827	SBP	0.010407	0.0010826325101089863	0.013832588127836531	-0.002342955617727545	-0.0034255881278365315	-0.2981460133579188	IBS	pri_skin
IBS_psoriasis	0.22018988926487998	0.221484	0.221942	0.22113	0.219975	0.202072	0.210451	SMK	0.202072	0.018117889264879977	0.20120840341334806	0.01898148585153192	0.0008635965866519435	0.003922053776107176	IBS	psoriasis
IBS_RA	0.2446916658951956	0.246345	0.248912	0.245089	0.245632	0.222367	0.236705	SMK	0.222367	0.022324665895195578	0.22478750391584723	0.019904161979348356	-0.002420503915847222	-0.00989205703836253	IBS	RA
IBS_raynauds	0.2929829713903096	0.296183	0.293949	0.290881	0.299119	0.285768	0.283359	SLEEP	0.283359	0.009623971390309571	0.2825727740763943	0.010410197313915293	0.0007862259236057212	0.0026835208881758428	IBS	raynauds
IBS_retinal_detach	0.06398629833265458	0.065027	0.064148	0.062574	0.064941	0.072966	0.062765	ApoB	0.062574	0.0014122983326545768	0.0698605777074811	-0.005874279374826513	-0.00728657770748109	-0.11387715647495862	IBS	retinal_detach
IBS_schizo	0.20718859686507382	0.20989	0.205748	0.207225	0.207183	0.195197	0.224556	SMK	0.195197	0.011991596865073811	0.21092215434769568	-0.0037335574826218576	-0.01572515434769567	-0.07589777905555423	IBS	schizo
IBS_scoliosis	0.28612413815622434	0.287042	0.286053	0.287264	0.288174	0.282996	0.280382	SLEEP	0.280382	0.005742138156224319	0.280962635793165	0.005161502363059345	-0.0005806357931649742	-0.0020293142581628183	IBS	scoliosis
IBS_sinusitis	0.6166542258497651	0.617183	0.619946	0.615891	0.616738	0.609726	0.61047	SMK	0.609726	0.006928225849765157	0.6083683168862024	0.008285908963562738	0.0013576831137975809	0.0022016927102488583	IBS	sinusitis
IBS_sleep_apnoea	0.3113436196222946	0.363935	0.315023	0.31477	0.312998	0.296124	0.308076	SMK	0.296124	0.015219619622294622	0.36287391506741873	-0.05153029544512411	-0.06674991506741873	-0.21439307202889255	IBS	sleep_apnoea
IBS_spondylolisthesis	0.2439394197744628	0.246436	0.244024	0.246215	0.243967	0.225251	0.234549	SMK	0.225251	0.018688419774462783	0.2255439144009338	0.018395505373528992	-0.0002929144009337914	-0.0012007669822475147	IBS	spondylolisthesis
IBS_spondylosis	0.5387445974258415	0.581328	0.542846	0.542418	0.542792	0.535158	0.530915	SLEEP	0.530915	0.00782959742584144	0.5763346236527701	-0.03759002622692864	-0.04541962365277008	-0.08430641136781353	IBS	spondylosis
IBS_stroke_all	0.12357874191089781	0.1246	0.13941	0.123029	0.123186	0.102542	0.128204	SMK	0.102542	0.021036741910897813	0.12992902897466027	-0.006350287063762464	-0.027387028974660277	-0.22161602028936944	IBS	stroke_all
IBS_tendon	0.3873477731406614	0.397229	0.389407	0.391765	0.390048	0.372036	0.373669	SMK	0.372036	0.0153117731406614	0.37809707525273434	0.00925069788792704	-0.00606107525273436	-0.015647631593672138	IBS	tendon
IBS_thromboembolic	0.15073444564009453	0.155007	0.150085	0.150105	0.151722	0.134937	0.143338	SMK	0.134937	0.015797445640094526	0.13859035670750194	0.012144088932592584	-0.0036533567075019424	-0.024237039463594044	IBS	thromboembolic
IBS_TIA	0.1751685806455258	0.175936	0.187161	0.176821	0.175064	0.154059	0.171205	SMK	0.154059	0.02110958064552579	0.16921790900533662	0.00595067164018917	-0.015158909005336618	-0.08653897262553295	IBS	TIA
IBS_tinnitus	0.44396938148427734	0.446942	0.443397	0.442648	0.451232	0.443966	0.435437	SLEEP	0.435437	0.008532381484277318	0.44169039501745594	0.0022789864668213977	-0.0062533950174559205	-0.014085194336036385	IBS	tinnitus
IBS_ulc_colitis	0.15163792238718599	0.152232	0.152764	0.15026	0.151653	0.151823	0.151867	ApoB	0.15026	0.0013779223871859814	0.151058047148067	0.0005798752391189821	-0.0007980471480669993	-0.005262846756956342	IBS	ulc_colitis
IBS_ulcer_peptic	0.4110398263225115	0.426778	0.419	0.415443	0.414185	0.402809	0.400296	SLEEP	0.400296	0.01074382632251153	0.42236197233418765	-0.011322146011676137	-0.022065972334187667	-0.053683295196982166	IBS	ulcer_peptic
IBS_urine_incont	0.41126337787233186	0.428073	0.412415	0.410879	0.413365	0.397235	0.402943	SMK	0.397235	0.014028377872331854	0.4092877779356429	0.001975599936688943	-0.012052777935642911	-0.029306713371849133	IBS	urine_incont
IBS_urolithiasis	0.23963710189481038	0.239978	0.239371	0.242494	0.239517	0.237694	0.238789	SMK	0.237694	0.001943101894810395	0.2437084809747816	-0.00407137907997121	-0.006014480974781605	-0.02509828789959947	IBS	urolithiasis
IBS_valve_nonrheumatic	0.10173805097187469	0.101157	0.116881	0.101299	0.101258	0.090798	0.093602	SMK	0.090798	0.010940050971874685	0.10106468706477136	0.0006733639071033332	-0.010266687064771352	-0.1009129521029409	IBS	valve_nonrheumatic
IDA_insomnia	0.34033793760097736	0.328296	0.362518	0.341713	0.330982	0.280906	0.291149	SMK	0.280906	0.05943193760097737	0.260388439168571	0.07994949843240634	0.02051756083142897	0.060285846990952824	IDA	insomnia
IDA_intervert_disc	0.2566057792151648	0.186588	0.250254	0.255381	0.240431	0.200689	0.236715	BMI	0.186588	0.0700177792151648	0.12485443062099397	0.13175134859417084	0.06173356937900604	0.24057747088869044	IDA	intervert_disc
IDA_isch_stroke_tia	0.3630432867149165	0.30713	0.321955	0.365316	0.351566	0.32562	0.36162	BMI	0.30713	0.055913286714916466	0.25041112884492706	0.11263215786998942	0.05671887115507296	0.15623170357537017	IDA	isch_stroke_tia
IDA_migraine	0.2691212900107863	0.277587	0.277601	0.267476	0.293228	0.248176	0.26213	SMK	0.248176	0.020945290010786266	0.2742023253895715	-0.005081035378785237	-0.026026325389571503	-0.09670853386786447	IDA	migraine
IDA_OA	0.34996562558042316	0.231688	0.355653	0.349495	0.341286	0.313182	0.321389	BMI	0.231688	0.11827762558042315	0.20633043319555147	0.14363519238487168	0.025357566804448534	0.0724573070923541	IDA	OA
IDA_osteoporosis	0.20664423513675467	0.29435	0.224523	0.208738	0.24499	0.202211	0.194667	SLEEP	0.194667	0.011977235136754666	0.3009495827040309	-0.09430534756727621	-0.10628258270403088	-0.5143263862826579	IDA	osteoporosis
IDA_periph_neuro	0.4004040769134689	0.294505	0.395754	0.398626	0.340118	0.351589	0.370457	BMI	0.294505	0.10589907691346889	0.1965737625740583	0.20383031433941062	0.09793123742594173	0.24458101970601462	IDA	periph_neuro
IDA_peripheral_arterial	0.4572029084614212	0.358664	0.418966	0.456313	0.429508	0.403658	0.441314	BMI	0.358664	0.09853890846142122	0.24904238964759293	0.20816051881382827	0.10962161035240706	0.23976577647177616	IDA	peripheral_arterial
IDA_PMR	0.20513715136516575	0.188803	0.197344	0.204683	0.204567	0.197017	0.19156	BMI	0.188803	0.01633415136516575	0.16816091728613675	0.036976234079029	0.020642082713863252	0.10062576464815079	IDA	PMR
IDA_pri_bladder	0.03544527118284445	0.023679	0.055823	0.038179	0.052295	-0.012658	0.030091	SMK	-0.012658	0.022787271182844446	0.01702161354038917	0.01842365764245528	-0.004363613540389168	-0.12310848231007926	IDA	pri_bladder
IDA_pri_breast	0.0008268576391694862	0.021368	-0.000213	-4.8e-05	-0.005493	7e-06	0.006419	SMK	7e-06	0.0008198576391694862	0.014824462718296029	-0.013997605079126542	-0.014817462718296029	-17.92021022286135	IDA	pri_breast
IDA_pri_colorectal	0.034829814744225016	0.028643	0.045258	0.030706	0.039704	0.046579	0.037346	BMI	0.028643	0.006186814744225017	0.04766459455190108	-0.012834779807676062	-0.01902159455190108	-0.5461296504614619	IDA	pri_colorectal
IDA_pri_prost	0.028748609129406497	0.059884	0.031673	0.025417	0.026441	0.048035	0.038577	ApoB	0.025417	0.0033316091294064987	0.07220061408212691	-0.04345200495272042	-0.04678361408212692	-1.6273348693684349	IDA	pri_prost
IDA_pri_skin	0.01669042743717314	0.058757	0.023808	0.0165	0.029642	0.025988	0.017497	ApoB	0.0165	0.00019042743717313793	0.0688812006534736	-0.05219077321630046	-0.0523812006534736	-3.138397794223622	IDA	pri_skin
IDA_psoriasis	0.34566455628356163	0.307353	0.344468	0.345247	0.345502	0.312701	0.332225	BMI	0.307353	0.03831155628356164	0.2795817689039377	0.06608278737962392	0.027771231096062277	0.08034156407196257	IDA	psoriasis
IDA_RA	0.4421440057101882	0.412599	0.434469	0.442322	0.425703	0.402737	0.433806	SMK	0.402737	0.03940700571018818	0.36840752262778964	0.07373648308239855	0.03432947737221037	0.0776432043154562	IDA	RA
IDA_raynauds	0.0965338902059806	0.14613	0.094078	0.100716	0.144434	0.078172	0.074645	SLEEP	0.074645	0.021888890205980602	0.13301113510935603	-0.03647724490337542	-0.058366135109356024	-0.6046180774939912	IDA	raynauds
IDA_retinal_detach	-0.08931349528097877	-0.06908	-0.091976	-0.087841	-0.073166	-0.074735	-0.093985	BMI	-0.06908	0.020233495280978772	-0.05919143248235892	0.030122062798619856	0.009888567517641084	0.1107175067612326	IDA	retinal_detach
IDA_schizo	-0.008401490984344338	0.033491	0.00304	-0.008276	-0.009068	-0.040217	0.017169	SBP	0.00304	0.005361490984344338	0.03194819290432727	-0.023546701919982933	-0.028908192904327272	-3.440840793401542	IDA	schizo
IDA_scoliosis	0.24508803204372825	0.280347	0.251742	0.244449	0.276019	0.241313	0.235678	SLEEP	0.235678	0.009410032043728256	0.28444735872123844	-0.03935932667751019	-0.04876935872123844	-0.1989871080793414	IDA	scoliosis
IDA_sinusitis	0.14360064529532118	0.129323	0.134988	0.147039	0.149182	0.104473	0.113331	SMK	0.104473	0.03912764529532119	0.07702550462001342	0.06657514067530776	0.027447495379986572	0.1911376882989597	IDA	sinusitis
IDA_sleep_apnoea	0.3203099752299399	0.16025	0.312118	0.318541	0.298408	0.287061	0.316997	BMI	0.16025	0.16005997522993992	0.1520647777973966	0.16824519743254332	0.008185222202603398	0.025554065859883065	IDA	sleep_apnoea
IDA_spondylolisthesis	0.2584426836904186	0.204456	0.26422	0.256994	0.246491	0.217418	0.242836	BMI	0.204456	0.05398668369041862	0.1693410677889692	0.08910161590144941	0.03511493221103079	0.13587125667327463	IDA	spondylolisthesis
IDA_spondylosis	0.41065780882019615	0.314272	0.405553	0.409251	0.391957	0.360371	0.382524	BMI	0.314272	0.09638580882019615	0.24785401237178392	0.16280379644841222	0.06641798762821607	0.16173560127599268	IDA	spondylosis
IDA_stroke_all	0.3153623933184895	0.247157	0.273786	0.316398	0.307639	0.280508	0.328559	BMI	0.247157	0.06820539331848949	0.2103956525610318	0.10496674075745768	0.036761347438968195	0.116568583375261	IDA	stroke_all
IDA_tendon	0.3059315990057863	0.238401	0.303624	0.30388	0.282066	0.255776	0.265789	BMI	0.238401	0.06753059900578631	0.15512159932250652	0.1508099996832798	0.08327940067749348	0.272215753286467	IDA	tendon
IDA_thromboembolic	0.1296430987916149	0.016551	0.137188	0.130615	0.086429	0.096111	0.11679	BMI	0.016551	0.1130920987916149	-0.010083971291604628	0.11955912750001027	0.0064670287083953715	0.04988332405406564	IDA	thromboembolic
IDA_TIA	0.3783736178931758	0.33976	0.349581	0.377445	0.366708	0.343631	0.376819	BMI	0.33976	0.0386136178931758	0.28918297839528345	0.08919063949789235	0.050577021604716554	0.13366952454649123	IDA	TIA
IDA_tinnitus	0.06886619583438981	0.108405	0.076726	0.07205	0.111886	0.06424	0.042636	SLEEP	0.042636	0.026230195834389812	0.10835206865366986	-0.03948587281928005	-0.06571606865366986	-0.9542572790241614	IDA	tinnitus
IDA_ulc_colitis	0.15811014723679856	0.183739	0.155488	0.160128	0.163163	0.160959	0.159954	SBP	0.155488	0.002622147236798572	0.1850386621818813	-0.02692851494508275	-0.02955066218188132	-0.18689921360723202	IDA	ulc_colitis
IDA_ulcer_peptic	0.24517039858236692	0.155749	0.225768	0.242923	0.217959	0.163045	0.218274	BMI	0.155749	0.08942139858236692	0.04190701426410126	0.20326338431826566	0.11384198573589874	0.4643382169876949	IDA	ulcer_peptic
IDA_urine_incont	0.3203542038469944	0.237418	0.322254	0.321543	0.300906	0.274896	0.303723	BMI	0.237418	0.08293620384699443	0.199556753891814	0.12079744995518044	0.037861246108186	0.11818557600782743	IDA	urine_incont
IDA_urolithiasis	0.06503318220203345	0.022001	0.068997	0.062763	0.062922	0.059269	0.062068	BMI	0.022001	0.043032182202033455	0.02563641164773393	0.03939677055429952	-0.0036354116477339306	-0.055900872825815046	IDA	urolithiasis
IDA_valve_nonrheumatic	0.32532613849713377	0.283427	0.283884	0.326209	0.310625	0.311295	0.31646	BMI	0.283427	0.04189913849713378	0.2318129859283942	0.09351315256873957	0.05161401407160579	0.15865314207471998	IDA	valve_nonrheumatic
insomnia_intervert_disc	0.4690212557590591	0.461149	0.475013	0.470419	0.464537	0.405627	0.457072	SMK	0.405627	0.0633942557590591	0.41040703899960884	0.05861421675945028	-0.004780038999608827	-0.010191518915007084	insomnia	intervert_disc
insomnia_isch_stroke_tia	0.2622701211361869	0.247173	0.299934	0.261626	0.256216	0.195417	0.267561	SMK	0.195417	0.06685312113618691	0.2430226514040519	0.01924746973213501	-0.0476056514040519	-0.1815138194080907	insomnia	isch_stroke_tia
insomnia_migraine	0.3837095065256286	0.382998	0.383725	0.385632	0.390953	0.365477	0.392351	SMK	0.365477	0.018232506525628578	0.3872230784711826	-0.003513571945554017	-0.021746078471182595	-0.056673285653218865	insomnia	migraine
insomnia_OA	0.48337582855912253	0.491735	0.485099	0.484077	0.479773	0.441983	0.443251	SMK	0.441983	0.04139282855912252	0.44765832613499107	0.035717502424131464	-0.005675326134991054	-0.011741021788177593	insomnia	OA
insomnia_osteoporosis	0.13648401571667837	0.15747	0.132726	0.135678	0.148235	0.129542	0.112337	SLEEP	0.112337	0.024147015716678363	0.11118925182635914	0.025294763890319233	0.0011477481736408696	0.008409396277022163	insomnia	osteoporosis
insomnia_periph_neuro	0.4238344322690404	0.424046	0.430483	0.427435	0.42846	0.345852	0.364689	SMK	0.345852	0.07798243226904039	0.3132842424853449	0.11055018978369546	0.03256775751465507	0.07684075439623982	insomnia	periph_neuro
insomnia_peripheral_arterial	0.46881941742127914	0.475809	0.547019	0.477331	0.463007	0.363759	0.451595	SMK	0.363759	0.10506041742127914	0.48734238715246536	-0.018522969731186223	-0.12358338715246536	-0.2636055217854039	insomnia	peripheral_arterial
insomnia_PMR	0.13497711595176418	0.127929	0.139701	0.135396	0.13316	0.121926	0.106916	SLEEP	0.106916	0.02806111595176418	0.10169999825350215	0.033277117698262026	0.0052160017464978475	0.038643600507524946	insomnia	PMR
insomnia_pri_bladder	0.09686180608862409	0.093696	0.091047	0.095623	0.102687	0.026123	0.092522	SMK	0.026123	0.0707388060886241	0.02082674407821612	0.07603506201040797	0.005296255921783882	0.054678475816753315	insomnia	pri_bladder
insomnia_pri_breast	-0.012604405993845434	-0.007368	-0.012283	-0.012127	-0.014793	-0.014885	-0.001281	SLEEP	-0.001281	0.011323405993845435	-0.005622891405182707	0.0069815145886627265	-0.004341891405182707	-0.3444740995571545	insomnia	pri_breast
insomnia_pri_colorectal	-0.07267147103940343	-0.075287	-0.076132	-0.070679	-0.071657	-0.060941	-0.075493	SMK	-0.060941	0.011730471039403424	-0.06340341511607861	0.009268055923324817	-0.0024624151160786076	-0.0338842062897482	insomnia	pri_colorectal
insomnia_pri_prost	0.055457526703101175	0.063425	0.054822	0.057567	0.054581	0.089158	0.081568	FG	0.054581	0.000876526703101177	0.11520185659339842	-0.059744329890297244	-0.06062085659339842	-1.0931042222264937	insomnia	pri_prost
insomnia_pri_skin	-0.011064435669871975	-0.000594	-0.013343	-0.010954	-0.00693	0.002225	-0.011043	BMI	-0.000594	0.010470435669871974	0.001769850224857391	0.009294585445014584	-0.001175850224857391	-0.1062729505544675	insomnia	pri_skin
insomnia_psoriasis	0.19255189912736548	0.178815	0.196111	0.193071	0.189666	0.12985	0.161806	SMK	0.12985	0.06270189912736548	0.10772121083839407	0.0848306882889714	0.02212878916160592	0.11492376477143235	insomnia	psoriasis
insomnia_RA	0.2738615201272341	0.261889	0.281933	0.274061	0.265837	0.191659	0.258509	SMK	0.191659	0.08220252012723409	0.18353180418365028	0.0903297159435838	0.008127195816349714	0.02967629702987801	insomnia	RA
insomnia_raynauds	-0.02215267798778357	-0.011445	-0.020708	-0.0243	-0.007916	-0.058477	-0.079574	FG	-0.007916	0.01423667798778357	-0.10579926689351156	-0.08364658890572799	-0.09788326689351157	-4.418574898596494	insomnia	raynauds
insomnia_retinal_detach	-0.023090380286257827	-0.016321	-0.022887	-0.024008	-0.016777	0.003094	-0.031838	SMK	0.003094	0.019996380286257828	-0.002506553141319814	0.020583827144938012	0.0005874468586801861	0.025441194618600692	insomnia	retinal_detach
insomnia_schizo	0.19272057377891463	0.205905	0.189613	0.1927	0.193267	0.158111	0.270882	SMK	0.158111	0.03460957377891463	0.23443160407499763	-0.041711030296083	-0.07632060407499763	-0.3960168993817504	insomnia	schizo
insomnia_scoliosis	0.20126465169323468	0.207082	0.201253	0.201871	0.210333	0.198331	0.187568	SLEEP	0.187568	0.013696651693234668	0.19575129741782704	0.005513354275407639	-0.008183297417827029	-0.040659387274323354	insomnia	scoliosis
insomnia_sinusitis	0.39829861219122714	0.394676	0.403849	0.397753	0.400107	0.361486	0.363634	SMK	0.361486	0.03681261219122717	0.33762974520471534	0.060668866986511805	0.023856254795284637	0.05989540024766898	insomnia	sinusitis
insomnia_sleep_apnoea	0.24856676768682934	0.233785	0.255185	0.250655	0.240084	0.193206	0.250149	SMK	0.193206	0.05536076768682935	0.24176457836162127	0.006802189325208069	-0.04855857836162128	-0.19535426563055486	insomnia	sleep_apnoea
insomnia_spondylolisthesis	0.5461296657177909	0.539922	0.547309	0.547947	0.542942	0.512485	0.551824	SMK	0.512485	0.0336446657177909	0.530288076227517	0.015841589490273922	-0.01780307622751698	-0.03259862509779245	insomnia	spondylolisthesis
insomnia_spondylosis	0.4973904763964555	0.501647	0.504788	0.499765	0.492185	0.42447	0.45199	SMK	0.42447	0.07292047639645549	0.4121273866972173	0.08526308969923818	0.01234261330278269	0.024814735883573195	insomnia	spondylosis
insomnia_stroke_all	0.3228412949673753	0.309351	0.359101	0.322582	0.318683	0.272119	0.369201	SMK	0.272119	0.05072229496737529	0.3701167946270059	-0.047275499659630627	-0.09799779462700592	-0.3035478922760147	insomnia	stroke_all
insomnia_tendon	0.44292169599668224	0.4342	0.447406	0.4461	0.436885	0.379442	0.371884	SLEEP	0.371884	0.07103769599668225	0.31824670417200923	0.12467499182467301	0.05363729582799076	0.12109882246182074	insomnia	tendon
insomnia_thromboembolic	0.22315628659146208	0.203189	0.222154	0.222801	0.211549	0.180049	0.209689	SMK	0.180049	0.043107286591462096	0.16575615030007296	0.057400136291389126	0.01429284969992703	0.06404860879448722	insomnia	thromboembolic
insomnia_TIA	0.3467763090994779	0.33591	0.371697	0.347924	0.341252	0.292267	0.359164	SMK	0.292267	0.054509309099477876	0.3366237964663089	0.010152512633168964	-0.04435679646630891	-0.12791184202143555	insomnia	TIA
insomnia_tinnitus	0.2927020083556008	0.304258	0.291412	0.291868	0.310964	0.303673	0.260287	SLEEP	0.260287	0.032415008355600794	0.2876119757960344	0.00509003255956636	-0.027324975796034434	-0.09335424771953595	insomnia	tinnitus
insomnia_ulc_colitis	0.07820139454802755	0.082381	0.080423	0.077327	0.078542	0.081107	0.082838	ApoB	0.077327	0.0008743945480275406	0.08687775431100807	-0.00867635976298052	-0.009550754311008061	-0.12213023010916316	insomnia	ulc_colitis
insomnia_ulcer_peptic	0.42052015438284274	0.411819	0.433868	0.423548	0.414079	0.313358	0.387785	SMK	0.313358	0.10716215438284271	0.3033543396898682	0.11716581469297455	0.010003660310131834	0.02378877731749445	insomnia	ulcer_peptic
insomnia_urine_incont	0.4133631404981736	0.404537	0.416103	0.413093	0.407423	0.35269	0.399	SMK	0.35269	0.06067314049817357	0.35221517467321006	0.06114796582496351	0.0004748253267899405	0.0011486881152917854	insomnia	urine_incont
insomnia_urolithiasis	0.03654004342362684	0.024513	0.035769	0.037957	0.035285	0.026902	0.030473	BMI	0.024513	0.012027043423626843	0.02382498319648768	0.012715060227139162	0.0006880168035123188	0.018829118387622006	insomnia	urolithiasis
insomnia_valve_nonrheumatic	0.24339335138722534	0.23041	0.276556	0.243169	0.236664	0.222059	0.230746	SMK	0.222059	0.021334351387225337	0.24421503774141343	-0.0008216863541880837	-0.02215603774141342	-0.09102975744873323	insomnia	valve_nonrheumatic
intervert_disc_isch_stroke_tia	0.23464492656649058	0.187394	0.228032	0.236556	0.227035	0.177619	0.23093	SMK	0.177619	0.05702592656649058	0.13951332815583709	0.0951315984106535	0.038105671844162914	0.16239716921117844	intervert_disc	isch_stroke_tia
intervert_disc_migraine	0.3176326331728748	0.320821	0.319013	0.316224	0.326101	0.295652	0.312413	SMK	0.295652	0.021980633172874797	0.3008349148763586	0.016797718296516218	-0.00518291487635858	-0.016317324906404453	intervert_disc	migraine
intervert_disc_OA	0.5546985874910134	0.512946	0.555199	0.554445	0.551049	0.52405	0.543009	BMI	0.512946	0.041752587491013404	0.494925633587891	0.05977295390312243	0.018020366412109023	0.032486771768462396	intervert_disc	OA
intervert_disc_osteoporosis	0.049480208017686926	0.098221	0.05342	0.051172	0.062483	0.038207	0.038519	SMK	0.038207	0.011273208017686928	0.0755039727777401	-0.02602376476005317	-0.0372969727777401	-0.7537755856727224	intervert_disc	osteoporosis
intervert_disc_periph_neuro	0.5198531812404883	0.473346	0.51794	0.518799	0.527187	0.468058	0.506437	SMK	0.468058	0.05179518124048832	0.4418803500135256	0.07797283122696269	0.02617764998647437	0.05035585225045373	intervert_disc	periph_neuro
intervert_disc_peripheral_arterial	0.3960473815330568	0.33089	0.408743	0.394841	0.385467	0.305131	0.383474	SMK	0.305131	0.09091638153305681	0.2544325571917422	0.14161482434131462	0.050698442808257804	0.12801105416228126	intervert_disc	peripheral_arterial
intervert_disc_PMR	0.18021201468519105	0.165597	0.177274	0.179758	0.178378	0.170552	0.169897	BMI	0.165597	0.014615014685191052	0.1508615658771856	0.02935044880800544	0.01473543412281439	0.0817672126276122	intervert_disc	PMR
intervert_disc_pri_bladder	0.02123952247738435	0.012417	0.026952	0.023743	0.027777	-0.04117	0.017253	BMI	0.012417	0.008822522477384352	-0.03328844828032796	-0.01204892580294361	-0.020871448280327963	-0.9826703167433114	intervert_disc	pri_bladder
intervert_disc_pri_breast	0.012773857530416115	0.02684	0.012493	0.011973	0.010261	0.012301	0.016757	FG	0.010261	0.002512857530416116	0.02369743172437967	-0.010923574193963554	-0.01343643172437967	-1.0518695462499001	intervert_disc	pri_breast
intervert_disc_pri_colorectal	-0.06218084835646344	-0.069924	-0.05959	-0.066588	-0.060963	-0.051503	-0.061502	SMK	-0.051503	0.010677848356463439	-0.05953753976031768	0.0026433085961457617	-0.008034539760317677	-0.12921245001769938	intervert_disc	pri_colorectal
intervert_disc_pri_prost	0.007033403476208221	0.026613	0.00771	0.003854	0.00577	0.030895	0.013495	ApoB	0.003854	0.003179403476208221	0.043901536800941846	-0.036868133324733626	-0.04004753680094185	-5.693905793462582	intervert_disc	pri_prost
intervert_disc_pri_skin	0.028055563870095255	0.056282	0.030056	0.027887	0.03329	0.040672	0.028652	ApoB	0.027887	0.0001685638700952563	0.0625397378855221	-0.03448417401542685	-0.0346527378855221	-1.2351467269014276	intervert_disc	pri_skin
intervert_disc_psoriasis	0.22818344059820042	0.193574	0.226265	0.227669	0.22505	0.179244	0.216264	SMK	0.179244	0.048939440598200434	0.14870279347640555	0.07948064712179487	0.030541206523594433	0.13384497334043308	intervert_disc	psoriasis
intervert_disc_RA	0.3041004427140118	0.273384	0.30049	0.304133	0.294567	0.240382	0.295181	SMK	0.240382	0.06371844271401181	0.2136073965350589	0.09049304617895293	0.02677460346494112	0.08804526302554919	intervert_disc	RA
intervert_disc_raynauds	0.11159075761908213	0.143936	0.110518	0.115567	0.13153	0.089729	0.096528	SMK	0.089729	0.02186175761908213	0.11551050115120103	-0.003919743532118894	-0.025781501151201022	-0.23103616913514313	intervert_disc	raynauds
intervert_disc_retinal_detach	-0.0583967084501785	-0.04259	-0.058722	-0.056981	-0.051069	-0.039019	-0.060967	SMK	-0.039019	0.0193777084501785	-0.029273172464432014	0.029123535985746483	0.009745827535567984	0.16689001476654622	intervert_disc	retinal_detach
intervert_disc_schizo	-0.013104364322040936	0.014729	-0.009814	-0.012991	-0.013338	-0.054166	0.004514	SLEEP	0.004514	0.008590364322040935	-0.012989937249243966	0.00011442707279697012	-0.008475937249243965	-0.6468026255182657	intervert_disc	schizo
intervert_disc_scoliosis	0.35967666643107943	0.383329	0.360738	0.359188	0.372089	0.36281	0.353768	SLEEP	0.353768	0.005908666431079401	0.38109753979331795	-0.021420873362238524	-0.027329539793317925	-0.07598363292369638	intervert_disc	scoliosis
intervert_disc_sinusitis	0.4373074141332665	0.435685	0.435391	0.441467	0.440043	0.407349	0.423879	SMK	0.407349	0.029958414133266498	0.4052209324569168	0.0320864816763497	0.002128067543083201	0.004866296509747	intervert_disc	sinusitis
intervert_disc_sleep_apnoea	0.3412521813258889	0.25465	0.3383	0.339697	0.332119	0.301594	0.337984	BMI	0.25465	0.08660218132588893	0.24043308409822758	0.10081909722766133	0.014216915901772403	0.041661025715746376	intervert_disc	sleep_apnoea
intervert_disc_spondylolisthesis	0.5432690703951074	0.520229	0.544313	0.542453	0.539489	0.512706	0.536387	SMK	0.512706	0.030563070395107417	0.4938957326929842	0.04937333770212321	0.018810267307015793	0.03462421906944842	intervert_disc	spondylolisthesis
intervert_disc_spondylosis	0.840442077829084	0.834815	0.839831	0.840239	0.838815	0.823294	0.839618	SMK	0.823294	0.017148077829084007	0.8224487821655111	0.017993295663572884	0.0008452178344888761	0.0010056824340258263	intervert_disc	spondylosis
intervert_disc_stroke_all	0.22986346895375176	0.177426	0.222676	0.230733	0.224221	0.180542	0.236889	BMI	0.177426	0.05243746895375176	0.1468911063353766	0.08297236261837515	0.03053489366462339	0.13283926238304083	intervert_disc	stroke_all
intervert_disc_tendon	0.5776253907354204	0.549486	0.576595	0.576761	0.571896	0.538248	0.567501	SMK	0.538248	0.03937739073542046	0.5117803074129635	0.06584508332245687	0.026467692587036407	0.04582155322732316	intervert_disc	tendon
intervert_disc_thromboembolic	0.22084716111956962	0.154135	0.222661	0.221832	0.206071	0.184327	0.212694	BMI	0.154135	0.06671216111956962	0.13356561202558553	0.08728154909398408	0.02056938797441446	0.09313856637386395	intervert_disc	thromboembolic
intervert_disc_TIA	0.28366740560527914	0.249675	0.277948	0.282666	0.27629	0.233254	0.280157	SMK	0.233254	0.050413405605279155	0.20452370714202955	0.07914369846324959	0.028730292857970435	0.10128161463128549	intervert_disc	TIA
intervert_disc_tinnitus	0.15915357735520583	0.187787	0.161335	0.162411	0.178291	0.158241	0.142701	SLEEP	0.142701	0.016452577355205833	0.17955892818673824	-0.020405350831532415	-0.03685792818673825	-0.23158718012650845	intervert_disc	tinnitus
intervert_disc_ulc_colitis	0.08220836525159163	0.094478	0.08066	0.08396	0.082709	0.083838	0.082115	SBP	0.08066	0.0015483652515916324	0.09287870223967866	-0.010670336988087031	-0.012218702239678664	-0.14863088692111048	intervert_disc	ulc_colitis
intervert_disc_ulcer_peptic	0.537677457638398	0.50185	0.535446	0.536665	0.531228	0.475082	0.526718	SMK	0.475082	0.06259545763839802	0.4403102364090219	0.09736722122937613	0.03477176359097811	0.06467030205004991	intervert_disc	ulcer_peptic
intervert_disc_urine_incont	0.4387122203470275	0.393764	0.438187	0.439917	0.43155	0.390756	0.428787	SMK	0.390756	0.04795622034702751	0.3546734124627943	0.08403880788423318	0.03608258753720567	0.08224659780086326	intervert_disc	urine_incont
intervert_disc_urolithiasis	0.1614665500421856	0.135842	0.162503	0.159597	0.160645	0.159364	0.160083	BMI	0.135842	0.025624550042185612	0.13985987495785993	0.021606675084325677	-0.004017874957859935	-0.024883636622013684	intervert_disc	urolithiasis
intervert_disc_valve_nonrheumatic	0.1941315863966443	0.156641	0.185253	0.194823	0.185406	0.171994	0.185304	BMI	0.156641	0.03749058639664429	0.13157926932816882	0.06255231706847547	0.02506173067183118	0.12909661501774236	intervert_disc	valve_nonrheumatic
isch_stroke_tia_migraine	0.3260214244349568	0.328941	0.348121	0.32889	0.334172	0.307333	0.324137	SMK	0.307333	0.018688424434956774	0.33386786453774475	-0.007846440102787955	-0.02653486453774473	-0.08138994111731633	isch_stroke_tia	migraine
isch_stroke_tia_OA	0.22711674421150344	0.141961	0.236626	0.228142	0.220893	0.183795	0.222935	BMI	0.141961	0.08515574421150343	0.13681514880176715	0.09030159540973628	0.005145851198232854	0.022657295551228744	isch_stroke_tia	OA
isch_stroke_tia_osteoporosis	0.1591278227862293	0.210882	0.189161	0.157758	0.172956	0.153273	0.156077	SMK	0.153273	0.005854822786229313	0.21864899095630158	-0.059521168170072275	-0.06537599095630159	-0.4108394736483451	isch_stroke_tia	osteoporosis
isch_stroke_tia_periph_neuro	0.3908520803906041	0.330174	0.390255	0.395904	0.386648	0.341778	0.392409	BMI	0.330174	0.06067808039060407	0.3385549730619927	0.05229710732861137	-0.008380973061992703	-0.02144282577085696	isch_stroke_tia	periph_neuro
isch_stroke_tia_peripheral_arterial	0.7442029940828079	0.733404	0.710273	0.758479	0.743373	0.737719	0.746679	SBP	0.710273	0.033929994082807835	0.7269032547837773	0.017299739299030614	-0.01663025478377722	-0.022346395964548838	isch_stroke_tia	peripheral_arterial
isch_stroke_tia_PMR	0.254115980155616	0.242326	0.24816	0.254967	0.252703	0.247516	0.251304	BMI	0.242326	0.01178998015561597	0.23418339627489887	0.019932583880717114	0.008142603725101144	0.032042863735349356	isch_stroke_tia	PMR
isch_stroke_tia_pri_bladder	0.08468891100363399	0.078104	0.121042	0.082449	0.091393	0.039518	0.083448	SMK	0.039518	0.04517091100363399	0.07118437614001287	0.013504534863621118	-0.03166637614001287	-0.37391407877064414	isch_stroke_tia	pri_bladder
isch_stroke_tia_pri_breast	0.0068789152154597666	0.020166	0.005546	0.007708	0.004433	0.006241	0.008144	FG	0.004433	0.0024459152154597662	0.016181860850108608	-0.00930294563464884	-0.011748860850108608	-1.707952559686164	isch_stroke_tia	pri_breast
isch_stroke_tia_pri_colorectal	-0.0804543882494313	-0.088338	-0.069324	-0.07687	-0.079362	-0.07225	-0.080126	SBP	-0.069324	0.0111303882494313	-0.06547670472134981	0.014977683528081487	0.003847295278650187	0.04781958277679629	isch_stroke_tia	pri_colorectal
isch_stroke_tia_pri_prost	0.0667523153104278	0.087432	0.074093	0.070271	0.065827	0.087043	0.068969	FG	0.065827	0.0009253153104278045	0.11212677995081878	-0.04537446464039098	-0.046299779950818784	-0.6936056035735139	isch_stroke_tia	pri_prost
isch_stroke_tia_pri_skin	-0.020781584157966954	0.004534	-0.011023	-0.020605	-0.016052	-0.012679	-0.020695	BMI	0.004534	0.016247584157966954	0.013694558735012482	0.007087025422954472	-0.009160558735012482	-0.4408017533880176	isch_stroke_tia	pri_skin
isch_stroke_tia_psoriasis	0.1362861236699047	0.098785	0.129565	0.137153	0.132711	0.093002	0.132235	SMK	0.093002	0.043284123669904695	0.06063065433328806	0.07565546933661663	0.03237134566671194	0.23752488364198976	isch_stroke_tia	psoriasis
isch_stroke_tia_RA	0.33709161889121325	0.30897	0.326313	0.337566	0.328456	0.290547	0.334683	SMK	0.290547	0.04654461889121325	0.26382117270050726	0.073270446190706	0.026725827299492744	0.07928357099889138	isch_stroke_tia	RA
isch_stroke_tia_raynauds	0.16211623591379867	0.194803	0.163624	0.159382	0.182312	0.146056	0.157987	SMK	0.146056	0.01606023591379868	0.16826451086130972	-0.006148274947511051	-0.022208510861309733	-0.13699128120096843	isch_stroke_tia	raynauds
isch_stroke_tia_retinal_detach	-0.015918260231114235	0.000645	-0.01803	-0.017461	-0.008548	0.000838	-0.016591	BMI	0.000645	0.015273260231114236	0.006430198524734487	0.009488061706379749	-0.005785198524734487	-0.36343158364923517	isch_stroke_tia	retinal_detach
isch_stroke_tia_schizo	0.03233010686044817	0.060638	0.052881	0.032231	0.032325	0.002345	0.038442	SMK	0.002345	0.02998510686044817	0.048554414703055195	-0.016224307842607026	-0.046209414703055195	-1.4292997824757152	isch_stroke_tia	schizo
isch_stroke_tia_scoliosis	0.013567884535283608	0.025331	0.016679	0.01444	0.022436	0.002873	0.010262	SMK	0.002873	0.010694884535283607	0.01186681474541141	0.0017010697898721984	-0.008993814745411409	-0.6628752420484401	isch_stroke_tia	scoliosis
isch_stroke_tia_sinusitis	0.10014116225784245	0.087526	0.08656	0.09769	0.101073	0.059348	0.09385	SMK	0.059348	0.04079316225784245	0.03396754106248664	0.0661736211953558	0.02538045893751336	0.2534468181242396	isch_stroke_tia	sinusitis
isch_stroke_tia_sleep_apnoea	0.3536590295949344	0.275766	0.348182	0.357227	0.345131	0.322362	0.352209	BMI	0.275766	0.07789302959493438	0.27497162857802354	0.07868740101691085	0.0007943714219764697	0.0022461505447388353	isch_stroke_tia	sleep_apnoea
isch_stroke_tia_spondylolisthesis	0.16980940794000715	0.128684	0.179495	0.171962	0.163067	0.124311	0.166021	SMK	0.124311	0.045498407940007146	0.10849730943474495	0.0613120985052622	0.015813690565255056	0.09312611566752507	isch_stroke_tia	spondylolisthesis
isch_stroke_tia_spondylosis	0.369888352343416	0.309658	0.366911	0.373156	0.36148	0.31627	0.370159	BMI	0.309658	0.060230352343416005	0.27627305031608607	0.09361530202732993	0.03338494968391392	0.09025682877658793	isch_stroke_tia	spondylosis
isch_stroke_tia_stroke_all	0.8972141187016454	0.890768	0.887151	0.897376	0.896747	0.892423	0.900178	SBP	0.887151	0.010063118701645335	0.8814635440274805	0.015750574674164852	0.005687455972519517	0.006339017469709249	isch_stroke_tia	stroke_all
isch_stroke_tia_tendon	0.2657047103820836	0.218826	0.2657	0.269698	0.255496	0.213117	0.2643	SMK	0.213117	0.0525877103820836	0.18849983463339542	0.07720487574868817	0.024617165366604576	0.09264858470595072	isch_stroke_tia	tendon
isch_stroke_tia_thromboembolic	0.2975108963781108	0.240503	0.321346	0.297021	0.285327	0.271304	0.295189	BMI	0.240503	0.057007896378110795	0.2657472570520699	0.03176363932604087	-0.025244257052069924	-0.08485153773993757	isch_stroke_tia	thromboembolic
isch_stroke_tia_TIA	0.9102292005637556	0.907315	0.908454	0.912937	0.909347	0.905314	0.910042	SMK	0.905314	0.004915200563755606	0.9051655218139797	0.005063678749775868	0.0001484781860202622	0.00016312175650737352	isch_stroke_tia	TIA
isch_stroke_tia_tinnitus	0.11080103999998367	0.136465	0.12711	0.108387	0.128382	0.10742	0.105661	SLEEP	0.105661	0.005140039999983664	0.1376224062966199	-0.02682136629663623	-0.03196140629661989	-0.2884576380927887	isch_stroke_tia	tinnitus
isch_stroke_tia_ulc_colitis	0.05384975046355702	0.064664	0.047063	0.052302	0.05418	0.053634	0.053622	SBP	0.047063	0.00678675046355702	0.053621657315570066	0.00022809314798695468	-0.006558657315570066	-0.1217955006125545	isch_stroke_tia	ulc_colitis
isch_stroke_tia_ulcer_peptic	0.2763165816432278	0.221886	0.250676	0.280262	0.266056	0.19957	0.272975	SMK	0.19957	0.07674658164322781	0.1331417711661573	0.1431748104770705	0.0664282288338427	0.24040623417820417	isch_stroke_tia	ulcer_peptic
isch_stroke_tia_urine_incont	0.27510357165860216	0.219083	0.282046	0.274584	0.266159	0.227085	0.271887	BMI	0.219083	0.056020571658602164	0.1973425175009729	0.07776105415762927	0.021740482499027103	0.07902653668926768	isch_stroke_tia	urine_incont
isch_stroke_tia_urolithiasis	0.17903458310996448	0.154983	0.192881	0.181761	0.178301	0.176638	0.178297	BMI	0.154983	0.02405158310996447	0.1761087361365712	0.0029258469733932924	-0.021125736136571177	-0.11799807483895768	isch_stroke_tia	urolithiasis
isch_stroke_tia_valve_nonrheumatic	0.5767876708366546	0.558622	0.533411	0.57676	0.572407	0.57143	0.575632	SBP	0.533411	0.04337667083665464	0.5156417342581776	0.061145936578477	0.01776926574182236	0.030807291210034532	isch_stroke_tia	valve_nonrheumatic
migraine_OA	0.24365869756511238	0.257417	0.2438	0.24297	0.250014	0.222544	0.235791	SMK	0.222544	0.02111469756511239	0.23637219301922818	0.007286504545884198	-0.013828193019228191	-0.056752306227578486	migraine	OA
migraine_osteoporosis	0.24547288203867507	0.254663	0.245136	0.248266	0.240297	0.242108	0.241416	FG	0.240297	0.005175882038675056	0.24203166994393913	0.0034412120947359404	-0.0017346699439391156	-0.007066645934705784	migraine	osteoporosis
migraine_periph_neuro	0.2736162097311233	0.2894	0.275187	0.270421	0.32811	0.247689	0.266511	SMK	0.247689	0.025927209731123335	0.30681395502662434	-0.03319774529550101	-0.05912495502662435	-0.21608717950126255	migraine	periph_neuro
migraine_peripheral_arterial	0.15746234708839638	0.161752	0.178976	0.151468	0.173781	0.112481	0.149807	SMK	0.112481	0.04498134708839638	0.13309308363763353	0.024369263450762846	-0.020612083637633533	-0.13090166645402726	migraine	peripheral_arterial
migraine_PMR	0.11369695790649452	0.111847	0.114729	0.113028	0.11566	0.107235	0.108426	SMK	0.107235	0.006461957906494523	0.10342375777531576	0.010273200131178759	0.003811242224684236	0.03352105715808719	migraine	PMR
migraine_pri_bladder	0.07031236872322519	0.069354	0.069363	0.07393	0.066741	0.046237	0.068524	SMK	0.046237	0.024075368723225188	0.045489899357713026	0.024822469365512162	0.0007471006422869741	0.010625451195192006	migraine	pri_bladder
migraine_pri_breast	0.058571667469146466	0.060163	0.058647	0.057547	0.060254	0.058605	0.060524	ApoB	0.057547	0.0010246674691464647	0.06231138878420487	-0.0037397213150584044	-0.004764388784204869	-0.08134289136833239	migraine	pri_breast
migraine_pri_colorectal	-0.02153771683046075	-0.022177	-0.022192	-0.027249	-0.022511	-0.016134	-0.020989	SMK	-0.016134	0.005403716830460752	-0.02222689972727846	-0.0006891828968177104	-0.006092899727278462	-0.28289441147546734	migraine	pri_colorectal
migraine_pri_prost	0.030217360804099574	0.03242	0.030071	0.025932	0.031059	0.040159	0.033307	ApoB	0.025932	0.004285360804099574	0.04084721404538046	-0.01062985324128089	-0.014915214045380463	-0.4935975097916865	migraine	pri_prost
migraine_pri_skin	0.027023591240350562	0.030144	0.026601	0.0268	0.024066	0.031865	0.027235	FG	0.024066	0.0029575912403505614	0.030078639043606657	-0.0030550478032560953	-0.006012639043606657	-0.22249592920976471	migraine	pri_skin
migraine_psoriasis	0.07558625175736876	0.071864	0.076235	0.074703	0.078535	0.051297	0.068944	SMK	0.051297	0.024289251757368756	0.0468344817432268	0.02875177001414196	0.0044625182567732055	0.05903875576603338	migraine	psoriasis
migraine_RA	0.22709446594684685	0.225844	0.229292	0.227147	0.238061	0.201149	0.222425	SMK	0.201149	0.025945465946846852	0.20901488970699816	0.018079576239848683	-0.00786588970699817	-0.03463708230054025	migraine	RA
migraine_raynauds	0.1342389696160256	0.138168	0.134577	0.139731	0.125867	0.124563	0.127583	SMK	0.124563	0.009675969616025612	0.11620513808461182	0.018033831531413788	0.008357861915388176	0.06226107023388836	migraine	raynauds
migraine_retinal_detach	0.11008058776523628	0.11233	0.110142	0.112398	0.105916	0.120376	0.109377	FG	0.105916	0.004164587765236288	0.11739655700177198	-0.007315969236535699	-0.011480557001771988	-0.10429229380802393	migraine	retinal_detach
migraine_schizo	0.0010254985526233131	0.004115	0.00027	0.001198	0.001127	-0.015444	0.009404	SBP	0.00027	0.0007554985526233131	-0.004960992871684656	-0.003935494319061343	-0.004690992871684656	-4.574353478788141	migraine	schizo
migraine_scoliosis	0.15450126153122604	0.156017	0.154423	0.153591	0.149929	0.15005	0.15042	FG	0.149929	0.0045722615312260295	0.14133815777294212	0.013163103758283917	0.008590842227057888	0.055603702791265586	migraine	scoliosis
migraine_sinusitis	0.2890608597389047	0.287989	0.290339	0.29399	0.289321	0.272495	0.282733	SMK	0.272495	0.01656585973890473	0.27207963322148165	0.016981226517423065	0.0004153667785183335	0.0014369526849588527	migraine	sinusitis
migraine_sleep_apnoea	0.2576597648614398	0.289988	0.259484	0.255083	0.269222	0.239208	0.255278	SMK	0.239208	0.018451764861439818	0.27946164497050713	-0.021801880109067306	-0.040253644970507124	-0.15622790384891522	migraine	sleep_apnoea
migraine_spondylolisthesis	0.21445054969724042	0.213321	0.214449	0.212485	0.220697	0.192721	0.209005	SMK	0.192721	0.02172954969724042	0.19341547114689084	0.021035078550349584	-0.0006944711468908349	-0.0032383742912819933	migraine	spondylolisthesis
migraine_spondylosis	0.41137001178364296	0.43624	0.413437	0.409497	0.425023	0.395031	0.40855	SMK	0.395031	0.016339011783642943	0.4230292034253273	-0.01165919164168433	-0.027998203425327273	-0.06806087615363834	migraine	spondylosis
migraine_stroke_all	0.2606733408298979	0.26259	0.276564	0.262003	0.266341	0.24174	0.263582	SMK	0.24174	0.018933340829897893	0.2639786258829561	-0.0033052850530582156	-0.02223862588295611	-0.08531223719370636	migraine	stroke_all
migraine_tendon	0.3588150393025956	0.363875	0.359783	0.356262	0.372307	0.339414	0.356103	SMK	0.339414	0.019401039302595624	0.35154224057551536	0.007272798727080254	-0.01212824057551537	-0.03380081447836804	migraine	tendon
migraine_thromboembolic	0.24670581677620004	0.251351	0.246483	0.248181	0.264236	0.231449	0.242871	SMK	0.231449	0.015256816776200055	0.2548665600245538	-0.00816074324835378	-0.023417560024553835	-0.09492098861129468	migraine	thromboembolic
migraine_TIA	0.42310788360052015	0.425594	0.436723	0.422064	0.432263	0.408355	0.421412	SMK	0.408355	0.014752883600520128	0.425314460923787	-0.002206577323266845	-0.016959460923786973	-0.04008306529168658	migraine	TIA
migraine_tinnitus	0.23841323128836753	0.241968	0.238133	0.243137	0.232102	0.236944	0.232139	FG	0.232102	0.006311231288367525	0.2305614036956132	0.007851827592754324	0.0015405963043867987	0.0064618741840019945	migraine	tinnitus
migraine_ulc_colitis	0.08703297470051156	0.088173	0.08747	0.08947	0.08715	0.086809	0.086808	SLEEP	0.086808	0.0002249747005115682	0.0894103796541753	-0.002377404953663731	-0.002602379654175299	-0.02990107672557816	migraine	ulc_colitis
migraine_ulcer_peptic	0.25333014536654774	0.256891	0.257189	0.250367	0.265867	0.222087	0.246335	SMK	0.222087	0.031243145366547737	0.2292043500767766	0.024125795289771157	-0.00711735007677658	-0.028095156486324845	migraine	ulcer_peptic
migraine_urine_incont	0.30813042242072364	0.314951	0.308569	0.30972	0.319064	0.287072	0.303015	SMK	0.287072	0.021058422420723644	0.30141570513281335	0.006714717287910288	-0.014343705132813356	-0.04655075931849518	migraine	urine_incont
migraine_urolithiasis	0.19498386233147594	0.19312	0.194848	0.192469	0.196385	0.192631	0.194054	ApoB	0.192469	0.0025148623314759366	0.19104434740325488	0.003939514928221061	0.001424652596745124	0.007306515419841207	migraine	urolithiasis
migraine_valve_nonrheumatic	0.09398566808012825	0.090504	0.102529	0.094856	0.10121	0.081989	0.089193	SMK	0.081989	0.01199666808012824	0.0865208533191813	0.0074648147609469445	-0.004531853319181295	-0.04821855727319645	migraine	valve_nonrheumatic
OA_osteoporosis	0.0545064783249517	0.149846	0.055143	0.055398	0.065162	0.045822	0.037343	SLEEP	0.037343	0.0171634783249517	0.11988092628873348	-0.06537444796378178	-0.08253792628873348	-1.5142773634478175	OA	osteoporosis
OA_periph_neuro	0.6593716174603824	0.582108	0.660354	0.660151	0.688248	0.635882	0.640402	BMI	0.582108	0.07726361746038246	0.6133559322196396	0.04601568524074284	-0.031247932219639618	-0.04739047206792627	OA	periph_neuro
OA_peripheral_arterial	0.3520853536579532	0.199517	0.382802	0.35294	0.343652	0.286392	0.331133	BMI	0.199517	0.15256835365795318	0.1860518792186063	0.16603347443934688	0.013465120781393697	0.038243910578782285	OA	peripheral_arterial
OA_PMR	0.21911620666221773	0.204285	0.219024	0.21887	0.217645	0.211527	0.204795	BMI	0.204285	0.014831206662217739	0.1913901915196021	0.027726015142615634	0.012894808480397896	0.05884917723259103	OA	PMR
OA_pri_bladder	0.02484507752364321	0.009492	0.025736	0.026164	0.030171	-0.021575	0.018703	BMI	0.009492	0.015353077523643208	-0.029571628790959627	-0.004726551267316418	-0.020079628790959626	-0.8081934448323351	OA	pri_bladder
OA_pri_breast	-0.023862280165971344	-0.000546	-0.023906	-0.024293	-0.026051	-0.025304	-0.018241	BMI	-0.000546	0.023316280165971343	0.004779485820686134	0.01908279434528521	-0.004233485820686134	-0.17741329794305533	OA	pri_breast
OA_pri_colorectal	-0.03506606276304136	-0.049931	-0.034719	-0.037344	-0.033933	-0.025829	-0.033878	SMK	-0.025829	0.00923706276304136	-0.0455990631462057	-0.010533000383164341	-0.0197700631462057	-0.5637947801497346	OA	pri_colorectal
OA_pri_prost	-0.05543351279128794	-0.024907	-0.055346	-0.057291	-0.056685	-0.039552	-0.046555	BMI	-0.024907	0.030526512791287944	-0.00781804233516951	0.047615470456118435	0.01708895766483049	0.30827845475302856	OA	pri_prost
OA_pri_skin	0.06380884471132604	0.123072	0.064116	0.063724	0.068215	0.073948	0.065891	ApoB	0.063724	8.484471132604032e-05	0.1260020883738218	-0.06219324366249575	-0.06227808837382179	-0.9760102796966555	OA	pri_skin
OA_psoriasis	0.17354016708063014	0.108929	0.173351	0.173229	0.170615	0.133613	0.153872	BMI	0.108929	0.06461116708063014	0.0721866973725318	0.10135346970809833	0.03674230262746819	0.21172218078133465	OA	psoriasis
OA_RA	0.33796489271227526	0.294992	0.33863	0.337933	0.330942	0.293348	0.326509	SMK	0.293348	0.04461689271227526	0.27350742654307725	0.06445746616919801	0.01984057345692275	0.05870601913025897	OA	RA
OA_raynauds	0.10635811110869073	0.172432	0.106206	0.108582	0.122697	0.089035	0.082446	SLEEP	0.082446	0.023912111108690723	0.13462608497659467	-0.028267973867903945	-0.05218008497659467	-0.49060748101543644	OA	raynauds
OA_retinal_detach	-0.02533330165046747	0.005726	-0.025365	-0.02458	-0.019151	-0.009448	-0.029192	BMI	0.005726	0.019607301650467472	0.006707470013298363	0.018625831637169108	-0.0009814700132983632	-0.03874228581967137	OA	retinal_detach
OA_schizo	-0.10884890747571364	-0.067668	-0.108559	-0.108808	-0.109356	-0.142736	-0.08368	BMI	-0.067668	0.04118090747571364	-0.06769769979250151	0.041151207683212135	-2.969979250150301e-05	-0.00027285338172208687	OA	schizo
OA_scoliosis	0.38563553753498936	0.451426	0.385718	0.385366	0.395907	0.385639	0.379487	SLEEP	0.379487	0.00614853753498934	0.44257191580424804	-0.05693637826925868	-0.06308491580424802	-0.16358688363497678	OA	scoliosis
OA_sinusitis	0.339214591317963	0.346289	0.339311	0.341541	0.340761	0.310568	0.313487	SMK	0.310568	0.02864659131796299	0.31138108550912236	0.027833505808840642	-0.0008130855091223466	-0.0023969650184068893	OA	sinusitis
OA_sleep_apnoea	0.3747395395624272	0.180897	0.375226	0.374289	0.368107	0.345489	0.373174	BMI	0.180897	0.19384253956242722	0.1730004538913592	0.20173908567106802	0.007896546108640795	0.02107209214661834	OA	sleep_apnoea
OA_spondylolisthesis	0.5456306552391482	0.519838	0.545663	0.54539	0.542499	0.521633	0.537508	BMI	0.519838	0.0257926552391482	0.5048436366275694	0.04078701861157885	0.014994363372430652	0.02748079351564048	OA	spondylolisthesis
OA_spondylosis	0.7382033095426269	0.684447	0.73954	0.738444	0.736418	0.72215	0.724257	BMI	0.684447	0.05375630954262689	0.6714426541558262	0.06676065538680076	0.01300434584417387	0.017616211788905486	OA	spondylosis
OA_stroke_all	0.22698470505820167	0.131247	0.234735	0.227405	0.222314	0.189306	0.240231	BMI	0.131247	0.09573770505820167	0.14288799785031217	0.0840967072078895	-0.011640997850312168	-0.05128538439331087	OA	stroke_all
OA_tendon	0.613742362193551	0.577844	0.613991	0.614105	0.610293	0.588155	0.58976	BMI	0.577844	0.035898362193551026	0.5534953630180673	0.060246999175483706	0.02434863698193268	0.03967240731910574	OA	tendon
OA_thromboembolic	0.2656518131482988	0.146733	0.265923	0.266158	0.255312	0.238975	0.255345	BMI	0.146733	0.11891881314829877	0.13347971205108958	0.1321721010972092	0.013253287948910425	0.049889695055504266	OA	thromboembolic
OA_TIA	0.21019405272355549	0.145768	0.213585	0.209647	0.203616	0.168033	0.205062	BMI	0.145768	0.06442605272355548	0.13420738031220633	0.07598667241134915	0.011560619687793677	0.05499974684344688	OA	TIA
OA_tinnitus	0.1651653692390629	0.227901	0.165505	0.167024	0.181075	0.163271	0.139369	SLEEP	0.139369	0.025796369239062894	0.19653303424463725	-0.03136766500557436	-0.05716403424463726	-0.3461018160647052	OA	tinnitus
OA_ulc_colitis	0.026641908323277584	0.047918	0.026413	0.027507	0.026795	0.025656	0.025887	SMK	0.025656	0.0009859083232775824	0.047123235151540495	-0.02048132682826291	-0.021467235151540493	-0.8057694250371745	OA	ulc_colitis
OA_ulcer_peptic	0.39386822181854636	0.307174	0.39608	0.393535	0.387216	0.336999	0.370109	BMI	0.307174	0.08669422181854636	0.2683040702814532	0.12556415153709316	0.0388699297185468	0.09868765126335588	OA	ulcer_peptic
OA_urine_incont	0.3981370740564854	0.308825	0.398067	0.398702	0.392167	0.359944	0.382641	BMI	0.308825	0.08931207405648539	0.2790585048455752	0.1190785692109102	0.02976649515442481	0.07476443942068482	OA	urine_incont
OA_urolithiasis	0.05948016262560831	0.00548	0.059591	0.058421	0.058327	0.05375	0.056198	BMI	0.00548	0.05400016262560831	0.0010368262254042738	0.058443336400204035	0.004443173774595726	0.07470009459393749	OA	urolithiasis
OA_valve_nonrheumatic	0.2705892799191193	0.216021	0.28066	0.270941	0.264242	0.255112	0.259865	BMI	0.216021	0.054568279919119306	0.2230202923591646	0.0475689875599547	-0.006999292359164605	-0.02586685016219687	OA	valve_nonrheumatic
osteoporosis_periph_neuro	0.08734264897723727	0.18372	0.092032	0.091215	0.151194	0.077312	0.068879	SLEEP	0.068879	0.018463648977237276	0.1943731559716978	-0.10703050699446053	-0.1254941559716978	-1.4368027239980248	osteoporosis	periph_neuro
osteoporosis_peripheral_arterial	0.15930434311565983	0.268951	0.203973	0.167153	0.189076	0.157004	0.148908	SLEEP	0.148908	0.010396343115659817	0.3221278442253045	-0.16282350110964466	-0.17321984422530448	-1.0873516743956038	osteoporosis	peripheral_arterial
osteoporosis_PMR	0.1645815542732864	0.182944	0.169054	0.165388	0.169249	0.162423	0.158039	SLEEP	0.158039	0.0065425542732863995	0.1768755486682623	-0.012293994394975888	-0.018836548668262287	-0.11445115311637137	osteoporosis	PMR
osteoporosis_pri_bladder	0.08740025523591782	0.095746	0.081986	0.085072	0.080583	0.08032	0.085181	SMK	0.08032	0.007080255235917821	0.07033636292096777	0.01706389231495005	0.009983637079032229	0.11422892361222046	osteoporosis	pri_bladder
osteoporosis_pri_breast	0.04015675450115196	0.031069	0.040563	0.041055	0.043554	0.040044	0.042678	BMI	0.031069	0.009087754501151964	0.036921324043781664	0.003235430457370299	-0.005852324043781665	-0.14573697791273896	osteoporosis	pri_breast
osteoporosis_pri_colorectal	0.06869962067505539	0.073991	0.065948	0.073363	0.067366	0.070757	0.069723	SBP	0.065948	0.002751620675055383	0.08183078063568139	-0.013131159960625999	-0.01588278063568138	-0.2311916787838738	osteoporosis	pri_colorectal
osteoporosis_pri_prost	0.010121216093470331	-0.003586	0.009431	0.01354	0.011752	0.013465	0.014081	BMI	-0.003586	0.00653521609347033	0.011125881802423151	-0.0010046657089528201	-0.0075398818024231505	-0.7449580893038614	osteoporosis	pri_prost
osteoporosis_pri_skin	0.01166470300143981	-0.007614	0.00962	0.011875	0.005722	0.013267	0.011909	FG	0.005722	0.005942703001439811	-0.008776423757705605	0.0028882792437342052	-0.0030544237577056054	-0.26185182403088947	osteoporosis	pri_skin
osteoporosis_psoriasis	0.13385106358989146	0.171045	0.136947	0.134755	0.140401	0.127726	0.125665	SLEEP	0.125665	0.008186063589891462	0.1538601395767871	-0.020009075986895636	-0.028195139576787098	-0.21064561476459137	osteoporosis	psoriasis
osteoporosis_RA	0.18503248814150866	0.223656	0.191978	0.185407	0.204851	0.180157	0.178459	SLEEP	0.178459	0.006573488141508654	0.21613109805316266	-0.031098609911654	-0.037672098053162656	-0.20359720842294401	osteoporosis	RA
osteoporosis_raynauds	0.3410815472662516	0.328626	0.343235	0.339062	0.327604	0.338863	0.33449	FG	0.327604	0.01347754726625161	0.30787397024597196	0.033207577020279655	0.019730029754028044	0.05784549153175557	osteoporosis	raynauds
osteoporosis_retinal_detach	-0.003709430501982147	-0.016585	-0.003478	-0.005297	-0.013076	-0.000586	-0.004956	SMK	-0.000586	0.0031234305019821468	-0.01976972557114731	-0.016060295069165162	-0.01918372557114731	-5.171609378015417	osteoporosis	retinal_detach
osteoporosis_schizo	0.07515927368622029	0.056501	0.071858	0.075093	0.075912	0.070188	0.086993	BMI	0.056501	0.018658273686220285	0.05946289112598091	0.015696382560239378	-0.0029618911259809075	-0.039408192505244244	osteoporosis	schizo
osteoporosis_scoliosis	0.12239367058047627	0.116035	0.12219	0.12342	0.112897	0.120623	0.116852	FG	0.112897	0.009496670580476277	0.10167825800450969	0.020715412575966582	0.011218741995490306	0.09166112873552362	osteoporosis	scoliosis
osteoporosis_sinusitis	0.16921081775802568	0.184184	0.17348	0.16688	0.169895	0.164091	0.157483	SLEEP	0.157483	0.011727817758025672	0.15836333929827323	0.010847478459752452	-0.0008803392982732194	-0.0052026183073715735	osteoporosis	sinusitis
osteoporosis_sleep_apnoea	0.02907246637410947	0.154787	0.034106	0.031817	0.046595	0.020817	0.024973	SMK	0.020817	0.008255466374109472	0.14994484003508818	-0.12087237366097871	-0.12912784003508818	-4.441585325904209	osteoporosis	sleep_apnoea
osteoporosis_spondylolisthesis	0.2090773518099561	0.254194	0.209398	0.211392	0.221486	0.204651	0.201675	SLEEP	0.201675	0.007402351809956104	0.2418407552026097	-0.0327634033926536	-0.040165755202609704	-0.19210954632292718	osteoporosis	spondylolisthesis
osteoporosis_spondylosis	0.1221534145375617	0.213914	0.127275	0.124901	0.141629	0.114147	0.105656	SLEEP	0.105656	0.016497414537561705	0.19014729239064737	-0.06799387785308567	-0.08449129239064737	-0.6916817897437212	osteoporosis	spondylosis
osteoporosis_stroke_all	0.08285962474911328	0.136193	0.106054	0.082247	0.0926	0.075541	0.086095	SMK	0.075541	0.007318624749113281	0.14460628503674317	-0.06174666028762989	-0.06906528503674317	-0.8335215763511199	osteoporosis	stroke_all
osteoporosis_tendon	0.17672401895291373	0.233681	0.180032	0.180525	0.197769	0.171524	0.159811	SLEEP	0.159811	0.016913018952913722	0.2152445556402916	-0.03852053668737787	-0.05543355564029159	-0.3136730138253662	osteoporosis	tendon
osteoporosis_thromboembolic	0.048699198051374515	0.114592	0.047344	0.047937	0.074278	0.042344	0.042326	SLEEP	0.042326	0.006373198051374512	0.1099113684733502	-0.06121217042197569	-0.0675853684733502	-1.3878127603261965	osteoporosis	thromboembolic
osteoporosis_TIA	0.22222153018941318	0.26461	0.242474	0.224025	0.237319	0.218157	0.219275	SMK	0.218157	0.00406453018941319	0.27148300444206275	-0.04926147425264957	-0.05332600444206276	-0.23996776728433875	osteoporosis	TIA
osteoporosis_tinnitus	0.19765986764980376	0.185262	0.196194	0.195426	0.182183	0.196724	0.18837	FG	0.182183	0.015476867649803744	0.16040424194364827	0.03725562570615548	0.021778758056351738	0.1101830043463219	osteoporosis	tinnitus
osteoporosis_ulc_colitis	0.14808736054233038	0.143736	0.150298	0.146636	0.149088	0.147913	0.148082	BMI	0.143736	0.004351360542330374	0.1434975364484332	0.004589824093897188	0.0002384635515668143	0.0016102897012513781	osteoporosis	ulc_colitis
osteoporosis_ulcer_peptic	0.15230245082124824	0.219275	0.162057	0.155936	0.173451	0.148045	0.140158	SLEEP	0.140158	0.012144450821248237	0.20749435237929736	-0.05519190155804912	-0.06733635237929736	-0.442122579224464	osteoporosis	ulcer_peptic
osteoporosis_urine_incont	0.15566693043600882	0.225043	0.157545	0.155008	0.17367	0.149543	0.146658	SLEEP	0.146658	0.00900893043600881	0.20808378148540052	-0.0524168510493917	-0.06142578148540051	-0.3945974993748031	osteoporosis	urine_incont
osteoporosis_urolithiasis	0.12451257261378489	0.150637	0.123978	0.127208	0.127454	0.123309	0.12318	SLEEP	0.12318	0.0013325726137848881	0.15133671856963712	-0.02682414595585224	-0.028156718569637126	-0.22613554582133719	osteoporosis	urolithiasis
osteoporosis_valve_nonrheumatic	0.18152843958839032	0.221513	0.209963	0.181146	0.196849	0.178121	0.175854	SLEEP	0.175854	0.005674439588390312	0.23347195661501996	-0.05194351702662964	-0.05761795661501995	-0.3174045716785025	osteoporosis	valve_nonrheumatic
periph_neuro_peripheral_arterial	0.46555202923018957	0.343536	0.481477	0.45981	0.428174	0.374355	0.447217	BMI	0.343536	0.12201602923018956	0.26166769048022087	0.2038843387499687	0.08186830951977914	0.17585211615370236	periph_neuro	peripheral_arterial
periph_neuro_PMR	0.30212419715562655	0.296115	0.299259	0.301913	0.318871	0.299756	0.289405	SLEEP	0.289405	0.012719197155626527	0.3060468030327028	-0.003922605877076268	-0.016641803032702795	-0.05508265537609512	periph_neuro	PMR
periph_neuro_pri_bladder	0.0715289518317113	0.061484	0.078423	0.077213	0.106806	0.006033	0.066062	SMK	0.006033	0.06549595183171131	0.04245801407511727	0.029070937756594036	-0.036425014075117265	-0.5092345566703631	periph_neuro	pri_bladder
periph_neuro_pri_breast	0.13081733873953036	0.169931	0.130773	0.129555	0.132069	0.137306	0.142279	ApoB	0.129555	0.0012623387395303554	0.1766875694561736	-0.04587023071664323	-0.047132569456173584	-0.3602929849384795	periph_neuro	pri_breast
periph_neuro_pri_colorectal	-0.13685670591388308	-0.161852	-0.134143	-0.146789	-0.143244	-0.129765	-0.138925	SMK	-0.129765	0.007091705913883084	-0.1715211548688217	-0.034664448954938615	-0.0417561548688217	-0.30510857754457943	periph_neuro	pri_colorectal
periph_neuro_pri_prost	-0.04677080867705805	-0.016069	-0.046119	-0.054034	-0.057035	-0.023434	-0.036442	BMI	-0.016069	0.030701808677058053	-0.014562798014021728	0.03220801066303632	0.0015062019859782717	0.03220389017385307	periph_neuro	pri_prost
periph_neuro_pri_skin	-0.010074985922458089	0.039038	-0.007879	-0.010524	0.011278	0.001894	-0.009783	SMK	0.001894	0.008180985922458089	0.05304508387613201	-0.042970097953673916	-0.05115108387613201	-5.07703775169665	periph_neuro	pri_skin
periph_neuro_psoriasis	0.34497499957198985	0.302841	0.343185	0.344692	0.358566	0.300676	0.329466	SMK	0.300676	0.04429899957198985	0.2809945007680834	0.06398049880390644	0.019681499231916588	0.057051958131271556	periph_neuro	psoriasis
periph_neuro_RA	0.4172648801126641	0.384422	0.413754	0.418321	0.400064	0.358244	0.408159	SMK	0.358244	0.0590208801126641	0.32755053048014454	0.08971434963251956	0.030693469519855465	0.07355871769406531	periph_neuro	RA
periph_neuro_raynauds	-0.011964581656867423	0.038657	-0.013482	-0.004581	0.064832	-0.043534	-0.044033	ApoB	-0.004581	0.0073835816568674235	0.04727875538936757	-0.03531417373250015	-0.04269775538936757	-3.5686793415681137	periph_neuro	raynauds
periph_neuro_retinal_detach	-0.060365068565245976	-0.033926	-0.060761	-0.057375	-0.031902	-0.039188	-0.066071	FG	-0.031902	0.028463068565245976	-0.00044924424782744586	0.05991582431741853	0.03145275575217255	0.5210423262946622	periph_neuro	retinal_detach
periph_neuro_schizo	-0.03806153737238337	0.010074	-0.034379	-0.037931	-0.042467	-0.085628	-0.006384	SLEEP	-0.006384	0.031677537372383366	-0.021100394280709485	0.01696114309167388	-0.014716394280709484	-0.38664739515717467	periph_neuro	schizo
periph_neuro_scoliosis	0.310208119023616	0.364929	0.311418	0.309555	0.381757	0.312787	0.30192	SLEEP	0.30192	0.00828811902361598	0.4133796032744706	-0.1031714842508546	-0.11145960327447058	-0.3593058867230526	periph_neuro	scoliosis
periph_neuro_sinusitis	0.378748180819863	0.388867	0.376337	0.386979	0.417382	0.342479	0.351551	SMK	0.342479	0.03626918081986302	0.3845058754182735	-0.005757694598410523	-0.042026875418273546	-0.11096258027510372	periph_neuro	sinusitis
periph_neuro_sleep_apnoea	0.36571286128127545	0.175686	0.362402	0.362319	0.34198	0.32465	0.365122	BMI	0.175686	0.19002686128127544	0.17864806258457203	0.18706479869670342	-0.002962062584572017	-0.008099421426401104	periph_neuro	sleep_apnoea
periph_neuro_spondylolisthesis	0.6186233576380691	0.601618	0.620159	0.617574	0.643187	0.592622	0.613865	SMK	0.592622	0.0260013576380691	0.6098382631736687	0.008785094464400345	-0.017216263173668755	-0.027829959798804232	periph_neuro	spondylolisthesis
periph_neuro_spondylosis	0.7311645485039054	0.677219	0.729855	0.73006	0.745732	0.696573	0.71447	BMI	0.677219	0.05394554850390543	0.6667020567236629	0.06446249178024255	0.01051694327633712	0.01438382549845542	periph_neuro	spondylosis
periph_neuro_stroke_all	0.3075723987215125	0.225844	0.30154	0.310144	0.30523	0.259691	0.326489	BMI	0.225844	0.0817283987215125	0.24979154560650502	0.05778085311500747	-0.023947545606505027	-0.07785986553425435	periph_neuro	stroke_all
periph_neuro_tendon	0.6410744036612611	0.60891	0.640189	0.638782	0.6445	0.604387	0.61394	SMK	0.604387	0.03668740366126111	0.5641709144152885	0.07690348924597257	0.04021608558471146	0.06273232148254874	periph_neuro	tendon
periph_neuro_thromboembolic	0.28892294418830317	0.177096	0.29124	0.291683	0.233378	0.254072	0.278836	BMI	0.177096	0.11182694418830316	0.12299588238155715	0.16592706180674602	0.054100117618442856	0.1872475644688971	periph_neuro	thromboembolic
periph_neuro_TIA	0.268328486655731	0.212555	0.260373	0.266434	0.2502	0.211591	0.265199	SMK	0.211591	0.056737486655731	0.17007743797291472	0.09825104868281628	0.04151356202708528	0.15471172123572452	periph_neuro	TIA
periph_neuro_tinnitus	0.16924678722337466	0.230082	0.171817	0.176203	0.259893	0.169744	0.140042	SLEEP	0.140042	0.029204787223374662	0.2808314307945633	-0.11158464357118864	-0.1407894307945633	-0.8318588086918727	periph_neuro	tinnitus
periph_neuro_ulc_colitis	0.019237816537078928	0.039017	0.017306	0.022823	0.021431	0.017829	0.018239	SBP	0.017306	0.0019318165370789293	0.03832535655982565	-0.01908754002274672	-0.02101935655982565	-1.0926061447416855	periph_neuro	ulc_colitis
periph_neuro_ulcer_peptic	0.4463150734030704	0.369835	0.442279	0.442833	0.427237	0.357235	0.422121	SMK	0.357235	0.08908007340307039	0.26867199783236806	0.17764307557070236	0.08856300216763197	0.19843157322103272	periph_neuro	ulcer_peptic
periph_neuro_urine_incont	0.41036655393807187	0.325082	0.409801	0.413605	0.396058	0.354826	0.394143	BMI	0.325082	0.08528455393807188	0.2801078872489031	0.13025866668916875	0.04497411275109686	0.10959497629498303	periph_neuro	urine_incont
periph_neuro_urolithiasis	0.17371850167421662	0.134132	0.174985	0.169737	0.183089	0.173029	0.173892	BMI	0.134132	0.03958650167421662	0.15203443791711022	0.02168406375710641	-0.017902437917110214	-0.10305429614332957	periph_neuro	urolithiasis
periph_neuro_valve_nonrheumatic	0.16176361120281157	0.094734	0.148689	0.163492	0.130506	0.135988	0.14648	BMI	0.094734	0.06702961120281158	0.06256237764331232	0.09920123355949925	0.032171622356687676	0.1988804658691281	periph_neuro	valve_nonrheumatic
peripheral_arterial_PMR	0.2271423420812337	0.213282	0.222391	0.227289	0.226282	0.225648	0.216626	BMI	0.213282	0.013860342081233712	0.2092590964226006	0.017883245658633112	0.0040229035773994	0.017710936413434863	peripheral_arterial	PMR
peripheral_arterial_pri_bladder	0.1261626093593582	0.122174	0.181839	0.136885	0.142085	0.038271	0.12304	SMK	0.038271	0.08789160935935819	0.12246631315274452	0.0036962962066136723	-0.08419531315274452	-0.6673555150791535	peripheral_arterial	pri_bladder
peripheral_arterial_pri_breast	0.01809221621552381	0.046313	0.017543	0.015251	0.013226	0.018604	0.022558	FG	0.013226	0.0048662162155238085	0.04048711829389618	-0.022394902078372372	-0.02726111829389618	-1.5067871160253494	peripheral_arterial	pri_breast
peripheral_arterial_pri_colorectal	-0.047510638583502435	-0.06389	-0.031034	-0.063321	-0.045378	-0.030713	-0.046659	SMK	-0.030713	0.016797638583502434	-0.048247401222597276	-0.0007367626390948415	-0.017534401222597275	-0.3690626298735103	peripheral_arterial	pri_colorectal
peripheral_arterial_pri_prost	0.09939487645590976	0.147947	0.114209	0.088805	0.098865	0.15185	0.107681	ApoB	0.088805	0.010589876455909766	0.2098234990728579	-0.11042862261694815	-0.12101849907285792	-1.217552688709665	peripheral_arterial	pri_prost
peripheral_arterial_pri_skin	-0.06594030186086923	-0.021649	-0.057609	-0.067354	-0.057137	-0.055574	-0.066329	BMI	-0.021649	0.04429130186086923	-0.0123156930557747	0.05362460880509453	0.009333306944225302	0.14154176855177455	peripheral_arterial	pri_skin
peripheral_arterial_psoriasis	0.36923643762025476	0.329756	0.386404	0.370503	0.368205	0.316789	0.358713	SMK	0.316789	0.05244743762025478	0.30865682153936275	0.06057961608089202	0.00813217846063724	0.022024311882785707	peripheral_arterial	psoriasis
peripheral_arterial_RA	0.2972352135121083	0.24889	0.286241	0.299634	0.277959	0.196018	0.287473	SMK	0.196018	0.1012172135121083	0.1336011381447001	0.1636340753674082	0.062416861855299904	0.209991478189233	peripheral_arterial	RA
peripheral_arterial_raynauds	0.2920081201595937	0.380647	0.31075	0.309164	0.33865	0.28448	0.278884	SLEEP	0.278884	0.013124120159593688	0.4251449568952733	-0.1331368367356796	-0.1462609568952733	-0.5008797591496292	peripheral_arterial	raynauds
peripheral_arterial_retinal_detach	0.03477470436708412	0.07292	0.036474	0.040783	0.051492	0.076714	0.032957	SLEEP	0.032957	0.0018177043670841164	0.12603259600043298	-0.09125789163334887	-0.09307559600043298	-2.6765316253423963	peripheral_arterial	retinal_detach
peripheral_arterial_schizo	0.08694208015098952	0.151633	0.121122	0.088328	0.088449	0.031347	0.10835	SMK	0.031347	0.05559508015098952	0.15075412092171045	-0.06381204077072093	-0.11940712092171045	-1.3734099841450762	peripheral_arterial	schizo
peripheral_arterial_scoliosis	0.1026460645031116	0.136998	0.115931	0.100591	0.123778	0.091894	0.092739	SMK	0.091894	0.0107520645031116	0.1325058858322726	-0.029859821329161	-0.0406118858322726	-0.3956497117436148	peripheral_arterial	scoliosis
peripheral_arterial_sinusitis	0.2972826620250907	0.299809	0.300838	0.311441	0.304553	0.242806	0.278424	SMK	0.242806	0.05447666202509069	0.2648821173516397	0.03240054467345099	-0.022076117351639696	-0.07425968672796825	peripheral_arterial	sinusitis
peripheral_arterial_sleep_apnoea	0.377738507818556	0.183495	0.381001	0.373108	0.360539	0.329088	0.374916	BMI	0.183495	0.194243507818556	0.16935021143850174	0.20838829638005427	0.014144788561498256	0.03744597987423778	peripheral_arterial	sleep_apnoea
peripheral_arterial_spondylolisthesis	0.31029143249448293	0.252813	0.341365	0.307139	0.30072	0.240263	0.298788	SMK	0.240263	0.07002843249448293	0.2212648741240435	0.08902655837043943	0.018998125875956506	0.06122671748693641	peripheral_arterial	spondylolisthesis
peripheral_arterial_spondylosis	0.6282510632731423	0.551036	0.658923	0.627404	0.618558	0.561994	0.617066	BMI	0.551036	0.07721506327314231	0.5297686059564101	0.09848245731673222	0.021267394043589904	0.033851743812081	peripheral_arterial	spondylosis
peripheral_arterial_stroke_all	0.6076890202678026	0.569141	0.55956	0.616699	0.607084	0.590868	0.620208	SBP	0.55956	0.048129020267802636	0.5373972946619315	0.07029172560587105	0.02216270533806841	0.03647047190074543	peripheral_arterial	stroke_all
peripheral_arterial_tendon	0.525906397245472	0.476884	0.558038	0.521897	0.512446	0.463	0.509835	SMK	0.463	0.06290639724547192	0.4493261429362844	0.07658025430918752	0.0136738570637156	0.026000552827147288	peripheral_arterial	tendon
peripheral_arterial_thromboembolic	0.32321749316136916	0.21372	0.365415	0.3296	0.295292	0.285623	0.315891	BMI	0.21372	0.10949749316136917	0.2644792016003435	0.05873829156102567	-0.0507592016003435	-0.15704348518971256	peripheral_arterial	thromboembolic
peripheral_arterial_TIA	0.49210008532981203	0.464615	0.451898	0.49242	0.484149	0.449678	0.491118	SMK	0.449678	0.04242208532981201	0.3829979742229324	0.10910211110687962	0.06668002577706761	0.13550094333427673	peripheral_arterial	TIA
peripheral_arterial_tinnitus	-0.0047676292256108345	0.038628	0.008746	0.005417	0.028199	-0.019681	-0.026438	ApoB	0.005417	-0.0006493707743891654	0.034837742830667144	-0.03007011360505631	-0.029420742830667146	-6.170937679596451	peripheral_arterial	tinnitus
peripheral_arterial_ulc_colitis	0.03425482002914451	0.05654	0.0244	0.040692	0.035137	0.034835	0.033688	SBP	0.0244	0.00985482002914451	0.05220539575350143	-0.017950575724356918	-0.027805395753501428	-0.811722138077041	peripheral_arterial	ulc_colitis
peripheral_arterial_ulcer_peptic	0.6787149619021984	0.638698	0.692836	0.676913	0.669765	0.598718	0.670224	SMK	0.598718	0.0799969619021984	0.5708281258984953	0.10788683600370308	0.027889874101504675	0.041092175164872166	peripheral_arterial	ulcer_peptic
peripheral_arterial_urine_incont	0.3741468817446526	0.280372	0.400008	0.381114	0.358695	0.293918	0.362026	BMI	0.280372	0.0937748817446526	0.25280692985620135	0.12133995188845126	0.027565070143798664	0.07367446179228415	peripheral_arterial	urine_incont
peripheral_arterial_urolithiasis	0.06803243517342784	0.014764	0.08037	0.060419	0.066071	0.060284	0.065582	BMI	0.014764	0.053268435173427844	0.020171487383273873	0.04786094779015397	-0.0054074873832738735	-0.07948396040049341	peripheral_arterial	urolithiasis
peripheral_arterial_valve_nonrheumatic	0.48859203502727455	0.462414	0.421446	0.495788	0.479737	0.499866	0.483375	SBP	0.421446	0.06714603502727456	0.4135235096817734	0.07506852534550112	0.00792249031822656	0.01621493956155938	peripheral_arterial	valve_nonrheumatic
PMR_pri_bladder	0.23870817092305685	0.236594	0.245915	0.240184	0.241019	0.231909	0.237014	SMK	0.231909	0.0067991709230568464	0.24186798236854762	-0.0031598114454907678	-0.009958982368547614	-0.04172032457053055	PMR	pri_bladder
PMR_pri_breast	-0.04601568394517547	-0.0418	-0.046411	-0.046358	-0.046756	-0.046303	-0.043627	BMI	-0.0418	0.0042156839451754705	-0.04147931313813221	0.0045363708070432565	0.00032068686186778605	0.006969077374789484	PMR	pri_breast
PMR_pri_colorectal	-0.13786969882094374	-0.140247	-0.135442	-0.140233	-0.137516	-0.135634	-0.137614	SBP	-0.135442	0.0024276988209437356	-0.13846961713136938	-0.0005999183104256345	-0.00302761713136937	-0.02195998944845338	PMR	pri_colorectal
PMR_pri_prost	0.03526793086277693	0.041782	0.036014	0.034103	0.034928	0.039915	0.039773	ApoB	0.034103	0.0011649308627769278	0.046826485583543735	-0.011558554720766806	-0.012723485583543734	-0.36076643206116094	PMR	pri_prost
PMR_pri_skin	-0.11311990869313818	-0.105313	-0.111407	-0.113212	-0.111919	-0.111245	-0.113384	BMI	-0.105313	0.007806908693138173	-0.10523722376031766	0.007882684932820516	7.577623968234304e-05	0.000669875361090524	PMR	pri_skin
PMR_psoriasis	0.21121434701813765	0.200486	0.20921	0.210985	0.210263	0.20374	0.20298	BMI	0.200486	0.010728347018137657	0.18894370933629095	0.0222706376818467	0.011542290663709043	0.054647285218356254	PMR	psoriasis
PMR_RA	0.48082007678277655	0.475341	0.478173	0.480804	0.481694	0.484551	0.476195	BMI	0.475341	0.005479076782776537	0.4782312199011976	0.0025888568815789492	-0.002890219901197588	-0.006011021670593267	PMR	RA
PMR_raynauds	0.17995199164103587	0.190812	0.179	0.182061	0.18756	0.175707	0.170635	SLEEP	0.170635	0.00931699164103586	0.18042955900289004	-0.0004775673618541698	-0.00979455900289003	-0.05442873353926526	PMR	raynauds
PMR_retinal_detach	0.05115060447107382	0.057245	0.051017	0.051798	0.053457	0.055628	0.050017	SLEEP	0.050017	0.0011336044710738222	0.05769029878964046	-0.006539694318566637	-0.007673298789640459	-0.15001384380471566	PMR	retinal_detach
PMR_schizo	0.052922294397217275	0.062651	0.056514	0.052979	0.052897	0.045764	0.065655	SMK	0.045764	0.0071582943972172755	0.07215806488643205	-0.019235770489214772	-0.026394064886432048	-0.49873243756831304	PMR	schizo
PMR_scoliosis	0.19994699631333804	0.2047	0.200751	0.199678	0.203319	0.197775	0.194403	SLEEP	0.194403	0.0055439963133380454	0.19767091844897505	0.0022760778643629853	-0.00326791844897506	-0.016343923685924678	PMR	scoliosis
PMR_sinusitis	0.412612619160097	0.409537	0.410568	0.414781	0.412907	0.409408	0.404359	SLEEP	0.404359	0.008253619160096981	0.4024550914984629	0.01015752766163408	0.0019039085015370993	0.004614275989456269	PMR	sinusitis
PMR_sleep_apnoea	0.25164698712246314	0.247727	0.248188	0.251188	0.250299	0.245162	0.248377	SMK	0.245162	0.006484987122463148	0.2449830566321963	0.0066639304902668395	0.00017894336780369113	0.0007110888544698092	PMR	sleep_apnoea
PMR_spondylolisthesis	0.30363665882645724	0.294093	0.304288	0.303272	0.302486	0.298409	0.296427	BMI	0.294093	0.009543658826457246	0.28810562895554703	0.015531029870910207	0.00598737104445296	0.01971886750300143	PMR	spondylolisthesis
PMR_spondylosis	0.21983930302190213	0.204609	0.216456	0.219322	0.218176	0.212837	0.204611	BMI	0.204609	0.01523030302190212	0.18626023876041417	0.03357906426148796	0.018348761239585842	0.08346442600283259	PMR	spondylosis
PMR_stroke_all	0.2844084038879615	0.273311	0.279397	0.284749	0.283241	0.278632	0.288993	BMI	0.273311	0.011097403887961488	0.2740079827237261	0.010400421164235396	-0.0006969827237260917	-0.00245064039669045	PMR	stroke_all
PMR_tendon	0.2628739653158419	0.251023	0.260951	0.262472	0.261703	0.257074	0.24771	SLEEP	0.24771	0.015163965315841882	0.234851695516268	0.028022269799573896	0.012858304483732014	0.04891433226673025	PMR	tendon
PMR_thromboembolic	0.1119669710091644	0.090527	0.113602	0.112313	0.108661	0.104064	0.105416	BMI	0.090527	0.021439971009164407	0.08977669143439265	0.02219027957477175	0.0007503085656073438	0.006701159804938652	PMR	thromboembolic
PMR_TIA	0.2728447074789545	0.26298	0.266554	0.272491	0.271525	0.266779	0.269934	BMI	0.26298	0.009864707478954515	0.25361104201483137	0.01923366546412314	0.009368957985168624	0.03433806017985995	PMR	TIA
PMR_tinnitus	0.28009625993855447	0.28965	0.282612	0.28192	0.288226	0.279068	0.270915	SLEEP	0.270915	0.009181259938554454	0.2852440616175993	-0.005147801679044828	-0.014329061617599281	-0.05115763281074402	PMR	tinnitus
PMR_ulc_colitis	0.11025251429278082	0.113831	0.108734	0.11101	0.110316	0.110016	0.110142	SBP	0.108734	0.001518514292780826	0.11209179332834905	-0.0018392790355682281	-0.003357793328349054	-0.03045548076511229	PMR	ulc_colitis
PMR_ulcer_peptic	0.19188613261380214	0.17591	0.186017	0.191271	0.189929	0.184655	0.17911	BMI	0.17591	0.015976132613802124	0.15847760271845437	0.03340852989534776	0.017432397281545636	0.09084761386395124	PMR	ulcer_peptic
PMR_urine_incont	0.2861977030036315	0.2751	0.285352	0.286603	0.285079	0.280995	0.277837	BMI	0.2751	0.011097703003631498	0.2692289208299144	0.016968782173717112	0.0058710791700856135	0.02051406810211582	PMR	urine_incont
PMR_urolithiasis	0.10554810406175816	0.096315	0.106508	0.104829	0.105144	0.103907	0.104039	BMI	0.096315	0.00923310406175816	0.0965164211355807	0.009031682926177453	-0.00020142113558070662	-0.0019083349470953204	PMR	urolithiasis
PMR_valve_nonrheumatic	0.20510886168366635	0.194003	0.19636	0.205363	0.203382	0.20039	0.199043	BMI	0.194003	0.01110586168366634	0.17941417982473282	0.025694681858933532	0.014588820175267192	0.07112720559956653	PMR	valve_nonrheumatic
pri_bladder_pri_breast	0.08545178211976848	0.087649	0.086314	0.086935	0.08724	0.086517	0.086379	SBP	0.086314	-0.000862217880231525	0.09312580302512728	-0.007674020905358805	-0.00681180302512728	-0.07971516633298432	pri_bladder	pri_breast
pri_bladder_pri_colorectal	0.028390667020673648	0.027568	0.02414	0.035031	0.027496	0.038003	0.028686	SBP	0.02414	0.0042506670206736465	0.041330518963243926	-0.012939851942570278	-0.017190518963243924	-0.605498946210952	pri_bladder	pri_colorectal
pri_bladder_pri_prost	0.018496620448474877	0.021418	0.017523	0.023718	0.019337	0.034375	0.01994	SBP	0.017523	0.0009736204484748767	0.043785871842028125	-0.025289251393553248	-0.026262871842028124	-1.4198740745741802	pri_bladder	pri_prost
pri_bladder_pri_skin	-0.010030941616482927	-0.006084	-0.013165	-0.009746	-0.01318	-0.002847	-0.009962	SMK	-0.002847	0.0071839416164829265	-0.005931380978062331	0.004099560638420596	-0.0030843809780623306	-0.30748668430031034	pri_bladder	pri_skin
pri_bladder_psoriasis	0.15664076652910044	0.152528	0.161501	0.158137	0.159905	0.12069	0.154268	SMK	0.12069	0.03595076652910044	0.12715197114145016	0.029488795387650285	-0.006461971141450154	-0.0412534443276595	pri_bladder	psoriasis
pri_bladder_RA	-0.043905319004350164	-0.051322	-0.035661	-0.043665	-0.035788	-0.106897	-0.047049	SBP	-0.035661	0.008244319004350166	-0.0957956572574061	-0.05189033825305594	-0.060134657257406104	-1.3696440117300577	pri_bladder	RA
pri_bladder_raynauds	0.15353028957638223	0.158726	0.15631	0.148911	0.145233	0.13919	0.151006	SMK	0.13919	0.014340289576382226	0.13076734513188623	0.022762944444496003	0.008422654868113777	0.05485989045779436	pri_bladder	raynauds
pri_bladder_retinal_detach	0.04976406171718991	0.05255	0.05034	0.047498	0.045197	0.06558	0.049347	FG	0.045197	0.004567061717189909	0.060117564774491164	-0.010353503057301254	-0.014920564774491163	-0.29982610461511383	pri_bladder	retinal_detach
pri_bladder_schizo	0.008814471981217925	0.013058	0.003557	0.008634	0.008934	-0.017415	0.012847	SBP	0.003557	0.005257471981217926	-0.018865058486449694	-0.010050586505231768	-0.015308058486449694	-1.7366960288793758	pri_bladder	schizo
pri_bladder_scoliosis	0.08060834368576426	0.082501	0.080294	0.08214	0.075472	0.072944	0.078587	SMK	0.072944	0.007664343685764269	0.0704484827591656	0.010159860926598666	0.0024955172408343967	0.03095854754890733	pri_bladder	scoliosis
pri_bladder_sinusitis	0.03485777517442033	0.032529	0.040496	0.030625	0.034635	-0.002415	0.03	SMK	-0.002415	0.03244277517442033	-0.0058956998637488866	0.028962075310671447	-0.0034806998637488865	-0.0998543322496132	pri_bladder	sinusitis
pri_bladder_sleep_apnoea	0.017129315957371972	-0.00404	0.024525	0.021234	0.02611	-0.023617	0.015626	BMI	-0.00404	0.013089315957371972	-0.019653482260097516	-0.002524166302725544	-0.015613482260097516	-0.9115064663967457	pri_bladder	sleep_apnoea
pri_bladder_spondylolisthesis	-0.08421525114467154	-0.093667	-0.084736	-0.081569	-0.079445	-0.134715	-0.088204	FG	-0.079445	0.004770251144671542	-0.1343937118421427	-0.050178460697471144	-0.054948711842142686	-0.6524793442430932	pri_bladder	spondylolisthesis
pri_bladder_spondylosis	-0.033821611756626714	-0.053013	-0.027278	-0.030258	-0.025291	-0.112983	-0.042238	FG	-0.025291	0.008530611756626713	-0.11351127962099125	-0.07968966786436454	-0.08822027962099124	-2.608399630857513	pri_bladder	spondylosis
pri_bladder_stroke_all	0.01329564798179193	0.003719	0.04262	0.012269	0.017951	-0.029151	0.014356	BMI	0.003719	0.00957664798179193	-0.005734301024884138	0.007561346956907792	-0.002015301024884138	-0.15157599145555328	pri_bladder	stroke_all
pri_bladder_tendon	0.06669261849248564	0.059161	0.071191	0.071778	0.076739	0.009758	0.060496	SMK	0.009758	0.05693461849248564	0.023777412067411706	0.04291520642507394	-0.014019412067411707	-0.2102093512641327	pri_bladder	tendon
pri_bladder_thromboembolic	-0.05890494801891235	-0.075071	-0.061361	-0.060265	-0.047673	-0.093711	-0.061541	FG	-0.047673	0.01123194801891235	-0.09995930578416681	-0.041054357765254464	-0.05228630578416681	-0.8876386032524718	pri_bladder	thromboembolic
pri_bladder_TIA	0.10118070849144109	0.095944	0.125354	0.103677	0.108249	0.058925	0.0999	SMK	0.058925	0.04225570849144109	0.08797269535852402	0.01320801313291707	-0.02904769535852402	-0.287087289579329	pri_bladder	TIA
pri_bladder_tinnitus	0.05918749696150164	0.062853	0.056569	0.055067	0.050018	0.054833	0.055476	FG	0.050018	0.009169496961501641	0.03904561841010573	0.02014187855139591	0.010972381589894269	0.18538343659018436	pri_bladder	tinnitus
pri_bladder_ulc_colitis	-0.025619614036108705	-0.024238	-0.022993	-0.028276	-0.025717	-0.027648	-0.025825	SBP	-0.022993	0.0026266140361087056	-0.027855707763275665	-0.00223609372716696	-0.004862707763275666	-0.1898040991726919	pri_bladder	ulc_colitis
pri_bladder_ulcer_peptic	0.14658570450393296	0.141975	0.160624	0.151954	0.157964	0.067719	0.143526	SMK	0.067719	0.07886670450393296	0.09489982984613902	0.05168587465779394	-0.027180829846139024	-0.18542619785553338	pri_bladder	ulcer_peptic
pri_bladder_urine_incont	0.0065055920777781565	-0.005231	0.008798	0.005273	0.014605	-0.049546	0.002639	SLEEP	0.002639	0.0038665920777781566	-0.051502601291937566	-0.04499700921415941	-0.048863601291937564	-7.5110152477660215	pri_bladder	urine_incont
pri_bladder_urolithiasis	0.006251643055212527	0.001571	0.005099	0.009888	0.007299	-8.9e-05	0.005604	SMK	-8.9e-05	0.006162643055212527	0.0013076982899260874	0.004943944765286439	-0.0012186982899260873	-0.19494047871302486	pri_bladder	urolithiasis
pri_bladder_valve_nonrheumatic	-0.004406349325000277	-0.011432	0.024493	-0.005254	0.002239	-0.025841	-0.00693	FG	0.002239	0.002167349325000277	0.0013789510072016874	0.0030273983177985897	0.0008600489927983127	0.19518402408966035	pri_bladder	valve_nonrheumatic
pri_breast_pri_colorectal	0.09449382304918817	0.095873	0.094838	0.092874	0.094921	0.094738	0.094277	ApoB	0.092874	0.0016198230491881738	0.09622642908960655	-0.0017326060404183746	-0.0033524290896065484	-0.035477759089728673	pri_breast	pri_colorectal
pri_breast_pri_prost	0.12213863474114912	0.118575	0.122205	0.120871	0.121864	0.122747	0.121018	BMI	0.118575	0.0035636347411491243	0.1158791094688271	0.006259525272322028	0.0026958905311729037	0.022072381412207194	pri_breast	pri_prost
pri_breast_pri_skin	0.16750598385427	0.162953	0.167765	0.167443	0.169027	0.167741	0.167505	BMI	0.162953	0.004552983854270026	0.16448749130982898	0.0030184925444410315	-0.0015344913098289947	-0.009160814882673089	pri_breast	pri_skin
pri_breast_psoriasis	0.015766949462997056	0.025702	0.015563	0.015386	0.014655	0.015384	0.019035	FG	0.014655	0.0011119494629970566	0.025468894309809618	-0.009701944846812562	-0.010813894309809618	-0.6858583732502217	pri_breast	psoriasis
pri_breast_RA	-0.00846412619271269	0.000986	-0.008968	-0.008575	-0.012031	-0.00984	-0.00582	BMI	0.000986	0.00747812619271269	-0.006431481433358084	0.0020326447593546062	-0.005445481433358084	-0.6433601424854049	pri_breast	RA
pri_breast_raynauds	0.06216858987083025	0.056688	0.062072	0.064259	0.067531	0.062106	0.066118	BMI	0.056688	0.005480589870830249	0.06865192197110988	-0.006483332100279626	-0.011963921971109875	-0.192443193515692	pri_breast	raynauds
pri_breast_retinal_detach	0.018476023396365986	0.014778	0.018457	0.019292	0.020482	0.018771	0.018895	BMI	0.014778	0.003698023396365987	0.019990052645012104	-0.0015140292486461177	-0.0052120526450121045	-0.28209818385688196	pri_breast	retinal_detach
pri_breast_schizo	0.10790956686289312	0.102737	0.10837	0.107999	0.107903	0.108361	0.105222	BMI	0.102737	0.0051725668628931215	0.09764470040411838	0.010264866458774738	0.005092299595881616	0.04719043680669899	pri_breast	schizo
pri_breast_scoliosis	0.06007565458498848	0.05772	0.060115	0.059652	0.062608	0.05998	0.062369	BMI	0.05772	0.00235565458498848	0.06222169126578738	-0.0021460366807989004	-0.00450169126578738	-0.07493370312626188	pri_breast	scoliosis
pri_breast_sinusitis	0.08202564115066316	0.085796	0.081868	0.083704	0.082171	0.082818	0.088328	SBP	0.081868	0.00015764115066316253	0.0927628530057341	-0.010737211855070941	-0.010894853005734104	-0.1328225278449533	pri_breast	sinusitis
pri_breast_sleep_apnoea	-0.0078071106075732755	0.025834	-0.008225	-0.009167	-0.011437	-0.008666	-0.006411	SLEEP	-0.006411	0.0013961106075732754	0.024316011610957495	-0.01650890100338422	-0.017905011610957495	-2.293423586645329	pri_breast	sleep_apnoea
pri_breast_spondylolisthesis	0.026373130029608467	0.037933	0.026382	0.025442	0.024358	0.026259	0.029694	FG	0.024358	0.0020151300296084654	0.035824477333104635	-0.009451347303496168	-0.011466477333104633	-0.4347787812910906	pri_breast	spondylolisthesis
pri_breast_spondylosis	0.011687651399082646	0.035918	0.01135	0.010484	0.008194	0.011182	0.018848	FG	0.008194	0.003493651399082646	0.0360589785397189	-0.024371327140636254	-0.0278649785397189	-2.3841384028536305	pri_breast	spondylosis
pri_breast_stroke_all	-0.000451943520406572	0.013955	-0.002029	-0.000102	-0.002311	-0.001189	-0.001414	ApoB	-0.000102	0.000349943520406572	0.008905835120351955	-0.008453891599945383	-0.008803835120351955	-19.479945441925917	pri_breast	stroke_all
pri_breast_tendon	-0.0917561132335103	-0.080888	-0.09207	-0.093626	-0.096488	-0.096814	-0.087424	BMI	-0.080888	0.010868113233510293	-0.0899254629583678	0.0018306502751424952	-0.009037462958367798	-0.09849439606675953	pri_breast	tendon
pri_breast_thromboembolic	0.043749278006502565	0.064634	0.04388	0.044177	0.039565	0.043753	0.046131	FG	0.039565	0.004184278006502562	0.061855145196342845	-0.01810586718984028	-0.022290145196342842	-0.5094974411470242	pri_breast	thromboembolic
pri_breast_TIA	-0.003552144353054269	0.00659	-0.004791	-0.004298	-0.00614	-0.00444	-0.002233	SLEEP	-0.002233	0.001319144353054269	-0.0005499603500807875	0.0030021840029734815	0.0016830396499192125	0.4738094746831082	pri_breast	TIA
pri_breast_tinnitus	-0.0378606003585134	-0.042922	-0.037721	-0.036505	-0.034293	-0.03797	-0.034272	SLEEP	-0.034272	0.003588600358513404	-0.032794851102169204	0.005065749256344197	0.0014771488978307934	0.039015464198750856	pri_breast	tinnitus
pri_breast_ulc_colitis	0.10441405633803857	0.102606	0.10431	0.105385	0.104467	0.104392	0.104634	BMI	0.102606	0.0018080563380385717	0.10316901309102376	0.0012450432470148126	-0.0005630130910237591	-0.005392119708490345	pri_breast	ulc_colitis
pri_breast_ulcer_peptic	-0.06934702497324083	-0.055959	-0.070584	-0.071109	-0.073967	-0.078569	-0.065455	BMI	-0.055959	0.013388024973240827	-0.07204488368539794	-0.0026978587121571085	-0.016085883685397935	-0.2319621309148453	pri_breast	ulcer_peptic
pri_breast_urine_incont	-0.04181882917079418	-0.026685	-0.041954	-0.041422	-0.045423	-0.044331	-0.038574	BMI	-0.026685	0.015133829170794179	-0.0296518921526953	0.01216693701809888	-0.0029668921526952996	-0.07094632278149349	pri_breast	urine_incont
pri_breast_urolithiasis	0.08442078187853053	0.092005	0.084493	0.083379	0.084041	0.084354	0.085073	ApoB	0.083379	0.0010417818785305316	0.09237801889017482	-0.007957237011644289	-0.00899901889017482	-0.10659719905370132	pri_breast	urolithiasis
pri_breast_valve_nonrheumatic	0.02602050317891289	0.036467	0.025653	0.026307	0.023474	0.025801	0.028423	FG	0.023474	0.00254650317891289	0.03480372183695257	-0.008783218658039684	-0.011329721836952574	-0.43541517083859554	pri_breast	valve_nonrheumatic
pri_colorectal_pri_prost	0.0907801395320059	0.092794	0.090361	0.083124	0.090992	0.087815	0.090454	ApoB	0.083124	0.00765613953200589	0.08253559837547551	0.00824454115653038	0.00058840162452449	0.006481611810224638	pri_colorectal	pri_prost
pri_colorectal_pri_skin	0.1449398590658155	0.148232	0.143646	0.145206	0.144381	0.143588	0.144924	SMK	0.143588	0.0013518590658155027	0.1468631362618613	-0.0019232771960457917	-0.0032751362618612945	-0.022596518880110772	pri_colorectal	pri_skin
pri_colorectal_psoriasis	0.011991483307845953	0.008112	0.01401	0.010139	0.012683	0.021398	0.013107	BMI	0.008112	0.003879483307845953	0.018061564652968633	-0.00607008134512268	-0.009949564652968633	-0.8297192597064864	pri_colorectal	psoriasis
pri_colorectal_RA	-0.04537694634743478	-0.050155	-0.04134	-0.046155	-0.043722	-0.034439	-0.044704	SMK	-0.034439	0.01093794634743478	-0.03352978199179384	0.011847164355640934	0.0009092180082061543	0.020037002958387784	pri_colorectal	RA
pri_colorectal_raynauds	-0.08501272850087847	-0.083044	-0.084103	-0.076702	-0.088937	-0.081539	-0.084525	ApoB	-0.076702	0.008310728500878467	-0.07065432456983844	0.014358403931040029	0.0060476754301615615	0.07113846993040658	pri_colorectal	raynauds
pri_colorectal_retinal_detach	-0.05219578301457684	-0.050747	-0.052077	-0.048556	-0.05352	-0.055521	-0.052069	ApoB	-0.048556	0.0036397830145768403	-0.051018676525327426	0.001177106489249416	-0.0024626765253274244	-0.0471815227801002	pri_colorectal	retinal_detach
pri_colorectal_schizo	-0.011668606063423083	-0.009213	-0.014333	-0.011405	-0.011645	-0.006099	-0.012961	SMK	-0.006099	0.005569606063423082	-0.0028360003590415365	0.008832605704381546	0.0032629996409584638	0.27963919796613956	pri_colorectal	schizo
pri_colorectal_scoliosis	0.04896507743741451	0.050089	0.048686	0.047002	0.047806	0.051085	0.049795	ApoB	0.047002	0.001963077437414508	0.05124808032068368	-0.0022830028832691723	-0.00424608032068368	-0.08671650373903472	pri_colorectal	scoliosis
pri_colorectal_sinusitis	-0.10376193169584388	-0.105474	-0.101357	-0.097338	-0.103846	-0.097412	-0.103757	ApoB	-0.097338	0.00642393169584389	-0.08969766814243203	0.014064263553411852	0.007640331857567961	0.07363328469986445	pri_colorectal	sinusitis
pri_colorectal_sleep_apnoea	-0.03596707824032649	-0.057837	-0.032509	-0.042883	-0.034196	-0.027845	-0.035551	SMK	-0.027845	0.008122078240326486	-0.05853491334852875	-0.02256783510820226	-0.030689913348528747	-0.8532779099670944	pri_colorectal	sleep_apnoea
pri_colorectal_spondylolisthesis	-0.040042532311998794	-0.04551	-0.04016	-0.045079	-0.03892	-0.031123	-0.039262	SMK	-0.031123	0.008919532311998792	-0.04073786371729981	-0.0006953314053010154	-0.009614863717299808	-0.2401162754239372	pri_colorectal	spondylolisthesis
pri_colorectal_spondylosis	0.01024642260373272	0.001386	0.013647	0.00424	0.012516	0.027266	0.012785	BMI	0.001386	0.00886042260373272	0.016312204306697616	-0.006065781702964896	-0.014926204306697615	-1.4567234715909605	pri_colorectal	spondylosis
pri_colorectal_stroke_all	-0.15176481540717396	-0.16326	-0.144583	-0.150852	-0.151076	-0.146003	-0.152176	SBP	-0.144583	0.007181815407173969	-0.15098091281723594	0.0007839025899380181	-0.006397912817235951	-0.04215675945752523	pri_colorectal	stroke_all
pri_colorectal_tendon	-0.04370261947531353	-0.051152	-0.04174	-0.051909	-0.041947	-0.03252	-0.042872	SMK	-0.03252	0.01118261947531353	-0.04510755309524925	-0.001404933619935718	-0.012587553095249247	-0.28802742824968713	pri_colorectal	tendon
pri_colorectal_thromboembolic	-0.00202092768910011	-0.009873	-0.003104	1e-06	0.000968	0.004986	-0.001296	ApoB	1e-06	0.00201992768910011	-0.002700872062898457	-0.0006799443737983469	-0.0026998720628984567	-1.3359567873013165	pri_colorectal	thromboembolic
pri_colorectal_TIA	-0.14783187167148615	-0.154822	-0.141177	-0.152391	-0.147066	-0.141742	-0.147568	SBP	-0.141177	0.006654871671486151	-0.1457512377514277	0.0020806339200584445	-0.004574237751427707	-0.030942162198910904	pri_colorectal	TIA
pri_colorectal_tinnitus	-0.010595133097712045	-0.008594	-0.012055	-0.003457	-0.013162	-0.009408	-0.009393	ApoB	-0.003457	0.007138133097712045	-0.0009195610304275936	0.009675572067284451	0.0025374389695724062	0.2394909951740343	pri_colorectal	tinnitus
pri_colorectal_ulc_colitis	0.026694072918769726	0.027578	0.028099	0.031117	0.026686	0.027041	0.026754	FG	0.026686	8.072918769724824e-06	0.03422963716579606	-0.0075355642470263315	-0.007543637165796056	-0.2825959601126214	pri_colorectal	ulc_colitis
pri_colorectal_ulcer_peptic	-0.07940093436768865	-0.090301	-0.074113	-0.087743	-0.078018	-0.067086	-0.07902	SMK	-0.067086	0.012314934367688643	-0.07829169443394492	0.001109239933743733	-0.01120569443394491	-0.14112799204671508	pri_colorectal	ulcer_peptic
pri_colorectal_urine_incont	-0.1169008347116187	-0.130151	-0.115941	-0.115488	-0.115923	-0.109275	-0.116685	SMK	-0.109275	0.007625834711618706	-0.11914992272427138	-0.0022490880126526808	-0.009874922724271387	-0.08447264511525275	pri_colorectal	urine_incont
pri_colorectal_urolithiasis	0.13763437343750107	0.1359	0.13721	0.132638	0.137919	0.139224	0.137869	ApoB	0.132638	0.0049963734375010616	0.13077098165999257	0.0068633917775084985	0.001867018340007437	0.01356505859239617	pri_colorectal	urolithiasis
pri_colorectal_valve_nonrheumatic	-0.05595252621208274	-0.061124	-0.044183	-0.054872	-0.054658	-0.051739	-0.055387	SBP	-0.044183	0.011769526212082743	-0.0456497474077901	0.010302778804292645	-0.0014667474077900977	-0.02621414093495137	pri_colorectal	valve_nonrheumatic
pri_prost_pri_skin	0.1538264110244176	0.146999	0.153551	0.153945	0.154663	0.151641	0.153881	BMI	0.146999	0.006827411024417612	0.1475080502104123	0.006318360814005303	-0.0005090502104123096	-0.0033092510383766647	pri_prost	pri_skin
pri_prost_psoriasis	-0.11864354045515059	-0.107203	-0.11828	-0.120589	-0.119342	-0.105842	-0.114289	SMK	-0.105842	0.012801540455150584	-0.0969375435278244	0.021705996927326193	0.00890445647217561	0.07505218099540494	pri_prost	psoriasis
pri_prost_RA	0.012586100808039452	0.026424	0.013665	0.0122	0.01095	0.035303	0.017105	FG	0.01095	0.0016361008080394528	0.042654379332438666	-0.030068278524399215	-0.031704379332438665	-2.518999316467201	pri_prost	RA
pri_prost_raynauds	-0.08939780359022098	-0.098639	-0.08918	-0.082808	-0.088524	-0.083326	-0.084451	ApoB	-0.082808	0.0065898035902209745	-0.07656576687422706	0.012832036715993922	0.006242233125772947	0.06982535224674995	pri_prost	raynauds
pri_prost_retinal_detach	0.01733874313906484	0.012088	0.017382	0.020558	0.018371	0.01204	0.018038	SMK	0.01204	0.005298743139064839	0.01532560455247822	0.002013138586586619	-0.0032856045524782204	-0.18949496662625043	pri_prost	retinal_detach
pri_prost_schizo	0.0035505118610278134	-0.00492	0.002925	0.003821	0.00353	0.013337	-0.002435	SLEEP	-0.002435	0.0011155118610278133	-0.0019603898475136715	0.0015901220135141419	0.00047461015248632856	0.13367372679299735	pri_prost	schizo
pri_prost_scoliosis	0.038971627791615886	0.035573	0.038895	0.037333	0.040275	0.042592	0.042602	BMI	0.035573	0.0033986277916158852	0.0435764571203902	-0.004604829328774311	-0.008003457120390196	-0.2053662516532607	pri_prost	scoliosis
pri_prost_sinusitis	0.0188226900835343	0.023849	0.0195	0.024687	0.018884	0.033422	0.027391	FG	0.018884	-6.130991646570091e-05	0.049622527326715384	-0.030799837243181083	-0.030738527326715382	-1.6330570811238512	pri_prost	sinusitis
pri_prost_sleep_apnoea	-0.008241208907644041	0.039982	-0.007402	-0.01358	-0.01011	0.006823	-0.005927	SLEEP	-0.005927	0.0023142089076440414	0.042905739516887385	-0.03466453060924334	-0.036978739516887384	-4.487052801511702	pri_prost	sleep_apnoea
pri_prost_spondylolisthesis	0.038716717858834716	0.055187	0.038702	0.035082	0.037789	0.05695	0.044209	ApoB	0.035082	0.0036347178588347143	0.06660399128634466	-0.02788727342750994	-0.031521991286344656	-0.8141700285979095	pri_prost	spondylolisthesis
pri_prost_spondylosis	-0.010328955495677635	0.021562	-0.00955	-0.015221	-0.012255	0.016972	0.000644	SLEEP	0.000644	0.009684955495677635	0.04421448841981349	-0.03388553292413586	-0.043570488419813494	-4.21828600559335	pri_prost	spondylosis
pri_prost_stroke_all	0.07774639059933475	0.101174	0.084674	0.079402	0.077025	0.095498	0.076284	SLEEP	0.076284	0.0014623905993347425	0.1192288310894714	-0.04148244049013665	-0.04294483108947139	-0.5523707371932821	pri_prost	stroke_all
pri_prost_tendon	-0.007797514665489513	0.011924	-0.007313	-0.014094	-0.009755	0.014396	0.005846	SLEEP	0.005846	0.001951514665489513	0.028956425036989916	-0.021158910371500403	-0.023110425036989915	-2.963819374303041	pri_prost	tendon
pri_prost_thromboembolic	-0.018596293569746833	0.006289	-0.018862	-0.017044	-0.021512	-0.006811	-0.014987	BMI	0.006289	0.012307293569746833	0.012078939362381443	0.00651735420736539	-0.005789939362381443	-0.31134910516796416	pri_prost	thromboembolic
pri_prost_TIA	0.043205110620743455	0.058578	0.046806	0.040446	0.042136	0.061768	0.045493	ApoB	0.040446	0.002759110620743452	0.0703554179164744	-0.027150307295730945	-0.029909417916474397	-0.6922657409448782	pri_prost	TIA
pri_prost_tinnitus	0.04429035484634985	0.037721	0.043968	0.050296	0.046902	0.046496	0.051381	BMI	0.037721	0.006569354846349851	0.05925704400132419	-0.014966689154974344	-0.021536044001324195	-0.4862468154982296	pri_prost	tinnitus
pri_prost_ulc_colitis	-0.008557869969699873	-0.011471	-0.008235	-0.005204	-0.008549	-0.008032	-0.008274	ApoB	-0.005204	0.003353869969699873	-0.007085892030299295	0.0014719779394005783	-0.0018818920302992948	-0.21990191916473967	pri_prost	ulc_colitis
pri_prost_ulcer_peptic	-0.07881743958219495	-0.059002	-0.078029	-0.085432	-0.081633	-0.051513	-0.071837	SMK	-0.051513	0.027304439582194945	-0.043577744508078664	0.035239695074116284	0.00793525549192134	0.10067893011985043	pri_prost	ulcer_peptic
pri_prost_urine_incont	0.09102270081382785	0.120445	0.091324	0.092982	0.090137	0.115449	0.097844	FG	0.090137	0.0008857008138278555	0.1428117449102066	-0.051789044096378745	-0.0526747449102066	-0.5786989887055124	pri_prost	urine_incont
pri_prost_urolithiasis	0.026294284303283292	0.036205	0.026158	0.021686	0.026089	0.028764	0.027321	ApoB	0.021686	0.0046082843032832915	0.03323176674662612	-0.006937482443342826	-0.011545766746626118	-0.4390979656816303	pri_prost	urolithiasis
pri_prost_valve_nonrheumatic	-0.0599975181343369	-0.047073	-0.059335	-0.059104	-0.061702	-0.052648	-0.056449	BMI	-0.047073	0.012924518134336906	-0.04250973482939809	0.01748778330493881	0.0045632651706019045	0.07605756558770592	pri_prost	valve_nonrheumatic
pri_skin_psoriasis	-0.0446834698567724	-0.02642	-0.043352	-0.044782	-0.042567	-0.038154	-0.044695	BMI	-0.02642	0.0182634698567724	-0.02498168669510577	0.01970178316166663	0.001438313304894228	0.03218893495748141	pri_skin	psoriasis
pri_skin_RA	-0.12793547669208366	-0.111587	-0.125546	-0.127964	-0.122475	-0.122817	-0.128291	BMI	-0.111587	0.016348476692083655	-0.11043696069638345	0.01749851599570021	0.001150039303616554	0.008989213417201545	pri_skin	RA
pri_skin_raynauds	0.043747657144815516	0.032414	0.044497	0.044349	0.035827	0.047147	0.044376	BMI	0.032414	0.011333657144815518	0.032969472992702364	0.010778184152113152	-0.000555472992702366	-0.012697205495224892	pri_skin	raynauds
pri_skin_retinal_detach	-0.020945401679300545	-0.028627	-0.020834	-0.020774	-0.024841	-0.023597	-0.020912	ApoB	-0.020774	0.00017140167930054448	-0.030316375561885656	-0.00937097388258511	-0.009542375561885655	-0.45558331647160444	pri_skin	retinal_detach
pri_skin_schizo	-0.04666568259758526	-0.059173	-0.048607	-0.046651	-0.046642	-0.042414	-0.047369	SMK	-0.042414	0.004251682597585259	-0.05740906360354739	-0.01074338100596213	-0.014995063603547389	-0.32132956744370683	pri_skin	schizo
pri_skin_scoliosis	0.026171540879258517	0.021355	0.025952	0.026072	0.021862	0.027878	0.026426	BMI	0.021355	0.004816540879258518	0.0203106734279196	0.005860867451338916	0.0010443265720803986	0.039903136651310005	pri_skin	scoliosis
pri_skin_sinusitis	-0.016273013481055438	-0.009469	-0.014426	-0.015971	-0.016524	-0.00976	-0.0161	BMI	-0.009469	0.006804013481055438	-0.0074907466329843485	0.00878226684807109	0.0019782533670156515	0.12156650452718396	pri_skin	sinusitis
pri_skin_sleep_apnoea	-0.007040982557323524	0.061602	-0.004543	-0.00737	-0.000169	0.000122	-0.006929	SMK	0.000122	0.006918982557323524	0.06264546078117447	-0.05560447822385095	-0.06252346078117448	-8.879934053542296	pri_skin	sleep_apnoea
pri_skin_spondylolisthesis	-0.003305259280515423	0.018469	-0.003358	-0.003535	0.000817	0.004818	-0.003056	FG	0.000817	0.002488259280515423	0.020684737807391513	-0.017379478526876088	-0.01986773780739151	-6.010946833887516	pri_skin	spondylolisthesis
pri_skin_spondylosis	0.05874656026399332	0.110492	0.061283	0.058562	0.066489	0.076144	0.061045	ApoB	0.058562	0.0001845602639933136	0.12177971493453729	-0.06303315467054398	-0.06321771493453729	-1.0761092164452122	pri_skin	spondylosis
pri_skin_stroke_all	0.0068819630165738764	0.035895	0.017143	0.006965	0.010545	0.014622	0.006803	SLEEP	0.006803	7.896301657387642e-05	0.04563004865513026	-0.03874808563855638	-0.03882704865513026	-5.641856627480099	pri_skin	stroke_all
pri_skin_tendon	0.006143212004474531	0.034506	0.007588	0.00579	0.013499	0.017227	0.007144	ApoB	0.00579	0.0003532120044745313	0.039890387425371585	-0.03374717542089705	-0.03410038742537158	-5.550905194307779	pri_skin	tendon
pri_skin_thromboembolic	-0.020927316572484853	0.014291	-0.0217	-0.020835	-0.011464	-0.015421	-0.020802	FG	-0.011464	0.009463316572484852	0.016528154621488957	0.004399161950995895	-0.005064154621488957	-0.2419877677077474	pri_skin	thromboembolic
pri_skin_TIA	-0.0024081606734485854	0.017872	0.004883	-0.002584	0.002604	0.005823	-0.002297	SLEEP	-0.002297	0.00011116067344858543	0.02536233083962118	-0.022954170166172596	-0.02306533083962118	-9.577986674199224	pri_skin	TIA
pri_skin_tinnitus	0.019039710731427757	0.009561	0.018049	0.019428	0.011358	0.020048	0.019574	BMI	0.009561	0.009478710731427756	0.007213750505191123	0.011825960226236634	0.002347249494808877	0.12328178342197223	pri_skin	tinnitus
pri_skin_ulc_colitis	0.005100338899730686	0.001083	0.00606	0.005306	0.005069	0.005368	0.005116	BMI	0.001083	0.004017338899730686	0.002260254810647161	0.002840084089083525	-0.0011772548106471611	-0.23081893846491727	pri_skin	ulc_colitis
pri_skin_ulcer_peptic	-0.10189129756778946	-0.073897	-0.098569	-0.102541	-0.095694	-0.095753	-0.103086	BMI	-0.073897	0.027994297567789456	-0.07464034031992962	0.027250957247859836	-0.0007433403199296196	-0.007295425003642403	pri_skin	ulcer_peptic
pri_skin_urine_incont	-0.02814202036060104	0.004748	-0.02738	-0.028051	-0.022048	-0.019258	-0.028064	BMI	0.004748	0.02339402036060104	0.007989430497531896	0.020152589863069142	-0.0032414304975318968	-0.11518115813994345	pri_skin	urine_incont
pri_skin_urolithiasis	0.05149269005412779	0.065724	0.051115	0.051298	0.052382	0.052694	0.051556	SBP	0.051115	0.0003776900541277925	0.06465680132605932	-0.013164111271931525	-0.013541801326059318	-0.2629849268279541	pri_skin	urolithiasis
pri_skin_valve_nonrheumatic	0.008289984669969174	0.028326	0.018788	0.008356	0.013634	0.0121	0.008516	ApoB	0.008356	-6.601533003082645e-05	0.0359416227802578	-0.027651638110288628	-0.0275856227802578	-3.3275842933929547	pri_skin	valve_nonrheumatic
psoriasis_RA	0.32957728896732763	0.308064	0.327351	0.329542	0.326874	0.289723	0.322373	SMK	0.289723	0.03985428896732762	0.274370053056518	0.055207235910809616	0.015352946943481993	0.04658375275671375	psoriasis	RA
psoriasis_raynauds	-0.015385133756600056	0.004171	-0.016336	-0.013803	-0.007878	-0.034207	-0.029509	BMI	0.004171	0.011214133756600055	-0.029760102428471692	-0.014374968671871637	-0.02558910242847169	-1.6632356164920727	psoriasis	raynauds
psoriasis_retinal_detach	-0.07803315677865717	-0.06687	-0.078265	-0.077389	-0.074919	-0.065022	-0.080187	SMK	-0.065022	0.013011156778657176	-0.06135643796975145	0.01667671880890572	0.003665562030248544	0.046974416793696995	psoriasis	retinal_detach
psoriasis_schizo	0.012558881332189338	0.0329	0.014994	0.01262	0.012499	-0.013975	0.02738	FG	0.012499	5.988133218933801e-05	0.020122227284763473	-0.007563345952574135	-0.007623227284763473	-0.6069989104224259	psoriasis	schizo
psoriasis_scoliosis	0.06726432521376761	0.076802	0.067632	0.066888	0.071595	0.059202	0.059422	SMK	0.059202	0.008062325213767617	0.061020688042348774	0.006243637171418841	-0.0018186880423487761	-0.027037928895725077	psoriasis	scoliosis
psoriasis_sinusitis	0.3230480715107848	0.317275	0.321421	0.325206	0.32358	0.296544	0.310133	SMK	0.296544	0.02650407151078482	0.2873977552448629	0.03565031626592191	0.00914624475513709	0.028312333555694194	psoriasis	sinusitis
psoriasis_sleep_apnoea	0.18596237004272786	0.108185	0.183394	0.18518	0.181718	0.15168	0.181705	BMI	0.108185	0.07777737004272786	0.09323162881575585	0.09273074122697202	0.014953371184244155	0.08041073675716423	psoriasis	sleep_apnoea
psoriasis_spondylolisthesis	0.14302662477253594	0.111615	0.143224	0.142341	0.139947	0.102516	0.132176	SMK	0.102516	0.04051062477253595	0.0767171869812464	0.06630943779128955	0.0257988130187536	0.18037769582959146	psoriasis	spondylolisthesis
psoriasis_spondylosis	0.26567889703372183	0.216471	0.263539	0.265088	0.262272	0.212151	0.247716	SMK	0.212151	0.05352789703372182	0.1621031301195438	0.10357576691417802	0.0500478698804562	0.18837728716595725	psoriasis	spondylosis
psoriasis_stroke_all	0.10626402321702863	0.063556	0.098195	0.106612	0.103388	0.067204	0.110872	BMI	0.063556	0.04270802321702863	0.03607230957055823	0.0701917136464704	0.027483690429441772	0.258635891973621	psoriasis	stroke_all
psoriasis_tendon	0.15689612823363433	0.117611	0.155317	0.155959	0.152189	0.105	0.130879	SMK	0.105	0.051896128233634334	0.0584719397498011	0.09842418848383323	0.0465280602501989	0.2965532723721128	psoriasis	tendon
psoriasis_thromboembolic	0.14319572710858341	0.0924	0.144351	0.143616	0.137264	0.114789	0.135592	BMI	0.0924	0.05079572710858342	0.07911792134017508	0.06407780576840834	0.01328207865982492	0.09275471362181985	psoriasis	thromboembolic
psoriasis_TIA	0.11845060224516091	0.088357	0.111926	0.117881	0.114658	0.076342	0.114003	SMK	0.076342	0.042108602245160914	0.05045326080093565	0.06799734144422526	0.025888739199064342	0.21856148224119293	psoriasis	TIA
psoriasis_tinnitus	0.12509772926747462	0.143846	0.126588	0.126732	0.133954	0.12213	0.111116	SLEEP	0.111116	0.01398172926747461	0.12851416383175177	-0.0034164345642771488	-0.01739816383175176	-0.1390765758389771	psoriasis	tinnitus
psoriasis_ulc_colitis	0.25344072043114985	0.264484	0.252534	0.254471	0.253726	0.257358	0.254341	SBP	0.252534	0.0009067204311498656	0.2658544106580635	-0.012413690226913632	-0.013320410658063497	-0.05255828911550993	psoriasis	ulc_colitis
psoriasis_ulcer_peptic	0.11455375152329296	0.065756	0.110102	0.113501	0.109246	0.029974	0.096879	SMK	0.029974	0.08457975152329296	-0.01810580674322945	0.09644794478006351	0.011868193256770552	0.10360370654781494	psoriasis	ulcer_peptic
psoriasis_urine_incont	0.2141283624572643	0.170676	0.213361	0.21458	0.210379	0.169531	0.202743	SMK	0.169531	0.04459736245726431	0.13421330629050296	0.07991505616676134	0.03531769370949703	0.16493701863780763	psoriasis	urine_incont
psoriasis_urolithiasis	0.09326438625613434	0.072805	0.093891	0.09236	0.092634	0.088733	0.091465	BMI	0.072805	0.020459386256134346	0.07285268211565635	0.020411704140477993	-4.768211565635283e-05	-0.0005112574860612092	psoriasis	urolithiasis
psoriasis_valve_nonrheumatic	0.14566866901003478	0.117204	0.139418	0.145957	0.141888	0.127934	0.137808	BMI	0.117204	0.028464669010034777	0.097770075933359	0.04789859307667578	0.019433924066641003	0.1334118324737507	psoriasis	valve_nonrheumatic
RA_raynauds	0.2085805489592911	0.232945	0.207501	0.209856	0.23755	0.192226	0.199307	SMK	0.192226	0.016354548959291088	0.22157182662001032	-0.012991277660719225	-0.029345826620010312	-0.14069301651774715	RA	raynauds
RA_retinal_detach	-0.08218106312109184	-0.07116	-0.082869	-0.082042	-0.072669	-0.064856	-0.083969	SMK	-0.064856	0.017325063121091847	-0.056341274718075415	0.025839788403016428	0.008514725281924582	0.10360933478529398	RA	retinal_detach
RA_schizo	0.12741538030386165	0.150166	0.133302	0.127434	0.128387	0.095914	0.141503	SMK	0.095914	0.031501380303861654	0.12544384216758117	0.001971538136280482	-0.029529842167581172	-0.2317604208939146	RA	schizo
RA_scoliosis	0.15549670998505574	0.16646	0.156803	0.155422	0.169875	0.148722	0.149462	SMK	0.148722	0.006774709985055749	0.1615849997869823	-0.00608828980192655	-0.012862999786982299	-0.08272200606828606	RA	scoliosis
RA_sinusitis	0.3575109545458467	0.352365	0.354333	0.358762	0.361507	0.323789	0.347739	SMK	0.323789	0.0337219545458467	0.32021097254063596	0.03729998200521073	0.0035780274593640304	0.010008161746845688	RA	sinusitis
RA_sleep_apnoea	0.1952117899366467	0.120128	0.189556	0.195284	0.179753	0.148125	0.191535	BMI	0.120128	0.0750837899366467	0.10229795890185693	0.09291383103478977	0.017830041098143068	0.09133690697641553	RA	sleep_apnoea
RA_spondylolisthesis	0.29761060379356785	0.272092	0.298997	0.297693	0.290004	0.25132	0.290095	SMK	0.25132	0.046290603793567864	0.23370565967611473	0.06390494411745312	0.017614340323885258	0.05918586266537439	RA	spondylolisthesis
RA_spondylosis	0.429744810519895	0.398402	0.426075	0.43019	0.418597	0.368632	0.420987	SMK	0.368632	0.06111281051989498	0.3435782132694763	0.0861665972504187	0.02505378673052372	0.05829921878571203	RA	spondylosis
RA_stroke_all	0.27908859106443995	0.245615	0.265111	0.27922	0.272411	0.235527	0.283821	SMK	0.235527	0.043561591064439964	0.21049116668559975	0.0685974243788402	0.025035833314400235	0.0897056852769005	RA	stroke_all
RA_tendon	0.35235458603894243	0.323167	0.350151	0.352983	0.339332	0.295411	0.34081	SMK	0.295411	0.05694358603894245	0.26678331823090246	0.08557126780803997	0.028627681769097524	0.08124679769581196	RA	tendon
RA_thromboembolic	0.2701767047533073	0.229057	0.273492	0.270336	0.250707	0.238118	0.264654	BMI	0.229057	0.041119704753307285	0.21004071219372766	0.06013599255957963	0.019016287806272347	0.07038463150861109	RA	thromboembolic
RA_TIA	0.27049445505753916	0.245764	0.257842	0.270484	0.26053	0.221788	0.267508	SMK	0.221788	0.04870645505753915	0.19317385635122084	0.07732059870631833	0.028614143648779178	0.10578458491022458	RA	TIA
RA_tinnitus	0.15886878008126643	0.178161	0.162431	0.159627	0.184367	0.157605	0.147575	SLEEP	0.147575	0.011293780081266414	0.18203928253790835	-0.023170502456641928	-0.03446428253790834	-0.21693552704489055	RA	tinnitus
RA_ulc_colitis	0.16928260969027634	0.178838	0.167392	0.169646	0.170974	0.174298	0.169456	SBP	0.167392	0.0018906096902763236	0.17874424135479544	-0.009461631664519105	-0.011352241354795428	-0.06706088342781205	RA	ulc_colitis
RA_ulcer_peptic	0.4224692695828431	0.393811	0.415947	0.423264	0.410579	0.347444	0.413986	SMK	0.347444	0.07502526958284311	0.31606324340801045	0.10640602617483264	0.03138075659198952	0.07427938278913324	RA	ulcer_peptic
RA_urine_incont	0.2875458098318447	0.249356	0.286635	0.287711	0.275036	0.229919	0.278911	SMK	0.229919	0.05762680983184468	0.20103283376983264	0.08651297606201205	0.028886166230167376	0.10045761489990016	RA	urine_incont
RA_urolithiasis	0.0315608431362291	0.009755	0.032841	0.031312	0.029597	0.023625	0.029663	BMI	0.009755	0.021805843136229103	0.012205522006677894	0.01935532112955121	-0.0024505220066778945	-0.07764437711947271	RA	urolithiasis
RA_valve_nonrheumatic	0.2539546339826786	0.229262	0.238649	0.254051	0.243172	0.23554	0.248097	BMI	0.229262	0.024692633982678597	0.20154143014863268	0.05241320383404591	0.02772056985136731	0.10915559766181719	RA	valve_nonrheumatic
raynauds_retinal_detach	0.004161591647389268	-0.00357	0.00408	0.00079	-0.009086	0.010524	0.00239	ApoB	0.00079	0.0033715916473892682	-0.01428423361521266	-0.010122641967823393	-0.01349423361521266	-3.242565527465466	raynauds	retinal_detach
raynauds_schizo	0.07401729342802182	0.062573	0.075384	0.074027	0.07541	0.063474	0.09119	BMI	0.062573	0.01144429342802182	0.07451133747653754	-0.0004940440485157183	-0.011938337476537539	-0.16129119187730073	raynauds	schizo
raynauds_scoliosis	0.22291575291919222	0.219356	0.223131	0.225751	0.211605	0.21995	0.215993	FG	0.211605	0.01131075291919223	0.2002858357698999	0.022629917149292328	0.011319164230100098	0.05077776730388066	raynauds	scoliosis
raynauds_sinusitis	0.17990375965179414	0.188551	0.178986	0.17485	0.181794	0.167091	0.162189	SLEEP	0.162189	0.017714759651794143	0.14364421807491548	0.03625954157687866	0.01854478192508452	0.1030816807885403	raynauds	sinusitis
raynauds_sleep_apnoea	0.10028312610248531	0.193057	0.098919	0.106585	0.127088	0.084793	0.094972	SMK	0.084793	0.015490126102485319	0.1887138996344414	-0.0884307735319561	-0.10392089963444141	-1.0362750312374431	raynauds	sleep_apnoea
raynauds_spondylolisthesis	0.17462099745109944	0.201926	0.174697	0.179589	0.192329	0.159646	0.163215	SMK	0.159646	0.014974997451099425	0.18958226392739022	-0.014961266476290785	-0.02993626392739021	-0.1714356484292418	raynauds	spondylolisthesis
raynauds_spondylosis	0.28801377086921215	0.363295	0.287254	0.294849	0.320034	0.27555	0.268675	SLEEP	0.268675	0.019338770869212152	0.3443702731047959	-0.05635650223558375	-0.0756952731047959	-0.26281824260121694	raynauds	spondylosis
raynauds_stroke_all	0.10524129924306506	0.139345	0.103375	0.104176	0.119823	0.089358	0.110329	SMK	0.089358	0.015883299243065058	0.1192176537943395	-0.01397635455127444	-0.029859653794339497	-0.283725628713265	raynauds	stroke_all
raynauds_tendon	0.20533845951241905	0.242684	0.204625	0.213464	0.23612	0.188671	0.178916	SLEEP	0.178916	0.02642245951241906	0.22125253664808645	-0.015914077135667393	-0.042336536648086454	-0.2061792844293054	raynauds	tendon
raynauds_thromboembolic	0.11319188091436921	0.158115	0.113755	0.111912	0.151788	0.100896	0.104613	SMK	0.100896	0.012295880914369214	0.16906900263664967	-0.05587712172228046	-0.06817300263664967	-0.6022782030472948	raynauds	thromboembolic
raynauds_TIA	0.12580985854260138	0.149878	0.124064	0.129537	0.145935	0.10925	0.121079	SMK	0.10925	0.016559858542601377	0.13236188537748267	-0.0065520268348812916	-0.02311188537748267	-0.18370488326760648	raynauds	TIA
raynauds_tinnitus	0.15769639176329764	0.149308	0.158484	0.152508	0.134293	0.155949	0.142964	FG	0.134293	0.023403391763297643	0.1037028957644034	0.053993495998894234	0.03059010423559659	0.1939810029484527	raynauds	tinnitus
raynauds_ulc_colitis	0.03803071684281633	0.034102	0.037418	0.03456	0.03847	0.037534	0.03754	BMI	0.034102	0.003928716842816329	0.028131972582061314	0.009898744260755016	0.005970027417938686	0.1569790925217959	raynauds	ulc_colitis
raynauds_ulcer_peptic	0.16307058598681679	0.206516	0.16164	0.170764	0.19351	0.139089	0.144815	SMK	0.139089	0.023981585986816795	0.17811269770455687	-0.015042111717740086	-0.03902369770455688	-0.23930555880698004	raynauds	ulcer_peptic
raynauds_urine_incont	0.24882677989544014	0.298682	0.248433	0.248083	0.27686	0.234708	0.236915	SMK	0.234708	0.014118779895440137	0.2842218259025521	-0.03539504600711199	-0.04951382590255213	-0.19898913582918368	raynauds	urine_incont
raynauds_urolithiasis	-0.047676413412782635	-0.03436	-0.047418	-0.042836	-0.045532	-0.050686	-0.050684	BMI	-0.03436	0.013316413412782634	-0.034313339377839515	0.01336307403494312	4.6660622160486775e-05	0.0009786940505884716	raynauds	urolithiasis
raynauds_valve_nonrheumatic	0.1098337863353024	0.132916	0.108227	0.109086	0.130603	0.101642	0.100902	SLEEP	0.100902	0.008931786335302394	0.11440146383530392	-0.0045676775000015185	-0.013499463835303913	-0.12290811676192721	raynauds	valve_nonrheumatic
retinal_detach_schizo	-0.040352701103349604	-0.048534	-0.040205	-0.040504	-0.040346	-0.031543	-0.038798	SMK	-0.031543	0.008809701103349603	-0.03333703913535346	0.007015661967996141	-0.0017940391353534618	-0.04445896027526499	retinal_detach	schizo
retinal_detach_scoliosis	-0.09223663417060687	-0.095837	-0.092213	-0.091493	-0.099741	-0.089279	-0.093602	SMK	-0.089279	0.0029576341706068765	-0.10026848753964497	-0.008031853369038097	-0.010989487539644974	-0.11914449869580132	retinal_detach	scoliosis
retinal_detach_sinusitis	0.017157462988864853	0.021778	0.01697	0.014517	0.016852	0.030993	0.014827	ApoB	0.014517	0.0026404629888648525	0.023170816728875936	-0.006013353740011083	-0.008653816728875935	-0.504376243416188	retinal_detach	sinusitis
retinal_detach_sleep_apnoea	-0.02328762235779399	0.018016	-0.023647	-0.020873	-0.012857	-0.009343	-0.024055	SMK	-0.009343	0.01394462235779399	0.02348517832931891	-0.00019755597152492158	-0.01414217832931891	-0.6072830498552702	retinal_detach	sleep_apnoea
retinal_detach_spondylolisthesis	-0.020879198521741107	-0.007036	-0.020873	-0.019134	-0.014625	-0.005207	-0.022654	SMK	-0.005207	0.015672198521741107	0.0051215459782555485	0.01575765254348556	8.545402174445129e-05	0.0040927826638302075	retinal_detach	spondylolisthesis
retinal_detach_spondylosis	-0.13802832459591158	-0.120434	-0.138656	-0.136104	-0.128909	-0.121041	-0.145624	BMI	-0.120434	0.01759432459591158	-0.114255540736481	0.023772783859430574	0.0061784592635189955	0.04476225645429592	retinal_detach	spondylosis
retinal_detach_stroke_all	0.08832177728292263	0.110499	0.09117	0.087752	0.09443	0.105502	0.088885	ApoB	0.087752	0.0005697772829226372	0.12255002626795473	-0.0342282489850321	-0.03479802626795474	-0.39399146324338147	retinal_detach	stroke_all
retinal_detach_tendon	0.03859948696839508	0.058434	0.038472	0.041666	0.050368	0.061802	0.035909	SLEEP	0.035909	0.0026904869683950783	0.07836394887725981	-0.03976446190886473	-0.042454948877259806	-1.0998837604246279	retinal_detach	tendon
retinal_detach_thromboembolic	0.0573159535820427	0.08465	0.057419	0.056611	0.073899	0.069655	0.05634	SLEEP	0.05634	0.0009759535820427004	0.09822016807282787	-0.040904214490785164	-0.041880168072827864	-0.7306895455011513	retinal_detach	thromboembolic
retinal_detach_TIA	0.17398812410484385	0.190864	0.177484	0.175601	0.18315	0.195403	0.17351	SLEEP	0.17351	0.00047812410484385226	0.21183327343755973	-0.03784514933271588	-0.03832327343755973	-0.2202637314169008	retinal_detach	TIA
retinal_detach_tinnitus	-0.009374654243264292	-0.01577	-0.009263	-0.012097	-0.021789	-0.007444	-0.011549	SMK	-0.007444	0.001930654243264292	-0.029121847442024115	-0.019747193198759824	-0.021677847442024115	-2.3123890097173123	retinal_detach	tinnitus
retinal_detach_ulc_colitis	0.04707599009156342	0.044571	0.046987	0.045563	0.047157	0.04772	0.046989	BMI	0.044571	0.002504990091563422	0.04419441439871438	0.0028815756928490394	0.00037658560128561724	0.00799952588470584	retinal_detach	ulc_colitis
retinal_detach_ulcer_peptic	0.09833477922968845	0.125216	0.098666	0.101553	0.111264	0.143636	0.097291	SLEEP	0.097291	0.0010437792296884435	0.16688162580381363	-0.06854684657412519	-0.06959062580381363	-0.7076908734524661	retinal_detach	ulcer_peptic
retinal_detach_urine_incont	0.09536045688191642	0.123031	0.095298	0.094683	0.106235	0.118874	0.094275	SLEEP	0.094275	0.0010854568819164273	0.13915479971855887	-0.04379434283664245	-0.04487979971855888	-0.4706332287620322	retinal_detach	urine_incont
retinal_detach_urolithiasis	-0.045056297756451556	-0.036663	-0.045013	-0.042944	-0.043931	-0.042933	-0.045384	BMI	-0.036663	0.008393297756451555	-0.03597450418046721	0.009081793575984348	0.0006884958195327931	0.015280789896551326	retinal_detach	urolithiasis
retinal_detach_valve_nonrheumatic	0.03482715846597023	0.048514	0.035289	0.034341	0.043287	0.04255	0.033745	SLEEP	0.033745	0.0010821584659702344	0.050688434853142735	-0.015861276387172503	-0.016943434853142737	-0.4865006391405214	retinal_detach	valve_nonrheumatic
schizo_scoliosis	0.04304802287704987	0.038154	0.042715	0.043127	0.043366	0.037502	0.053253	SMK	0.037502	0.005546022877049868	0.04514243705974761	-0.0020944141826977417	-0.0076404370597476096	-0.17748636404439713	schizo	scoliosis
schizo_sinusitis	0.07981304455539304	0.087704	0.083313	0.079788	0.079822	0.057514	0.104808	SMK	0.057514	0.022299044555393034	0.09016220490872387	-0.010349160353330833	-0.03264820490872387	-0.4090585077989961	schizo	sinusitis
schizo_sleep_apnoea	0.05314284551730262	0.13697	0.057728	0.053458	0.053432	0.028502	0.060177	SMK	0.028502	0.02464084551730262	0.12826756650050278	-0.07512472098320017	-0.09976556650050278	-1.8773094577335045	schizo	sleep_apnoea
schizo_spondylolisthesis	0.05986655192026411	0.084278	0.059873	0.060078	0.059938	0.032514	0.075301	SMK	0.032514	0.02735255192026411	0.06703170821963396	-0.007165156299369847	-0.03451770821963396	-0.576577523048394	schizo	spondylolisthesis
schizo_spondylosis	0.03453993759400832	0.085973	0.038735	0.034787	0.034656	-0.010914	0.067385	SMK	-0.010914	0.02362593759400832	0.07446823783646815	-0.03992830024245983	-0.06355423783646816	-1.8400217911074912	schizo	spondylosis
schizo_stroke_all	0.016831377438735508	0.047492	0.034744	0.016781	0.016757	-0.009814	0.012533	SMK	-0.009814	0.007017377438735508	0.027939320853888727	-0.01110794341515322	-0.018125320853888727	-1.076876858109982	schizo	stroke_all
schizo_tendon	-0.18930990403105522	-0.167627	-0.18732	-0.189619	-0.191573	-0.237949	-0.160266	SLEEP	-0.160266	0.029043904031055223	-0.19082710648269957	-0.001517202451644356	-0.03056110648269958	-0.16143427169920388	schizo	tendon
schizo_thromboembolic	0.0013572167067740205	0.039535	5.8e-05	0.001295	0.001059	-0.019329	0.011679	SBP	5.8e-05	0.0012992167067740206	0.023041981073992395	-0.021684764367218376	-0.022983981073992396	-16.934643494496328	schizo	thromboembolic
schizo_TIA	-4.962214295241647e-05	0.021156	0.012609	6.3e-05	-0.000215	-0.029749	0.006079	ApoB	6.3e-05	-1.3377857047583528e-05	0.0007109244914724265	-0.0006613023485200101	-0.0006479244914724265	-13.05716466323779	schizo	TIA
schizo_tinnitus	0.1255966937585244	0.116812	0.124117	0.125684	0.127455	0.123151	0.14636	BMI	0.116812	0.008784693758524392	0.14235508229535734	-0.016758388536832952	-0.025543082295357344	-0.20337384314006837	schizo	tinnitus
schizo_ulc_colitis	0.08272560201035098	0.079076	0.084536	0.082666	0.082727	0.082472	0.084241	BMI	0.079076	0.0036496020103509857	0.08053610900609451	0.002189493004256471	-0.0014601090060945149	-0.017650025755168514	schizo	ulc_colitis
schizo_ulcer_peptic	0.09573966022017988	0.135833	0.103956	0.096243	0.096571	0.045057	0.121349	SMK	0.045057	0.05068266022017988	0.1058764933582199	-0.010136833138040022	-0.0608194933582199	-0.6352591310471399	schizo	ulcer_peptic
schizo_urine_incont	0.07777495802159193	0.118176	0.079272	0.077728	0.078201	0.04572	0.095764	SMK	0.04572	0.03205495802159193	0.09926425251774726	-0.02148929449615533	-0.05354425251774726	-0.6884510629100214	schizo	urine_incont
schizo_urolithiasis	-0.020002300203922765	-0.006183	-0.020741	-0.019853	-0.020032	-0.024266	-0.017401	BMI	-0.006183	0.013819300203922764	-0.005247551561649508	0.014754748642273257	0.0009354484383504924	0.04676704323070985	schizo	urolithiasis
schizo_valve_nonrheumatic	0.011277009827633069	0.032236	0.029222	0.011236	0.011167	-0.002026	0.022076	SMK	-0.002026	0.009251009827633069	0.044217673208145285	-0.032940663380512214	-0.042191673208145285	-3.7413883514368536	schizo	valve_nonrheumatic
scoliosis_sinusitis	0.030891472917652773	0.034011	0.031355	0.032497	0.0306	0.022793	0.018134	SLEEP	0.018134	0.012757472917652772	0.011088500352157893	0.019802972565494882	0.007045499647842108	0.2280726356630277	scoliosis	sinusitis
scoliosis_sleep_apnoea	0.09822551231255716	0.148063	0.09907	0.097053	0.112103	0.091011	0.094856	SMK	0.091011	0.007214512312557167	0.14129703349383127	-0.04307152118127411	-0.050286033493831275	-0.5119447311592459	scoliosis	sleep_apnoea
scoliosis_spondylolisthesis	0.4575373443151352	0.477018	0.457538	0.457131	0.468417	0.459245	0.453289	SLEEP	0.453289	0.004248344315135211	0.47651571876726045	-0.018978374452125246	-0.023226718767260457	-0.05076464042957493	scoliosis	spondylolisthesis
scoliosis_spondylosis	0.3872556368601063	0.44229	0.38878	0.386741	0.405482	0.396481	0.38143	SLEEP	0.38143	0.005825636860106287	0.4443834386298098	-0.0571278017697035	-0.06295343862980979	-0.16256300138131063	scoliosis	spondylosis
scoliosis_stroke_all	0.10747807817390542	0.123924	0.11451	0.107885	0.114749	0.100276	0.110415	SMK	0.100276	0.0072020781739054185	0.12287606672598908	-0.015397988552083658	-0.022600066725989076	-0.21027605917386175	scoliosis	stroke_all
scoliosis_tendon	0.22599659732397231	0.246173	0.226534	0.225052	0.242451	0.222379	0.214104	SLEEP	0.214104	0.011892597323972326	0.23577550872972583	-0.009778911405753515	-0.02167150872972584	-0.09589307532209938	scoliosis	tendon
scoliosis_thromboembolic	-0.011030931648053676	0.004254	-0.011199	-0.010608	0.006553	-0.018555	-0.017053	BMI	0.004254	0.006776931648053676	0.0069113273303872845	0.004119604317666391	-0.0026573273303872845	-0.24089781490543002	scoliosis	thromboembolic
scoliosis_TIA	0.19534414973208816	0.207919	0.201828	0.194739	0.206188	0.190074	0.192569	SMK	0.190074	0.00527014973208817	0.2055092161081735	-0.01016506637608533	-0.0154352161081735	-0.0790155022781214	scoliosis	TIA
scoliosis_tinnitus	0.19212168094483273	0.1889	0.191998	0.194159	0.18102	0.191138	0.183941	FG	0.18102	0.011101680944832742	0.17095642256589336	0.021165258378939372	0.01006357743410663	0.05238126891569495	scoliosis	tinnitus
scoliosis_ulc_colitis	0.12052390653933394	0.118976	0.120787	0.121552	0.120939	0.120319	0.12039	BMI	0.118976	0.0015479065393339403	0.11958048639450507	0.0009434201448288715	-0.0006044863945050688	-0.005015489556072345	scoliosis	ulc_colitis
scoliosis_ulcer_peptic	0.17408897119478428	0.197186	0.176459	0.172994	0.190215	0.171209	0.163917	SLEEP	0.163917	0.010171971194784274	0.18808350818449152	-0.013994536989707235	-0.02416650818449151	-0.1388169969564134	scoliosis	ulcer_peptic
scoliosis_urine_incont	0.1322340209440948	0.154107	0.132447	0.132724	0.145306	0.124629	0.124052	SLEEP	0.124052	0.008182020944094814	0.14502933756679812	-0.012795316622703307	-0.02097733756679812	-0.15863797695198883	scoliosis	urine_incont
scoliosis_urolithiasis	-0.024679763364419537	-0.019008	-0.024772	-0.025981	-0.023306	-0.026172	-0.026358	BMI	-0.019008	0.005671763364419536	-0.022566198936854253	0.0021135644275652836	-0.0035581989368542524	-0.14417475906531815	scoliosis	urolithiasis
scoliosis_valve_nonrheumatic	0.19348072374767272	0.205643	0.204715	0.193835	0.204879	0.189943	0.188514	SLEEP	0.188514	0.0049667237476727355	0.20711867142680473	-0.013637947679132012	-0.018604671426804748	-0.09615775187541666	scoliosis	valve_nonrheumatic
sinusitis_sleep_apnoea	0.22564540236304517	0.22787	0.222253	0.231205	0.228495	0.196116	0.220534	SMK	0.196116	0.02952940236304516	0.22183097610435557	0.003814426258689607	-0.025714976104355552	-0.11396188814422303	sinusitis	sleep_apnoea
sinusitis_spondylolisthesis	0.2903725233253843	0.283764	0.290943	0.29466	0.291769	0.260169	0.276825	SMK	0.260169	0.03020352332538434	0.25745940261111633	0.032913120714267996	0.0027095973888836555	0.009331452431700459	sinusitis	spondylolisthesis
sinusitis_spondylosis	0.5027558829615457	0.520724	0.500749	0.509014	0.508499	0.475728	0.482282	SMK	0.475728	0.027027882961545735	0.488089977012668	0.014665905948877733	-0.012361977012668002	-0.024588428363778156	sinusitis	spondylosis
sinusitis_stroke_all	-0.004697862822672085	-0.02225	-0.022414	-0.005895	-0.004371	-0.044483	0.001326	SLEEP	0.001326	0.0033718628226720847	-0.06382982958915503	-0.05913196676648295	-0.06250382958915504	-13.30473705777634	sinusitis	stroke_all
sinusitis_tendon	0.453981281081178	0.453358	0.452644	0.461768	0.459521	0.425797	0.427983	SMK	0.425797	0.028184281081178042	0.4190142668947251	0.03496701418645293	0.006782733105274885	0.014940556776088836	sinusitis	tendon
sinusitis_thromboembolic	0.15726832019578862	0.144427	0.158901	0.1563	0.16129	0.131873	0.146109	SMK	0.131873	0.025395320195788634	0.13309437037760533	0.0241739498181833	-0.0012213703776053353	-0.007766156439420286	sinusitis	thromboembolic
sinusitis_TIA	0.20414373388217638	0.19593	0.196648	0.207287	0.205659	0.169844	0.199175	SMK	0.169844	0.034299733882176386	0.16283582634931018	0.0413079075328662	0.007008173650689814	0.03432960452626311	sinusitis	TIA
sinusitis_tinnitus	0.34664872793478035	0.354634	0.349164	0.343433	0.350318	0.347729	0.330347	SLEEP	0.330347	0.016301727934780352	0.33311073647088	0.013537991463900334	-0.0027637364708800183	-0.007972729302500129	sinusitis	tinnitus
sinusitis_ulc_colitis	0.14496712632423198	0.147824	0.143589	0.142545	0.144965	0.146149	0.14612	ApoB	0.142545	0.0024221263242319713	0.14411607528522147	0.0008510510390105086	-0.0015710752852214627	-0.01083745898161499	sinusitis	ulc_colitis
sinusitis_ulcer_peptic	0.2780417188544438	0.271682	0.273384	0.284753	0.28187	0.223374	0.255012	SMK	0.223374	0.0546677188544438	0.2106793572887477	0.06736236156569608	0.012694642711252285	0.04565733071840918	sinusitis	ulcer_peptic
sinusitis_urine_incont	0.4022708631050089	0.402656	0.401672	0.40194	0.406152	0.372663	0.389067	SMK	0.372663	0.029607863105008903	0.3735837245352723	0.028687138569736648	-0.0009207245352722548	-0.0022888173609330203	sinusitis	urine_incont
sinusitis_urolithiasis	0.047180564416184165	0.039475	0.047983	0.051435	0.047264	0.042077	0.044129	BMI	0.039475	0.007705564416184162	0.04327105370774477	0.003909510708439395	-0.003796053707744766	-0.08045799694678135	sinusitis	urolithiasis
sinusitis_valve_nonrheumatic	-0.012459952599813695	-0.024703	-0.030841	-0.013433	-0.012036	-0.032372	-0.027322	FG	-0.012036	0.00042395259981369525	-0.06857431400536879	-0.05611436140555509	-0.05653831400536879	-4.537602655584273	sinusitis	valve_nonrheumatic
sleep_apnoea_spondylolisthesis	0.275100464343805	0.201905	0.276038	0.272972	0.267086	0.241837	0.271535	BMI	0.201905	0.07319546434380497	0.18921036930858537	0.0858900950352196	0.012694630691414632	0.046145435347392225	sleep_apnoea	spondylolisthesis
sleep_apnoea_spondylosis	0.43977847025468286	0.290182	0.436678	0.43765	0.428614	0.403459	0.44094	BMI	0.290182	0.14959647025468287	0.28096475394982545	0.1588137163048574	0.009217246050174543	0.020958838764518616	sleep_apnoea	spondylosis
sleep_apnoea_stroke_all	0.33702339324119973	0.241394	0.32986	0.338863	0.330976	0.308855	0.339372	BMI	0.241394	0.09562939324119973	0.2367344265697182	0.10028896667148154	0.00465957343028181	0.01382566766499518	sleep_apnoea	stroke_all
sleep_apnoea_tendon	0.3927888971213446	0.313445	0.39095	0.389827	0.380342	0.357746	0.395624	BMI	0.313445	0.07934389712134465	0.3126025146714636	0.08018638244988102	0.0008424853285363687	0.0021448807099964918	sleep_apnoea	tendon
sleep_apnoea_thromboembolic	0.2838364964737845	0.135082	0.286537	0.285758	0.26435	0.260861	0.281096	BMI	0.135082	0.1487544964737845	0.13561991814998423	0.14821657832380028	-0.0005379181499842178	-0.0018951690732763136	sleep_apnoea	thromboembolic
sleep_apnoea_TIA	0.3710992393347021	0.327105	0.364157	0.369801	0.362468	0.341999	0.369607	BMI	0.327105	0.043994239334702145	0.32031994163770033	0.05077929769700179	0.006785058362299645	0.018283676286870693	sleep_apnoea	TIA
sleep_apnoea_tinnitus	0.060379685170530356	0.131556	0.062967	0.065182	0.084128	0.056088	0.053916	SLEEP	0.053916	0.0064636851705303575	0.13091448632338776	-0.0705348011528574	-0.07699848632338777	-1.275238287611486	sleep_apnoea	tinnitus
sleep_apnoea_ulc_colitis	0.019166340805518944	0.047685	0.016981	0.021893	0.019458	0.018078	0.018873	SBP	0.016981	0.002185340805518944	0.0480468173604648	-0.02888047655494586	-0.031065817360464803	-1.6208528104394035	sleep_apnoea	ulc_colitis
sleep_apnoea_ulcer_peptic	0.3937164004305152	0.288377	0.38821	0.390809	0.38098	0.348447	0.391487	BMI	0.288377	0.1053394004305152	0.2776739197028721	0.11604248072764312	0.01070308029712791	0.02718474588669525	sleep_apnoea	ulcer_peptic
sleep_apnoea_urine_incont	0.3832336880758014	0.27036	0.382632	0.385397	0.372214	0.349814	0.380412	BMI	0.27036	0.11287368807580139	0.26271536156033504	0.12051832651546635	0.0076446384396649525	0.019947720353208843	sleep_apnoea	urine_incont
sleep_apnoea_urolithiasis	0.19951761463580772	0.157654	0.201091	0.196533	0.199181	0.197268	0.19874	BMI	0.157654	0.04186361463580773	0.1559491035509432	0.04356851108486451	0.0017048964490567753	0.00854509238278952	sleep_apnoea	urolithiasis
sleep_apnoea_valve_nonrheumatic	0.27641374208478275	0.214636	0.266344	0.277881	0.265792	0.262478	0.273562	BMI	0.214636	0.06177774208478276	0.2157978500042913	0.06061589208049145	-0.0011618500042913094	-0.004203300442041489	sleep_apnoea	valve_nonrheumatic
spondylolisthesis_spondylosis	0.7093630037950245	0.700379	0.711309	0.708623	0.707139	0.6916	0.70733	SMK	0.6916	0.01776300379502449	0.6886210957550792	0.020741908039945245	0.002978904244920755	0.00419940739647247	spondylolisthesis	spondylosis
spondylolisthesis_stroke_all	0.3084690196290305	0.271169	0.322886	0.309629	0.304268	0.275504	0.314437	BMI	0.271169	0.03730001962903051	0.27501296562871325	0.03345605400031726	-0.003843965628713253	-0.012461431729306444	spondylolisthesis	stroke_all
spondylolisthesis_tendon	0.31731395267390916	0.281206	0.317689	0.315038	0.309602	0.271645	0.299667	SMK	0.271645	0.045668952673909136	0.23223967726293918	0.08507427541096999	0.03940532273706085	0.12418402155027869	spondylolisthesis	tendon
spondylolisthesis_thromboembolic	0.05966990436483395	-0.005341	0.05965	0.060662	0.044446	0.025559	0.051317	BMI	-0.005341	0.05432890436483395	-0.031390871171906275	0.028279033192927676	-0.026049871171906276	-0.4365663301994261	spondylolisthesis	thromboembolic
spondylolisthesis_TIA	0.24523266456509957	0.215972	0.251703	0.243993	0.238907	0.205833	0.241745	SMK	0.205833	0.03939966456509958	0.19300545615018505	0.05222720841491452	0.012827543849814937	0.052307647810961706	spondylolisthesis	TIA
spondylolisthesis_tinnitus	0.11664378553958596	0.137976	0.116651	0.120312	0.131867	0.113443	0.102604	SLEEP	0.102604	0.014039785539585958	0.13022949286119262	-0.01358570732160666	-0.02762549286119262	-0.23683638809730864	spondylolisthesis	tinnitus
spondylolisthesis_ulc_colitis	-0.01957890790316818	-0.012271	-0.019542	-0.017697	-0.019584	-0.021738	-0.020412	BMI	-0.012271	0.007307907903168178	-0.014514096028058459	0.00506481187510972	-0.0022430960280584583	-0.11456696354833405	spondylolisthesis	ulc_colitis
spondylolisthesis_ulcer_peptic	0.27843221543235963	0.233894	0.280944	0.276038	0.270009	0.207675	0.264522	SMK	0.207675	0.07075721543235963	0.16919755918201088	0.10923465625034876	0.03847744081798912	0.13819320712669675	spondylolisthesis	ulcer_peptic
spondylolisthesis_urine_incont	0.21071866102299208	0.160165	0.210817	0.211914	0.202509	0.161525	0.19935	BMI	0.160165	0.05055366102299208	0.11941098699402393	0.09130767402896815	0.04075401300597607	0.1934048593898824	spondylolisthesis	urine_incont
spondylolisthesis_urolithiasis	0.14241260034497488	0.120705	0.142404	0.140119	0.141552	0.138934	0.140939	BMI	0.120705	0.021707600344974876	0.1202513254464677	0.02216127489850718	0.00045367455353230446	0.0031856349257954734	spondylolisthesis	urolithiasis
spondylolisthesis_valve_nonrheumatic	0.2860220404385438	0.259037	0.299844	0.286979	0.279767	0.271246	0.279561	BMI	0.259037	0.026985040438543773	0.2634764061083397	0.022545634330204067	-0.004439406108339705	-0.015521202846930881	spondylolisthesis	valve_nonrheumatic
spondylosis_stroke_all	0.3358048592084301	0.26292	0.330021	0.337433	0.329676	0.288002	0.354137	BMI	0.26292	0.07288485920843013	0.2503187535569169	0.08548610565151321	0.01260124644308308	0.03752550357010062	spondylosis	stroke_all
spondylosis_tendon	0.7748190960291125	0.759139	0.774412	0.77392	0.770123	0.751596	0.759533	SMK	0.751596	0.023223096029112433	0.7274859294514152	0.04733316657769726	0.024110070548584828	0.03111703192673885	spondylosis	tendon
spondylosis_thromboembolic	0.2920131509388607	0.188877	0.294508	0.293743	0.272367	0.255955	0.282147	BMI	0.188877	0.10313615093886072	0.16774163943286957	0.12427151150599114	0.021135360567130418	0.0723781120787795	spondylosis	thromboembolic
spondylosis_TIA	0.3451248218120768	0.300647	0.338483	0.343836	0.335972	0.292407	0.344088	SMK	0.292407	0.05271782181207685	0.25783204601267706	0.08729277579939976	0.03457495398732291	0.1001810122082417	spondylosis	TIA
spondylosis_tinnitus	0.2407414768963794	0.302158	0.243698	0.245891	0.269058	0.246761	0.215678	SLEEP	0.215678	0.02506347689637939	0.2929099036228953	-0.05216842672651592	-0.07723190362289531	-0.3208084648252685	spondylosis	tinnitus
spondylosis_ulc_colitis	0.06155397265554384	0.08339	0.05964	0.064155	0.062282	0.062957	0.061811	SBP	0.05964	0.0019139726555438413	0.08286684047922703	-0.02131286782368319	-0.02322684047922703	-0.37734104684362907	spondylosis	ulc_colitis
spondylosis_ulcer_peptic	0.5447539334305391	0.486749	0.541408	0.542812	0.535017	0.46628	0.525955	SMK	0.46628	0.07847393343053916	0.4030249296391759	0.14172900379136322	0.06325507036082406	0.1161167758119357	spondylosis	ulcer_peptic
spondylosis_urine_incont	0.5471305583362728	0.487082	0.546976	0.54937	0.538928	0.503043	0.536425	BMI	0.487082	0.06004855833627276	0.4505887099549407	0.09654184838133206	0.0364932900450593	0.06669941842771301	spondylosis	urine_incont
spondylosis_urolithiasis	0.19517827818240482	0.159763	0.196599	0.192432	0.194827	0.196584	0.195712	BMI	0.159763	0.035415278182404836	0.166985238838856	0.02819303934354883	-0.007222238838856004	-0.037003292098449735	spondylosis	urolithiasis
spondylosis_valve_nonrheumatic	0.2475854596093487	0.194276	0.237581	0.24883	0.236336	0.226876	0.235663	BMI	0.194276	0.053309459609348686	0.1681123732919197	0.079473086317429	0.026163626708080312	0.10567513435305305	spondylosis	valve_nonrheumatic
stroke_all_tendon	0.21148642221701966	0.155905	0.207913	0.213416	0.203588	0.16272	0.231379	BMI	0.155905	0.05558142221701967	0.14934337804624767	0.06214304417077199	0.006561621953752317	0.031026209082203014	stroke_all	tendon
stroke_all_thromboembolic	0.3619321220683732	0.304377	0.385418	0.361721	0.35545	0.340899	0.366013	BMI	0.304377	0.05755512206837321	0.340790031096456	0.021142090971917216	-0.036413031096455994	-0.10060734838444968	stroke_all	thromboembolic
stroke_all_TIA	0.8421431113359662	0.836553	0.833829	0.843405	0.841302	0.834684	0.8452	SBP	0.833829	0.008314111335966157	0.8301336445650727	0.01200946677089354	0.003695355434927383	0.004388037359903251	stroke_all	TIA
stroke_all_tinnitus	-0.00522002665386216	0.018805	0.003924	-0.006417	0.006411	-0.011083	-0.000399	SLEEP	-0.000399	0.00482102665386216	0.019460852086782145	-0.014240825432919985	-0.019061852086782145	-3.6516771562227146	stroke_all	tinnitus
stroke_all_ulc_colitis	0.029535350012671695	0.040755	0.022011	0.028867	0.029669	0.028647	0.02977	SBP	0.022011	0.007524350012671696	0.03081219582895538	-0.0012768458162836852	-0.008801195828955381	-0.297988540009831	stroke_all	ulc_colitis
stroke_all_ulcer_peptic	0.25570793291803445	0.193488	0.230244	0.25772	0.248267	0.18907	0.266097	SMK	0.18907	0.06663793291803446	0.13034808230907372	0.12535985060896074	0.05872191769092627	0.22964448940170037	stroke_all	ulcer_peptic
stroke_all_urine_incont	0.2841533677987076	0.222646	0.289787	0.283914	0.277869	0.243312	0.29108	BMI	0.222646	0.06150736779870758	0.21638102956679886	0.06777233823190873	0.00626497043320115	0.022047848602798244	stroke_all	urine_incont
stroke_all_urolithiasis	0.12454115939871478	0.096066	0.133987	0.125743	0.123684	0.120684	0.125377	BMI	0.096066	0.028475159398714783	0.10994144567673703	0.014599713721977756	-0.013875445676737028	-0.11141253015250328	stroke_all	urolithiasis
stroke_all_valve_nonrheumatic	0.4457878840848646	0.419671	0.393742	0.445665	0.441715	0.436116	0.450377	SBP	0.393742	0.0520458840848646	0.37252147255243084	0.07326641153243374	0.021220527447569137	0.04760229742701887	stroke_all	valve_nonrheumatic
tendon_thromboembolic	0.25152822629765065	0.18515	0.252852	0.253811	0.229992	0.217954	0.239581	BMI	0.18515	0.06637822629765064	0.1596593619749055	0.09186886432274516	0.02549063802509452	0.10134305163401301	tendon	thromboembolic
tendon_TIA	0.3205345676415683	0.287432	0.318982	0.318944	0.310777	0.274558	0.320921	SMK	0.274558	0.04597656764156827	0.2539722762151304	0.06656229142643788	0.020585723784869614	0.06422310060451641	tendon	TIA
tendon_tinnitus	0.19667183399353066	0.227888	0.198309	0.20307	0.224761	0.197177	0.164606	SLEEP	0.164606	0.03206583399353066	0.2145816683476908	-0.01790983435416013	-0.049975668347690794	-0.2541068913270758	tendon	tinnitus
tendon_ulc_colitis	0.032737689375057055	0.04381	0.031502	0.036012	0.033198	0.031988	0.032288	SBP	0.031502	0.001235689375057053	0.042066543807342344	-0.009328854432285288	-0.010564543807342341	-0.3227027932946147	tendon	ulc_colitis
tendon_ulcer_peptic	0.514786014834526	0.475532	0.513891	0.512022	0.50409	0.452423	0.492167	SMK	0.452423	0.062363014834526	0.4013488406336952	0.11343717420083083	0.05107415936630483	0.09921434905865152	tendon	ulcer_peptic
tendon_urine_incont	0.45608361395373825	0.410803	0.455601	0.459018	0.445953	0.411357	0.441493	BMI	0.410803	0.04528061395373828	0.37192513435879604	0.08415847959494221	0.038877865641203935	0.08524284681963473	tendon	urine_incont
tendon_urolithiasis	0.1963882595277295	0.171477	0.197142	0.19288	0.196097	0.195638	0.198725	BMI	0.171477	0.024911259527729518	0.17911366428419828	0.017274595243531227	-0.007636664284198291	-0.038885543884154716	tendon	urolithiasis
tendon_valve_nonrheumatic	0.1138765206724481	0.071046	0.105742	0.115239	0.10014	0.088362	0.094538	BMI	0.071046	0.04283052067244811	0.032616359191216124	0.08126016148123198	0.038429640808783874	0.3374676411068269	tendon	valve_nonrheumatic
thromboembolic_TIA	0.2321485184033399	0.184849	0.243199	0.233048	0.217749	0.204436	0.229385	BMI	0.184849	0.047299518403339874	0.19085423376963365	0.04129428463370624	-0.006005233769633633	-0.025868068471580807	thromboembolic	TIA
thromboembolic_tinnitus	0.07098129481998172	0.106118	0.070321	0.069786	0.105194	0.067529	0.060625	SLEEP	0.060625	0.010356294819981723	0.11347613807714409	-0.042494843257162365	-0.05285113807714409	-0.7445783880271811	thromboembolic	tinnitus
thromboembolic_ulc_colitis	0.095212523831923	0.113585	0.095953	0.094496	0.097236	0.095259	0.095012	ApoB	0.094496	0.0007165238319229994	0.11398950829178933	-0.018776984459866336	-0.019493508291789335	-0.20473680884881157	thromboembolic	ulc_colitis
thromboembolic_ulcer_peptic	0.16653084812102809	0.077668	0.17094	0.168504	0.141735	0.110223	0.155468	BMI	0.077668	0.08886284812102808	0.04379744322056747	0.12273340490046061	0.03387055677943253	0.20338908473471976	thromboembolic	ulcer_peptic
thromboembolic_urine_incont	0.2664476687411191	0.185855	0.26715	0.266159	0.248389	0.235763	0.259266	BMI	0.185855	0.08059266874111909	0.16165186846793797	0.10479580027318111	0.024203131532062022	0.09083634188437137	thromboembolic	urine_incont
thromboembolic_urolithiasis	0.10324613680774208	0.066844	0.102992	0.10458	0.102005	0.099552	0.101896	BMI	0.066844	0.03640213680774208	0.0694337484665917	0.033812388341150384	-0.0025897484665916987	-0.025083248116238497	thromboembolic	urolithiasis
thromboembolic_valve_nonrheumatic	0.2021378031491801	0.153955	0.218762	0.201931	0.186063	0.189148	0.196925	BMI	0.153955	0.04818280314918008	0.1733322564954705	0.0288055466537096	-0.01937725649547048	-0.09586161615286694	thromboembolic	valve_nonrheumatic
TIA_tinnitus	0.04415373239589313	0.062281	0.052213	0.046797	0.061138	0.039035	0.03793	SLEEP	0.03793	0.006223732395893133	0.06339071323398843	-0.019236980838095295	-0.02546071323398843	-0.5766378480917868	TIA	tinnitus
TIA_ulc_colitis	0.0416079793015274	0.04957	0.036105	0.043149	0.041897	0.041015	0.041356	SBP	0.036105	0.005502979301527398	0.04244091512916133	-0.0008329358276339335	-0.006335915129161332	-0.15227644397834877	TIA	ulc_colitis
TIA_ulcer_peptic	0.38628446105508146	0.352564	0.370198	0.384937	0.377402	0.329422	0.384412	SMK	0.329422	0.05686246105508147	0.2863033197529292	0.09998114130215224	0.04311868024707077	0.11162416455815537	TIA	ulcer_peptic
TIA_urine_incont	0.2881792895923195	0.246978	0.290062	0.289134	0.279059	0.243424	0.284799	SMK	0.243424	0.044755289592319475	0.22251500438947788	0.0656642852028416	0.02090899561052212	0.07255551098103402	TIA	urine_incont
TIA_urolithiasis	0.1727984470974369	0.153284	0.179938	0.17113	0.172036	0.170127	0.17202	BMI	0.153284	0.01951444709743691	0.16359604614978168	0.009202400947655232	-0.010312046149781678	-0.05967672929356224	TIA	urolithiasis
TIA_valve_nonrheumatic	0.5398070769129432	0.523603	0.509639	0.54068	0.534857	0.532949	0.538348	SBP	0.509639	0.03016807691294321	0.49211087195760556	0.04769620495533761	0.017528128042394397	0.032471097160553214	TIA	valve_nonrheumatic
tinnitus_ulc_colitis	0.08238196782177641	0.07936	0.083357	0.079755	0.08331	0.082215	0.082313	BMI	0.07936	0.003021967821776411	0.0779219474644987	0.004460020357277716	0.0014380525355013052	0.01745591387926495	tinnitus	ulc_colitis
tinnitus_ulcer_peptic	0.0966891303412799	0.129947	0.10152	0.102439	0.123085	0.094148	0.073718	SLEEP	0.073718	0.0229711303412799	0.12238867269380367	-0.025699542352523766	-0.048670672693803665	-0.5033727423342486	tinnitus	ulcer_peptic
tinnitus_urine_incont	0.260380351283326	0.303755	0.26132	0.259672	0.286326	0.262643	0.246873	SLEEP	0.246873	0.013507351283325975	0.29999572495532445	-0.039615373671998466	-0.05312272495532444	-0.2040197145963612	tinnitus	urine_incont
tinnitus_urolithiasis	0.12222928644075602	0.13511	0.121911	0.126788	0.126439	0.121471	0.120446	SLEEP	0.120446	0.001783286440756024	0.13786841672724637	-0.015639130286490346	-0.01742241672724637	-0.14253880747058878	tinnitus	urolithiasis
tinnitus_valve_nonrheumatic	0.11137131902984099	0.130471	0.126154	0.110714	0.130454	0.109167	0.10118	SLEEP	0.10118	0.010191319029840981	0.13201088157471355	-0.020639562544872564	-0.030830881574713545	-0.2768296348043851	tinnitus	valve_nonrheumatic
ulc_colitis_ulcer_peptic	0.08941152089825903	0.105575	0.086425	0.09283	0.09053	0.095661	0.089706	SBP	0.086425	0.002986520898259029	0.10747297442520282	-0.018061453526943785	-0.021047974425202814	-0.23540561902702908	ulc_colitis	ulcer_peptic
ulc_colitis_urine_incont	0.032522962268845074	0.04638	0.031846	0.031732	0.032884	0.031724	0.031978	SMK	0.031724	0.0007989622688450715	0.042078254235353024	-0.00955529196650795	-0.010354254235353022	-0.31836750139060177	ulc_colitis	urine_incont
ulc_colitis_urolithiasis	0.09022471144178608	0.095787	0.090636	0.092844	0.090249	0.090041	0.090112	SMK	0.090041	0.000183711441786083	0.09888167795476531	-0.00865696651297923	-0.008840677954765314	-0.09798510644691184	ulc_colitis	urolithiasis
ulc_colitis_valve_nonrheumatic	0.047715360961748755	0.055577	0.040946	0.047206	0.048065	0.047214	0.047357	SBP	0.040946	0.006769360961748752	0.0464361176016984	0.001279243360050357	-0.005490117601698395	-0.11505975205971038	ulc_colitis	valve_nonrheumatic
ulcer_peptic_urine_incont	0.40591099817643966	0.346094	0.406299	0.408617	0.394573	0.33483	0.392706	SMK	0.33483	0.07108099817643965	0.2888969912988538	0.11701400687758584	0.045933008701146194	0.11316029599469052	ulcer_peptic	urine_incont
ulcer_peptic_urolithiasis	0.1914961189188969	0.16273	0.194716	0.188028	0.191196	0.197325	0.190761	BMI	0.16273	0.028766118918896882	0.17891703017067137	0.012579088748225525	-0.016187030170671357	-0.08452928582603256	ulcer_peptic	urolithiasis
ulcer_peptic_valve_nonrheumatic	0.2604143208807188	0.219529	0.234948	0.262168	0.248823	0.240459	0.250712	BMI	0.219529	0.040885320880718806	0.17621868917544564	0.08419563170527317	0.04331031082455436	0.16631309168435626	ulcer_peptic	valve_nonrheumatic
urine_incont_urolithiasis	0.1320961312391766	0.099184	0.132445	0.133497	0.131082	0.128379	0.130464	BMI	0.099184	0.032912131239176606	0.10301348159124353	0.02908264964793307	-0.003829481591243536	-0.028990111635516257	urine_incont	urolithiasis
urine_incont_valve_nonrheumatic	0.11216467601329057	0.060125	0.110018	0.111929	0.100094	0.088299	0.102889	BMI	0.060125	0.05203967601329057	0.044838944254987266	0.06732573175830331	0.015286055745012732	0.1362822618343895	urine_incont	valve_nonrheumatic
urolithiasis_valve_nonrheumatic	0.06032665078675451	0.038418	0.067014	0.061209	0.058921	0.057393	0.058785	BMI	0.038418	0.02190865078675451	0.047464377786380865	0.012862273000373646	-0.009046377786380864	-0.14995657256621833	urolithiasis	valve_nonrheumatic
